Copyright 1986-2022 Xilinx, Inc. All Rights Reserved. Copyright 2022-2024 Advanced Micro Devices, Inc. All Rights Reserved.
--------------------------------------------------------------------------------------------------------------------------------------------------------------------------------------
| Tool Version : Vivado v.2024.1 (win64) Build 5076996 Wed May 22 18:37:14 MDT 2024
| Date         : Mon Oct 27 21:09:09 2025
| Host         : DESKTOP-CNIMS8K running 64-bit major release  (build 9200)
| Command      : report_methodology -file design_1_wrapper_methodology_drc_routed.rpt -pb design_1_wrapper_methodology_drc_routed.pb -rpx design_1_wrapper_methodology_drc_routed.rpx
| Design       : design_1_wrapper
| Device       : xc7z020clg484-1
| Speed File   : -1
| Design State : Fully Routed
--------------------------------------------------------------------------------------------------------------------------------------------------------------------------------------

Report Methodology

Table of Contents
-----------------
1. REPORT SUMMARY
2. REPORT DETAILS

1. REPORT SUMMARY
-----------------
            Netlist: netlist
          Floorplan: design_1
      Design limits: <entire design considered>
             Max violations: <unlimited>
             Violations found: 225
+-----------+----------+-------------------------------+------------+
| Rule      | Severity | Description                   | Violations |
+-----------+----------+-------------------------------+------------+
| DPIR-1    | Warning  | Asynchronous driver check     | 215        |
| TIMING-18 | Warning  | Missing input or output delay | 10         |
+-----------+----------+-------------------------------+------------+

2. REPORT DETAILS
-----------------
DPIR-1#1 Warning
Asynchronous driver check  
DSP design_1_i/top_0/inst/inst_svpwm/clarke_inst/mult_reg_1_reg input pin design_1_i/top_0/inst/inst_svpwm/clarke_inst/mult_reg_1_reg/A[0] is connected to registers with an asynchronous reset. This is preventing the possibility of merging these registers in to the DSP Block since the DSP block registers only possess synchronous reset capability.  It is suggested to recode or change these registers to remove the reset or use a synchronous reset to get the best optimization for performance, power and area.
Related violations: <none>

DPIR-1#2 Warning
Asynchronous driver check  
DSP design_1_i/top_0/inst/inst_svpwm/clarke_inst/mult_reg_1_reg input pin design_1_i/top_0/inst/inst_svpwm/clarke_inst/mult_reg_1_reg/A[10] is connected to registers with an asynchronous reset. This is preventing the possibility of merging these registers in to the DSP Block since the DSP block registers only possess synchronous reset capability.  It is suggested to recode or change these registers to remove the reset or use a synchronous reset to get the best optimization for performance, power and area.
Related violations: <none>

DPIR-1#3 Warning
Asynchronous driver check  
DSP design_1_i/top_0/inst/inst_svpwm/clarke_inst/mult_reg_1_reg input pin design_1_i/top_0/inst/inst_svpwm/clarke_inst/mult_reg_1_reg/A[11] is connected to registers with an asynchronous reset. This is preventing the possibility of merging these registers in to the DSP Block since the DSP block registers only possess synchronous reset capability.  It is suggested to recode or change these registers to remove the reset or use a synchronous reset to get the best optimization for performance, power and area.
Related violations: <none>

DPIR-1#4 Warning
Asynchronous driver check  
DSP design_1_i/top_0/inst/inst_svpwm/clarke_inst/mult_reg_1_reg input pin design_1_i/top_0/inst/inst_svpwm/clarke_inst/mult_reg_1_reg/A[12] is connected to registers with an asynchronous reset. This is preventing the possibility of merging these registers in to the DSP Block since the DSP block registers only possess synchronous reset capability.  It is suggested to recode or change these registers to remove the reset or use a synchronous reset to get the best optimization for performance, power and area.
Related violations: <none>

DPIR-1#5 Warning
Asynchronous driver check  
DSP design_1_i/top_0/inst/inst_svpwm/clarke_inst/mult_reg_1_reg input pin design_1_i/top_0/inst/inst_svpwm/clarke_inst/mult_reg_1_reg/A[13] is connected to registers with an asynchronous reset. This is preventing the possibility of merging these registers in to the DSP Block since the DSP block registers only possess synchronous reset capability.  It is suggested to recode or change these registers to remove the reset or use a synchronous reset to get the best optimization for performance, power and area.
Related violations: <none>

DPIR-1#6 Warning
Asynchronous driver check  
DSP design_1_i/top_0/inst/inst_svpwm/clarke_inst/mult_reg_1_reg input pin design_1_i/top_0/inst/inst_svpwm/clarke_inst/mult_reg_1_reg/A[14] is connected to registers with an asynchronous reset. This is preventing the possibility of merging these registers in to the DSP Block since the DSP block registers only possess synchronous reset capability.  It is suggested to recode or change these registers to remove the reset or use a synchronous reset to get the best optimization for performance, power and area.
Related violations: <none>

DPIR-1#7 Warning
Asynchronous driver check  
DSP design_1_i/top_0/inst/inst_svpwm/clarke_inst/mult_reg_1_reg input pin design_1_i/top_0/inst/inst_svpwm/clarke_inst/mult_reg_1_reg/A[15] is connected to registers with an asynchronous reset. This is preventing the possibility of merging these registers in to the DSP Block since the DSP block registers only possess synchronous reset capability.  It is suggested to recode or change these registers to remove the reset or use a synchronous reset to get the best optimization for performance, power and area.
Related violations: <none>

DPIR-1#8 Warning
Asynchronous driver check  
DSP design_1_i/top_0/inst/inst_svpwm/clarke_inst/mult_reg_1_reg input pin design_1_i/top_0/inst/inst_svpwm/clarke_inst/mult_reg_1_reg/A[16] is connected to registers with an asynchronous reset. This is preventing the possibility of merging these registers in to the DSP Block since the DSP block registers only possess synchronous reset capability.  It is suggested to recode or change these registers to remove the reset or use a synchronous reset to get the best optimization for performance, power and area.
Related violations: <none>

DPIR-1#9 Warning
Asynchronous driver check  
DSP design_1_i/top_0/inst/inst_svpwm/clarke_inst/mult_reg_1_reg input pin design_1_i/top_0/inst/inst_svpwm/clarke_inst/mult_reg_1_reg/A[17] is connected to registers with an asynchronous reset. This is preventing the possibility of merging these registers in to the DSP Block since the DSP block registers only possess synchronous reset capability.  It is suggested to recode or change these registers to remove the reset or use a synchronous reset to get the best optimization for performance, power and area.
Related violations: <none>

DPIR-1#10 Warning
Asynchronous driver check  
DSP design_1_i/top_0/inst/inst_svpwm/clarke_inst/mult_reg_1_reg input pin design_1_i/top_0/inst/inst_svpwm/clarke_inst/mult_reg_1_reg/A[18] is connected to registers with an asynchronous reset. This is preventing the possibility of merging these registers in to the DSP Block since the DSP block registers only possess synchronous reset capability.  It is suggested to recode or change these registers to remove the reset or use a synchronous reset to get the best optimization for performance, power and area.
Related violations: <none>

DPIR-1#11 Warning
Asynchronous driver check  
DSP design_1_i/top_0/inst/inst_svpwm/clarke_inst/mult_reg_1_reg input pin design_1_i/top_0/inst/inst_svpwm/clarke_inst/mult_reg_1_reg/A[19] is connected to registers with an asynchronous reset. This is preventing the possibility of merging these registers in to the DSP Block since the DSP block registers only possess synchronous reset capability.  It is suggested to recode or change these registers to remove the reset or use a synchronous reset to get the best optimization for performance, power and area.
Related violations: <none>

DPIR-1#12 Warning
Asynchronous driver check  
DSP design_1_i/top_0/inst/inst_svpwm/clarke_inst/mult_reg_1_reg input pin design_1_i/top_0/inst/inst_svpwm/clarke_inst/mult_reg_1_reg/A[1] is connected to registers with an asynchronous reset. This is preventing the possibility of merging these registers in to the DSP Block since the DSP block registers only possess synchronous reset capability.  It is suggested to recode or change these registers to remove the reset or use a synchronous reset to get the best optimization for performance, power and area.
Related violations: <none>

DPIR-1#13 Warning
Asynchronous driver check  
DSP design_1_i/top_0/inst/inst_svpwm/clarke_inst/mult_reg_1_reg input pin design_1_i/top_0/inst/inst_svpwm/clarke_inst/mult_reg_1_reg/A[20] is connected to registers with an asynchronous reset. This is preventing the possibility of merging these registers in to the DSP Block since the DSP block registers only possess synchronous reset capability.  It is suggested to recode or change these registers to remove the reset or use a synchronous reset to get the best optimization for performance, power and area.
Related violations: <none>

DPIR-1#14 Warning
Asynchronous driver check  
DSP design_1_i/top_0/inst/inst_svpwm/clarke_inst/mult_reg_1_reg input pin design_1_i/top_0/inst/inst_svpwm/clarke_inst/mult_reg_1_reg/A[21] is connected to registers with an asynchronous reset. This is preventing the possibility of merging these registers in to the DSP Block since the DSP block registers only possess synchronous reset capability.  It is suggested to recode or change these registers to remove the reset or use a synchronous reset to get the best optimization for performance, power and area.
Related violations: <none>

DPIR-1#15 Warning
Asynchronous driver check  
DSP design_1_i/top_0/inst/inst_svpwm/clarke_inst/mult_reg_1_reg input pin design_1_i/top_0/inst/inst_svpwm/clarke_inst/mult_reg_1_reg/A[22] is connected to registers with an asynchronous reset. This is preventing the possibility of merging these registers in to the DSP Block since the DSP block registers only possess synchronous reset capability.  It is suggested to recode or change these registers to remove the reset or use a synchronous reset to get the best optimization for performance, power and area.
Related violations: <none>

DPIR-1#16 Warning
Asynchronous driver check  
DSP design_1_i/top_0/inst/inst_svpwm/clarke_inst/mult_reg_1_reg input pin design_1_i/top_0/inst/inst_svpwm/clarke_inst/mult_reg_1_reg/A[23] is connected to registers with an asynchronous reset. This is preventing the possibility of merging these registers in to the DSP Block since the DSP block registers only possess synchronous reset capability.  It is suggested to recode or change these registers to remove the reset or use a synchronous reset to get the best optimization for performance, power and area.
Related violations: <none>

DPIR-1#17 Warning
Asynchronous driver check  
DSP design_1_i/top_0/inst/inst_svpwm/clarke_inst/mult_reg_1_reg input pin design_1_i/top_0/inst/inst_svpwm/clarke_inst/mult_reg_1_reg/A[24] is connected to registers with an asynchronous reset. This is preventing the possibility of merging these registers in to the DSP Block since the DSP block registers only possess synchronous reset capability.  It is suggested to recode or change these registers to remove the reset or use a synchronous reset to get the best optimization for performance, power and area.
Related violations: <none>

DPIR-1#18 Warning
Asynchronous driver check  
DSP design_1_i/top_0/inst/inst_svpwm/clarke_inst/mult_reg_1_reg input pin design_1_i/top_0/inst/inst_svpwm/clarke_inst/mult_reg_1_reg/A[25] is connected to registers with an asynchronous reset. This is preventing the possibility of merging these registers in to the DSP Block since the DSP block registers only possess synchronous reset capability.  It is suggested to recode or change these registers to remove the reset or use a synchronous reset to get the best optimization for performance, power and area.
Related violations: <none>

DPIR-1#19 Warning
Asynchronous driver check  
DSP design_1_i/top_0/inst/inst_svpwm/clarke_inst/mult_reg_1_reg input pin design_1_i/top_0/inst/inst_svpwm/clarke_inst/mult_reg_1_reg/A[26] is connected to registers with an asynchronous reset. This is preventing the possibility of merging these registers in to the DSP Block since the DSP block registers only possess synchronous reset capability.  It is suggested to recode or change these registers to remove the reset or use a synchronous reset to get the best optimization for performance, power and area.
Related violations: <none>

DPIR-1#20 Warning
Asynchronous driver check  
DSP design_1_i/top_0/inst/inst_svpwm/clarke_inst/mult_reg_1_reg input pin design_1_i/top_0/inst/inst_svpwm/clarke_inst/mult_reg_1_reg/A[27] is connected to registers with an asynchronous reset. This is preventing the possibility of merging these registers in to the DSP Block since the DSP block registers only possess synchronous reset capability.  It is suggested to recode or change these registers to remove the reset or use a synchronous reset to get the best optimization for performance, power and area.
Related violations: <none>

DPIR-1#21 Warning
Asynchronous driver check  
DSP design_1_i/top_0/inst/inst_svpwm/clarke_inst/mult_reg_1_reg input pin design_1_i/top_0/inst/inst_svpwm/clarke_inst/mult_reg_1_reg/A[28] is connected to registers with an asynchronous reset. This is preventing the possibility of merging these registers in to the DSP Block since the DSP block registers only possess synchronous reset capability.  It is suggested to recode or change these registers to remove the reset or use a synchronous reset to get the best optimization for performance, power and area.
Related violations: <none>

DPIR-1#22 Warning
Asynchronous driver check  
DSP design_1_i/top_0/inst/inst_svpwm/clarke_inst/mult_reg_1_reg input pin design_1_i/top_0/inst/inst_svpwm/clarke_inst/mult_reg_1_reg/A[29] is connected to registers with an asynchronous reset. This is preventing the possibility of merging these registers in to the DSP Block since the DSP block registers only possess synchronous reset capability.  It is suggested to recode or change these registers to remove the reset or use a synchronous reset to get the best optimization for performance, power and area.
Related violations: <none>

DPIR-1#23 Warning
Asynchronous driver check  
DSP design_1_i/top_0/inst/inst_svpwm/clarke_inst/mult_reg_1_reg input pin design_1_i/top_0/inst/inst_svpwm/clarke_inst/mult_reg_1_reg/A[2] is connected to registers with an asynchronous reset. This is preventing the possibility of merging these registers in to the DSP Block since the DSP block registers only possess synchronous reset capability.  It is suggested to recode or change these registers to remove the reset or use a synchronous reset to get the best optimization for performance, power and area.
Related violations: <none>

DPIR-1#24 Warning
Asynchronous driver check  
DSP design_1_i/top_0/inst/inst_svpwm/clarke_inst/mult_reg_1_reg input pin design_1_i/top_0/inst/inst_svpwm/clarke_inst/mult_reg_1_reg/A[3] is connected to registers with an asynchronous reset. This is preventing the possibility of merging these registers in to the DSP Block since the DSP block registers only possess synchronous reset capability.  It is suggested to recode or change these registers to remove the reset or use a synchronous reset to get the best optimization for performance, power and area.
Related violations: <none>

DPIR-1#25 Warning
Asynchronous driver check  
DSP design_1_i/top_0/inst/inst_svpwm/clarke_inst/mult_reg_1_reg input pin design_1_i/top_0/inst/inst_svpwm/clarke_inst/mult_reg_1_reg/A[4] is connected to registers with an asynchronous reset. This is preventing the possibility of merging these registers in to the DSP Block since the DSP block registers only possess synchronous reset capability.  It is suggested to recode or change these registers to remove the reset or use a synchronous reset to get the best optimization for performance, power and area.
Related violations: <none>

DPIR-1#26 Warning
Asynchronous driver check  
DSP design_1_i/top_0/inst/inst_svpwm/clarke_inst/mult_reg_1_reg input pin design_1_i/top_0/inst/inst_svpwm/clarke_inst/mult_reg_1_reg/A[5] is connected to registers with an asynchronous reset. This is preventing the possibility of merging these registers in to the DSP Block since the DSP block registers only possess synchronous reset capability.  It is suggested to recode or change these registers to remove the reset or use a synchronous reset to get the best optimization for performance, power and area.
Related violations: <none>

DPIR-1#27 Warning
Asynchronous driver check  
DSP design_1_i/top_0/inst/inst_svpwm/clarke_inst/mult_reg_1_reg input pin design_1_i/top_0/inst/inst_svpwm/clarke_inst/mult_reg_1_reg/A[6] is connected to registers with an asynchronous reset. This is preventing the possibility of merging these registers in to the DSP Block since the DSP block registers only possess synchronous reset capability.  It is suggested to recode or change these registers to remove the reset or use a synchronous reset to get the best optimization for performance, power and area.
Related violations: <none>

DPIR-1#28 Warning
Asynchronous driver check  
DSP design_1_i/top_0/inst/inst_svpwm/clarke_inst/mult_reg_1_reg input pin design_1_i/top_0/inst/inst_svpwm/clarke_inst/mult_reg_1_reg/A[7] is connected to registers with an asynchronous reset. This is preventing the possibility of merging these registers in to the DSP Block since the DSP block registers only possess synchronous reset capability.  It is suggested to recode or change these registers to remove the reset or use a synchronous reset to get the best optimization for performance, power and area.
Related violations: <none>

DPIR-1#29 Warning
Asynchronous driver check  
DSP design_1_i/top_0/inst/inst_svpwm/clarke_inst/mult_reg_1_reg input pin design_1_i/top_0/inst/inst_svpwm/clarke_inst/mult_reg_1_reg/A[8] is connected to registers with an asynchronous reset. This is preventing the possibility of merging these registers in to the DSP Block since the DSP block registers only possess synchronous reset capability.  It is suggested to recode or change these registers to remove the reset or use a synchronous reset to get the best optimization for performance, power and area.
Related violations: <none>

DPIR-1#30 Warning
Asynchronous driver check  
DSP design_1_i/top_0/inst/inst_svpwm/clarke_inst/mult_reg_1_reg input pin design_1_i/top_0/inst/inst_svpwm/clarke_inst/mult_reg_1_reg/A[9] is connected to registers with an asynchronous reset. This is preventing the possibility of merging these registers in to the DSP Block since the DSP block registers only possess synchronous reset capability.  It is suggested to recode or change these registers to remove the reset or use a synchronous reset to get the best optimization for performance, power and area.
Related violations: <none>

DPIR-1#31 Warning
Asynchronous driver check  
DSP design_1_i/top_0/inst/inst_svpwm/clarke_inst/mult_reg_2_reg input pin design_1_i/top_0/inst/inst_svpwm/clarke_inst/mult_reg_2_reg/A[0] is connected to registers with an asynchronous reset. This is preventing the possibility of merging these registers in to the DSP Block since the DSP block registers only possess synchronous reset capability.  It is suggested to recode or change these registers to remove the reset or use a synchronous reset to get the best optimization for performance, power and area.
Related violations: <none>

DPIR-1#32 Warning
Asynchronous driver check  
DSP design_1_i/top_0/inst/inst_svpwm/clarke_inst/mult_reg_2_reg input pin design_1_i/top_0/inst/inst_svpwm/clarke_inst/mult_reg_2_reg/A[10] is connected to registers with an asynchronous reset. This is preventing the possibility of merging these registers in to the DSP Block since the DSP block registers only possess synchronous reset capability.  It is suggested to recode or change these registers to remove the reset or use a synchronous reset to get the best optimization for performance, power and area.
Related violations: <none>

DPIR-1#33 Warning
Asynchronous driver check  
DSP design_1_i/top_0/inst/inst_svpwm/clarke_inst/mult_reg_2_reg input pin design_1_i/top_0/inst/inst_svpwm/clarke_inst/mult_reg_2_reg/A[11] is connected to registers with an asynchronous reset. This is preventing the possibility of merging these registers in to the DSP Block since the DSP block registers only possess synchronous reset capability.  It is suggested to recode or change these registers to remove the reset or use a synchronous reset to get the best optimization for performance, power and area.
Related violations: <none>

DPIR-1#34 Warning
Asynchronous driver check  
DSP design_1_i/top_0/inst/inst_svpwm/clarke_inst/mult_reg_2_reg input pin design_1_i/top_0/inst/inst_svpwm/clarke_inst/mult_reg_2_reg/A[12] is connected to registers with an asynchronous reset. This is preventing the possibility of merging these registers in to the DSP Block since the DSP block registers only possess synchronous reset capability.  It is suggested to recode or change these registers to remove the reset or use a synchronous reset to get the best optimization for performance, power and area.
Related violations: <none>

DPIR-1#35 Warning
Asynchronous driver check  
DSP design_1_i/top_0/inst/inst_svpwm/clarke_inst/mult_reg_2_reg input pin design_1_i/top_0/inst/inst_svpwm/clarke_inst/mult_reg_2_reg/A[13] is connected to registers with an asynchronous reset. This is preventing the possibility of merging these registers in to the DSP Block since the DSP block registers only possess synchronous reset capability.  It is suggested to recode or change these registers to remove the reset or use a synchronous reset to get the best optimization for performance, power and area.
Related violations: <none>

DPIR-1#36 Warning
Asynchronous driver check  
DSP design_1_i/top_0/inst/inst_svpwm/clarke_inst/mult_reg_2_reg input pin design_1_i/top_0/inst/inst_svpwm/clarke_inst/mult_reg_2_reg/A[14] is connected to registers with an asynchronous reset. This is preventing the possibility of merging these registers in to the DSP Block since the DSP block registers only possess synchronous reset capability.  It is suggested to recode or change these registers to remove the reset or use a synchronous reset to get the best optimization for performance, power and area.
Related violations: <none>

DPIR-1#37 Warning
Asynchronous driver check  
DSP design_1_i/top_0/inst/inst_svpwm/clarke_inst/mult_reg_2_reg input pin design_1_i/top_0/inst/inst_svpwm/clarke_inst/mult_reg_2_reg/A[15] is connected to registers with an asynchronous reset. This is preventing the possibility of merging these registers in to the DSP Block since the DSP block registers only possess synchronous reset capability.  It is suggested to recode or change these registers to remove the reset or use a synchronous reset to get the best optimization for performance, power and area.
Related violations: <none>

DPIR-1#38 Warning
Asynchronous driver check  
DSP design_1_i/top_0/inst/inst_svpwm/clarke_inst/mult_reg_2_reg input pin design_1_i/top_0/inst/inst_svpwm/clarke_inst/mult_reg_2_reg/A[16] is connected to registers with an asynchronous reset. This is preventing the possibility of merging these registers in to the DSP Block since the DSP block registers only possess synchronous reset capability.  It is suggested to recode or change these registers to remove the reset or use a synchronous reset to get the best optimization for performance, power and area.
Related violations: <none>

DPIR-1#39 Warning
Asynchronous driver check  
DSP design_1_i/top_0/inst/inst_svpwm/clarke_inst/mult_reg_2_reg input pin design_1_i/top_0/inst/inst_svpwm/clarke_inst/mult_reg_2_reg/A[17] is connected to registers with an asynchronous reset. This is preventing the possibility of merging these registers in to the DSP Block since the DSP block registers only possess synchronous reset capability.  It is suggested to recode or change these registers to remove the reset or use a synchronous reset to get the best optimization for performance, power and area.
Related violations: <none>

DPIR-1#40 Warning
Asynchronous driver check  
DSP design_1_i/top_0/inst/inst_svpwm/clarke_inst/mult_reg_2_reg input pin design_1_i/top_0/inst/inst_svpwm/clarke_inst/mult_reg_2_reg/A[18] is connected to registers with an asynchronous reset. This is preventing the possibility of merging these registers in to the DSP Block since the DSP block registers only possess synchronous reset capability.  It is suggested to recode or change these registers to remove the reset or use a synchronous reset to get the best optimization for performance, power and area.
Related violations: <none>

DPIR-1#41 Warning
Asynchronous driver check  
DSP design_1_i/top_0/inst/inst_svpwm/clarke_inst/mult_reg_2_reg input pin design_1_i/top_0/inst/inst_svpwm/clarke_inst/mult_reg_2_reg/A[19] is connected to registers with an asynchronous reset. This is preventing the possibility of merging these registers in to the DSP Block since the DSP block registers only possess synchronous reset capability.  It is suggested to recode or change these registers to remove the reset or use a synchronous reset to get the best optimization for performance, power and area.
Related violations: <none>

DPIR-1#42 Warning
Asynchronous driver check  
DSP design_1_i/top_0/inst/inst_svpwm/clarke_inst/mult_reg_2_reg input pin design_1_i/top_0/inst/inst_svpwm/clarke_inst/mult_reg_2_reg/A[1] is connected to registers with an asynchronous reset. This is preventing the possibility of merging these registers in to the DSP Block since the DSP block registers only possess synchronous reset capability.  It is suggested to recode or change these registers to remove the reset or use a synchronous reset to get the best optimization for performance, power and area.
Related violations: <none>

DPIR-1#43 Warning
Asynchronous driver check  
DSP design_1_i/top_0/inst/inst_svpwm/clarke_inst/mult_reg_2_reg input pin design_1_i/top_0/inst/inst_svpwm/clarke_inst/mult_reg_2_reg/A[20] is connected to registers with an asynchronous reset. This is preventing the possibility of merging these registers in to the DSP Block since the DSP block registers only possess synchronous reset capability.  It is suggested to recode or change these registers to remove the reset or use a synchronous reset to get the best optimization for performance, power and area.
Related violations: <none>

DPIR-1#44 Warning
Asynchronous driver check  
DSP design_1_i/top_0/inst/inst_svpwm/clarke_inst/mult_reg_2_reg input pin design_1_i/top_0/inst/inst_svpwm/clarke_inst/mult_reg_2_reg/A[21] is connected to registers with an asynchronous reset. This is preventing the possibility of merging these registers in to the DSP Block since the DSP block registers only possess synchronous reset capability.  It is suggested to recode or change these registers to remove the reset or use a synchronous reset to get the best optimization for performance, power and area.
Related violations: <none>

DPIR-1#45 Warning
Asynchronous driver check  
DSP design_1_i/top_0/inst/inst_svpwm/clarke_inst/mult_reg_2_reg input pin design_1_i/top_0/inst/inst_svpwm/clarke_inst/mult_reg_2_reg/A[22] is connected to registers with an asynchronous reset. This is preventing the possibility of merging these registers in to the DSP Block since the DSP block registers only possess synchronous reset capability.  It is suggested to recode or change these registers to remove the reset or use a synchronous reset to get the best optimization for performance, power and area.
Related violations: <none>

DPIR-1#46 Warning
Asynchronous driver check  
DSP design_1_i/top_0/inst/inst_svpwm/clarke_inst/mult_reg_2_reg input pin design_1_i/top_0/inst/inst_svpwm/clarke_inst/mult_reg_2_reg/A[23] is connected to registers with an asynchronous reset. This is preventing the possibility of merging these registers in to the DSP Block since the DSP block registers only possess synchronous reset capability.  It is suggested to recode or change these registers to remove the reset or use a synchronous reset to get the best optimization for performance, power and area.
Related violations: <none>

DPIR-1#47 Warning
Asynchronous driver check  
DSP design_1_i/top_0/inst/inst_svpwm/clarke_inst/mult_reg_2_reg input pin design_1_i/top_0/inst/inst_svpwm/clarke_inst/mult_reg_2_reg/A[24] is connected to registers with an asynchronous reset. This is preventing the possibility of merging these registers in to the DSP Block since the DSP block registers only possess synchronous reset capability.  It is suggested to recode or change these registers to remove the reset or use a synchronous reset to get the best optimization for performance, power and area.
Related violations: <none>

DPIR-1#48 Warning
Asynchronous driver check  
DSP design_1_i/top_0/inst/inst_svpwm/clarke_inst/mult_reg_2_reg input pin design_1_i/top_0/inst/inst_svpwm/clarke_inst/mult_reg_2_reg/A[25] is connected to registers with an asynchronous reset. This is preventing the possibility of merging these registers in to the DSP Block since the DSP block registers only possess synchronous reset capability.  It is suggested to recode or change these registers to remove the reset or use a synchronous reset to get the best optimization for performance, power and area.
Related violations: <none>

DPIR-1#49 Warning
Asynchronous driver check  
DSP design_1_i/top_0/inst/inst_svpwm/clarke_inst/mult_reg_2_reg input pin design_1_i/top_0/inst/inst_svpwm/clarke_inst/mult_reg_2_reg/A[26] is connected to registers with an asynchronous reset. This is preventing the possibility of merging these registers in to the DSP Block since the DSP block registers only possess synchronous reset capability.  It is suggested to recode or change these registers to remove the reset or use a synchronous reset to get the best optimization for performance, power and area.
Related violations: <none>

DPIR-1#50 Warning
Asynchronous driver check  
DSP design_1_i/top_0/inst/inst_svpwm/clarke_inst/mult_reg_2_reg input pin design_1_i/top_0/inst/inst_svpwm/clarke_inst/mult_reg_2_reg/A[27] is connected to registers with an asynchronous reset. This is preventing the possibility of merging these registers in to the DSP Block since the DSP block registers only possess synchronous reset capability.  It is suggested to recode or change these registers to remove the reset or use a synchronous reset to get the best optimization for performance, power and area.
Related violations: <none>

DPIR-1#51 Warning
Asynchronous driver check  
DSP design_1_i/top_0/inst/inst_svpwm/clarke_inst/mult_reg_2_reg input pin design_1_i/top_0/inst/inst_svpwm/clarke_inst/mult_reg_2_reg/A[28] is connected to registers with an asynchronous reset. This is preventing the possibility of merging these registers in to the DSP Block since the DSP block registers only possess synchronous reset capability.  It is suggested to recode or change these registers to remove the reset or use a synchronous reset to get the best optimization for performance, power and area.
Related violations: <none>

DPIR-1#52 Warning
Asynchronous driver check  
DSP design_1_i/top_0/inst/inst_svpwm/clarke_inst/mult_reg_2_reg input pin design_1_i/top_0/inst/inst_svpwm/clarke_inst/mult_reg_2_reg/A[29] is connected to registers with an asynchronous reset. This is preventing the possibility of merging these registers in to the DSP Block since the DSP block registers only possess synchronous reset capability.  It is suggested to recode or change these registers to remove the reset or use a synchronous reset to get the best optimization for performance, power and area.
Related violations: <none>

DPIR-1#53 Warning
Asynchronous driver check  
DSP design_1_i/top_0/inst/inst_svpwm/clarke_inst/mult_reg_2_reg input pin design_1_i/top_0/inst/inst_svpwm/clarke_inst/mult_reg_2_reg/A[2] is connected to registers with an asynchronous reset. This is preventing the possibility of merging these registers in to the DSP Block since the DSP block registers only possess synchronous reset capability.  It is suggested to recode or change these registers to remove the reset or use a synchronous reset to get the best optimization for performance, power and area.
Related violations: <none>

DPIR-1#54 Warning
Asynchronous driver check  
DSP design_1_i/top_0/inst/inst_svpwm/clarke_inst/mult_reg_2_reg input pin design_1_i/top_0/inst/inst_svpwm/clarke_inst/mult_reg_2_reg/A[3] is connected to registers with an asynchronous reset. This is preventing the possibility of merging these registers in to the DSP Block since the DSP block registers only possess synchronous reset capability.  It is suggested to recode or change these registers to remove the reset or use a synchronous reset to get the best optimization for performance, power and area.
Related violations: <none>

DPIR-1#55 Warning
Asynchronous driver check  
DSP design_1_i/top_0/inst/inst_svpwm/clarke_inst/mult_reg_2_reg input pin design_1_i/top_0/inst/inst_svpwm/clarke_inst/mult_reg_2_reg/A[4] is connected to registers with an asynchronous reset. This is preventing the possibility of merging these registers in to the DSP Block since the DSP block registers only possess synchronous reset capability.  It is suggested to recode or change these registers to remove the reset or use a synchronous reset to get the best optimization for performance, power and area.
Related violations: <none>

DPIR-1#56 Warning
Asynchronous driver check  
DSP design_1_i/top_0/inst/inst_svpwm/clarke_inst/mult_reg_2_reg input pin design_1_i/top_0/inst/inst_svpwm/clarke_inst/mult_reg_2_reg/A[5] is connected to registers with an asynchronous reset. This is preventing the possibility of merging these registers in to the DSP Block since the DSP block registers only possess synchronous reset capability.  It is suggested to recode or change these registers to remove the reset or use a synchronous reset to get the best optimization for performance, power and area.
Related violations: <none>

DPIR-1#57 Warning
Asynchronous driver check  
DSP design_1_i/top_0/inst/inst_svpwm/clarke_inst/mult_reg_2_reg input pin design_1_i/top_0/inst/inst_svpwm/clarke_inst/mult_reg_2_reg/A[6] is connected to registers with an asynchronous reset. This is preventing the possibility of merging these registers in to the DSP Block since the DSP block registers only possess synchronous reset capability.  It is suggested to recode or change these registers to remove the reset or use a synchronous reset to get the best optimization for performance, power and area.
Related violations: <none>

DPIR-1#58 Warning
Asynchronous driver check  
DSP design_1_i/top_0/inst/inst_svpwm/clarke_inst/mult_reg_2_reg input pin design_1_i/top_0/inst/inst_svpwm/clarke_inst/mult_reg_2_reg/A[7] is connected to registers with an asynchronous reset. This is preventing the possibility of merging these registers in to the DSP Block since the DSP block registers only possess synchronous reset capability.  It is suggested to recode or change these registers to remove the reset or use a synchronous reset to get the best optimization for performance, power and area.
Related violations: <none>

DPIR-1#59 Warning
Asynchronous driver check  
DSP design_1_i/top_0/inst/inst_svpwm/clarke_inst/mult_reg_2_reg input pin design_1_i/top_0/inst/inst_svpwm/clarke_inst/mult_reg_2_reg/A[8] is connected to registers with an asynchronous reset. This is preventing the possibility of merging these registers in to the DSP Block since the DSP block registers only possess synchronous reset capability.  It is suggested to recode or change these registers to remove the reset or use a synchronous reset to get the best optimization for performance, power and area.
Related violations: <none>

DPIR-1#60 Warning
Asynchronous driver check  
DSP design_1_i/top_0/inst/inst_svpwm/clarke_inst/mult_reg_2_reg input pin design_1_i/top_0/inst/inst_svpwm/clarke_inst/mult_reg_2_reg/A[9] is connected to registers with an asynchronous reset. This is preventing the possibility of merging these registers in to the DSP Block since the DSP block registers only possess synchronous reset capability.  It is suggested to recode or change these registers to remove the reset or use a synchronous reset to get the best optimization for performance, power and area.
Related violations: <none>

DPIR-1#61 Warning
Asynchronous driver check  
DSP design_1_i/top_0/inst/inst_svpwm/clarke_inst/mult_reg_3_reg input pin design_1_i/top_0/inst/inst_svpwm/clarke_inst/mult_reg_3_reg/A[0] is connected to registers with an asynchronous reset. This is preventing the possibility of merging these registers in to the DSP Block since the DSP block registers only possess synchronous reset capability.  It is suggested to recode or change these registers to remove the reset or use a synchronous reset to get the best optimization for performance, power and area.
Related violations: <none>

DPIR-1#62 Warning
Asynchronous driver check  
DSP design_1_i/top_0/inst/inst_svpwm/clarke_inst/mult_reg_3_reg input pin design_1_i/top_0/inst/inst_svpwm/clarke_inst/mult_reg_3_reg/A[10] is connected to registers with an asynchronous reset. This is preventing the possibility of merging these registers in to the DSP Block since the DSP block registers only possess synchronous reset capability.  It is suggested to recode or change these registers to remove the reset or use a synchronous reset to get the best optimization for performance, power and area.
Related violations: <none>

DPIR-1#63 Warning
Asynchronous driver check  
DSP design_1_i/top_0/inst/inst_svpwm/clarke_inst/mult_reg_3_reg input pin design_1_i/top_0/inst/inst_svpwm/clarke_inst/mult_reg_3_reg/A[11] is connected to registers with an asynchronous reset. This is preventing the possibility of merging these registers in to the DSP Block since the DSP block registers only possess synchronous reset capability.  It is suggested to recode or change these registers to remove the reset or use a synchronous reset to get the best optimization for performance, power and area.
Related violations: <none>

DPIR-1#64 Warning
Asynchronous driver check  
DSP design_1_i/top_0/inst/inst_svpwm/clarke_inst/mult_reg_3_reg input pin design_1_i/top_0/inst/inst_svpwm/clarke_inst/mult_reg_3_reg/A[12] is connected to registers with an asynchronous reset. This is preventing the possibility of merging these registers in to the DSP Block since the DSP block registers only possess synchronous reset capability.  It is suggested to recode or change these registers to remove the reset or use a synchronous reset to get the best optimization for performance, power and area.
Related violations: <none>

DPIR-1#65 Warning
Asynchronous driver check  
DSP design_1_i/top_0/inst/inst_svpwm/clarke_inst/mult_reg_3_reg input pin design_1_i/top_0/inst/inst_svpwm/clarke_inst/mult_reg_3_reg/A[13] is connected to registers with an asynchronous reset. This is preventing the possibility of merging these registers in to the DSP Block since the DSP block registers only possess synchronous reset capability.  It is suggested to recode or change these registers to remove the reset or use a synchronous reset to get the best optimization for performance, power and area.
Related violations: <none>

DPIR-1#66 Warning
Asynchronous driver check  
DSP design_1_i/top_0/inst/inst_svpwm/clarke_inst/mult_reg_3_reg input pin design_1_i/top_0/inst/inst_svpwm/clarke_inst/mult_reg_3_reg/A[14] is connected to registers with an asynchronous reset. This is preventing the possibility of merging these registers in to the DSP Block since the DSP block registers only possess synchronous reset capability.  It is suggested to recode or change these registers to remove the reset or use a synchronous reset to get the best optimization for performance, power and area.
Related violations: <none>

DPIR-1#67 Warning
Asynchronous driver check  
DSP design_1_i/top_0/inst/inst_svpwm/clarke_inst/mult_reg_3_reg input pin design_1_i/top_0/inst/inst_svpwm/clarke_inst/mult_reg_3_reg/A[15] is connected to registers with an asynchronous reset. This is preventing the possibility of merging these registers in to the DSP Block since the DSP block registers only possess synchronous reset capability.  It is suggested to recode or change these registers to remove the reset or use a synchronous reset to get the best optimization for performance, power and area.
Related violations: <none>

DPIR-1#68 Warning
Asynchronous driver check  
DSP design_1_i/top_0/inst/inst_svpwm/clarke_inst/mult_reg_3_reg input pin design_1_i/top_0/inst/inst_svpwm/clarke_inst/mult_reg_3_reg/A[16] is connected to registers with an asynchronous reset. This is preventing the possibility of merging these registers in to the DSP Block since the DSP block registers only possess synchronous reset capability.  It is suggested to recode or change these registers to remove the reset or use a synchronous reset to get the best optimization for performance, power and area.
Related violations: <none>

DPIR-1#69 Warning
Asynchronous driver check  
DSP design_1_i/top_0/inst/inst_svpwm/clarke_inst/mult_reg_3_reg input pin design_1_i/top_0/inst/inst_svpwm/clarke_inst/mult_reg_3_reg/A[17] is connected to registers with an asynchronous reset. This is preventing the possibility of merging these registers in to the DSP Block since the DSP block registers only possess synchronous reset capability.  It is suggested to recode or change these registers to remove the reset or use a synchronous reset to get the best optimization for performance, power and area.
Related violations: <none>

DPIR-1#70 Warning
Asynchronous driver check  
DSP design_1_i/top_0/inst/inst_svpwm/clarke_inst/mult_reg_3_reg input pin design_1_i/top_0/inst/inst_svpwm/clarke_inst/mult_reg_3_reg/A[18] is connected to registers with an asynchronous reset. This is preventing the possibility of merging these registers in to the DSP Block since the DSP block registers only possess synchronous reset capability.  It is suggested to recode or change these registers to remove the reset or use a synchronous reset to get the best optimization for performance, power and area.
Related violations: <none>

DPIR-1#71 Warning
Asynchronous driver check  
DSP design_1_i/top_0/inst/inst_svpwm/clarke_inst/mult_reg_3_reg input pin design_1_i/top_0/inst/inst_svpwm/clarke_inst/mult_reg_3_reg/A[19] is connected to registers with an asynchronous reset. This is preventing the possibility of merging these registers in to the DSP Block since the DSP block registers only possess synchronous reset capability.  It is suggested to recode or change these registers to remove the reset or use a synchronous reset to get the best optimization for performance, power and area.
Related violations: <none>

DPIR-1#72 Warning
Asynchronous driver check  
DSP design_1_i/top_0/inst/inst_svpwm/clarke_inst/mult_reg_3_reg input pin design_1_i/top_0/inst/inst_svpwm/clarke_inst/mult_reg_3_reg/A[1] is connected to registers with an asynchronous reset. This is preventing the possibility of merging these registers in to the DSP Block since the DSP block registers only possess synchronous reset capability.  It is suggested to recode or change these registers to remove the reset or use a synchronous reset to get the best optimization for performance, power and area.
Related violations: <none>

DPIR-1#73 Warning
Asynchronous driver check  
DSP design_1_i/top_0/inst/inst_svpwm/clarke_inst/mult_reg_3_reg input pin design_1_i/top_0/inst/inst_svpwm/clarke_inst/mult_reg_3_reg/A[20] is connected to registers with an asynchronous reset. This is preventing the possibility of merging these registers in to the DSP Block since the DSP block registers only possess synchronous reset capability.  It is suggested to recode or change these registers to remove the reset or use a synchronous reset to get the best optimization for performance, power and area.
Related violations: <none>

DPIR-1#74 Warning
Asynchronous driver check  
DSP design_1_i/top_0/inst/inst_svpwm/clarke_inst/mult_reg_3_reg input pin design_1_i/top_0/inst/inst_svpwm/clarke_inst/mult_reg_3_reg/A[21] is connected to registers with an asynchronous reset. This is preventing the possibility of merging these registers in to the DSP Block since the DSP block registers only possess synchronous reset capability.  It is suggested to recode or change these registers to remove the reset or use a synchronous reset to get the best optimization for performance, power and area.
Related violations: <none>

DPIR-1#75 Warning
Asynchronous driver check  
DSP design_1_i/top_0/inst/inst_svpwm/clarke_inst/mult_reg_3_reg input pin design_1_i/top_0/inst/inst_svpwm/clarke_inst/mult_reg_3_reg/A[22] is connected to registers with an asynchronous reset. This is preventing the possibility of merging these registers in to the DSP Block since the DSP block registers only possess synchronous reset capability.  It is suggested to recode or change these registers to remove the reset or use a synchronous reset to get the best optimization for performance, power and area.
Related violations: <none>

DPIR-1#76 Warning
Asynchronous driver check  
DSP design_1_i/top_0/inst/inst_svpwm/clarke_inst/mult_reg_3_reg input pin design_1_i/top_0/inst/inst_svpwm/clarke_inst/mult_reg_3_reg/A[23] is connected to registers with an asynchronous reset. This is preventing the possibility of merging these registers in to the DSP Block since the DSP block registers only possess synchronous reset capability.  It is suggested to recode or change these registers to remove the reset or use a synchronous reset to get the best optimization for performance, power and area.
Related violations: <none>

DPIR-1#77 Warning
Asynchronous driver check  
DSP design_1_i/top_0/inst/inst_svpwm/clarke_inst/mult_reg_3_reg input pin design_1_i/top_0/inst/inst_svpwm/clarke_inst/mult_reg_3_reg/A[24] is connected to registers with an asynchronous reset. This is preventing the possibility of merging these registers in to the DSP Block since the DSP block registers only possess synchronous reset capability.  It is suggested to recode or change these registers to remove the reset or use a synchronous reset to get the best optimization for performance, power and area.
Related violations: <none>

DPIR-1#78 Warning
Asynchronous driver check  
DSP design_1_i/top_0/inst/inst_svpwm/clarke_inst/mult_reg_3_reg input pin design_1_i/top_0/inst/inst_svpwm/clarke_inst/mult_reg_3_reg/A[25] is connected to registers with an asynchronous reset. This is preventing the possibility of merging these registers in to the DSP Block since the DSP block registers only possess synchronous reset capability.  It is suggested to recode or change these registers to remove the reset or use a synchronous reset to get the best optimization for performance, power and area.
Related violations: <none>

DPIR-1#79 Warning
Asynchronous driver check  
DSP design_1_i/top_0/inst/inst_svpwm/clarke_inst/mult_reg_3_reg input pin design_1_i/top_0/inst/inst_svpwm/clarke_inst/mult_reg_3_reg/A[26] is connected to registers with an asynchronous reset. This is preventing the possibility of merging these registers in to the DSP Block since the DSP block registers only possess synchronous reset capability.  It is suggested to recode or change these registers to remove the reset or use a synchronous reset to get the best optimization for performance, power and area.
Related violations: <none>

DPIR-1#80 Warning
Asynchronous driver check  
DSP design_1_i/top_0/inst/inst_svpwm/clarke_inst/mult_reg_3_reg input pin design_1_i/top_0/inst/inst_svpwm/clarke_inst/mult_reg_3_reg/A[27] is connected to registers with an asynchronous reset. This is preventing the possibility of merging these registers in to the DSP Block since the DSP block registers only possess synchronous reset capability.  It is suggested to recode or change these registers to remove the reset or use a synchronous reset to get the best optimization for performance, power and area.
Related violations: <none>

DPIR-1#81 Warning
Asynchronous driver check  
DSP design_1_i/top_0/inst/inst_svpwm/clarke_inst/mult_reg_3_reg input pin design_1_i/top_0/inst/inst_svpwm/clarke_inst/mult_reg_3_reg/A[28] is connected to registers with an asynchronous reset. This is preventing the possibility of merging these registers in to the DSP Block since the DSP block registers only possess synchronous reset capability.  It is suggested to recode or change these registers to remove the reset or use a synchronous reset to get the best optimization for performance, power and area.
Related violations: <none>

DPIR-1#82 Warning
Asynchronous driver check  
DSP design_1_i/top_0/inst/inst_svpwm/clarke_inst/mult_reg_3_reg input pin design_1_i/top_0/inst/inst_svpwm/clarke_inst/mult_reg_3_reg/A[29] is connected to registers with an asynchronous reset. This is preventing the possibility of merging these registers in to the DSP Block since the DSP block registers only possess synchronous reset capability.  It is suggested to recode or change these registers to remove the reset or use a synchronous reset to get the best optimization for performance, power and area.
Related violations: <none>

DPIR-1#83 Warning
Asynchronous driver check  
DSP design_1_i/top_0/inst/inst_svpwm/clarke_inst/mult_reg_3_reg input pin design_1_i/top_0/inst/inst_svpwm/clarke_inst/mult_reg_3_reg/A[2] is connected to registers with an asynchronous reset. This is preventing the possibility of merging these registers in to the DSP Block since the DSP block registers only possess synchronous reset capability.  It is suggested to recode or change these registers to remove the reset or use a synchronous reset to get the best optimization for performance, power and area.
Related violations: <none>

DPIR-1#84 Warning
Asynchronous driver check  
DSP design_1_i/top_0/inst/inst_svpwm/clarke_inst/mult_reg_3_reg input pin design_1_i/top_0/inst/inst_svpwm/clarke_inst/mult_reg_3_reg/A[3] is connected to registers with an asynchronous reset. This is preventing the possibility of merging these registers in to the DSP Block since the DSP block registers only possess synchronous reset capability.  It is suggested to recode or change these registers to remove the reset or use a synchronous reset to get the best optimization for performance, power and area.
Related violations: <none>

DPIR-1#85 Warning
Asynchronous driver check  
DSP design_1_i/top_0/inst/inst_svpwm/clarke_inst/mult_reg_3_reg input pin design_1_i/top_0/inst/inst_svpwm/clarke_inst/mult_reg_3_reg/A[4] is connected to registers with an asynchronous reset. This is preventing the possibility of merging these registers in to the DSP Block since the DSP block registers only possess synchronous reset capability.  It is suggested to recode or change these registers to remove the reset or use a synchronous reset to get the best optimization for performance, power and area.
Related violations: <none>

DPIR-1#86 Warning
Asynchronous driver check  
DSP design_1_i/top_0/inst/inst_svpwm/clarke_inst/mult_reg_3_reg input pin design_1_i/top_0/inst/inst_svpwm/clarke_inst/mult_reg_3_reg/A[5] is connected to registers with an asynchronous reset. This is preventing the possibility of merging these registers in to the DSP Block since the DSP block registers only possess synchronous reset capability.  It is suggested to recode or change these registers to remove the reset or use a synchronous reset to get the best optimization for performance, power and area.
Related violations: <none>

DPIR-1#87 Warning
Asynchronous driver check  
DSP design_1_i/top_0/inst/inst_svpwm/clarke_inst/mult_reg_3_reg input pin design_1_i/top_0/inst/inst_svpwm/clarke_inst/mult_reg_3_reg/A[6] is connected to registers with an asynchronous reset. This is preventing the possibility of merging these registers in to the DSP Block since the DSP block registers only possess synchronous reset capability.  It is suggested to recode or change these registers to remove the reset or use a synchronous reset to get the best optimization for performance, power and area.
Related violations: <none>

DPIR-1#88 Warning
Asynchronous driver check  
DSP design_1_i/top_0/inst/inst_svpwm/clarke_inst/mult_reg_3_reg input pin design_1_i/top_0/inst/inst_svpwm/clarke_inst/mult_reg_3_reg/A[7] is connected to registers with an asynchronous reset. This is preventing the possibility of merging these registers in to the DSP Block since the DSP block registers only possess synchronous reset capability.  It is suggested to recode or change these registers to remove the reset or use a synchronous reset to get the best optimization for performance, power and area.
Related violations: <none>

DPIR-1#89 Warning
Asynchronous driver check  
DSP design_1_i/top_0/inst/inst_svpwm/clarke_inst/mult_reg_3_reg input pin design_1_i/top_0/inst/inst_svpwm/clarke_inst/mult_reg_3_reg/A[8] is connected to registers with an asynchronous reset. This is preventing the possibility of merging these registers in to the DSP Block since the DSP block registers only possess synchronous reset capability.  It is suggested to recode or change these registers to remove the reset or use a synchronous reset to get the best optimization for performance, power and area.
Related violations: <none>

DPIR-1#90 Warning
Asynchronous driver check  
DSP design_1_i/top_0/inst/inst_svpwm/clarke_inst/mult_reg_3_reg input pin design_1_i/top_0/inst/inst_svpwm/clarke_inst/mult_reg_3_reg/A[9] is connected to registers with an asynchronous reset. This is preventing the possibility of merging these registers in to the DSP Block since the DSP block registers only possess synchronous reset capability.  It is suggested to recode or change these registers to remove the reset or use a synchronous reset to get the best optimization for performance, power and area.
Related violations: <none>

DPIR-1#91 Warning
Asynchronous driver check  
DSP design_1_i/top_0/inst/inst_svpwm/clarke_inst/mult_reg_4_reg input pin design_1_i/top_0/inst/inst_svpwm/clarke_inst/mult_reg_4_reg/A[0] is connected to registers with an asynchronous reset. This is preventing the possibility of merging these registers in to the DSP Block since the DSP block registers only possess synchronous reset capability.  It is suggested to recode or change these registers to remove the reset or use a synchronous reset to get the best optimization for performance, power and area.
Related violations: <none>

DPIR-1#92 Warning
Asynchronous driver check  
DSP design_1_i/top_0/inst/inst_svpwm/clarke_inst/mult_reg_4_reg input pin design_1_i/top_0/inst/inst_svpwm/clarke_inst/mult_reg_4_reg/A[10] is connected to registers with an asynchronous reset. This is preventing the possibility of merging these registers in to the DSP Block since the DSP block registers only possess synchronous reset capability.  It is suggested to recode or change these registers to remove the reset or use a synchronous reset to get the best optimization for performance, power and area.
Related violations: <none>

DPIR-1#93 Warning
Asynchronous driver check  
DSP design_1_i/top_0/inst/inst_svpwm/clarke_inst/mult_reg_4_reg input pin design_1_i/top_0/inst/inst_svpwm/clarke_inst/mult_reg_4_reg/A[11] is connected to registers with an asynchronous reset. This is preventing the possibility of merging these registers in to the DSP Block since the DSP block registers only possess synchronous reset capability.  It is suggested to recode or change these registers to remove the reset or use a synchronous reset to get the best optimization for performance, power and area.
Related violations: <none>

DPIR-1#94 Warning
Asynchronous driver check  
DSP design_1_i/top_0/inst/inst_svpwm/clarke_inst/mult_reg_4_reg input pin design_1_i/top_0/inst/inst_svpwm/clarke_inst/mult_reg_4_reg/A[12] is connected to registers with an asynchronous reset. This is preventing the possibility of merging these registers in to the DSP Block since the DSP block registers only possess synchronous reset capability.  It is suggested to recode or change these registers to remove the reset or use a synchronous reset to get the best optimization for performance, power and area.
Related violations: <none>

DPIR-1#95 Warning
Asynchronous driver check  
DSP design_1_i/top_0/inst/inst_svpwm/clarke_inst/mult_reg_4_reg input pin design_1_i/top_0/inst/inst_svpwm/clarke_inst/mult_reg_4_reg/A[13] is connected to registers with an asynchronous reset. This is preventing the possibility of merging these registers in to the DSP Block since the DSP block registers only possess synchronous reset capability.  It is suggested to recode or change these registers to remove the reset or use a synchronous reset to get the best optimization for performance, power and area.
Related violations: <none>

DPIR-1#96 Warning
Asynchronous driver check  
DSP design_1_i/top_0/inst/inst_svpwm/clarke_inst/mult_reg_4_reg input pin design_1_i/top_0/inst/inst_svpwm/clarke_inst/mult_reg_4_reg/A[14] is connected to registers with an asynchronous reset. This is preventing the possibility of merging these registers in to the DSP Block since the DSP block registers only possess synchronous reset capability.  It is suggested to recode or change these registers to remove the reset or use a synchronous reset to get the best optimization for performance, power and area.
Related violations: <none>

DPIR-1#97 Warning
Asynchronous driver check  
DSP design_1_i/top_0/inst/inst_svpwm/clarke_inst/mult_reg_4_reg input pin design_1_i/top_0/inst/inst_svpwm/clarke_inst/mult_reg_4_reg/A[15] is connected to registers with an asynchronous reset. This is preventing the possibility of merging these registers in to the DSP Block since the DSP block registers only possess synchronous reset capability.  It is suggested to recode or change these registers to remove the reset or use a synchronous reset to get the best optimization for performance, power and area.
Related violations: <none>

DPIR-1#98 Warning
Asynchronous driver check  
DSP design_1_i/top_0/inst/inst_svpwm/clarke_inst/mult_reg_4_reg input pin design_1_i/top_0/inst/inst_svpwm/clarke_inst/mult_reg_4_reg/A[16] is connected to registers with an asynchronous reset. This is preventing the possibility of merging these registers in to the DSP Block since the DSP block registers only possess synchronous reset capability.  It is suggested to recode or change these registers to remove the reset or use a synchronous reset to get the best optimization for performance, power and area.
Related violations: <none>

DPIR-1#99 Warning
Asynchronous driver check  
DSP design_1_i/top_0/inst/inst_svpwm/clarke_inst/mult_reg_4_reg input pin design_1_i/top_0/inst/inst_svpwm/clarke_inst/mult_reg_4_reg/A[17] is connected to registers with an asynchronous reset. This is preventing the possibility of merging these registers in to the DSP Block since the DSP block registers only possess synchronous reset capability.  It is suggested to recode or change these registers to remove the reset or use a synchronous reset to get the best optimization for performance, power and area.
Related violations: <none>

DPIR-1#100 Warning
Asynchronous driver check  
DSP design_1_i/top_0/inst/inst_svpwm/clarke_inst/mult_reg_4_reg input pin design_1_i/top_0/inst/inst_svpwm/clarke_inst/mult_reg_4_reg/A[18] is connected to registers with an asynchronous reset. This is preventing the possibility of merging these registers in to the DSP Block since the DSP block registers only possess synchronous reset capability.  It is suggested to recode or change these registers to remove the reset or use a synchronous reset to get the best optimization for performance, power and area.
Related violations: <none>

DPIR-1#101 Warning
Asynchronous driver check  
DSP design_1_i/top_0/inst/inst_svpwm/clarke_inst/mult_reg_4_reg input pin design_1_i/top_0/inst/inst_svpwm/clarke_inst/mult_reg_4_reg/A[19] is connected to registers with an asynchronous reset. This is preventing the possibility of merging these registers in to the DSP Block since the DSP block registers only possess synchronous reset capability.  It is suggested to recode or change these registers to remove the reset or use a synchronous reset to get the best optimization for performance, power and area.
Related violations: <none>

DPIR-1#102 Warning
Asynchronous driver check  
DSP design_1_i/top_0/inst/inst_svpwm/clarke_inst/mult_reg_4_reg input pin design_1_i/top_0/inst/inst_svpwm/clarke_inst/mult_reg_4_reg/A[1] is connected to registers with an asynchronous reset. This is preventing the possibility of merging these registers in to the DSP Block since the DSP block registers only possess synchronous reset capability.  It is suggested to recode or change these registers to remove the reset or use a synchronous reset to get the best optimization for performance, power and area.
Related violations: <none>

DPIR-1#103 Warning
Asynchronous driver check  
DSP design_1_i/top_0/inst/inst_svpwm/clarke_inst/mult_reg_4_reg input pin design_1_i/top_0/inst/inst_svpwm/clarke_inst/mult_reg_4_reg/A[20] is connected to registers with an asynchronous reset. This is preventing the possibility of merging these registers in to the DSP Block since the DSP block registers only possess synchronous reset capability.  It is suggested to recode or change these registers to remove the reset or use a synchronous reset to get the best optimization for performance, power and area.
Related violations: <none>

DPIR-1#104 Warning
Asynchronous driver check  
DSP design_1_i/top_0/inst/inst_svpwm/clarke_inst/mult_reg_4_reg input pin design_1_i/top_0/inst/inst_svpwm/clarke_inst/mult_reg_4_reg/A[21] is connected to registers with an asynchronous reset. This is preventing the possibility of merging these registers in to the DSP Block since the DSP block registers only possess synchronous reset capability.  It is suggested to recode or change these registers to remove the reset or use a synchronous reset to get the best optimization for performance, power and area.
Related violations: <none>

DPIR-1#105 Warning
Asynchronous driver check  
DSP design_1_i/top_0/inst/inst_svpwm/clarke_inst/mult_reg_4_reg input pin design_1_i/top_0/inst/inst_svpwm/clarke_inst/mult_reg_4_reg/A[22] is connected to registers with an asynchronous reset. This is preventing the possibility of merging these registers in to the DSP Block since the DSP block registers only possess synchronous reset capability.  It is suggested to recode or change these registers to remove the reset or use a synchronous reset to get the best optimization for performance, power and area.
Related violations: <none>

DPIR-1#106 Warning
Asynchronous driver check  
DSP design_1_i/top_0/inst/inst_svpwm/clarke_inst/mult_reg_4_reg input pin design_1_i/top_0/inst/inst_svpwm/clarke_inst/mult_reg_4_reg/A[23] is connected to registers with an asynchronous reset. This is preventing the possibility of merging these registers in to the DSP Block since the DSP block registers only possess synchronous reset capability.  It is suggested to recode or change these registers to remove the reset or use a synchronous reset to get the best optimization for performance, power and area.
Related violations: <none>

DPIR-1#107 Warning
Asynchronous driver check  
DSP design_1_i/top_0/inst/inst_svpwm/clarke_inst/mult_reg_4_reg input pin design_1_i/top_0/inst/inst_svpwm/clarke_inst/mult_reg_4_reg/A[24] is connected to registers with an asynchronous reset. This is preventing the possibility of merging these registers in to the DSP Block since the DSP block registers only possess synchronous reset capability.  It is suggested to recode or change these registers to remove the reset or use a synchronous reset to get the best optimization for performance, power and area.
Related violations: <none>

DPIR-1#108 Warning
Asynchronous driver check  
DSP design_1_i/top_0/inst/inst_svpwm/clarke_inst/mult_reg_4_reg input pin design_1_i/top_0/inst/inst_svpwm/clarke_inst/mult_reg_4_reg/A[25] is connected to registers with an asynchronous reset. This is preventing the possibility of merging these registers in to the DSP Block since the DSP block registers only possess synchronous reset capability.  It is suggested to recode or change these registers to remove the reset or use a synchronous reset to get the best optimization for performance, power and area.
Related violations: <none>

DPIR-1#109 Warning
Asynchronous driver check  
DSP design_1_i/top_0/inst/inst_svpwm/clarke_inst/mult_reg_4_reg input pin design_1_i/top_0/inst/inst_svpwm/clarke_inst/mult_reg_4_reg/A[26] is connected to registers with an asynchronous reset. This is preventing the possibility of merging these registers in to the DSP Block since the DSP block registers only possess synchronous reset capability.  It is suggested to recode or change these registers to remove the reset or use a synchronous reset to get the best optimization for performance, power and area.
Related violations: <none>

DPIR-1#110 Warning
Asynchronous driver check  
DSP design_1_i/top_0/inst/inst_svpwm/clarke_inst/mult_reg_4_reg input pin design_1_i/top_0/inst/inst_svpwm/clarke_inst/mult_reg_4_reg/A[27] is connected to registers with an asynchronous reset. This is preventing the possibility of merging these registers in to the DSP Block since the DSP block registers only possess synchronous reset capability.  It is suggested to recode or change these registers to remove the reset or use a synchronous reset to get the best optimization for performance, power and area.
Related violations: <none>

DPIR-1#111 Warning
Asynchronous driver check  
DSP design_1_i/top_0/inst/inst_svpwm/clarke_inst/mult_reg_4_reg input pin design_1_i/top_0/inst/inst_svpwm/clarke_inst/mult_reg_4_reg/A[28] is connected to registers with an asynchronous reset. This is preventing the possibility of merging these registers in to the DSP Block since the DSP block registers only possess synchronous reset capability.  It is suggested to recode or change these registers to remove the reset or use a synchronous reset to get the best optimization for performance, power and area.
Related violations: <none>

DPIR-1#112 Warning
Asynchronous driver check  
DSP design_1_i/top_0/inst/inst_svpwm/clarke_inst/mult_reg_4_reg input pin design_1_i/top_0/inst/inst_svpwm/clarke_inst/mult_reg_4_reg/A[29] is connected to registers with an asynchronous reset. This is preventing the possibility of merging these registers in to the DSP Block since the DSP block registers only possess synchronous reset capability.  It is suggested to recode or change these registers to remove the reset or use a synchronous reset to get the best optimization for performance, power and area.
Related violations: <none>

DPIR-1#113 Warning
Asynchronous driver check  
DSP design_1_i/top_0/inst/inst_svpwm/clarke_inst/mult_reg_4_reg input pin design_1_i/top_0/inst/inst_svpwm/clarke_inst/mult_reg_4_reg/A[2] is connected to registers with an asynchronous reset. This is preventing the possibility of merging these registers in to the DSP Block since the DSP block registers only possess synchronous reset capability.  It is suggested to recode or change these registers to remove the reset or use a synchronous reset to get the best optimization for performance, power and area.
Related violations: <none>

DPIR-1#114 Warning
Asynchronous driver check  
DSP design_1_i/top_0/inst/inst_svpwm/clarke_inst/mult_reg_4_reg input pin design_1_i/top_0/inst/inst_svpwm/clarke_inst/mult_reg_4_reg/A[3] is connected to registers with an asynchronous reset. This is preventing the possibility of merging these registers in to the DSP Block since the DSP block registers only possess synchronous reset capability.  It is suggested to recode or change these registers to remove the reset or use a synchronous reset to get the best optimization for performance, power and area.
Related violations: <none>

DPIR-1#115 Warning
Asynchronous driver check  
DSP design_1_i/top_0/inst/inst_svpwm/clarke_inst/mult_reg_4_reg input pin design_1_i/top_0/inst/inst_svpwm/clarke_inst/mult_reg_4_reg/A[4] is connected to registers with an asynchronous reset. This is preventing the possibility of merging these registers in to the DSP Block since the DSP block registers only possess synchronous reset capability.  It is suggested to recode or change these registers to remove the reset or use a synchronous reset to get the best optimization for performance, power and area.
Related violations: <none>

DPIR-1#116 Warning
Asynchronous driver check  
DSP design_1_i/top_0/inst/inst_svpwm/clarke_inst/mult_reg_4_reg input pin design_1_i/top_0/inst/inst_svpwm/clarke_inst/mult_reg_4_reg/A[5] is connected to registers with an asynchronous reset. This is preventing the possibility of merging these registers in to the DSP Block since the DSP block registers only possess synchronous reset capability.  It is suggested to recode or change these registers to remove the reset or use a synchronous reset to get the best optimization for performance, power and area.
Related violations: <none>

DPIR-1#117 Warning
Asynchronous driver check  
DSP design_1_i/top_0/inst/inst_svpwm/clarke_inst/mult_reg_4_reg input pin design_1_i/top_0/inst/inst_svpwm/clarke_inst/mult_reg_4_reg/A[6] is connected to registers with an asynchronous reset. This is preventing the possibility of merging these registers in to the DSP Block since the DSP block registers only possess synchronous reset capability.  It is suggested to recode or change these registers to remove the reset or use a synchronous reset to get the best optimization for performance, power and area.
Related violations: <none>

DPIR-1#118 Warning
Asynchronous driver check  
DSP design_1_i/top_0/inst/inst_svpwm/clarke_inst/mult_reg_4_reg input pin design_1_i/top_0/inst/inst_svpwm/clarke_inst/mult_reg_4_reg/A[7] is connected to registers with an asynchronous reset. This is preventing the possibility of merging these registers in to the DSP Block since the DSP block registers only possess synchronous reset capability.  It is suggested to recode or change these registers to remove the reset or use a synchronous reset to get the best optimization for performance, power and area.
Related violations: <none>

DPIR-1#119 Warning
Asynchronous driver check  
DSP design_1_i/top_0/inst/inst_svpwm/clarke_inst/mult_reg_4_reg input pin design_1_i/top_0/inst/inst_svpwm/clarke_inst/mult_reg_4_reg/A[8] is connected to registers with an asynchronous reset. This is preventing the possibility of merging these registers in to the DSP Block since the DSP block registers only possess synchronous reset capability.  It is suggested to recode or change these registers to remove the reset or use a synchronous reset to get the best optimization for performance, power and area.
Related violations: <none>

DPIR-1#120 Warning
Asynchronous driver check  
DSP design_1_i/top_0/inst/inst_svpwm/clarke_inst/mult_reg_4_reg input pin design_1_i/top_0/inst/inst_svpwm/clarke_inst/mult_reg_4_reg/A[9] is connected to registers with an asynchronous reset. This is preventing the possibility of merging these registers in to the DSP Block since the DSP block registers only possess synchronous reset capability.  It is suggested to recode or change these registers to remove the reset or use a synchronous reset to get the best optimization for performance, power and area.
Related violations: <none>

DPIR-1#121 Warning
Asynchronous driver check  
DSP design_1_i/top_0/inst/inst_svpwm/clarke_inst/v_beta_reg input pin design_1_i/top_0/inst/inst_svpwm/clarke_inst/v_beta_reg/A[0] is connected to registers with an asynchronous reset. This is preventing the possibility of merging these registers in to the DSP Block since the DSP block registers only possess synchronous reset capability.  It is suggested to recode or change these registers to remove the reset or use a synchronous reset to get the best optimization for performance, power and area.
Related violations: <none>

DPIR-1#122 Warning
Asynchronous driver check  
DSP design_1_i/top_0/inst/inst_svpwm/clarke_inst/v_beta_reg input pin design_1_i/top_0/inst/inst_svpwm/clarke_inst/v_beta_reg/A[10] is connected to registers with an asynchronous reset. This is preventing the possibility of merging these registers in to the DSP Block since the DSP block registers only possess synchronous reset capability.  It is suggested to recode or change these registers to remove the reset or use a synchronous reset to get the best optimization for performance, power and area.
Related violations: <none>

DPIR-1#123 Warning
Asynchronous driver check  
DSP design_1_i/top_0/inst/inst_svpwm/clarke_inst/v_beta_reg input pin design_1_i/top_0/inst/inst_svpwm/clarke_inst/v_beta_reg/A[11] is connected to registers with an asynchronous reset. This is preventing the possibility of merging these registers in to the DSP Block since the DSP block registers only possess synchronous reset capability.  It is suggested to recode or change these registers to remove the reset or use a synchronous reset to get the best optimization for performance, power and area.
Related violations: <none>

DPIR-1#124 Warning
Asynchronous driver check  
DSP design_1_i/top_0/inst/inst_svpwm/clarke_inst/v_beta_reg input pin design_1_i/top_0/inst/inst_svpwm/clarke_inst/v_beta_reg/A[12] is connected to registers with an asynchronous reset. This is preventing the possibility of merging these registers in to the DSP Block since the DSP block registers only possess synchronous reset capability.  It is suggested to recode or change these registers to remove the reset or use a synchronous reset to get the best optimization for performance, power and area.
Related violations: <none>

DPIR-1#125 Warning
Asynchronous driver check  
DSP design_1_i/top_0/inst/inst_svpwm/clarke_inst/v_beta_reg input pin design_1_i/top_0/inst/inst_svpwm/clarke_inst/v_beta_reg/A[13] is connected to registers with an asynchronous reset. This is preventing the possibility of merging these registers in to the DSP Block since the DSP block registers only possess synchronous reset capability.  It is suggested to recode or change these registers to remove the reset or use a synchronous reset to get the best optimization for performance, power and area.
Related violations: <none>

DPIR-1#126 Warning
Asynchronous driver check  
DSP design_1_i/top_0/inst/inst_svpwm/clarke_inst/v_beta_reg input pin design_1_i/top_0/inst/inst_svpwm/clarke_inst/v_beta_reg/A[14] is connected to registers with an asynchronous reset. This is preventing the possibility of merging these registers in to the DSP Block since the DSP block registers only possess synchronous reset capability.  It is suggested to recode or change these registers to remove the reset or use a synchronous reset to get the best optimization for performance, power and area.
Related violations: <none>

DPIR-1#127 Warning
Asynchronous driver check  
DSP design_1_i/top_0/inst/inst_svpwm/clarke_inst/v_beta_reg input pin design_1_i/top_0/inst/inst_svpwm/clarke_inst/v_beta_reg/A[15] is connected to registers with an asynchronous reset. This is preventing the possibility of merging these registers in to the DSP Block since the DSP block registers only possess synchronous reset capability.  It is suggested to recode or change these registers to remove the reset or use a synchronous reset to get the best optimization for performance, power and area.
Related violations: <none>

DPIR-1#128 Warning
Asynchronous driver check  
DSP design_1_i/top_0/inst/inst_svpwm/clarke_inst/v_beta_reg input pin design_1_i/top_0/inst/inst_svpwm/clarke_inst/v_beta_reg/A[16] is connected to registers with an asynchronous reset. This is preventing the possibility of merging these registers in to the DSP Block since the DSP block registers only possess synchronous reset capability.  It is suggested to recode or change these registers to remove the reset or use a synchronous reset to get the best optimization for performance, power and area.
Related violations: <none>

DPIR-1#129 Warning
Asynchronous driver check  
DSP design_1_i/top_0/inst/inst_svpwm/clarke_inst/v_beta_reg input pin design_1_i/top_0/inst/inst_svpwm/clarke_inst/v_beta_reg/A[17] is connected to registers with an asynchronous reset. This is preventing the possibility of merging these registers in to the DSP Block since the DSP block registers only possess synchronous reset capability.  It is suggested to recode or change these registers to remove the reset or use a synchronous reset to get the best optimization for performance, power and area.
Related violations: <none>

DPIR-1#130 Warning
Asynchronous driver check  
DSP design_1_i/top_0/inst/inst_svpwm/clarke_inst/v_beta_reg input pin design_1_i/top_0/inst/inst_svpwm/clarke_inst/v_beta_reg/A[18] is connected to registers with an asynchronous reset. This is preventing the possibility of merging these registers in to the DSP Block since the DSP block registers only possess synchronous reset capability.  It is suggested to recode or change these registers to remove the reset or use a synchronous reset to get the best optimization for performance, power and area.
Related violations: <none>

DPIR-1#131 Warning
Asynchronous driver check  
DSP design_1_i/top_0/inst/inst_svpwm/clarke_inst/v_beta_reg input pin design_1_i/top_0/inst/inst_svpwm/clarke_inst/v_beta_reg/A[19] is connected to registers with an asynchronous reset. This is preventing the possibility of merging these registers in to the DSP Block since the DSP block registers only possess synchronous reset capability.  It is suggested to recode or change these registers to remove the reset or use a synchronous reset to get the best optimization for performance, power and area.
Related violations: <none>

DPIR-1#132 Warning
Asynchronous driver check  
DSP design_1_i/top_0/inst/inst_svpwm/clarke_inst/v_beta_reg input pin design_1_i/top_0/inst/inst_svpwm/clarke_inst/v_beta_reg/A[1] is connected to registers with an asynchronous reset. This is preventing the possibility of merging these registers in to the DSP Block since the DSP block registers only possess synchronous reset capability.  It is suggested to recode or change these registers to remove the reset or use a synchronous reset to get the best optimization for performance, power and area.
Related violations: <none>

DPIR-1#133 Warning
Asynchronous driver check  
DSP design_1_i/top_0/inst/inst_svpwm/clarke_inst/v_beta_reg input pin design_1_i/top_0/inst/inst_svpwm/clarke_inst/v_beta_reg/A[20] is connected to registers with an asynchronous reset. This is preventing the possibility of merging these registers in to the DSP Block since the DSP block registers only possess synchronous reset capability.  It is suggested to recode or change these registers to remove the reset or use a synchronous reset to get the best optimization for performance, power and area.
Related violations: <none>

DPIR-1#134 Warning
Asynchronous driver check  
DSP design_1_i/top_0/inst/inst_svpwm/clarke_inst/v_beta_reg input pin design_1_i/top_0/inst/inst_svpwm/clarke_inst/v_beta_reg/A[21] is connected to registers with an asynchronous reset. This is preventing the possibility of merging these registers in to the DSP Block since the DSP block registers only possess synchronous reset capability.  It is suggested to recode or change these registers to remove the reset or use a synchronous reset to get the best optimization for performance, power and area.
Related violations: <none>

DPIR-1#135 Warning
Asynchronous driver check  
DSP design_1_i/top_0/inst/inst_svpwm/clarke_inst/v_beta_reg input pin design_1_i/top_0/inst/inst_svpwm/clarke_inst/v_beta_reg/A[22] is connected to registers with an asynchronous reset. This is preventing the possibility of merging these registers in to the DSP Block since the DSP block registers only possess synchronous reset capability.  It is suggested to recode or change these registers to remove the reset or use a synchronous reset to get the best optimization for performance, power and area.
Related violations: <none>

DPIR-1#136 Warning
Asynchronous driver check  
DSP design_1_i/top_0/inst/inst_svpwm/clarke_inst/v_beta_reg input pin design_1_i/top_0/inst/inst_svpwm/clarke_inst/v_beta_reg/A[23] is connected to registers with an asynchronous reset. This is preventing the possibility of merging these registers in to the DSP Block since the DSP block registers only possess synchronous reset capability.  It is suggested to recode or change these registers to remove the reset or use a synchronous reset to get the best optimization for performance, power and area.
Related violations: <none>

DPIR-1#137 Warning
Asynchronous driver check  
DSP design_1_i/top_0/inst/inst_svpwm/clarke_inst/v_beta_reg input pin design_1_i/top_0/inst/inst_svpwm/clarke_inst/v_beta_reg/A[24] is connected to registers with an asynchronous reset. This is preventing the possibility of merging these registers in to the DSP Block since the DSP block registers only possess synchronous reset capability.  It is suggested to recode or change these registers to remove the reset or use a synchronous reset to get the best optimization for performance, power and area.
Related violations: <none>

DPIR-1#138 Warning
Asynchronous driver check  
DSP design_1_i/top_0/inst/inst_svpwm/clarke_inst/v_beta_reg input pin design_1_i/top_0/inst/inst_svpwm/clarke_inst/v_beta_reg/A[25] is connected to registers with an asynchronous reset. This is preventing the possibility of merging these registers in to the DSP Block since the DSP block registers only possess synchronous reset capability.  It is suggested to recode or change these registers to remove the reset or use a synchronous reset to get the best optimization for performance, power and area.
Related violations: <none>

DPIR-1#139 Warning
Asynchronous driver check  
DSP design_1_i/top_0/inst/inst_svpwm/clarke_inst/v_beta_reg input pin design_1_i/top_0/inst/inst_svpwm/clarke_inst/v_beta_reg/A[26] is connected to registers with an asynchronous reset. This is preventing the possibility of merging these registers in to the DSP Block since the DSP block registers only possess synchronous reset capability.  It is suggested to recode or change these registers to remove the reset or use a synchronous reset to get the best optimization for performance, power and area.
Related violations: <none>

DPIR-1#140 Warning
Asynchronous driver check  
DSP design_1_i/top_0/inst/inst_svpwm/clarke_inst/v_beta_reg input pin design_1_i/top_0/inst/inst_svpwm/clarke_inst/v_beta_reg/A[27] is connected to registers with an asynchronous reset. This is preventing the possibility of merging these registers in to the DSP Block since the DSP block registers only possess synchronous reset capability.  It is suggested to recode or change these registers to remove the reset or use a synchronous reset to get the best optimization for performance, power and area.
Related violations: <none>

DPIR-1#141 Warning
Asynchronous driver check  
DSP design_1_i/top_0/inst/inst_svpwm/clarke_inst/v_beta_reg input pin design_1_i/top_0/inst/inst_svpwm/clarke_inst/v_beta_reg/A[28] is connected to registers with an asynchronous reset. This is preventing the possibility of merging these registers in to the DSP Block since the DSP block registers only possess synchronous reset capability.  It is suggested to recode or change these registers to remove the reset or use a synchronous reset to get the best optimization for performance, power and area.
Related violations: <none>

DPIR-1#142 Warning
Asynchronous driver check  
DSP design_1_i/top_0/inst/inst_svpwm/clarke_inst/v_beta_reg input pin design_1_i/top_0/inst/inst_svpwm/clarke_inst/v_beta_reg/A[29] is connected to registers with an asynchronous reset. This is preventing the possibility of merging these registers in to the DSP Block since the DSP block registers only possess synchronous reset capability.  It is suggested to recode or change these registers to remove the reset or use a synchronous reset to get the best optimization for performance, power and area.
Related violations: <none>

DPIR-1#143 Warning
Asynchronous driver check  
DSP design_1_i/top_0/inst/inst_svpwm/clarke_inst/v_beta_reg input pin design_1_i/top_0/inst/inst_svpwm/clarke_inst/v_beta_reg/A[2] is connected to registers with an asynchronous reset. This is preventing the possibility of merging these registers in to the DSP Block since the DSP block registers only possess synchronous reset capability.  It is suggested to recode or change these registers to remove the reset or use a synchronous reset to get the best optimization for performance, power and area.
Related violations: <none>

DPIR-1#144 Warning
Asynchronous driver check  
DSP design_1_i/top_0/inst/inst_svpwm/clarke_inst/v_beta_reg input pin design_1_i/top_0/inst/inst_svpwm/clarke_inst/v_beta_reg/A[3] is connected to registers with an asynchronous reset. This is preventing the possibility of merging these registers in to the DSP Block since the DSP block registers only possess synchronous reset capability.  It is suggested to recode or change these registers to remove the reset or use a synchronous reset to get the best optimization for performance, power and area.
Related violations: <none>

DPIR-1#145 Warning
Asynchronous driver check  
DSP design_1_i/top_0/inst/inst_svpwm/clarke_inst/v_beta_reg input pin design_1_i/top_0/inst/inst_svpwm/clarke_inst/v_beta_reg/A[4] is connected to registers with an asynchronous reset. This is preventing the possibility of merging these registers in to the DSP Block since the DSP block registers only possess synchronous reset capability.  It is suggested to recode or change these registers to remove the reset or use a synchronous reset to get the best optimization for performance, power and area.
Related violations: <none>

DPIR-1#146 Warning
Asynchronous driver check  
DSP design_1_i/top_0/inst/inst_svpwm/clarke_inst/v_beta_reg input pin design_1_i/top_0/inst/inst_svpwm/clarke_inst/v_beta_reg/A[5] is connected to registers with an asynchronous reset. This is preventing the possibility of merging these registers in to the DSP Block since the DSP block registers only possess synchronous reset capability.  It is suggested to recode or change these registers to remove the reset or use a synchronous reset to get the best optimization for performance, power and area.
Related violations: <none>

DPIR-1#147 Warning
Asynchronous driver check  
DSP design_1_i/top_0/inst/inst_svpwm/clarke_inst/v_beta_reg input pin design_1_i/top_0/inst/inst_svpwm/clarke_inst/v_beta_reg/A[6] is connected to registers with an asynchronous reset. This is preventing the possibility of merging these registers in to the DSP Block since the DSP block registers only possess synchronous reset capability.  It is suggested to recode or change these registers to remove the reset or use a synchronous reset to get the best optimization for performance, power and area.
Related violations: <none>

DPIR-1#148 Warning
Asynchronous driver check  
DSP design_1_i/top_0/inst/inst_svpwm/clarke_inst/v_beta_reg input pin design_1_i/top_0/inst/inst_svpwm/clarke_inst/v_beta_reg/A[7] is connected to registers with an asynchronous reset. This is preventing the possibility of merging these registers in to the DSP Block since the DSP block registers only possess synchronous reset capability.  It is suggested to recode or change these registers to remove the reset or use a synchronous reset to get the best optimization for performance, power and area.
Related violations: <none>

DPIR-1#149 Warning
Asynchronous driver check  
DSP design_1_i/top_0/inst/inst_svpwm/clarke_inst/v_beta_reg input pin design_1_i/top_0/inst/inst_svpwm/clarke_inst/v_beta_reg/A[8] is connected to registers with an asynchronous reset. This is preventing the possibility of merging these registers in to the DSP Block since the DSP block registers only possess synchronous reset capability.  It is suggested to recode or change these registers to remove the reset or use a synchronous reset to get the best optimization for performance, power and area.
Related violations: <none>

DPIR-1#150 Warning
Asynchronous driver check  
DSP design_1_i/top_0/inst/inst_svpwm/clarke_inst/v_beta_reg input pin design_1_i/top_0/inst/inst_svpwm/clarke_inst/v_beta_reg/A[9] is connected to registers with an asynchronous reset. This is preventing the possibility of merging these registers in to the DSP Block since the DSP block registers only possess synchronous reset capability.  It is suggested to recode or change these registers to remove the reset or use a synchronous reset to get the best optimization for performance, power and area.
Related violations: <none>

DPIR-1#151 Warning
Asynchronous driver check  
DSP design_1_i/top_0/inst/inst_svpwm/time_processor_inst/t1_mult_reg0 input pin design_1_i/top_0/inst/inst_svpwm/time_processor_inst/t1_mult_reg0/B[0] is connected to registers with an asynchronous reset. This is preventing the possibility of merging these registers in to the DSP Block since the DSP block registers only possess synchronous reset capability.  It is suggested to recode or change these registers to remove the reset or use a synchronous reset to get the best optimization for performance, power and area.
Related violations: <none>

DPIR-1#152 Warning
Asynchronous driver check  
DSP design_1_i/top_0/inst/inst_svpwm/time_processor_inst/t1_mult_reg0 input pin design_1_i/top_0/inst/inst_svpwm/time_processor_inst/t1_mult_reg0/B[10] is connected to registers with an asynchronous reset. This is preventing the possibility of merging these registers in to the DSP Block since the DSP block registers only possess synchronous reset capability.  It is suggested to recode or change these registers to remove the reset or use a synchronous reset to get the best optimization for performance, power and area.
Related violations: <none>

DPIR-1#153 Warning
Asynchronous driver check  
DSP design_1_i/top_0/inst/inst_svpwm/time_processor_inst/t1_mult_reg0 input pin design_1_i/top_0/inst/inst_svpwm/time_processor_inst/t1_mult_reg0/B[11] is connected to registers with an asynchronous reset. This is preventing the possibility of merging these registers in to the DSP Block since the DSP block registers only possess synchronous reset capability.  It is suggested to recode or change these registers to remove the reset or use a synchronous reset to get the best optimization for performance, power and area.
Related violations: <none>

DPIR-1#154 Warning
Asynchronous driver check  
DSP design_1_i/top_0/inst/inst_svpwm/time_processor_inst/t1_mult_reg0 input pin design_1_i/top_0/inst/inst_svpwm/time_processor_inst/t1_mult_reg0/B[12] is connected to registers with an asynchronous reset. This is preventing the possibility of merging these registers in to the DSP Block since the DSP block registers only possess synchronous reset capability.  It is suggested to recode or change these registers to remove the reset or use a synchronous reset to get the best optimization for performance, power and area.
Related violations: <none>

DPIR-1#155 Warning
Asynchronous driver check  
DSP design_1_i/top_0/inst/inst_svpwm/time_processor_inst/t1_mult_reg0 input pin design_1_i/top_0/inst/inst_svpwm/time_processor_inst/t1_mult_reg0/B[13] is connected to registers with an asynchronous reset. This is preventing the possibility of merging these registers in to the DSP Block since the DSP block registers only possess synchronous reset capability.  It is suggested to recode or change these registers to remove the reset or use a synchronous reset to get the best optimization for performance, power and area.
Related violations: <none>

DPIR-1#156 Warning
Asynchronous driver check  
DSP design_1_i/top_0/inst/inst_svpwm/time_processor_inst/t1_mult_reg0 input pin design_1_i/top_0/inst/inst_svpwm/time_processor_inst/t1_mult_reg0/B[14] is connected to registers with an asynchronous reset. This is preventing the possibility of merging these registers in to the DSP Block since the DSP block registers only possess synchronous reset capability.  It is suggested to recode or change these registers to remove the reset or use a synchronous reset to get the best optimization for performance, power and area.
Related violations: <none>

DPIR-1#157 Warning
Asynchronous driver check  
DSP design_1_i/top_0/inst/inst_svpwm/time_processor_inst/t1_mult_reg0 input pin design_1_i/top_0/inst/inst_svpwm/time_processor_inst/t1_mult_reg0/B[15] is connected to registers with an asynchronous reset. This is preventing the possibility of merging these registers in to the DSP Block since the DSP block registers only possess synchronous reset capability.  It is suggested to recode or change these registers to remove the reset or use a synchronous reset to get the best optimization for performance, power and area.
Related violations: <none>

DPIR-1#158 Warning
Asynchronous driver check  
DSP design_1_i/top_0/inst/inst_svpwm/time_processor_inst/t1_mult_reg0 input pin design_1_i/top_0/inst/inst_svpwm/time_processor_inst/t1_mult_reg0/B[16] is connected to registers with an asynchronous reset. This is preventing the possibility of merging these registers in to the DSP Block since the DSP block registers only possess synchronous reset capability.  It is suggested to recode or change these registers to remove the reset or use a synchronous reset to get the best optimization for performance, power and area.
Related violations: <none>

DPIR-1#159 Warning
Asynchronous driver check  
DSP design_1_i/top_0/inst/inst_svpwm/time_processor_inst/t1_mult_reg0 input pin design_1_i/top_0/inst/inst_svpwm/time_processor_inst/t1_mult_reg0/B[17] is connected to registers with an asynchronous reset. This is preventing the possibility of merging these registers in to the DSP Block since the DSP block registers only possess synchronous reset capability.  It is suggested to recode or change these registers to remove the reset or use a synchronous reset to get the best optimization for performance, power and area.
Related violations: <none>

DPIR-1#160 Warning
Asynchronous driver check  
DSP design_1_i/top_0/inst/inst_svpwm/time_processor_inst/t1_mult_reg0 input pin design_1_i/top_0/inst/inst_svpwm/time_processor_inst/t1_mult_reg0/B[1] is connected to registers with an asynchronous reset. This is preventing the possibility of merging these registers in to the DSP Block since the DSP block registers only possess synchronous reset capability.  It is suggested to recode or change these registers to remove the reset or use a synchronous reset to get the best optimization for performance, power and area.
Related violations: <none>

DPIR-1#161 Warning
Asynchronous driver check  
DSP design_1_i/top_0/inst/inst_svpwm/time_processor_inst/t1_mult_reg0 input pin design_1_i/top_0/inst/inst_svpwm/time_processor_inst/t1_mult_reg0/B[2] is connected to registers with an asynchronous reset. This is preventing the possibility of merging these registers in to the DSP Block since the DSP block registers only possess synchronous reset capability.  It is suggested to recode or change these registers to remove the reset or use a synchronous reset to get the best optimization for performance, power and area.
Related violations: <none>

DPIR-1#162 Warning
Asynchronous driver check  
DSP design_1_i/top_0/inst/inst_svpwm/time_processor_inst/t1_mult_reg0 input pin design_1_i/top_0/inst/inst_svpwm/time_processor_inst/t1_mult_reg0/B[3] is connected to registers with an asynchronous reset. This is preventing the possibility of merging these registers in to the DSP Block since the DSP block registers only possess synchronous reset capability.  It is suggested to recode or change these registers to remove the reset or use a synchronous reset to get the best optimization for performance, power and area.
Related violations: <none>

DPIR-1#163 Warning
Asynchronous driver check  
DSP design_1_i/top_0/inst/inst_svpwm/time_processor_inst/t1_mult_reg0 input pin design_1_i/top_0/inst/inst_svpwm/time_processor_inst/t1_mult_reg0/B[4] is connected to registers with an asynchronous reset. This is preventing the possibility of merging these registers in to the DSP Block since the DSP block registers only possess synchronous reset capability.  It is suggested to recode or change these registers to remove the reset or use a synchronous reset to get the best optimization for performance, power and area.
Related violations: <none>

DPIR-1#164 Warning
Asynchronous driver check  
DSP design_1_i/top_0/inst/inst_svpwm/time_processor_inst/t1_mult_reg0 input pin design_1_i/top_0/inst/inst_svpwm/time_processor_inst/t1_mult_reg0/B[5] is connected to registers with an asynchronous reset. This is preventing the possibility of merging these registers in to the DSP Block since the DSP block registers only possess synchronous reset capability.  It is suggested to recode or change these registers to remove the reset or use a synchronous reset to get the best optimization for performance, power and area.
Related violations: <none>

DPIR-1#165 Warning
Asynchronous driver check  
DSP design_1_i/top_0/inst/inst_svpwm/time_processor_inst/t1_mult_reg0 input pin design_1_i/top_0/inst/inst_svpwm/time_processor_inst/t1_mult_reg0/B[6] is connected to registers with an asynchronous reset. This is preventing the possibility of merging these registers in to the DSP Block since the DSP block registers only possess synchronous reset capability.  It is suggested to recode or change these registers to remove the reset or use a synchronous reset to get the best optimization for performance, power and area.
Related violations: <none>

DPIR-1#166 Warning
Asynchronous driver check  
DSP design_1_i/top_0/inst/inst_svpwm/time_processor_inst/t1_mult_reg0 input pin design_1_i/top_0/inst/inst_svpwm/time_processor_inst/t1_mult_reg0/B[7] is connected to registers with an asynchronous reset. This is preventing the possibility of merging these registers in to the DSP Block since the DSP block registers only possess synchronous reset capability.  It is suggested to recode or change these registers to remove the reset or use a synchronous reset to get the best optimization for performance, power and area.
Related violations: <none>

DPIR-1#167 Warning
Asynchronous driver check  
DSP design_1_i/top_0/inst/inst_svpwm/time_processor_inst/t1_mult_reg0 input pin design_1_i/top_0/inst/inst_svpwm/time_processor_inst/t1_mult_reg0/B[8] is connected to registers with an asynchronous reset. This is preventing the possibility of merging these registers in to the DSP Block since the DSP block registers only possess synchronous reset capability.  It is suggested to recode or change these registers to remove the reset or use a synchronous reset to get the best optimization for performance, power and area.
Related violations: <none>

DPIR-1#168 Warning
Asynchronous driver check  
DSP design_1_i/top_0/inst/inst_svpwm/time_processor_inst/t1_mult_reg0 input pin design_1_i/top_0/inst/inst_svpwm/time_processor_inst/t1_mult_reg0/B[9] is connected to registers with an asynchronous reset. This is preventing the possibility of merging these registers in to the DSP Block since the DSP block registers only possess synchronous reset capability.  It is suggested to recode or change these registers to remove the reset or use a synchronous reset to get the best optimization for performance, power and area.
Related violations: <none>

DPIR-1#169 Warning
Asynchronous driver check  
DSP design_1_i/top_0/inst/inst_svpwm/time_processor_inst/t1_mult_reg0__0 input pin design_1_i/top_0/inst/inst_svpwm/time_processor_inst/t1_mult_reg0__0/A[0] is connected to registers with an asynchronous reset. This is preventing the possibility of merging these registers in to the DSP Block since the DSP block registers only possess synchronous reset capability.  It is suggested to recode or change these registers to remove the reset or use a synchronous reset to get the best optimization for performance, power and area.
Related violations: <none>

DPIR-1#170 Warning
Asynchronous driver check  
DSP design_1_i/top_0/inst/inst_svpwm/time_processor_inst/t1_mult_reg0__0 input pin design_1_i/top_0/inst/inst_svpwm/time_processor_inst/t1_mult_reg0__0/A[10] is connected to registers with an asynchronous reset. This is preventing the possibility of merging these registers in to the DSP Block since the DSP block registers only possess synchronous reset capability.  It is suggested to recode or change these registers to remove the reset or use a synchronous reset to get the best optimization for performance, power and area.
Related violations: <none>

DPIR-1#171 Warning
Asynchronous driver check  
DSP design_1_i/top_0/inst/inst_svpwm/time_processor_inst/t1_mult_reg0__0 input pin design_1_i/top_0/inst/inst_svpwm/time_processor_inst/t1_mult_reg0__0/A[11] is connected to registers with an asynchronous reset. This is preventing the possibility of merging these registers in to the DSP Block since the DSP block registers only possess synchronous reset capability.  It is suggested to recode or change these registers to remove the reset or use a synchronous reset to get the best optimization for performance, power and area.
Related violations: <none>

DPIR-1#172 Warning
Asynchronous driver check  
DSP design_1_i/top_0/inst/inst_svpwm/time_processor_inst/t1_mult_reg0__0 input pin design_1_i/top_0/inst/inst_svpwm/time_processor_inst/t1_mult_reg0__0/A[12] is connected to registers with an asynchronous reset. This is preventing the possibility of merging these registers in to the DSP Block since the DSP block registers only possess synchronous reset capability.  It is suggested to recode or change these registers to remove the reset or use a synchronous reset to get the best optimization for performance, power and area.
Related violations: <none>

DPIR-1#173 Warning
Asynchronous driver check  
DSP design_1_i/top_0/inst/inst_svpwm/time_processor_inst/t1_mult_reg0__0 input pin design_1_i/top_0/inst/inst_svpwm/time_processor_inst/t1_mult_reg0__0/A[13] is connected to registers with an asynchronous reset. This is preventing the possibility of merging these registers in to the DSP Block since the DSP block registers only possess synchronous reset capability.  It is suggested to recode or change these registers to remove the reset or use a synchronous reset to get the best optimization for performance, power and area.
Related violations: <none>

DPIR-1#174 Warning
Asynchronous driver check  
DSP design_1_i/top_0/inst/inst_svpwm/time_processor_inst/t1_mult_reg0__0 input pin design_1_i/top_0/inst/inst_svpwm/time_processor_inst/t1_mult_reg0__0/A[14] is connected to registers with an asynchronous reset. This is preventing the possibility of merging these registers in to the DSP Block since the DSP block registers only possess synchronous reset capability.  It is suggested to recode or change these registers to remove the reset or use a synchronous reset to get the best optimization for performance, power and area.
Related violations: <none>

DPIR-1#175 Warning
Asynchronous driver check  
DSP design_1_i/top_0/inst/inst_svpwm/time_processor_inst/t1_mult_reg0__0 input pin design_1_i/top_0/inst/inst_svpwm/time_processor_inst/t1_mult_reg0__0/A[15] is connected to registers with an asynchronous reset. This is preventing the possibility of merging these registers in to the DSP Block since the DSP block registers only possess synchronous reset capability.  It is suggested to recode or change these registers to remove the reset or use a synchronous reset to get the best optimization for performance, power and area.
Related violations: <none>

DPIR-1#176 Warning
Asynchronous driver check  
DSP design_1_i/top_0/inst/inst_svpwm/time_processor_inst/t1_mult_reg0__0 input pin design_1_i/top_0/inst/inst_svpwm/time_processor_inst/t1_mult_reg0__0/A[16] is connected to registers with an asynchronous reset. This is preventing the possibility of merging these registers in to the DSP Block since the DSP block registers only possess synchronous reset capability.  It is suggested to recode or change these registers to remove the reset or use a synchronous reset to get the best optimization for performance, power and area.
Related violations: <none>

DPIR-1#177 Warning
Asynchronous driver check  
DSP design_1_i/top_0/inst/inst_svpwm/time_processor_inst/t1_mult_reg0__0 input pin design_1_i/top_0/inst/inst_svpwm/time_processor_inst/t1_mult_reg0__0/A[17] is connected to registers with an asynchronous reset. This is preventing the possibility of merging these registers in to the DSP Block since the DSP block registers only possess synchronous reset capability.  It is suggested to recode or change these registers to remove the reset or use a synchronous reset to get the best optimization for performance, power and area.
Related violations: <none>

DPIR-1#178 Warning
Asynchronous driver check  
DSP design_1_i/top_0/inst/inst_svpwm/time_processor_inst/t1_mult_reg0__0 input pin design_1_i/top_0/inst/inst_svpwm/time_processor_inst/t1_mult_reg0__0/A[18] is connected to registers with an asynchronous reset. This is preventing the possibility of merging these registers in to the DSP Block since the DSP block registers only possess synchronous reset capability.  It is suggested to recode or change these registers to remove the reset or use a synchronous reset to get the best optimization for performance, power and area.
Related violations: <none>

DPIR-1#179 Warning
Asynchronous driver check  
DSP design_1_i/top_0/inst/inst_svpwm/time_processor_inst/t1_mult_reg0__0 input pin design_1_i/top_0/inst/inst_svpwm/time_processor_inst/t1_mult_reg0__0/A[19] is connected to registers with an asynchronous reset. This is preventing the possibility of merging these registers in to the DSP Block since the DSP block registers only possess synchronous reset capability.  It is suggested to recode or change these registers to remove the reset or use a synchronous reset to get the best optimization for performance, power and area.
Related violations: <none>

DPIR-1#180 Warning
Asynchronous driver check  
DSP design_1_i/top_0/inst/inst_svpwm/time_processor_inst/t1_mult_reg0__0 input pin design_1_i/top_0/inst/inst_svpwm/time_processor_inst/t1_mult_reg0__0/A[1] is connected to registers with an asynchronous reset. This is preventing the possibility of merging these registers in to the DSP Block since the DSP block registers only possess synchronous reset capability.  It is suggested to recode or change these registers to remove the reset or use a synchronous reset to get the best optimization for performance, power and area.
Related violations: <none>

DPIR-1#181 Warning
Asynchronous driver check  
DSP design_1_i/top_0/inst/inst_svpwm/time_processor_inst/t1_mult_reg0__0 input pin design_1_i/top_0/inst/inst_svpwm/time_processor_inst/t1_mult_reg0__0/A[20] is connected to registers with an asynchronous reset. This is preventing the possibility of merging these registers in to the DSP Block since the DSP block registers only possess synchronous reset capability.  It is suggested to recode or change these registers to remove the reset or use a synchronous reset to get the best optimization for performance, power and area.
Related violations: <none>

DPIR-1#182 Warning
Asynchronous driver check  
DSP design_1_i/top_0/inst/inst_svpwm/time_processor_inst/t1_mult_reg0__0 input pin design_1_i/top_0/inst/inst_svpwm/time_processor_inst/t1_mult_reg0__0/A[21] is connected to registers with an asynchronous reset. This is preventing the possibility of merging these registers in to the DSP Block since the DSP block registers only possess synchronous reset capability.  It is suggested to recode or change these registers to remove the reset or use a synchronous reset to get the best optimization for performance, power and area.
Related violations: <none>

DPIR-1#183 Warning
Asynchronous driver check  
DSP design_1_i/top_0/inst/inst_svpwm/time_processor_inst/t1_mult_reg0__0 input pin design_1_i/top_0/inst/inst_svpwm/time_processor_inst/t1_mult_reg0__0/A[22] is connected to registers with an asynchronous reset. This is preventing the possibility of merging these registers in to the DSP Block since the DSP block registers only possess synchronous reset capability.  It is suggested to recode or change these registers to remove the reset or use a synchronous reset to get the best optimization for performance, power and area.
Related violations: <none>

DPIR-1#184 Warning
Asynchronous driver check  
DSP design_1_i/top_0/inst/inst_svpwm/time_processor_inst/t1_mult_reg0__0 input pin design_1_i/top_0/inst/inst_svpwm/time_processor_inst/t1_mult_reg0__0/A[23] is connected to registers with an asynchronous reset. This is preventing the possibility of merging these registers in to the DSP Block since the DSP block registers only possess synchronous reset capability.  It is suggested to recode or change these registers to remove the reset or use a synchronous reset to get the best optimization for performance, power and area.
Related violations: <none>

DPIR-1#185 Warning
Asynchronous driver check  
DSP design_1_i/top_0/inst/inst_svpwm/time_processor_inst/t1_mult_reg0__0 input pin design_1_i/top_0/inst/inst_svpwm/time_processor_inst/t1_mult_reg0__0/A[24] is connected to registers with an asynchronous reset. This is preventing the possibility of merging these registers in to the DSP Block since the DSP block registers only possess synchronous reset capability.  It is suggested to recode or change these registers to remove the reset or use a synchronous reset to get the best optimization for performance, power and area.
Related violations: <none>

DPIR-1#186 Warning
Asynchronous driver check  
DSP design_1_i/top_0/inst/inst_svpwm/time_processor_inst/t1_mult_reg0__0 input pin design_1_i/top_0/inst/inst_svpwm/time_processor_inst/t1_mult_reg0__0/A[25] is connected to registers with an asynchronous reset. This is preventing the possibility of merging these registers in to the DSP Block since the DSP block registers only possess synchronous reset capability.  It is suggested to recode or change these registers to remove the reset or use a synchronous reset to get the best optimization for performance, power and area.
Related violations: <none>

DPIR-1#187 Warning
Asynchronous driver check  
DSP design_1_i/top_0/inst/inst_svpwm/time_processor_inst/t1_mult_reg0__0 input pin design_1_i/top_0/inst/inst_svpwm/time_processor_inst/t1_mult_reg0__0/A[26] is connected to registers with an asynchronous reset. This is preventing the possibility of merging these registers in to the DSP Block since the DSP block registers only possess synchronous reset capability.  It is suggested to recode or change these registers to remove the reset or use a synchronous reset to get the best optimization for performance, power and area.
Related violations: <none>

DPIR-1#188 Warning
Asynchronous driver check  
DSP design_1_i/top_0/inst/inst_svpwm/time_processor_inst/t1_mult_reg0__0 input pin design_1_i/top_0/inst/inst_svpwm/time_processor_inst/t1_mult_reg0__0/A[27] is connected to registers with an asynchronous reset. This is preventing the possibility of merging these registers in to the DSP Block since the DSP block registers only possess synchronous reset capability.  It is suggested to recode or change these registers to remove the reset or use a synchronous reset to get the best optimization for performance, power and area.
Related violations: <none>

DPIR-1#189 Warning
Asynchronous driver check  
DSP design_1_i/top_0/inst/inst_svpwm/time_processor_inst/t1_mult_reg0__0 input pin design_1_i/top_0/inst/inst_svpwm/time_processor_inst/t1_mult_reg0__0/A[28] is connected to registers with an asynchronous reset. This is preventing the possibility of merging these registers in to the DSP Block since the DSP block registers only possess synchronous reset capability.  It is suggested to recode or change these registers to remove the reset or use a synchronous reset to get the best optimization for performance, power and area.
Related violations: <none>

DPIR-1#190 Warning
Asynchronous driver check  
DSP design_1_i/top_0/inst/inst_svpwm/time_processor_inst/t1_mult_reg0__0 input pin design_1_i/top_0/inst/inst_svpwm/time_processor_inst/t1_mult_reg0__0/A[29] is connected to registers with an asynchronous reset. This is preventing the possibility of merging these registers in to the DSP Block since the DSP block registers only possess synchronous reset capability.  It is suggested to recode or change these registers to remove the reset or use a synchronous reset to get the best optimization for performance, power and area.
Related violations: <none>

DPIR-1#191 Warning
Asynchronous driver check  
DSP design_1_i/top_0/inst/inst_svpwm/time_processor_inst/t1_mult_reg0__0 input pin design_1_i/top_0/inst/inst_svpwm/time_processor_inst/t1_mult_reg0__0/A[2] is connected to registers with an asynchronous reset. This is preventing the possibility of merging these registers in to the DSP Block since the DSP block registers only possess synchronous reset capability.  It is suggested to recode or change these registers to remove the reset or use a synchronous reset to get the best optimization for performance, power and area.
Related violations: <none>

DPIR-1#192 Warning
Asynchronous driver check  
DSP design_1_i/top_0/inst/inst_svpwm/time_processor_inst/t1_mult_reg0__0 input pin design_1_i/top_0/inst/inst_svpwm/time_processor_inst/t1_mult_reg0__0/A[3] is connected to registers with an asynchronous reset. This is preventing the possibility of merging these registers in to the DSP Block since the DSP block registers only possess synchronous reset capability.  It is suggested to recode or change these registers to remove the reset or use a synchronous reset to get the best optimization for performance, power and area.
Related violations: <none>

DPIR-1#193 Warning
Asynchronous driver check  
DSP design_1_i/top_0/inst/inst_svpwm/time_processor_inst/t1_mult_reg0__0 input pin design_1_i/top_0/inst/inst_svpwm/time_processor_inst/t1_mult_reg0__0/A[4] is connected to registers with an asynchronous reset. This is preventing the possibility of merging these registers in to the DSP Block since the DSP block registers only possess synchronous reset capability.  It is suggested to recode or change these registers to remove the reset or use a synchronous reset to get the best optimization for performance, power and area.
Related violations: <none>

DPIR-1#194 Warning
Asynchronous driver check  
DSP design_1_i/top_0/inst/inst_svpwm/time_processor_inst/t1_mult_reg0__0 input pin design_1_i/top_0/inst/inst_svpwm/time_processor_inst/t1_mult_reg0__0/A[5] is connected to registers with an asynchronous reset. This is preventing the possibility of merging these registers in to the DSP Block since the DSP block registers only possess synchronous reset capability.  It is suggested to recode or change these registers to remove the reset or use a synchronous reset to get the best optimization for performance, power and area.
Related violations: <none>

DPIR-1#195 Warning
Asynchronous driver check  
DSP design_1_i/top_0/inst/inst_svpwm/time_processor_inst/t1_mult_reg0__0 input pin design_1_i/top_0/inst/inst_svpwm/time_processor_inst/t1_mult_reg0__0/A[6] is connected to registers with an asynchronous reset. This is preventing the possibility of merging these registers in to the DSP Block since the DSP block registers only possess synchronous reset capability.  It is suggested to recode or change these registers to remove the reset or use a synchronous reset to get the best optimization for performance, power and area.
Related violations: <none>

DPIR-1#196 Warning
Asynchronous driver check  
DSP design_1_i/top_0/inst/inst_svpwm/time_processor_inst/t1_mult_reg0__0 input pin design_1_i/top_0/inst/inst_svpwm/time_processor_inst/t1_mult_reg0__0/A[7] is connected to registers with an asynchronous reset. This is preventing the possibility of merging these registers in to the DSP Block since the DSP block registers only possess synchronous reset capability.  It is suggested to recode or change these registers to remove the reset or use a synchronous reset to get the best optimization for performance, power and area.
Related violations: <none>

DPIR-1#197 Warning
Asynchronous driver check  
DSP design_1_i/top_0/inst/inst_svpwm/time_processor_inst/t1_mult_reg0__0 input pin design_1_i/top_0/inst/inst_svpwm/time_processor_inst/t1_mult_reg0__0/A[8] is connected to registers with an asynchronous reset. This is preventing the possibility of merging these registers in to the DSP Block since the DSP block registers only possess synchronous reset capability.  It is suggested to recode or change these registers to remove the reset or use a synchronous reset to get the best optimization for performance, power and area.
Related violations: <none>

DPIR-1#198 Warning
Asynchronous driver check  
DSP design_1_i/top_0/inst/inst_svpwm/time_processor_inst/t1_mult_reg0__0 input pin design_1_i/top_0/inst/inst_svpwm/time_processor_inst/t1_mult_reg0__0/A[9] is connected to registers with an asynchronous reset. This is preventing the possibility of merging these registers in to the DSP Block since the DSP block registers only possess synchronous reset capability.  It is suggested to recode or change these registers to remove the reset or use a synchronous reset to get the best optimization for performance, power and area.
Related violations: <none>

DPIR-1#199 Warning
Asynchronous driver check  
DSP design_1_i/top_0/inst/inst_svpwm/time_processor_inst/t1_mult_reg0__1 input pin design_1_i/top_0/inst/inst_svpwm/time_processor_inst/t1_mult_reg0__1/A[0] is connected to registers with an asynchronous reset. This is preventing the possibility of merging these registers in to the DSP Block since the DSP block registers only possess synchronous reset capability.  It is suggested to recode or change these registers to remove the reset or use a synchronous reset to get the best optimization for performance, power and area.
Related violations: <none>

DPIR-1#200 Warning
Asynchronous driver check  
DSP design_1_i/top_0/inst/inst_svpwm/time_processor_inst/t1_mult_reg0__1 input pin design_1_i/top_0/inst/inst_svpwm/time_processor_inst/t1_mult_reg0__1/A[10] is connected to registers with an asynchronous reset. This is preventing the possibility of merging these registers in to the DSP Block since the DSP block registers only possess synchronous reset capability.  It is suggested to recode or change these registers to remove the reset or use a synchronous reset to get the best optimization for performance, power and area.
Related violations: <none>

DPIR-1#201 Warning
Asynchronous driver check  
DSP design_1_i/top_0/inst/inst_svpwm/time_processor_inst/t1_mult_reg0__1 input pin design_1_i/top_0/inst/inst_svpwm/time_processor_inst/t1_mult_reg0__1/A[11] is connected to registers with an asynchronous reset. This is preventing the possibility of merging these registers in to the DSP Block since the DSP block registers only possess synchronous reset capability.  It is suggested to recode or change these registers to remove the reset or use a synchronous reset to get the best optimization for performance, power and area.
Related violations: <none>

DPIR-1#202 Warning
Asynchronous driver check  
DSP design_1_i/top_0/inst/inst_svpwm/time_processor_inst/t1_mult_reg0__1 input pin design_1_i/top_0/inst/inst_svpwm/time_processor_inst/t1_mult_reg0__1/A[12] is connected to registers with an asynchronous reset. This is preventing the possibility of merging these registers in to the DSP Block since the DSP block registers only possess synchronous reset capability.  It is suggested to recode or change these registers to remove the reset or use a synchronous reset to get the best optimization for performance, power and area.
Related violations: <none>

DPIR-1#203 Warning
Asynchronous driver check  
DSP design_1_i/top_0/inst/inst_svpwm/time_processor_inst/t1_mult_reg0__1 input pin design_1_i/top_0/inst/inst_svpwm/time_processor_inst/t1_mult_reg0__1/A[13] is connected to registers with an asynchronous reset. This is preventing the possibility of merging these registers in to the DSP Block since the DSP block registers only possess synchronous reset capability.  It is suggested to recode or change these registers to remove the reset or use a synchronous reset to get the best optimization for performance, power and area.
Related violations: <none>

DPIR-1#204 Warning
Asynchronous driver check  
DSP design_1_i/top_0/inst/inst_svpwm/time_processor_inst/t1_mult_reg0__1 input pin design_1_i/top_0/inst/inst_svpwm/time_processor_inst/t1_mult_reg0__1/A[14] is connected to registers with an asynchronous reset. This is preventing the possibility of merging these registers in to the DSP Block since the DSP block registers only possess synchronous reset capability.  It is suggested to recode or change these registers to remove the reset or use a synchronous reset to get the best optimization for performance, power and area.
Related violations: <none>

DPIR-1#205 Warning
Asynchronous driver check  
DSP design_1_i/top_0/inst/inst_svpwm/time_processor_inst/t1_mult_reg0__1 input pin design_1_i/top_0/inst/inst_svpwm/time_processor_inst/t1_mult_reg0__1/A[15] is connected to registers with an asynchronous reset. This is preventing the possibility of merging these registers in to the DSP Block since the DSP block registers only possess synchronous reset capability.  It is suggested to recode or change these registers to remove the reset or use a synchronous reset to get the best optimization for performance, power and area.
Related violations: <none>

DPIR-1#206 Warning
Asynchronous driver check  
DSP design_1_i/top_0/inst/inst_svpwm/time_processor_inst/t1_mult_reg0__1 input pin design_1_i/top_0/inst/inst_svpwm/time_processor_inst/t1_mult_reg0__1/A[16] is connected to registers with an asynchronous reset. This is preventing the possibility of merging these registers in to the DSP Block since the DSP block registers only possess synchronous reset capability.  It is suggested to recode or change these registers to remove the reset or use a synchronous reset to get the best optimization for performance, power and area.
Related violations: <none>

DPIR-1#207 Warning
Asynchronous driver check  
DSP design_1_i/top_0/inst/inst_svpwm/time_processor_inst/t1_mult_reg0__1 input pin design_1_i/top_0/inst/inst_svpwm/time_processor_inst/t1_mult_reg0__1/A[1] is connected to registers with an asynchronous reset. This is preventing the possibility of merging these registers in to the DSP Block since the DSP block registers only possess synchronous reset capability.  It is suggested to recode or change these registers to remove the reset or use a synchronous reset to get the best optimization for performance, power and area.
Related violations: <none>

DPIR-1#208 Warning
Asynchronous driver check  
DSP design_1_i/top_0/inst/inst_svpwm/time_processor_inst/t1_mult_reg0__1 input pin design_1_i/top_0/inst/inst_svpwm/time_processor_inst/t1_mult_reg0__1/A[2] is connected to registers with an asynchronous reset. This is preventing the possibility of merging these registers in to the DSP Block since the DSP block registers only possess synchronous reset capability.  It is suggested to recode or change these registers to remove the reset or use a synchronous reset to get the best optimization for performance, power and area.
Related violations: <none>

DPIR-1#209 Warning
Asynchronous driver check  
DSP design_1_i/top_0/inst/inst_svpwm/time_processor_inst/t1_mult_reg0__1 input pin design_1_i/top_0/inst/inst_svpwm/time_processor_inst/t1_mult_reg0__1/A[3] is connected to registers with an asynchronous reset. This is preventing the possibility of merging these registers in to the DSP Block since the DSP block registers only possess synchronous reset capability.  It is suggested to recode or change these registers to remove the reset or use a synchronous reset to get the best optimization for performance, power and area.
Related violations: <none>

DPIR-1#210 Warning
Asynchronous driver check  
DSP design_1_i/top_0/inst/inst_svpwm/time_processor_inst/t1_mult_reg0__1 input pin design_1_i/top_0/inst/inst_svpwm/time_processor_inst/t1_mult_reg0__1/A[4] is connected to registers with an asynchronous reset. This is preventing the possibility of merging these registers in to the DSP Block since the DSP block registers only possess synchronous reset capability.  It is suggested to recode or change these registers to remove the reset or use a synchronous reset to get the best optimization for performance, power and area.
Related violations: <none>

DPIR-1#211 Warning
Asynchronous driver check  
DSP design_1_i/top_0/inst/inst_svpwm/time_processor_inst/t1_mult_reg0__1 input pin design_1_i/top_0/inst/inst_svpwm/time_processor_inst/t1_mult_reg0__1/A[5] is connected to registers with an asynchronous reset. This is preventing the possibility of merging these registers in to the DSP Block since the DSP block registers only possess synchronous reset capability.  It is suggested to recode or change these registers to remove the reset or use a synchronous reset to get the best optimization for performance, power and area.
Related violations: <none>

DPIR-1#212 Warning
Asynchronous driver check  
DSP design_1_i/top_0/inst/inst_svpwm/time_processor_inst/t1_mult_reg0__1 input pin design_1_i/top_0/inst/inst_svpwm/time_processor_inst/t1_mult_reg0__1/A[6] is connected to registers with an asynchronous reset. This is preventing the possibility of merging these registers in to the DSP Block since the DSP block registers only possess synchronous reset capability.  It is suggested to recode or change these registers to remove the reset or use a synchronous reset to get the best optimization for performance, power and area.
Related violations: <none>

DPIR-1#213 Warning
Asynchronous driver check  
DSP design_1_i/top_0/inst/inst_svpwm/time_processor_inst/t1_mult_reg0__1 input pin design_1_i/top_0/inst/inst_svpwm/time_processor_inst/t1_mult_reg0__1/A[7] is connected to registers with an asynchronous reset. This is preventing the possibility of merging these registers in to the DSP Block since the DSP block registers only possess synchronous reset capability.  It is suggested to recode or change these registers to remove the reset or use a synchronous reset to get the best optimization for performance, power and area.
Related violations: <none>

DPIR-1#214 Warning
Asynchronous driver check  
DSP design_1_i/top_0/inst/inst_svpwm/time_processor_inst/t1_mult_reg0__1 input pin design_1_i/top_0/inst/inst_svpwm/time_processor_inst/t1_mult_reg0__1/A[8] is connected to registers with an asynchronous reset. This is preventing the possibility of merging these registers in to the DSP Block since the DSP block registers only possess synchronous reset capability.  It is suggested to recode or change these registers to remove the reset or use a synchronous reset to get the best optimization for performance, power and area.
Related violations: <none>

DPIR-1#215 Warning
Asynchronous driver check  
DSP design_1_i/top_0/inst/inst_svpwm/time_processor_inst/t1_mult_reg0__1 input pin design_1_i/top_0/inst/inst_svpwm/time_processor_inst/t1_mult_reg0__1/A[9] is connected to registers with an asynchronous reset. This is preventing the possibility of merging these registers in to the DSP Block since the DSP block registers only possess synchronous reset capability.  It is suggested to recode or change these registers to remove the reset or use a synchronous reset to get the best optimization for performance, power and area.
Related violations: <none>

TIMING-18#1 Warning
Missing input or output delay  
An input delay is missing on miso relative to the rising and/or falling clock edge(s) of clk_fpga_0.
Related violations: <none>

TIMING-18#2 Warning
Missing input or output delay  
An input delay is missing on reset relative to the rising and/or falling clock edge(s) of clk_fpga_0.
Related violations: <none>

TIMING-18#3 Warning
Missing input or output delay  
An output delay is missing on HB1_bot relative to the rising and/or falling clock edge(s) of clk_fpga_0.
Related violations: <none>

TIMING-18#4 Warning
Missing input or output delay  
An output delay is missing on HB1_top relative to the rising and/or falling clock edge(s) of clk_fpga_0.
Related violations: <none>

TIMING-18#5 Warning
Missing input or output delay  
An output delay is missing on HB2_bot relative to the rising and/or falling clock edge(s) of clk_fpga_0.
Related violations: <none>

TIMING-18#6 Warning
Missing input or output delay  
An output delay is missing on HB2_top relative to the rising and/or falling clock edge(s) of clk_fpga_0.
Related violations: <none>

TIMING-18#7 Warning
Missing input or output delay  
An output delay is missing on HB3_bot relative to the rising and/or falling clock edge(s) of clk_fpga_0.
Related violations: <none>

TIMING-18#8 Warning
Missing input or output delay  
An output delay is missing on HB3_top relative to the rising and/or falling clock edge(s) of clk_fpga_0.
Related violations: <none>

TIMING-18#9 Warning
Missing input or output delay  
An output delay is missing on sclk relative to the rising and/or falling clock edge(s) of clk_fpga_0.
Related violations: <none>

TIMING-18#10 Warning
Missing input or output delay  
An output delay is missing on ss_n[0] relative to the rising and/or falling clock edge(s) of clk_fpga_0.
Related violations: <none>


