Copyright 1986-2022 Xilinx, Inc. All Rights Reserved. Copyright 2022-2024 Advanced Micro Devices, Inc. All Rights Reserved.
---------------------------------------------------------------------------------------------------------------------------------------------------------------------------------------------------------------------------------------------
| Tool Version : Vivado v.2024.1 (win64) Build 5076996 Wed May 22 18:37:14 MDT 2024
| Date         : Mon Oct 27 21:09:11 2025
| Host         : DESKTOP-CNIMS8K running 64-bit major release  (build 9200)
| Command      : report_timing_summary -max_paths 10 -report_unconstrained -file design_1_wrapper_timing_summary_routed.rpt -pb design_1_wrapper_timing_summary_routed.pb -rpx design_1_wrapper_timing_summary_routed.rpx -warn_on_violation
| Design       : design_1_wrapper
| Device       : 7z020-clg484
| Speed File   : -1  PRODUCTION 1.12 2019-11-22
| Design State : Routed
---------------------------------------------------------------------------------------------------------------------------------------------------------------------------------------------------------------------------------------------

Timing Summary Report

------------------------------------------------------------------------------------------------
| Timer Settings
| --------------
------------------------------------------------------------------------------------------------

  Enable Multi Corner Analysis               :  Yes
  Enable Pessimism Removal                   :  Yes
  Pessimism Removal Resolution               :  Nearest Common Node
  Enable Input Delay Default Clock           :  No
  Enable Preset / Clear Arcs                 :  No
  Disable Flight Delays                      :  No
  Ignore I/O Paths                           :  No
  Timing Early Launch at Borrowing Latches   :  No
  Borrow Time for Max Delay Exceptions       :  Yes
  Merge Timing Exceptions                    :  Yes
  Inter-SLR Compensation                     :  Conservative

  Corner  Analyze    Analyze    
  Name    Max Paths  Min Paths  
  ------  ---------  ---------  
  Slow    Yes        Yes        
  Fast    Yes        Yes        


------------------------------------------------------------------------------------------------
| Report Methodology
| ------------------
------------------------------------------------------------------------------------------------

Rule       Severity  Description                    Violations  
---------  --------  -----------------------------  ----------  
DPIR-1     Warning   Asynchronous driver check      215         
TIMING-18  Warning   Missing input or output delay  10          

Note: This report is based on the most recent report_methodology run and may not be up-to-date. Run report_methodology on the current design for the latest report.



check_timing report

Table of Contents
-----------------
1. checking no_clock (0)
2. checking constant_clock (0)
3. checking pulse_width_clock (0)
4. checking unconstrained_internal_endpoints (0)
5. checking no_input_delay (2)
6. checking no_output_delay (8)
7. checking multiple_clock (0)
8. checking generated_clocks (0)
9. checking loops (0)
10. checking partial_input_delay (0)
11. checking partial_output_delay (0)
12. checking latch_loops (0)

1. checking no_clock (0)
------------------------
 There are 0 register/latch pins with no clock.


2. checking constant_clock (0)
------------------------------
 There are 0 register/latch pins with constant_clock.


3. checking pulse_width_clock (0)
---------------------------------
 There are 0 register/latch pins which need pulse_width check


4. checking unconstrained_internal_endpoints (0)
------------------------------------------------
 There are 0 pins that are not constrained for maximum delay.

 There are 0 pins that are not constrained for maximum delay due to constant clock.


5. checking no_input_delay (2)
------------------------------
 There are 2 input ports with no input delay specified. (HIGH)

 There are 0 input ports with no input delay but user has a false path constraint.


6. checking no_output_delay (8)
-------------------------------
 There are 8 ports with no output delay specified. (HIGH)

 There are 0 ports with no output delay but user has a false path constraint

 There are 0 ports with no output delay but with a timing clock defined on it or propagating through it


7. checking multiple_clock (0)
------------------------------
 There are 0 register/latch pins with multiple clocks.


8. checking generated_clocks (0)
--------------------------------
 There are 0 generated clocks that are not connected to a clock source.


9. checking loops (0)
---------------------
 There are 0 combinational loops in the design.


10. checking partial_input_delay (0)
------------------------------------
 There are 0 input ports with partial input delay specified.


11. checking partial_output_delay (0)
-------------------------------------
 There are 0 ports with partial output delay specified.


12. checking latch_loops (0)
----------------------------
 There are 0 combinational latch loops in the design through latch input



------------------------------------------------------------------------------------------------
| Design Timing Summary
| ---------------------
------------------------------------------------------------------------------------------------

    WNS(ns)      TNS(ns)  TNS Failing Endpoints  TNS Total Endpoints      WHS(ns)      THS(ns)  THS Failing Endpoints  THS Total Endpoints     WPWS(ns)     TPWS(ns)  TPWS Failing Endpoints  TPWS Total Endpoints  
    -------      -------  ---------------------  -------------------      -------      -------  ---------------------  -------------------     --------     --------  ----------------------  --------------------  
      1.162        0.000                      0                 5279        0.053        0.000                      0                 5279        9.020        0.000                       0                  4063  


All user specified timing constraints are met.


------------------------------------------------------------------------------------------------
| Clock Summary
| -------------
------------------------------------------------------------------------------------------------

Clock       Waveform(ns)       Period(ns)      Frequency(MHz)
-----       ------------       ----------      --------------
clk_fpga_0  {0.000 10.000}     20.000          50.000          


------------------------------------------------------------------------------------------------
| Intra Clock Table
| -----------------
------------------------------------------------------------------------------------------------

Clock             WNS(ns)      TNS(ns)  TNS Failing Endpoints  TNS Total Endpoints      WHS(ns)      THS(ns)  THS Failing Endpoints  THS Total Endpoints     WPWS(ns)     TPWS(ns)  TPWS Failing Endpoints  TPWS Total Endpoints  
-----             -------      -------  ---------------------  -------------------      -------      -------  ---------------------  -------------------     --------     --------  ----------------------  --------------------  
clk_fpga_0          1.162        0.000                      0                 5279        0.053        0.000                      0                 5279        9.020        0.000                       0                  4063  


------------------------------------------------------------------------------------------------
| Inter Clock Table
| -----------------
------------------------------------------------------------------------------------------------

From Clock    To Clock          WNS(ns)      TNS(ns)  TNS Failing Endpoints  TNS Total Endpoints      WHS(ns)      THS(ns)  THS Failing Endpoints  THS Total Endpoints  
----------    --------          -------      -------  ---------------------  -------------------      -------      -------  ---------------------  -------------------  


------------------------------------------------------------------------------------------------
| Other Path Groups Table
| -----------------------
------------------------------------------------------------------------------------------------

Path Group    From Clock    To Clock          WNS(ns)      TNS(ns)  TNS Failing Endpoints  TNS Total Endpoints      WHS(ns)      THS(ns)  THS Failing Endpoints  THS Total Endpoints  
----------    ----------    --------          -------      -------  ---------------------  -------------------      -------      -------  ---------------------  -------------------  


------------------------------------------------------------------------------------------------
| User Ignored Path Table
| -----------------------
------------------------------------------------------------------------------------------------

Path Group    From Clock    To Clock    
----------    ----------    --------    


------------------------------------------------------------------------------------------------
| Unconstrained Path Table
| ------------------------
------------------------------------------------------------------------------------------------

Path Group    From Clock    To Clock    
----------    ----------    --------    
(none)        clk_fpga_0                  
(none)                      clk_fpga_0    


------------------------------------------------------------------------------------------------
| Timing Details
| --------------
------------------------------------------------------------------------------------------------


---------------------------------------------------------------------------------------------------
From Clock:  clk_fpga_0
  To Clock:  clk_fpga_0

Setup :            0  Failing Endpoints,  Worst Slack        1.162ns,  Total Violation        0.000ns
Hold  :            0  Failing Endpoints,  Worst Slack        0.053ns,  Total Violation        0.000ns
PW    :            0  Failing Endpoints,  Worst Slack        9.020ns,  Total Violation        0.000ns
---------------------------------------------------------------------------------------------------


Max Delay Paths
--------------------------------------------------------------------------------------
Slack (MET) :             1.162ns  (required time - arrival time)
  Source:                 design_1_i/top_0/inst/inst_svpwm/time_processor_inst/t2_int_reg[12]/C
                            (rising edge-triggered cell FDRE clocked by clk_fpga_0  {rise@0.000ns fall@10.000ns period=20.000ns})
  Destination:            design_1_i/top_0/inst/inst_svpwm/driver_inst/HB1/duty_cycle_latch_reg[15]/D
                            (rising edge-triggered cell FDRE clocked by clk_fpga_0  {rise@0.000ns fall@10.000ns period=20.000ns})
  Path Group:             clk_fpga_0
  Path Type:              Setup (Max at Slow Process Corner)
  Requirement:            20.000ns  (clk_fpga_0 rise@20.000ns - clk_fpga_0 rise@0.000ns)
  Data Path Delay:        18.386ns  (logic 11.856ns (64.485%)  route 6.530ns (35.515%))
  Logic Levels:           30  (CARRY4=23 DSP48E1=2 LUT2=2 LUT3=1 LUT4=1 LUT5=1)
  Clock Path Skew:        -0.228ns (DCD - SCD + CPR)
    Destination Clock Delay (DCD):    2.663ns = ( 22.663 - 20.000 ) 
    Source Clock Delay      (SCD):    3.020ns
    Clock Pessimism Removal (CPR):    0.129ns
  Clock Uncertainty:      0.302ns  ((TSJ^2 + TIJ^2)^1/2 + DJ) / 2 + PE
    Total System Jitter     (TSJ):    0.071ns
    Total Input Jitter      (TIJ):    0.600ns
    Discrete Jitter          (DJ):    0.000ns
    Phase Error              (PE):    0.000ns

    Location             Delay type                Incr(ns)  Path(ns)    Netlist Resource(s)
  -------------------------------------------------------------------    -------------------
                         (clock clk_fpga_0 rise edge)
                                                      0.000     0.000 r  
    PS7_X0Y0             PS7                          0.000     0.000 r  design_1_i/processing_system7_0/inst/PS7_i/FCLKCLK[0]
                         net (fo=1, routed)           1.193     1.193    design_1_i/processing_system7_0/inst/FCLK_CLK_unbuffered[0]
    BUFGCTRL_X0Y16       BUFG (Prop_bufg_I_O)         0.101     1.294 r  design_1_i/processing_system7_0/inst/buffer_fclk_clk_0.FCLK_CLK_0_BUFG/O
                         net (fo=4065, routed)        1.726     3.020    design_1_i/top_0/inst/inst_svpwm/time_processor_inst/clk
    SLICE_X84Y20         FDRE                                         r  design_1_i/top_0/inst/inst_svpwm/time_processor_inst/t2_int_reg[12]/C
  -------------------------------------------------------------------    -------------------
    SLICE_X84Y20         FDRE (Prop_fdre_C_Q)         0.456     3.476 r  design_1_i/top_0/inst/inst_svpwm/time_processor_inst/t2_int_reg[12]/Q
                         net (fo=4, routed)           1.016     4.492    design_1_i/top_0/inst/inst_svpwm/time_processor_inst/t2_int_reg_n_0_[12]
    SLICE_X79Y19         LUT4 (Prop_lut4_I0_O)        0.124     4.616 r  design_1_i/top_0/inst/inst_svpwm/time_processor_inst/HB1_mult_reg0__9_i_80/O
                         net (fo=1, routed)           0.000     4.616    design_1_i/top_0/inst/inst_svpwm/time_processor_inst/HB1_mult_reg0__9_i_80_n_0
    SLICE_X79Y19         CARRY4 (Prop_carry4_S[1]_CO[3])
                                                      0.550     5.166 r  design_1_i/top_0/inst/inst_svpwm/time_processor_inst/HB1_mult_reg0__9_i_65/CO[3]
                         net (fo=1, routed)           0.000     5.166    design_1_i/top_0/inst/inst_svpwm/time_processor_inst/HB1_mult_reg0__9_i_65_n_0
    SLICE_X79Y20         CARRY4 (Prop_carry4_CI_CO[3])
                                                      0.114     5.280 r  design_1_i/top_0/inst/inst_svpwm/time_processor_inst/HB1_mult_reg0__9_i_56/CO[3]
                         net (fo=1, routed)           0.000     5.280    design_1_i/top_0/inst/inst_svpwm/time_processor_inst/HB1_mult_reg0__9_i_56_n_0
    SLICE_X79Y21         CARRY4 (Prop_carry4_CI_CO[3])
                                                      0.114     5.394 r  design_1_i/top_0/inst/inst_svpwm/time_processor_inst/HB1_mult_reg0__9_i_47/CO[3]
                         net (fo=1, routed)           0.000     5.394    design_1_i/top_0/inst/inst_svpwm/time_processor_inst/HB1_mult_reg0__9_i_47_n_0
    SLICE_X79Y22         CARRY4 (Prop_carry4_CI_CO[3])
                                                      0.114     5.508 r  design_1_i/top_0/inst/inst_svpwm/time_processor_inst/HB1_mult_reg0__9_i_38/CO[3]
                         net (fo=1, routed)           0.000     5.508    design_1_i/top_0/inst/inst_svpwm/time_processor_inst/HB1_mult_reg0__9_i_38_n_0
    SLICE_X79Y23         CARRY4 (Prop_carry4_CI_CO[3])
                                                      0.114     5.622 r  design_1_i/top_0/inst/inst_svpwm/time_processor_inst/HB1_mult_reg0__9_i_29/CO[3]
                         net (fo=1, routed)           0.000     5.622    design_1_i/top_0/inst/inst_svpwm/time_processor_inst/HB1_mult_reg0__9_i_29_n_0
    SLICE_X79Y24         CARRY4 (Prop_carry4_CI_CO[3])
                                                      0.114     5.736 r  design_1_i/top_0/inst/inst_svpwm/time_processor_inst/HB1_mult_reg0__9_i_4/CO[3]
                         net (fo=1, routed)           0.009     5.745    design_1_i/top_0/inst/inst_svpwm/time_processor_inst/HB1_mult_reg0__9_i_4_n_0
    SLICE_X79Y25         CARRY4 (Prop_carry4_CI_CO[3])
                                                      0.114     5.859 r  design_1_i/top_0/inst/inst_svpwm/time_processor_inst/HB1_mult_reg0__9_i_3/CO[3]
                         net (fo=1, routed)           0.000     5.859    design_1_i/top_0/inst/inst_svpwm/time_processor_inst/HB1_mult_reg0__9_i_3_n_0
    SLICE_X79Y26         CARRY4 (Prop_carry4_CI_O[1])
                                                      0.334     6.193 r  design_1_i/top_0/inst/inst_svpwm/time_processor_inst/HB1_mult_reg0__9_i_2/O[1]
                         net (fo=6, routed)           1.024     7.216    design_1_i/top_0/inst/inst_svpwm/time_processor_inst/t0[8]
    SLICE_X91Y26         LUT2 (Prop_lut2_I1_O)        0.303     7.519 r  design_1_i/top_0/inst/inst_svpwm/time_processor_inst/i__carry__1_i_4/O
                         net (fo=1, routed)           0.000     7.519    design_1_i/top_0/inst/inst_svpwm/driver_inst/HB1_mult_reg0__5_2[0]
    SLICE_X91Y26         CARRY4 (Prop_carry4_S[0]_CO[3])
                                                      0.532     8.051 r  design_1_i/top_0/inst/inst_svpwm/driver_inst/HB1_mult_reg1_inferred__0/i__carry__1/CO[3]
                         net (fo=1, routed)           0.000     8.051    design_1_i/top_0/inst/inst_svpwm/driver_inst/HB1_mult_reg1_inferred__0/i__carry__1_n_0
    SLICE_X91Y27         CARRY4 (Prop_carry4_CI_CO[3])
                                                      0.114     8.165 r  design_1_i/top_0/inst/inst_svpwm/driver_inst/HB1_mult_reg1_inferred__0/i__carry__2/CO[3]
                         net (fo=1, routed)           0.000     8.165    design_1_i/top_0/inst/inst_svpwm/driver_inst/HB1_mult_reg1_inferred__0/i__carry__2_n_0
    SLICE_X91Y28         CARRY4 (Prop_carry4_CI_O[0])
                                                      0.222     8.387 r  design_1_i/top_0/inst/inst_svpwm/driver_inst/HB1_mult_reg1_inferred__0/i__carry__3/O[0]
                         net (fo=1, routed)           0.972     9.359    design_1_i/top_0/inst/inst_svpwm/driver_inst/HB1_mult_reg1_inferred__0/i__carry__3_n_7
    DSP48_X3Y14          DSP48E1 (Prop_dsp48e1_A[16]_PCOUT[47])
                                                      4.211    13.570 r  design_1_i/top_0/inst/inst_svpwm/driver_inst/HB1_mult_reg0__5/PCOUT[47]
                         net (fo=1, routed)           0.002    13.572    design_1_i/top_0/inst/inst_svpwm/driver_inst/HB1_mult_reg0__5_n_106
    DSP48_X3Y15          DSP48E1 (Prop_dsp48e1_PCIN[47]_P[0])
                                                      1.518    15.090 r  design_1_i/top_0/inst/inst_svpwm/driver_inst/HB1_mult_reg0__6/P[0]
                         net (fo=2, routed)           0.791    15.881    design_1_i/top_0/inst/inst_svpwm/driver_inst/HB1_mult_reg0__6_n_105
    SLICE_X94Y34         LUT2 (Prop_lut2_I0_O)        0.124    16.005 r  design_1_i/top_0/inst/inst_svpwm/driver_inst/i__carry_i_3__1/O
                         net (fo=1, routed)           0.000    16.005    design_1_i/top_0/inst/inst_svpwm/driver_inst/i__carry_i_3__1_n_0
    SLICE_X94Y34         CARRY4 (Prop_carry4_S[1]_CO[3])
                                                      0.533    16.538 r  design_1_i/top_0/inst/inst_svpwm/driver_inst/HB1_mult_reg0_inferred__0/i__carry/CO[3]
                         net (fo=1, routed)           0.000    16.538    design_1_i/top_0/inst/inst_svpwm/driver_inst/HB1_mult_reg0_inferred__0/i__carry_n_0
    SLICE_X94Y35         CARRY4 (Prop_carry4_CI_CO[3])
                                                      0.117    16.655 r  design_1_i/top_0/inst/inst_svpwm/driver_inst/HB1_mult_reg0_inferred__0/i__carry__0/CO[3]
                         net (fo=1, routed)           0.000    16.655    design_1_i/top_0/inst/inst_svpwm/driver_inst/HB1_mult_reg0_inferred__0/i__carry__0_n_0
    SLICE_X94Y36         CARRY4 (Prop_carry4_CI_CO[3])
                                                      0.117    16.772 r  design_1_i/top_0/inst/inst_svpwm/driver_inst/HB1_mult_reg0_inferred__0/i__carry__1/CO[3]
                         net (fo=1, routed)           0.000    16.772    design_1_i/top_0/inst/inst_svpwm/driver_inst/HB1_mult_reg0_inferred__0/i__carry__1_n_0
    SLICE_X94Y37         CARRY4 (Prop_carry4_CI_CO[3])
                                                      0.117    16.889 r  design_1_i/top_0/inst/inst_svpwm/driver_inst/HB1_mult_reg0_inferred__0/i__carry__2/CO[3]
                         net (fo=1, routed)           0.000    16.889    design_1_i/top_0/inst/inst_svpwm/driver_inst/HB1_mult_reg0_inferred__0/i__carry__2_n_0
    SLICE_X94Y38         CARRY4 (Prop_carry4_CI_CO[3])
                                                      0.117    17.006 r  design_1_i/top_0/inst/inst_svpwm/driver_inst/HB1_mult_reg0_inferred__0/i__carry__3/CO[3]
                         net (fo=1, routed)           0.000    17.006    design_1_i/top_0/inst/inst_svpwm/driver_inst/HB1_mult_reg0_inferred__0/i__carry__3_n_0
    SLICE_X94Y39         CARRY4 (Prop_carry4_CI_CO[3])
                                                      0.117    17.123 r  design_1_i/top_0/inst/inst_svpwm/driver_inst/HB1_mult_reg0_inferred__0/i__carry__4/CO[3]
                         net (fo=1, routed)           0.000    17.123    design_1_i/top_0/inst/inst_svpwm/driver_inst/HB1_mult_reg0_inferred__0/i__carry__4_n_0
    SLICE_X94Y40         CARRY4 (Prop_carry4_CI_CO[3])
                                                      0.117    17.240 r  design_1_i/top_0/inst/inst_svpwm/driver_inst/HB1_mult_reg0_inferred__0/i__carry__5/CO[3]
                         net (fo=1, routed)           0.000    17.240    design_1_i/top_0/inst/inst_svpwm/driver_inst/HB1_mult_reg0_inferred__0/i__carry__5_n_0
    SLICE_X94Y41         CARRY4 (Prop_carry4_CI_CO[3])
                                                      0.117    17.357 r  design_1_i/top_0/inst/inst_svpwm/driver_inst/HB1_mult_reg0_inferred__0/i__carry__6/CO[3]
                         net (fo=1, routed)           0.000    17.357    design_1_i/top_0/inst/inst_svpwm/driver_inst/HB1_mult_reg0_inferred__0/i__carry__6_n_0
    SLICE_X94Y42         CARRY4 (Prop_carry4_CI_CO[3])
                                                      0.117    17.474 r  design_1_i/top_0/inst/inst_svpwm/driver_inst/HB1_mult_reg0_inferred__0/i__carry__7/CO[3]
                         net (fo=1, routed)           0.000    17.474    design_1_i/top_0/inst/inst_svpwm/driver_inst/HB1_mult_reg0_inferred__0/i__carry__7_n_0
    SLICE_X94Y43         CARRY4 (Prop_carry4_CI_CO[3])
                                                      0.117    17.591 r  design_1_i/top_0/inst/inst_svpwm/driver_inst/HB1_mult_reg0_inferred__0/i__carry__8/CO[3]
                         net (fo=1, routed)           0.000    17.591    design_1_i/top_0/inst/inst_svpwm/driver_inst/HB1_mult_reg0_inferred__0/i__carry__8_n_0
    SLICE_X94Y44         CARRY4 (Prop_carry4_CI_CO[3])
                                                      0.117    17.708 r  design_1_i/top_0/inst/inst_svpwm/driver_inst/HB1_mult_reg0_inferred__0/i__carry__9/CO[3]
                         net (fo=1, routed)           0.000    17.708    design_1_i/top_0/inst/inst_svpwm/driver_inst/HB1_mult_reg0_inferred__0/i__carry__9_n_0
    SLICE_X94Y45         CARRY4 (Prop_carry4_CI_O[1])
                                                      0.323    18.031 r  design_1_i/top_0/inst/inst_svpwm/driver_inst/HB1_mult_reg0_inferred__0/i__carry__10/O[1]
                         net (fo=3, routed)           1.970    20.001    design_1_i/top_0/inst/inst_svpwm/driver_inst/HB1/data3[15]
    SLICE_X56Y31         LUT3 (Prop_lut3_I2_O)        0.332    20.333 r  design_1_i/top_0/inst/inst_svpwm/driver_inst/HB1/duty_cycle_latch[15]_i_5__1/O
                         net (fo=2, routed)           0.746    21.080    design_1_i/top_0/inst/inst_svpwm/driver_inst/HB1/sig_delay_reg[0]
    SLICE_X46Y31         LUT5 (Prop_lut5_I2_O)        0.326    21.406 r  design_1_i/top_0/inst/inst_svpwm/driver_inst/HB1/duty_cycle_latch[15]_i_2__1/O
                         net (fo=1, routed)           0.000    21.406    design_1_i/top_0/inst/inst_svpwm/driver_inst/HB1/HB1_mult_reg[61]
    SLICE_X46Y31         FDRE                                         r  design_1_i/top_0/inst/inst_svpwm/driver_inst/HB1/duty_cycle_latch_reg[15]/D
  -------------------------------------------------------------------    -------------------

                         (clock clk_fpga_0 rise edge)
                                                     20.000    20.000 r  
    PS7_X0Y0             PS7                          0.000    20.000 r  design_1_i/processing_system7_0/inst/PS7_i/FCLKCLK[0]
                         net (fo=1, routed)           1.088    21.088    design_1_i/processing_system7_0/inst/FCLK_CLK_unbuffered[0]
    BUFGCTRL_X0Y16       BUFG (Prop_bufg_I_O)         0.091    21.179 r  design_1_i/processing_system7_0/inst/buffer_fclk_clk_0.FCLK_CLK_0_BUFG/O
                         net (fo=4065, routed)        1.484    22.663    design_1_i/top_0/inst/inst_svpwm/driver_inst/HB1/clk
    SLICE_X46Y31         FDRE                                         r  design_1_i/top_0/inst/inst_svpwm/driver_inst/HB1/duty_cycle_latch_reg[15]/C
                         clock pessimism              0.129    22.792    
                         clock uncertainty           -0.302    22.490    
    SLICE_X46Y31         FDRE (Setup_fdre_C_D)        0.077    22.567    design_1_i/top_0/inst/inst_svpwm/driver_inst/HB1/duty_cycle_latch_reg[15]
  -------------------------------------------------------------------
                         required time                         22.567    
                         arrival time                         -21.406    
  -------------------------------------------------------------------
                         slack                                  1.162    

Slack (MET) :             1.242ns  (required time - arrival time)
  Source:                 design_1_i/top_0/inst/inst_svpwm/time_processor_inst/t2_int_reg[12]/C
                            (rising edge-triggered cell FDRE clocked by clk_fpga_0  {rise@0.000ns fall@10.000ns period=20.000ns})
  Destination:            design_1_i/top_0/inst/inst_svpwm/driver_inst/HB1/duty_cycle_latch_reg[4]/D
                            (rising edge-triggered cell FDRE clocked by clk_fpga_0  {rise@0.000ns fall@10.000ns period=20.000ns})
  Path Group:             clk_fpga_0
  Path Type:              Setup (Max at Slow Process Corner)
  Requirement:            20.000ns  (clk_fpga_0 rise@20.000ns - clk_fpga_0 rise@0.000ns)
  Data Path Delay:        18.421ns  (logic 11.143ns (60.492%)  route 7.278ns (39.508%))
  Logic Levels:           24  (CARRY4=16 DSP48E1=2 LUT2=1 LUT3=1 LUT4=2 LUT5=2)
  Clock Path Skew:        -0.066ns (DCD - SCD + CPR)
    Destination Clock Delay (DCD):    2.724ns = ( 22.725 - 20.000 ) 
    Source Clock Delay      (SCD):    3.020ns
    Clock Pessimism Removal (CPR):    0.230ns
  Clock Uncertainty:      0.302ns  ((TSJ^2 + TIJ^2)^1/2 + DJ) / 2 + PE
    Total System Jitter     (TSJ):    0.071ns
    Total Input Jitter      (TIJ):    0.600ns
    Discrete Jitter          (DJ):    0.000ns
    Phase Error              (PE):    0.000ns

    Location             Delay type                Incr(ns)  Path(ns)    Netlist Resource(s)
  -------------------------------------------------------------------    -------------------
                         (clock clk_fpga_0 rise edge)
                                                      0.000     0.000 r  
    PS7_X0Y0             PS7                          0.000     0.000 r  design_1_i/processing_system7_0/inst/PS7_i/FCLKCLK[0]
                         net (fo=1, routed)           1.193     1.193    design_1_i/processing_system7_0/inst/FCLK_CLK_unbuffered[0]
    BUFGCTRL_X0Y16       BUFG (Prop_bufg_I_O)         0.101     1.294 r  design_1_i/processing_system7_0/inst/buffer_fclk_clk_0.FCLK_CLK_0_BUFG/O
                         net (fo=4065, routed)        1.726     3.020    design_1_i/top_0/inst/inst_svpwm/time_processor_inst/clk
    SLICE_X84Y20         FDRE                                         r  design_1_i/top_0/inst/inst_svpwm/time_processor_inst/t2_int_reg[12]/C
  -------------------------------------------------------------------    -------------------
    SLICE_X84Y20         FDRE (Prop_fdre_C_Q)         0.456     3.476 r  design_1_i/top_0/inst/inst_svpwm/time_processor_inst/t2_int_reg[12]/Q
                         net (fo=4, routed)           1.016     4.492    design_1_i/top_0/inst/inst_svpwm/time_processor_inst/t2_int_reg_n_0_[12]
    SLICE_X79Y19         LUT4 (Prop_lut4_I0_O)        0.124     4.616 r  design_1_i/top_0/inst/inst_svpwm/time_processor_inst/HB1_mult_reg0__9_i_80/O
                         net (fo=1, routed)           0.000     4.616    design_1_i/top_0/inst/inst_svpwm/time_processor_inst/HB1_mult_reg0__9_i_80_n_0
    SLICE_X79Y19         CARRY4 (Prop_carry4_S[1]_CO[3])
                                                      0.550     5.166 r  design_1_i/top_0/inst/inst_svpwm/time_processor_inst/HB1_mult_reg0__9_i_65/CO[3]
                         net (fo=1, routed)           0.000     5.166    design_1_i/top_0/inst/inst_svpwm/time_processor_inst/HB1_mult_reg0__9_i_65_n_0
    SLICE_X79Y20         CARRY4 (Prop_carry4_CI_CO[3])
                                                      0.114     5.280 r  design_1_i/top_0/inst/inst_svpwm/time_processor_inst/HB1_mult_reg0__9_i_56/CO[3]
                         net (fo=1, routed)           0.000     5.280    design_1_i/top_0/inst/inst_svpwm/time_processor_inst/HB1_mult_reg0__9_i_56_n_0
    SLICE_X79Y21         CARRY4 (Prop_carry4_CI_CO[3])
                                                      0.114     5.394 r  design_1_i/top_0/inst/inst_svpwm/time_processor_inst/HB1_mult_reg0__9_i_47/CO[3]
                         net (fo=1, routed)           0.000     5.394    design_1_i/top_0/inst/inst_svpwm/time_processor_inst/HB1_mult_reg0__9_i_47_n_0
    SLICE_X79Y22         CARRY4 (Prop_carry4_CI_CO[3])
                                                      0.114     5.508 r  design_1_i/top_0/inst/inst_svpwm/time_processor_inst/HB1_mult_reg0__9_i_38/CO[3]
                         net (fo=1, routed)           0.000     5.508    design_1_i/top_0/inst/inst_svpwm/time_processor_inst/HB1_mult_reg0__9_i_38_n_0
    SLICE_X79Y23         CARRY4 (Prop_carry4_CI_CO[3])
                                                      0.114     5.622 r  design_1_i/top_0/inst/inst_svpwm/time_processor_inst/HB1_mult_reg0__9_i_29/CO[3]
                         net (fo=1, routed)           0.000     5.622    design_1_i/top_0/inst/inst_svpwm/time_processor_inst/HB1_mult_reg0__9_i_29_n_0
    SLICE_X79Y24         CARRY4 (Prop_carry4_CI_CO[3])
                                                      0.114     5.736 r  design_1_i/top_0/inst/inst_svpwm/time_processor_inst/HB1_mult_reg0__9_i_4/CO[3]
                         net (fo=1, routed)           0.009     5.745    design_1_i/top_0/inst/inst_svpwm/time_processor_inst/HB1_mult_reg0__9_i_4_n_0
    SLICE_X79Y25         CARRY4 (Prop_carry4_CI_CO[3])
                                                      0.114     5.859 r  design_1_i/top_0/inst/inst_svpwm/time_processor_inst/HB1_mult_reg0__9_i_3/CO[3]
                         net (fo=1, routed)           0.000     5.859    design_1_i/top_0/inst/inst_svpwm/time_processor_inst/HB1_mult_reg0__9_i_3_n_0
    SLICE_X79Y26         CARRY4 (Prop_carry4_CI_O[1])
                                                      0.334     6.193 r  design_1_i/top_0/inst/inst_svpwm/time_processor_inst/HB1_mult_reg0__9_i_2/O[1]
                         net (fo=6, routed)           0.835     7.028    design_1_i/top_0/inst/inst_svpwm/time_processor_inst/t0[8]
    SLICE_X78Y25         LUT3 (Prop_lut3_I1_O)        0.331     7.359 r  design_1_i/top_0/inst/inst_svpwm/time_processor_inst/HB1_mult_reg1__1_carry__1_i_3/O
                         net (fo=2, routed)           0.484     7.842    design_1_i/top_0/inst/inst_svpwm/time_processor_inst/t2_int_reg[42]_0[1]
    SLICE_X78Y25         LUT4 (Prop_lut4_I3_O)        0.326     8.168 r  design_1_i/top_0/inst/inst_svpwm/time_processor_inst/HB1_mult_reg1__1_carry__1_i_7/O
                         net (fo=1, routed)           0.000     8.168    design_1_i/top_0/inst/inst_svpwm/driver_inst/HB1_mult_reg0__1_3[1]
    SLICE_X78Y25         CARRY4 (Prop_carry4_S[1]_CO[3])
                                                      0.550     8.718 r  design_1_i/top_0/inst/inst_svpwm/driver_inst/HB1_mult_reg1__1_carry__1/CO[3]
                         net (fo=1, routed)           0.000     8.718    design_1_i/top_0/inst/inst_svpwm/driver_inst/HB1_mult_reg1__1_carry__1_n_0
    SLICE_X78Y26         CARRY4 (Prop_carry4_CI_O[1])
                                                      0.334     9.052 r  design_1_i/top_0/inst/inst_svpwm/driver_inst/HB1_mult_reg1__1_carry__2/O[1]
                         net (fo=1, routed)           1.673    10.725    design_1_i/top_0/inst/inst_svpwm/driver_inst/HB1_mult_reg1[13]
    DSP48_X2Y8           DSP48E1 (Prop_dsp48e1_A[13]_PCOUT[47])
                                                      4.215    14.940 r  design_1_i/top_0/inst/inst_svpwm/driver_inst/HB1_mult_reg0__1/PCOUT[47]
                         net (fo=1, routed)           0.002    14.942    design_1_i/top_0/inst/inst_svpwm/driver_inst/HB1_mult_reg0__1_n_106
    DSP48_X2Y9           DSP48E1 (Prop_dsp48e1_PCIN[47]_P[1])
                                                      1.518    16.460 r  design_1_i/top_0/inst/inst_svpwm/driver_inst/HB1_mult_reg0__2/P[1]
                         net (fo=2, routed)           0.766    17.227    design_1_i/top_0/inst/inst_svpwm/driver_inst/p_1_in[18]
    SLICE_X35Y20         LUT2 (Prop_lut2_I0_O)        0.124    17.351 r  design_1_i/top_0/inst/inst_svpwm/driver_inst/HB1_mult_reg0_carry_i_2/O
                         net (fo=1, routed)           0.000    17.351    design_1_i/top_0/inst/inst_svpwm/driver_inst/HB1_mult_reg0_carry_i_2_n_0
    SLICE_X35Y20         CARRY4 (Prop_carry4_S[2]_CO[3])
                                                      0.398    17.749 r  design_1_i/top_0/inst/inst_svpwm/driver_inst/HB1_mult_reg0_carry/CO[3]
                         net (fo=1, routed)           0.000    17.749    design_1_i/top_0/inst/inst_svpwm/driver_inst/HB1_mult_reg0_carry_n_0
    SLICE_X35Y21         CARRY4 (Prop_carry4_CI_CO[3])
                                                      0.114    17.863 r  design_1_i/top_0/inst/inst_svpwm/driver_inst/HB1_mult_reg0_carry__0/CO[3]
                         net (fo=1, routed)           0.000    17.863    design_1_i/top_0/inst/inst_svpwm/driver_inst/HB1_mult_reg0_carry__0_n_0
    SLICE_X35Y22         CARRY4 (Prop_carry4_CI_CO[3])
                                                      0.114    17.977 r  design_1_i/top_0/inst/inst_svpwm/driver_inst/HB1_mult_reg0_carry__1/CO[3]
                         net (fo=1, routed)           0.000    17.977    design_1_i/top_0/inst/inst_svpwm/driver_inst/HB1_mult_reg0_carry__1_n_0
    SLICE_X35Y23         CARRY4 (Prop_carry4_CI_CO[3])
                                                      0.114    18.091 r  design_1_i/top_0/inst/inst_svpwm/driver_inst/HB1_mult_reg0_carry__2/CO[3]
                         net (fo=1, routed)           0.000    18.091    design_1_i/top_0/inst/inst_svpwm/driver_inst/HB1_mult_reg0_carry__2_n_0
    SLICE_X35Y24         CARRY4 (Prop_carry4_CI_CO[3])
                                                      0.114    18.205 r  design_1_i/top_0/inst/inst_svpwm/driver_inst/HB1_mult_reg0_carry__3/CO[3]
                         net (fo=1, routed)           0.009    18.214    design_1_i/top_0/inst/inst_svpwm/driver_inst/HB1_mult_reg0_carry__3_n_0
    SLICE_X35Y25         CARRY4 (Prop_carry4_CI_O[3])
                                                      0.313    18.527 r  design_1_i/top_0/inst/inst_svpwm/driver_inst/HB1_mult_reg0_carry__4/O[3]
                         net (fo=3, routed)           1.810    20.337    design_1_i/top_0/inst/inst_svpwm/driver_inst/HB1/data2[4]
    SLICE_X80Y30         LUT5 (Prop_lut5_I0_O)        0.306    20.643 r  design_1_i/top_0/inst/inst_svpwm/driver_inst/HB1/duty_cycle_latch[4]_i_2/O
                         net (fo=2, routed)           0.674    21.317    design_1_i/top_0/inst/inst_svpwm/driver_inst/HB1/sig_delay_reg[1]_10
    SLICE_X74Y27         LUT5 (Prop_lut5_I0_O)        0.124    21.441 r  design_1_i/top_0/inst/inst_svpwm/driver_inst/HB1/duty_cycle_latch[4]_i_1__1/O
                         net (fo=1, routed)           0.000    21.441    design_1_i/top_0/inst/inst_svpwm/driver_inst/HB1/HB1_mult_reg[39]
    SLICE_X74Y27         FDRE                                         r  design_1_i/top_0/inst/inst_svpwm/driver_inst/HB1/duty_cycle_latch_reg[4]/D
  -------------------------------------------------------------------    -------------------

                         (clock clk_fpga_0 rise edge)
                                                     20.000    20.000 r  
    PS7_X0Y0             PS7                          0.000    20.000 r  design_1_i/processing_system7_0/inst/PS7_i/FCLKCLK[0]
                         net (fo=1, routed)           1.088    21.088    design_1_i/processing_system7_0/inst/FCLK_CLK_unbuffered[0]
    BUFGCTRL_X0Y16       BUFG (Prop_bufg_I_O)         0.091    21.179 r  design_1_i/processing_system7_0/inst/buffer_fclk_clk_0.FCLK_CLK_0_BUFG/O
                         net (fo=4065, routed)        1.545    22.725    design_1_i/top_0/inst/inst_svpwm/driver_inst/HB1/clk
    SLICE_X74Y27         FDRE                                         r  design_1_i/top_0/inst/inst_svpwm/driver_inst/HB1/duty_cycle_latch_reg[4]/C
                         clock pessimism              0.230    22.954    
                         clock uncertainty           -0.302    22.652    
    SLICE_X74Y27         FDRE (Setup_fdre_C_D)        0.031    22.683    design_1_i/top_0/inst/inst_svpwm/driver_inst/HB1/duty_cycle_latch_reg[4]
  -------------------------------------------------------------------
                         required time                         22.683    
                         arrival time                         -21.441    
  -------------------------------------------------------------------
                         slack                                  1.242    

Slack (MET) :             1.284ns  (required time - arrival time)
  Source:                 design_1_i/top_0/inst/inst_svpwm/time_processor_inst/t2_int_reg[12]/C
                            (rising edge-triggered cell FDRE clocked by clk_fpga_0  {rise@0.000ns fall@10.000ns period=20.000ns})
  Destination:            design_1_i/top_0/inst/inst_svpwm/driver_inst/HB1/duty_cycle_latch_reg[12]/D
                            (rising edge-triggered cell FDRE clocked by clk_fpga_0  {rise@0.000ns fall@10.000ns period=20.000ns})
  Path Group:             clk_fpga_0
  Path Type:              Setup (Max at Slow Process Corner)
  Requirement:            20.000ns  (clk_fpga_0 rise@20.000ns - clk_fpga_0 rise@0.000ns)
  Data Path Delay:        18.379ns  (logic 11.371ns (61.869%)  route 7.008ns (38.132%))
  Logic Levels:           26  (CARRY4=18 DSP48E1=2 LUT2=1 LUT3=1 LUT4=2 LUT5=2)
  Clock Path Skew:        -0.064ns (DCD - SCD + CPR)
    Destination Clock Delay (DCD):    2.726ns = ( 22.726 - 20.000 ) 
    Source Clock Delay      (SCD):    3.020ns
    Clock Pessimism Removal (CPR):    0.230ns
  Clock Uncertainty:      0.302ns  ((TSJ^2 + TIJ^2)^1/2 + DJ) / 2 + PE
    Total System Jitter     (TSJ):    0.071ns
    Total Input Jitter      (TIJ):    0.600ns
    Discrete Jitter          (DJ):    0.000ns
    Phase Error              (PE):    0.000ns

    Location             Delay type                Incr(ns)  Path(ns)    Netlist Resource(s)
  -------------------------------------------------------------------    -------------------
                         (clock clk_fpga_0 rise edge)
                                                      0.000     0.000 r  
    PS7_X0Y0             PS7                          0.000     0.000 r  design_1_i/processing_system7_0/inst/PS7_i/FCLKCLK[0]
                         net (fo=1, routed)           1.193     1.193    design_1_i/processing_system7_0/inst/FCLK_CLK_unbuffered[0]
    BUFGCTRL_X0Y16       BUFG (Prop_bufg_I_O)         0.101     1.294 r  design_1_i/processing_system7_0/inst/buffer_fclk_clk_0.FCLK_CLK_0_BUFG/O
                         net (fo=4065, routed)        1.726     3.020    design_1_i/top_0/inst/inst_svpwm/time_processor_inst/clk
    SLICE_X84Y20         FDRE                                         r  design_1_i/top_0/inst/inst_svpwm/time_processor_inst/t2_int_reg[12]/C
  -------------------------------------------------------------------    -------------------
    SLICE_X84Y20         FDRE (Prop_fdre_C_Q)         0.456     3.476 r  design_1_i/top_0/inst/inst_svpwm/time_processor_inst/t2_int_reg[12]/Q
                         net (fo=4, routed)           1.016     4.492    design_1_i/top_0/inst/inst_svpwm/time_processor_inst/t2_int_reg_n_0_[12]
    SLICE_X79Y19         LUT4 (Prop_lut4_I0_O)        0.124     4.616 r  design_1_i/top_0/inst/inst_svpwm/time_processor_inst/HB1_mult_reg0__9_i_80/O
                         net (fo=1, routed)           0.000     4.616    design_1_i/top_0/inst/inst_svpwm/time_processor_inst/HB1_mult_reg0__9_i_80_n_0
    SLICE_X79Y19         CARRY4 (Prop_carry4_S[1]_CO[3])
                                                      0.550     5.166 r  design_1_i/top_0/inst/inst_svpwm/time_processor_inst/HB1_mult_reg0__9_i_65/CO[3]
                         net (fo=1, routed)           0.000     5.166    design_1_i/top_0/inst/inst_svpwm/time_processor_inst/HB1_mult_reg0__9_i_65_n_0
    SLICE_X79Y20         CARRY4 (Prop_carry4_CI_CO[3])
                                                      0.114     5.280 r  design_1_i/top_0/inst/inst_svpwm/time_processor_inst/HB1_mult_reg0__9_i_56/CO[3]
                         net (fo=1, routed)           0.000     5.280    design_1_i/top_0/inst/inst_svpwm/time_processor_inst/HB1_mult_reg0__9_i_56_n_0
    SLICE_X79Y21         CARRY4 (Prop_carry4_CI_CO[3])
                                                      0.114     5.394 r  design_1_i/top_0/inst/inst_svpwm/time_processor_inst/HB1_mult_reg0__9_i_47/CO[3]
                         net (fo=1, routed)           0.000     5.394    design_1_i/top_0/inst/inst_svpwm/time_processor_inst/HB1_mult_reg0__9_i_47_n_0
    SLICE_X79Y22         CARRY4 (Prop_carry4_CI_CO[3])
                                                      0.114     5.508 r  design_1_i/top_0/inst/inst_svpwm/time_processor_inst/HB1_mult_reg0__9_i_38/CO[3]
                         net (fo=1, routed)           0.000     5.508    design_1_i/top_0/inst/inst_svpwm/time_processor_inst/HB1_mult_reg0__9_i_38_n_0
    SLICE_X79Y23         CARRY4 (Prop_carry4_CI_CO[3])
                                                      0.114     5.622 r  design_1_i/top_0/inst/inst_svpwm/time_processor_inst/HB1_mult_reg0__9_i_29/CO[3]
                         net (fo=1, routed)           0.000     5.622    design_1_i/top_0/inst/inst_svpwm/time_processor_inst/HB1_mult_reg0__9_i_29_n_0
    SLICE_X79Y24         CARRY4 (Prop_carry4_CI_CO[3])
                                                      0.114     5.736 r  design_1_i/top_0/inst/inst_svpwm/time_processor_inst/HB1_mult_reg0__9_i_4/CO[3]
                         net (fo=1, routed)           0.009     5.745    design_1_i/top_0/inst/inst_svpwm/time_processor_inst/HB1_mult_reg0__9_i_4_n_0
    SLICE_X79Y25         CARRY4 (Prop_carry4_CI_CO[3])
                                                      0.114     5.859 r  design_1_i/top_0/inst/inst_svpwm/time_processor_inst/HB1_mult_reg0__9_i_3/CO[3]
                         net (fo=1, routed)           0.000     5.859    design_1_i/top_0/inst/inst_svpwm/time_processor_inst/HB1_mult_reg0__9_i_3_n_0
    SLICE_X79Y26         CARRY4 (Prop_carry4_CI_O[1])
                                                      0.334     6.193 r  design_1_i/top_0/inst/inst_svpwm/time_processor_inst/HB1_mult_reg0__9_i_2/O[1]
                         net (fo=6, routed)           0.835     7.028    design_1_i/top_0/inst/inst_svpwm/time_processor_inst/t0[8]
    SLICE_X78Y25         LUT3 (Prop_lut3_I1_O)        0.331     7.359 r  design_1_i/top_0/inst/inst_svpwm/time_processor_inst/HB1_mult_reg1__1_carry__1_i_3/O
                         net (fo=2, routed)           0.484     7.842    design_1_i/top_0/inst/inst_svpwm/time_processor_inst/t2_int_reg[42]_0[1]
    SLICE_X78Y25         LUT4 (Prop_lut4_I3_O)        0.326     8.168 r  design_1_i/top_0/inst/inst_svpwm/time_processor_inst/HB1_mult_reg1__1_carry__1_i_7/O
                         net (fo=1, routed)           0.000     8.168    design_1_i/top_0/inst/inst_svpwm/driver_inst/HB1_mult_reg0__1_3[1]
    SLICE_X78Y25         CARRY4 (Prop_carry4_S[1]_CO[3])
                                                      0.550     8.718 r  design_1_i/top_0/inst/inst_svpwm/driver_inst/HB1_mult_reg1__1_carry__1/CO[3]
                         net (fo=1, routed)           0.000     8.718    design_1_i/top_0/inst/inst_svpwm/driver_inst/HB1_mult_reg1__1_carry__1_n_0
    SLICE_X78Y26         CARRY4 (Prop_carry4_CI_O[1])
                                                      0.334     9.052 r  design_1_i/top_0/inst/inst_svpwm/driver_inst/HB1_mult_reg1__1_carry__2/O[1]
                         net (fo=1, routed)           1.673    10.725    design_1_i/top_0/inst/inst_svpwm/driver_inst/HB1_mult_reg1[13]
    DSP48_X2Y8           DSP48E1 (Prop_dsp48e1_A[13]_PCOUT[47])
                                                      4.215    14.940 r  design_1_i/top_0/inst/inst_svpwm/driver_inst/HB1_mult_reg0__1/PCOUT[47]
                         net (fo=1, routed)           0.002    14.942    design_1_i/top_0/inst/inst_svpwm/driver_inst/HB1_mult_reg0__1_n_106
    DSP48_X2Y9           DSP48E1 (Prop_dsp48e1_PCIN[47]_P[1])
                                                      1.518    16.460 r  design_1_i/top_0/inst/inst_svpwm/driver_inst/HB1_mult_reg0__2/P[1]
                         net (fo=2, routed)           0.766    17.227    design_1_i/top_0/inst/inst_svpwm/driver_inst/p_1_in[18]
    SLICE_X35Y20         LUT2 (Prop_lut2_I0_O)        0.124    17.351 r  design_1_i/top_0/inst/inst_svpwm/driver_inst/HB1_mult_reg0_carry_i_2/O
                         net (fo=1, routed)           0.000    17.351    design_1_i/top_0/inst/inst_svpwm/driver_inst/HB1_mult_reg0_carry_i_2_n_0
    SLICE_X35Y20         CARRY4 (Prop_carry4_S[2]_CO[3])
                                                      0.398    17.749 r  design_1_i/top_0/inst/inst_svpwm/driver_inst/HB1_mult_reg0_carry/CO[3]
                         net (fo=1, routed)           0.000    17.749    design_1_i/top_0/inst/inst_svpwm/driver_inst/HB1_mult_reg0_carry_n_0
    SLICE_X35Y21         CARRY4 (Prop_carry4_CI_CO[3])
                                                      0.114    17.863 r  design_1_i/top_0/inst/inst_svpwm/driver_inst/HB1_mult_reg0_carry__0/CO[3]
                         net (fo=1, routed)           0.000    17.863    design_1_i/top_0/inst/inst_svpwm/driver_inst/HB1_mult_reg0_carry__0_n_0
    SLICE_X35Y22         CARRY4 (Prop_carry4_CI_CO[3])
                                                      0.114    17.977 r  design_1_i/top_0/inst/inst_svpwm/driver_inst/HB1_mult_reg0_carry__1/CO[3]
                         net (fo=1, routed)           0.000    17.977    design_1_i/top_0/inst/inst_svpwm/driver_inst/HB1_mult_reg0_carry__1_n_0
    SLICE_X35Y23         CARRY4 (Prop_carry4_CI_CO[3])
                                                      0.114    18.091 r  design_1_i/top_0/inst/inst_svpwm/driver_inst/HB1_mult_reg0_carry__2/CO[3]
                         net (fo=1, routed)           0.000    18.091    design_1_i/top_0/inst/inst_svpwm/driver_inst/HB1_mult_reg0_carry__2_n_0
    SLICE_X35Y24         CARRY4 (Prop_carry4_CI_CO[3])
                                                      0.114    18.205 r  design_1_i/top_0/inst/inst_svpwm/driver_inst/HB1_mult_reg0_carry__3/CO[3]
                         net (fo=1, routed)           0.009    18.214    design_1_i/top_0/inst/inst_svpwm/driver_inst/HB1_mult_reg0_carry__3_n_0
    SLICE_X35Y25         CARRY4 (Prop_carry4_CI_CO[3])
                                                      0.114    18.328 r  design_1_i/top_0/inst/inst_svpwm/driver_inst/HB1_mult_reg0_carry__4/CO[3]
                         net (fo=1, routed)           0.000    18.328    design_1_i/top_0/inst/inst_svpwm/driver_inst/HB1_mult_reg0_carry__4_n_0
    SLICE_X35Y26         CARRY4 (Prop_carry4_CI_CO[3])
                                                      0.114    18.442 r  design_1_i/top_0/inst/inst_svpwm/driver_inst/HB1_mult_reg0_carry__5/CO[3]
                         net (fo=1, routed)           0.000    18.442    design_1_i/top_0/inst/inst_svpwm/driver_inst/HB1_mult_reg0_carry__5_n_0
    SLICE_X35Y27         CARRY4 (Prop_carry4_CI_O[3])
                                                      0.313    18.755 r  design_1_i/top_0/inst/inst_svpwm/driver_inst/HB1_mult_reg0_carry__6/O[3]
                         net (fo=3, routed)           1.451    20.206    design_1_i/top_0/inst/inst_svpwm/driver_inst/HB1/data2[12]
    SLICE_X71Y32         LUT5 (Prop_lut5_I0_O)        0.306    20.512 r  design_1_i/top_0/inst/inst_svpwm/driver_inst/HB1/duty_cycle_latch[12]_i_2/O
                         net (fo=2, routed)           0.763    21.275    design_1_i/top_0/inst/inst_svpwm/driver_inst/HB1/sig_delay_reg[1]_2
    SLICE_X65Y31         LUT5 (Prop_lut5_I0_O)        0.124    21.399 r  design_1_i/top_0/inst/inst_svpwm/driver_inst/HB1/duty_cycle_latch[12]_i_1__1/O
                         net (fo=1, routed)           0.000    21.399    design_1_i/top_0/inst/inst_svpwm/driver_inst/HB1/HB1_mult_reg[47]
    SLICE_X65Y31         FDRE                                         r  design_1_i/top_0/inst/inst_svpwm/driver_inst/HB1/duty_cycle_latch_reg[12]/D
  -------------------------------------------------------------------    -------------------

                         (clock clk_fpga_0 rise edge)
                                                     20.000    20.000 r  
    PS7_X0Y0             PS7                          0.000    20.000 r  design_1_i/processing_system7_0/inst/PS7_i/FCLKCLK[0]
                         net (fo=1, routed)           1.088    21.088    design_1_i/processing_system7_0/inst/FCLK_CLK_unbuffered[0]
    BUFGCTRL_X0Y16       BUFG (Prop_bufg_I_O)         0.091    21.179 r  design_1_i/processing_system7_0/inst/buffer_fclk_clk_0.FCLK_CLK_0_BUFG/O
                         net (fo=4065, routed)        1.547    22.726    design_1_i/top_0/inst/inst_svpwm/driver_inst/HB1/clk
    SLICE_X65Y31         FDRE                                         r  design_1_i/top_0/inst/inst_svpwm/driver_inst/HB1/duty_cycle_latch_reg[12]/C
                         clock pessimism              0.230    22.956    
                         clock uncertainty           -0.302    22.654    
    SLICE_X65Y31         FDRE (Setup_fdre_C_D)        0.029    22.683    design_1_i/top_0/inst/inst_svpwm/driver_inst/HB1/duty_cycle_latch_reg[12]
  -------------------------------------------------------------------
                         required time                         22.683    
                         arrival time                         -21.399    
  -------------------------------------------------------------------
                         slack                                  1.284    

Slack (MET) :             1.317ns  (required time - arrival time)
  Source:                 design_1_i/top_0/inst/inst_svpwm/time_processor_inst/t2_int_reg[12]/C
                            (rising edge-triggered cell FDRE clocked by clk_fpga_0  {rise@0.000ns fall@10.000ns period=20.000ns})
  Destination:            design_1_i/top_0/inst/inst_svpwm/driver_inst/HB2/duty_cycle_latch_reg[15]/D
                            (rising edge-triggered cell FDRE clocked by clk_fpga_0  {rise@0.000ns fall@10.000ns period=20.000ns})
  Path Group:             clk_fpga_0
  Path Type:              Setup (Max at Slow Process Corner)
  Requirement:            20.000ns  (clk_fpga_0 rise@20.000ns - clk_fpga_0 rise@0.000ns)
  Data Path Delay:        18.349ns  (logic 11.845ns (64.555%)  route 6.504ns (35.445%))
  Logic Levels:           30  (CARRY4=22 DSP48E1=2 LUT2=1 LUT3=1 LUT4=2 LUT5=1 LUT6=1)
  Clock Path Skew:        -0.063ns (DCD - SCD + CPR)
    Destination Clock Delay (DCD):    2.727ns = ( 22.727 - 20.000 ) 
    Source Clock Delay      (SCD):    3.020ns
    Clock Pessimism Removal (CPR):    0.230ns
  Clock Uncertainty:      0.302ns  ((TSJ^2 + TIJ^2)^1/2 + DJ) / 2 + PE
    Total System Jitter     (TSJ):    0.071ns
    Total Input Jitter      (TIJ):    0.600ns
    Discrete Jitter          (DJ):    0.000ns
    Phase Error              (PE):    0.000ns

    Location             Delay type                Incr(ns)  Path(ns)    Netlist Resource(s)
  -------------------------------------------------------------------    -------------------
                         (clock clk_fpga_0 rise edge)
                                                      0.000     0.000 r  
    PS7_X0Y0             PS7                          0.000     0.000 r  design_1_i/processing_system7_0/inst/PS7_i/FCLKCLK[0]
                         net (fo=1, routed)           1.193     1.193    design_1_i/processing_system7_0/inst/FCLK_CLK_unbuffered[0]
    BUFGCTRL_X0Y16       BUFG (Prop_bufg_I_O)         0.101     1.294 r  design_1_i/processing_system7_0/inst/buffer_fclk_clk_0.FCLK_CLK_0_BUFG/O
                         net (fo=4065, routed)        1.726     3.020    design_1_i/top_0/inst/inst_svpwm/time_processor_inst/clk
    SLICE_X84Y20         FDRE                                         r  design_1_i/top_0/inst/inst_svpwm/time_processor_inst/t2_int_reg[12]/C
  -------------------------------------------------------------------    -------------------
    SLICE_X84Y20         FDRE (Prop_fdre_C_Q)         0.456     3.476 r  design_1_i/top_0/inst/inst_svpwm/time_processor_inst/t2_int_reg[12]/Q
                         net (fo=4, routed)           1.016     4.492    design_1_i/top_0/inst/inst_svpwm/time_processor_inst/t2_int_reg_n_0_[12]
    SLICE_X79Y19         LUT4 (Prop_lut4_I0_O)        0.124     4.616 r  design_1_i/top_0/inst/inst_svpwm/time_processor_inst/HB1_mult_reg0__9_i_80/O
                         net (fo=1, routed)           0.000     4.616    design_1_i/top_0/inst/inst_svpwm/time_processor_inst/HB1_mult_reg0__9_i_80_n_0
    SLICE_X79Y19         CARRY4 (Prop_carry4_S[1]_CO[3])
                                                      0.550     5.166 r  design_1_i/top_0/inst/inst_svpwm/time_processor_inst/HB1_mult_reg0__9_i_65/CO[3]
                         net (fo=1, routed)           0.000     5.166    design_1_i/top_0/inst/inst_svpwm/time_processor_inst/HB1_mult_reg0__9_i_65_n_0
    SLICE_X79Y20         CARRY4 (Prop_carry4_CI_CO[3])
                                                      0.114     5.280 r  design_1_i/top_0/inst/inst_svpwm/time_processor_inst/HB1_mult_reg0__9_i_56/CO[3]
                         net (fo=1, routed)           0.000     5.280    design_1_i/top_0/inst/inst_svpwm/time_processor_inst/HB1_mult_reg0__9_i_56_n_0
    SLICE_X79Y21         CARRY4 (Prop_carry4_CI_CO[3])
                                                      0.114     5.394 r  design_1_i/top_0/inst/inst_svpwm/time_processor_inst/HB1_mult_reg0__9_i_47/CO[3]
                         net (fo=1, routed)           0.000     5.394    design_1_i/top_0/inst/inst_svpwm/time_processor_inst/HB1_mult_reg0__9_i_47_n_0
    SLICE_X79Y22         CARRY4 (Prop_carry4_CI_CO[3])
                                                      0.114     5.508 r  design_1_i/top_0/inst/inst_svpwm/time_processor_inst/HB1_mult_reg0__9_i_38/CO[3]
                         net (fo=1, routed)           0.000     5.508    design_1_i/top_0/inst/inst_svpwm/time_processor_inst/HB1_mult_reg0__9_i_38_n_0
    SLICE_X79Y23         CARRY4 (Prop_carry4_CI_CO[3])
                                                      0.114     5.622 r  design_1_i/top_0/inst/inst_svpwm/time_processor_inst/HB1_mult_reg0__9_i_29/CO[3]
                         net (fo=1, routed)           0.000     5.622    design_1_i/top_0/inst/inst_svpwm/time_processor_inst/HB1_mult_reg0__9_i_29_n_0
    SLICE_X79Y24         CARRY4 (Prop_carry4_CI_CO[3])
                                                      0.114     5.736 r  design_1_i/top_0/inst/inst_svpwm/time_processor_inst/HB1_mult_reg0__9_i_4/CO[3]
                         net (fo=1, routed)           0.009     5.745    design_1_i/top_0/inst/inst_svpwm/time_processor_inst/HB1_mult_reg0__9_i_4_n_0
    SLICE_X79Y25         CARRY4 (Prop_carry4_CI_CO[3])
                                                      0.114     5.859 r  design_1_i/top_0/inst/inst_svpwm/time_processor_inst/HB1_mult_reg0__9_i_3/CO[3]
                         net (fo=1, routed)           0.000     5.859    design_1_i/top_0/inst/inst_svpwm/time_processor_inst/HB1_mult_reg0__9_i_3_n_0
    SLICE_X79Y26         CARRY4 (Prop_carry4_CI_O[1])
                                                      0.334     6.193 r  design_1_i/top_0/inst/inst_svpwm/time_processor_inst/HB1_mult_reg0__9_i_2/O[1]
                         net (fo=6, routed)           0.835     7.028    design_1_i/top_0/inst/inst_svpwm/time_processor_inst/t0[8]
    SLICE_X78Y25         LUT3 (Prop_lut3_I1_O)        0.331     7.359 r  design_1_i/top_0/inst/inst_svpwm/time_processor_inst/HB1_mult_reg1__1_carry__1_i_3/O
                         net (fo=2, routed)           0.484     7.842    design_1_i/top_0/inst/inst_svpwm/time_processor_inst/t2_int_reg[42]_0[1]
    SLICE_X78Y25         LUT4 (Prop_lut4_I3_O)        0.326     8.168 r  design_1_i/top_0/inst/inst_svpwm/time_processor_inst/HB1_mult_reg1__1_carry__1_i_7/O
                         net (fo=1, routed)           0.000     8.168    design_1_i/top_0/inst/inst_svpwm/driver_inst/HB1_mult_reg0__1_3[1]
    SLICE_X78Y25         CARRY4 (Prop_carry4_S[1]_CO[3])
                                                      0.550     8.718 r  design_1_i/top_0/inst/inst_svpwm/driver_inst/HB1_mult_reg1__1_carry__1/CO[3]
                         net (fo=1, routed)           0.000     8.718    design_1_i/top_0/inst/inst_svpwm/driver_inst/HB1_mult_reg1__1_carry__1_n_0
    SLICE_X78Y26         CARRY4 (Prop_carry4_CI_O[1])
                                                      0.334     9.052 r  design_1_i/top_0/inst/inst_svpwm/driver_inst/HB1_mult_reg1__1_carry__2/O[1]
                         net (fo=1, routed)           1.673    10.725    design_1_i/top_0/inst/inst_svpwm/driver_inst/HB1_mult_reg1[13]
    DSP48_X2Y8           DSP48E1 (Prop_dsp48e1_A[13]_PCOUT[47])
                                                      4.215    14.940 r  design_1_i/top_0/inst/inst_svpwm/driver_inst/HB1_mult_reg0__1/PCOUT[47]
                         net (fo=1, routed)           0.002    14.942    design_1_i/top_0/inst/inst_svpwm/driver_inst/HB1_mult_reg0__1_n_106
    DSP48_X2Y9           DSP48E1 (Prop_dsp48e1_PCIN[47]_P[1])
                                                      1.518    16.460 r  design_1_i/top_0/inst/inst_svpwm/driver_inst/HB1_mult_reg0__2/P[1]
                         net (fo=2, routed)           0.766    17.227    design_1_i/top_0/inst/inst_svpwm/driver_inst/p_1_in[18]
    SLICE_X35Y20         LUT2 (Prop_lut2_I0_O)        0.124    17.351 r  design_1_i/top_0/inst/inst_svpwm/driver_inst/HB1_mult_reg0_carry_i_2/O
                         net (fo=1, routed)           0.000    17.351    design_1_i/top_0/inst/inst_svpwm/driver_inst/HB1_mult_reg0_carry_i_2_n_0
    SLICE_X35Y20         CARRY4 (Prop_carry4_S[2]_CO[3])
                                                      0.398    17.749 r  design_1_i/top_0/inst/inst_svpwm/driver_inst/HB1_mult_reg0_carry/CO[3]
                         net (fo=1, routed)           0.000    17.749    design_1_i/top_0/inst/inst_svpwm/driver_inst/HB1_mult_reg0_carry_n_0
    SLICE_X35Y21         CARRY4 (Prop_carry4_CI_CO[3])
                                                      0.114    17.863 r  design_1_i/top_0/inst/inst_svpwm/driver_inst/HB1_mult_reg0_carry__0/CO[3]
                         net (fo=1, routed)           0.000    17.863    design_1_i/top_0/inst/inst_svpwm/driver_inst/HB1_mult_reg0_carry__0_n_0
    SLICE_X35Y22         CARRY4 (Prop_carry4_CI_CO[3])
                                                      0.114    17.977 r  design_1_i/top_0/inst/inst_svpwm/driver_inst/HB1_mult_reg0_carry__1/CO[3]
                         net (fo=1, routed)           0.000    17.977    design_1_i/top_0/inst/inst_svpwm/driver_inst/HB1_mult_reg0_carry__1_n_0
    SLICE_X35Y23         CARRY4 (Prop_carry4_CI_CO[3])
                                                      0.114    18.091 r  design_1_i/top_0/inst/inst_svpwm/driver_inst/HB1_mult_reg0_carry__2/CO[3]
                         net (fo=1, routed)           0.000    18.091    design_1_i/top_0/inst/inst_svpwm/driver_inst/HB1_mult_reg0_carry__2_n_0
    SLICE_X35Y24         CARRY4 (Prop_carry4_CI_CO[3])
                                                      0.114    18.205 r  design_1_i/top_0/inst/inst_svpwm/driver_inst/HB1_mult_reg0_carry__3/CO[3]
                         net (fo=1, routed)           0.009    18.214    design_1_i/top_0/inst/inst_svpwm/driver_inst/HB1_mult_reg0_carry__3_n_0
    SLICE_X35Y25         CARRY4 (Prop_carry4_CI_CO[3])
                                                      0.114    18.328 r  design_1_i/top_0/inst/inst_svpwm/driver_inst/HB1_mult_reg0_carry__4/CO[3]
                         net (fo=1, routed)           0.000    18.328    design_1_i/top_0/inst/inst_svpwm/driver_inst/HB1_mult_reg0_carry__4_n_0
    SLICE_X35Y26         CARRY4 (Prop_carry4_CI_CO[3])
                                                      0.114    18.442 r  design_1_i/top_0/inst/inst_svpwm/driver_inst/HB1_mult_reg0_carry__5/CO[3]
                         net (fo=1, routed)           0.000    18.442    design_1_i/top_0/inst/inst_svpwm/driver_inst/HB1_mult_reg0_carry__5_n_0
    SLICE_X35Y27         CARRY4 (Prop_carry4_CI_CO[3])
                                                      0.114    18.556 r  design_1_i/top_0/inst/inst_svpwm/driver_inst/HB1_mult_reg0_carry__6/CO[3]
                         net (fo=1, routed)           0.000    18.556    design_1_i/top_0/inst/inst_svpwm/driver_inst/HB1_mult_reg0_carry__6_n_0
    SLICE_X35Y28         CARRY4 (Prop_carry4_CI_CO[3])
                                                      0.114    18.670 r  design_1_i/top_0/inst/inst_svpwm/driver_inst/HB1_mult_reg0_carry__7/CO[3]
                         net (fo=1, routed)           0.000    18.670    design_1_i/top_0/inst/inst_svpwm/driver_inst/HB1_mult_reg0_carry__7_n_0
    SLICE_X35Y29         CARRY4 (Prop_carry4_CI_CO[3])
                                                      0.114    18.784 r  design_1_i/top_0/inst/inst_svpwm/driver_inst/HB1_mult_reg0_carry__8/CO[3]
                         net (fo=1, routed)           0.000    18.784    design_1_i/top_0/inst/inst_svpwm/driver_inst/HB1_mult_reg0_carry__8_n_0
    SLICE_X35Y30         CARRY4 (Prop_carry4_CI_CO[3])
                                                      0.114    18.898 r  design_1_i/top_0/inst/inst_svpwm/driver_inst/HB1_mult_reg0_carry__9/CO[3]
                         net (fo=1, routed)           0.000    18.898    design_1_i/top_0/inst/inst_svpwm/driver_inst/HB1_mult_reg0_carry__9_n_0
    SLICE_X35Y31         CARRY4 (Prop_carry4_CI_O[1])
                                                      0.334    19.232 r  design_1_i/top_0/inst/inst_svpwm/driver_inst/HB1_mult_reg0_carry__10/O[1]
                         net (fo=3, routed)           0.661    19.893    design_1_i/top_0/inst/inst_svpwm/driver_inst/HB1/data2[15]
    SLICE_X46Y31         LUT5 (Prop_lut5_I0_O)        0.303    20.196 r  design_1_i/top_0/inst/inst_svpwm/driver_inst/HB1/duty_cycle_latch[15]_i_4__0/O
                         net (fo=2, routed)           1.049    21.245    design_1_i/top_0/inst/inst_svpwm/time_processor_inst/shift_reg_sector/duty_cycle_latch_reg[15]
    SLICE_X68Y31         LUT6 (Prop_lut6_I5_O)        0.124    21.369 r  design_1_i/top_0/inst/inst_svpwm/time_processor_inst/shift_reg_sector/duty_cycle_latch[15]_i_2/O
                         net (fo=1, routed)           0.000    21.369    design_1_i/top_0/inst/inst_svpwm/driver_inst/HB2/D[15]
    SLICE_X68Y31         FDRE                                         r  design_1_i/top_0/inst/inst_svpwm/driver_inst/HB2/duty_cycle_latch_reg[15]/D
  -------------------------------------------------------------------    -------------------

                         (clock clk_fpga_0 rise edge)
                                                     20.000    20.000 r  
    PS7_X0Y0             PS7                          0.000    20.000 r  design_1_i/processing_system7_0/inst/PS7_i/FCLKCLK[0]
                         net (fo=1, routed)           1.088    21.088    design_1_i/processing_system7_0/inst/FCLK_CLK_unbuffered[0]
    BUFGCTRL_X0Y16       BUFG (Prop_bufg_I_O)         0.091    21.179 r  design_1_i/processing_system7_0/inst/buffer_fclk_clk_0.FCLK_CLK_0_BUFG/O
                         net (fo=4065, routed)        1.548    22.727    design_1_i/top_0/inst/inst_svpwm/driver_inst/HB2/clk
    SLICE_X68Y31         FDRE                                         r  design_1_i/top_0/inst/inst_svpwm/driver_inst/HB2/duty_cycle_latch_reg[15]/C
                         clock pessimism              0.230    22.957    
                         clock uncertainty           -0.302    22.655    
    SLICE_X68Y31         FDRE (Setup_fdre_C_D)        0.031    22.686    design_1_i/top_0/inst/inst_svpwm/driver_inst/HB2/duty_cycle_latch_reg[15]
  -------------------------------------------------------------------
                         required time                         22.686    
                         arrival time                         -21.369    
  -------------------------------------------------------------------
                         slack                                  1.317    

Slack (MET) :             1.373ns  (required time - arrival time)
  Source:                 design_1_i/top_0/inst/inst_svpwm/time_processor_inst/t2_int_reg[12]/C
                            (rising edge-triggered cell FDRE clocked by clk_fpga_0  {rise@0.000ns fall@10.000ns period=20.000ns})
  Destination:            design_1_i/top_0/inst/inst_svpwm/driver_inst/HB2/duty_cycle_latch_reg[14]/D
                            (rising edge-triggered cell FDRE clocked by clk_fpga_0  {rise@0.000ns fall@10.000ns period=20.000ns})
  Path Group:             clk_fpga_0
  Path Type:              Setup (Max at Slow Process Corner)
  Requirement:            20.000ns  (clk_fpga_0 rise@20.000ns - clk_fpga_0 rise@0.000ns)
  Data Path Delay:        18.291ns  (logic 11.503ns (62.889%)  route 6.788ns (37.111%))
  Logic Levels:           27  (CARRY4=19 DSP48E1=2 LUT2=1 LUT3=1 LUT4=2 LUT5=1 LUT6=1)
  Clock Path Skew:        -0.063ns (DCD - SCD + CPR)
    Destination Clock Delay (DCD):    2.727ns = ( 22.727 - 20.000 ) 
    Source Clock Delay      (SCD):    3.020ns
    Clock Pessimism Removal (CPR):    0.230ns
  Clock Uncertainty:      0.302ns  ((TSJ^2 + TIJ^2)^1/2 + DJ) / 2 + PE
    Total System Jitter     (TSJ):    0.071ns
    Total Input Jitter      (TIJ):    0.600ns
    Discrete Jitter          (DJ):    0.000ns
    Phase Error              (PE):    0.000ns

    Location             Delay type                Incr(ns)  Path(ns)    Netlist Resource(s)
  -------------------------------------------------------------------    -------------------
                         (clock clk_fpga_0 rise edge)
                                                      0.000     0.000 r  
    PS7_X0Y0             PS7                          0.000     0.000 r  design_1_i/processing_system7_0/inst/PS7_i/FCLKCLK[0]
                         net (fo=1, routed)           1.193     1.193    design_1_i/processing_system7_0/inst/FCLK_CLK_unbuffered[0]
    BUFGCTRL_X0Y16       BUFG (Prop_bufg_I_O)         0.101     1.294 r  design_1_i/processing_system7_0/inst/buffer_fclk_clk_0.FCLK_CLK_0_BUFG/O
                         net (fo=4065, routed)        1.726     3.020    design_1_i/top_0/inst/inst_svpwm/time_processor_inst/clk
    SLICE_X84Y20         FDRE                                         r  design_1_i/top_0/inst/inst_svpwm/time_processor_inst/t2_int_reg[12]/C
  -------------------------------------------------------------------    -------------------
    SLICE_X84Y20         FDRE (Prop_fdre_C_Q)         0.456     3.476 r  design_1_i/top_0/inst/inst_svpwm/time_processor_inst/t2_int_reg[12]/Q
                         net (fo=4, routed)           1.016     4.492    design_1_i/top_0/inst/inst_svpwm/time_processor_inst/t2_int_reg_n_0_[12]
    SLICE_X79Y19         LUT4 (Prop_lut4_I0_O)        0.124     4.616 r  design_1_i/top_0/inst/inst_svpwm/time_processor_inst/HB1_mult_reg0__9_i_80/O
                         net (fo=1, routed)           0.000     4.616    design_1_i/top_0/inst/inst_svpwm/time_processor_inst/HB1_mult_reg0__9_i_80_n_0
    SLICE_X79Y19         CARRY4 (Prop_carry4_S[1]_CO[3])
                                                      0.550     5.166 r  design_1_i/top_0/inst/inst_svpwm/time_processor_inst/HB1_mult_reg0__9_i_65/CO[3]
                         net (fo=1, routed)           0.000     5.166    design_1_i/top_0/inst/inst_svpwm/time_processor_inst/HB1_mult_reg0__9_i_65_n_0
    SLICE_X79Y20         CARRY4 (Prop_carry4_CI_CO[3])
                                                      0.114     5.280 r  design_1_i/top_0/inst/inst_svpwm/time_processor_inst/HB1_mult_reg0__9_i_56/CO[3]
                         net (fo=1, routed)           0.000     5.280    design_1_i/top_0/inst/inst_svpwm/time_processor_inst/HB1_mult_reg0__9_i_56_n_0
    SLICE_X79Y21         CARRY4 (Prop_carry4_CI_CO[3])
                                                      0.114     5.394 r  design_1_i/top_0/inst/inst_svpwm/time_processor_inst/HB1_mult_reg0__9_i_47/CO[3]
                         net (fo=1, routed)           0.000     5.394    design_1_i/top_0/inst/inst_svpwm/time_processor_inst/HB1_mult_reg0__9_i_47_n_0
    SLICE_X79Y22         CARRY4 (Prop_carry4_CI_CO[3])
                                                      0.114     5.508 r  design_1_i/top_0/inst/inst_svpwm/time_processor_inst/HB1_mult_reg0__9_i_38/CO[3]
                         net (fo=1, routed)           0.000     5.508    design_1_i/top_0/inst/inst_svpwm/time_processor_inst/HB1_mult_reg0__9_i_38_n_0
    SLICE_X79Y23         CARRY4 (Prop_carry4_CI_CO[3])
                                                      0.114     5.622 r  design_1_i/top_0/inst/inst_svpwm/time_processor_inst/HB1_mult_reg0__9_i_29/CO[3]
                         net (fo=1, routed)           0.000     5.622    design_1_i/top_0/inst/inst_svpwm/time_processor_inst/HB1_mult_reg0__9_i_29_n_0
    SLICE_X79Y24         CARRY4 (Prop_carry4_CI_CO[3])
                                                      0.114     5.736 r  design_1_i/top_0/inst/inst_svpwm/time_processor_inst/HB1_mult_reg0__9_i_4/CO[3]
                         net (fo=1, routed)           0.009     5.745    design_1_i/top_0/inst/inst_svpwm/time_processor_inst/HB1_mult_reg0__9_i_4_n_0
    SLICE_X79Y25         CARRY4 (Prop_carry4_CI_CO[3])
                                                      0.114     5.859 r  design_1_i/top_0/inst/inst_svpwm/time_processor_inst/HB1_mult_reg0__9_i_3/CO[3]
                         net (fo=1, routed)           0.000     5.859    design_1_i/top_0/inst/inst_svpwm/time_processor_inst/HB1_mult_reg0__9_i_3_n_0
    SLICE_X79Y26         CARRY4 (Prop_carry4_CI_O[1])
                                                      0.334     6.193 r  design_1_i/top_0/inst/inst_svpwm/time_processor_inst/HB1_mult_reg0__9_i_2/O[1]
                         net (fo=6, routed)           0.835     7.028    design_1_i/top_0/inst/inst_svpwm/time_processor_inst/t0[8]
    SLICE_X78Y25         LUT3 (Prop_lut3_I1_O)        0.331     7.359 r  design_1_i/top_0/inst/inst_svpwm/time_processor_inst/HB1_mult_reg1__1_carry__1_i_3/O
                         net (fo=2, routed)           0.484     7.842    design_1_i/top_0/inst/inst_svpwm/time_processor_inst/t2_int_reg[42]_0[1]
    SLICE_X78Y25         LUT4 (Prop_lut4_I3_O)        0.326     8.168 r  design_1_i/top_0/inst/inst_svpwm/time_processor_inst/HB1_mult_reg1__1_carry__1_i_7/O
                         net (fo=1, routed)           0.000     8.168    design_1_i/top_0/inst/inst_svpwm/driver_inst/HB1_mult_reg0__1_3[1]
    SLICE_X78Y25         CARRY4 (Prop_carry4_S[1]_CO[3])
                                                      0.550     8.718 r  design_1_i/top_0/inst/inst_svpwm/driver_inst/HB1_mult_reg1__1_carry__1/CO[3]
                         net (fo=1, routed)           0.000     8.718    design_1_i/top_0/inst/inst_svpwm/driver_inst/HB1_mult_reg1__1_carry__1_n_0
    SLICE_X78Y26         CARRY4 (Prop_carry4_CI_O[1])
                                                      0.334     9.052 r  design_1_i/top_0/inst/inst_svpwm/driver_inst/HB1_mult_reg1__1_carry__2/O[1]
                         net (fo=1, routed)           1.673    10.725    design_1_i/top_0/inst/inst_svpwm/driver_inst/HB1_mult_reg1[13]
    DSP48_X2Y8           DSP48E1 (Prop_dsp48e1_A[13]_PCOUT[47])
                                                      4.215    14.940 r  design_1_i/top_0/inst/inst_svpwm/driver_inst/HB1_mult_reg0__1/PCOUT[47]
                         net (fo=1, routed)           0.002    14.942    design_1_i/top_0/inst/inst_svpwm/driver_inst/HB1_mult_reg0__1_n_106
    DSP48_X2Y9           DSP48E1 (Prop_dsp48e1_PCIN[47]_P[1])
                                                      1.518    16.460 r  design_1_i/top_0/inst/inst_svpwm/driver_inst/HB1_mult_reg0__2/P[1]
                         net (fo=2, routed)           0.766    17.227    design_1_i/top_0/inst/inst_svpwm/driver_inst/p_1_in[18]
    SLICE_X35Y20         LUT2 (Prop_lut2_I0_O)        0.124    17.351 r  design_1_i/top_0/inst/inst_svpwm/driver_inst/HB1_mult_reg0_carry_i_2/O
                         net (fo=1, routed)           0.000    17.351    design_1_i/top_0/inst/inst_svpwm/driver_inst/HB1_mult_reg0_carry_i_2_n_0
    SLICE_X35Y20         CARRY4 (Prop_carry4_S[2]_CO[3])
                                                      0.398    17.749 r  design_1_i/top_0/inst/inst_svpwm/driver_inst/HB1_mult_reg0_carry/CO[3]
                         net (fo=1, routed)           0.000    17.749    design_1_i/top_0/inst/inst_svpwm/driver_inst/HB1_mult_reg0_carry_n_0
    SLICE_X35Y21         CARRY4 (Prop_carry4_CI_CO[3])
                                                      0.114    17.863 r  design_1_i/top_0/inst/inst_svpwm/driver_inst/HB1_mult_reg0_carry__0/CO[3]
                         net (fo=1, routed)           0.000    17.863    design_1_i/top_0/inst/inst_svpwm/driver_inst/HB1_mult_reg0_carry__0_n_0
    SLICE_X35Y22         CARRY4 (Prop_carry4_CI_CO[3])
                                                      0.114    17.977 r  design_1_i/top_0/inst/inst_svpwm/driver_inst/HB1_mult_reg0_carry__1/CO[3]
                         net (fo=1, routed)           0.000    17.977    design_1_i/top_0/inst/inst_svpwm/driver_inst/HB1_mult_reg0_carry__1_n_0
    SLICE_X35Y23         CARRY4 (Prop_carry4_CI_CO[3])
                                                      0.114    18.091 r  design_1_i/top_0/inst/inst_svpwm/driver_inst/HB1_mult_reg0_carry__2/CO[3]
                         net (fo=1, routed)           0.000    18.091    design_1_i/top_0/inst/inst_svpwm/driver_inst/HB1_mult_reg0_carry__2_n_0
    SLICE_X35Y24         CARRY4 (Prop_carry4_CI_CO[3])
                                                      0.114    18.205 r  design_1_i/top_0/inst/inst_svpwm/driver_inst/HB1_mult_reg0_carry__3/CO[3]
                         net (fo=1, routed)           0.009    18.214    design_1_i/top_0/inst/inst_svpwm/driver_inst/HB1_mult_reg0_carry__3_n_0
    SLICE_X35Y25         CARRY4 (Prop_carry4_CI_CO[3])
                                                      0.114    18.328 r  design_1_i/top_0/inst/inst_svpwm/driver_inst/HB1_mult_reg0_carry__4/CO[3]
                         net (fo=1, routed)           0.000    18.328    design_1_i/top_0/inst/inst_svpwm/driver_inst/HB1_mult_reg0_carry__4_n_0
    SLICE_X35Y26         CARRY4 (Prop_carry4_CI_CO[3])
                                                      0.114    18.442 r  design_1_i/top_0/inst/inst_svpwm/driver_inst/HB1_mult_reg0_carry__5/CO[3]
                         net (fo=1, routed)           0.000    18.442    design_1_i/top_0/inst/inst_svpwm/driver_inst/HB1_mult_reg0_carry__5_n_0
    SLICE_X35Y27         CARRY4 (Prop_carry4_CI_CO[3])
                                                      0.114    18.556 r  design_1_i/top_0/inst/inst_svpwm/driver_inst/HB1_mult_reg0_carry__6/CO[3]
                         net (fo=1, routed)           0.000    18.556    design_1_i/top_0/inst/inst_svpwm/driver_inst/HB1_mult_reg0_carry__6_n_0
    SLICE_X35Y28         CARRY4 (Prop_carry4_CI_O[1])
                                                      0.334    18.890 r  design_1_i/top_0/inst/inst_svpwm/driver_inst/HB1_mult_reg0_carry__7/O[1]
                         net (fo=3, routed)           1.236    20.125    design_1_i/top_0/inst/inst_svpwm/driver_inst/HB1/data2[14]
    SLICE_X56Y30         LUT5 (Prop_lut5_I0_O)        0.303    20.428 r  design_1_i/top_0/inst/inst_svpwm/driver_inst/HB1/duty_cycle_latch[14]_i_2/O
                         net (fo=2, routed)           0.759    21.187    design_1_i/top_0/inst/inst_svpwm/time_processor_inst/shift_reg_sector/duty_cycle_latch_reg[14]
    SLICE_X68Y31         LUT6 (Prop_lut6_I5_O)        0.124    21.311 r  design_1_i/top_0/inst/inst_svpwm/time_processor_inst/shift_reg_sector/duty_cycle_latch[14]_i_1/O
                         net (fo=1, routed)           0.000    21.311    design_1_i/top_0/inst/inst_svpwm/driver_inst/HB2/D[14]
    SLICE_X68Y31         FDRE                                         r  design_1_i/top_0/inst/inst_svpwm/driver_inst/HB2/duty_cycle_latch_reg[14]/D
  -------------------------------------------------------------------    -------------------

                         (clock clk_fpga_0 rise edge)
                                                     20.000    20.000 r  
    PS7_X0Y0             PS7                          0.000    20.000 r  design_1_i/processing_system7_0/inst/PS7_i/FCLKCLK[0]
                         net (fo=1, routed)           1.088    21.088    design_1_i/processing_system7_0/inst/FCLK_CLK_unbuffered[0]
    BUFGCTRL_X0Y16       BUFG (Prop_bufg_I_O)         0.091    21.179 r  design_1_i/processing_system7_0/inst/buffer_fclk_clk_0.FCLK_CLK_0_BUFG/O
                         net (fo=4065, routed)        1.548    22.727    design_1_i/top_0/inst/inst_svpwm/driver_inst/HB2/clk
    SLICE_X68Y31         FDRE                                         r  design_1_i/top_0/inst/inst_svpwm/driver_inst/HB2/duty_cycle_latch_reg[14]/C
                         clock pessimism              0.230    22.957    
                         clock uncertainty           -0.302    22.655    
    SLICE_X68Y31         FDRE (Setup_fdre_C_D)        0.029    22.684    design_1_i/top_0/inst/inst_svpwm/driver_inst/HB2/duty_cycle_latch_reg[14]
  -------------------------------------------------------------------
                         required time                         22.684    
                         arrival time                         -21.311    
  -------------------------------------------------------------------
                         slack                                  1.373    

Slack (MET) :             1.387ns  (required time - arrival time)
  Source:                 design_1_i/top_0/inst/inst_svpwm/time_processor_inst/t2_int_reg[12]/C
                            (rising edge-triggered cell FDRE clocked by clk_fpga_0  {rise@0.000ns fall@10.000ns period=20.000ns})
  Destination:            design_1_i/top_0/inst/inst_svpwm/driver_inst/HB1/duty_cycle_latch_reg[5]/D
                            (rising edge-triggered cell FDRE clocked by clk_fpga_0  {rise@0.000ns fall@10.000ns period=20.000ns})
  Path Group:             clk_fpga_0
  Path Type:              Setup (Max at Slow Process Corner)
  Requirement:            20.000ns  (clk_fpga_0 rise@20.000ns - clk_fpga_0 rise@0.000ns)
  Data Path Delay:        18.277ns  (logic 11.159ns (61.054%)  route 7.118ns (38.946%))
  Logic Levels:           25  (CARRY4=17 DSP48E1=2 LUT2=1 LUT3=1 LUT4=2 LUT5=2)
  Clock Path Skew:        -0.066ns (DCD - SCD + CPR)
    Destination Clock Delay (DCD):    2.724ns = ( 22.725 - 20.000 ) 
    Source Clock Delay      (SCD):    3.020ns
    Clock Pessimism Removal (CPR):    0.230ns
  Clock Uncertainty:      0.302ns  ((TSJ^2 + TIJ^2)^1/2 + DJ) / 2 + PE
    Total System Jitter     (TSJ):    0.071ns
    Total Input Jitter      (TIJ):    0.600ns
    Discrete Jitter          (DJ):    0.000ns
    Phase Error              (PE):    0.000ns

    Location             Delay type                Incr(ns)  Path(ns)    Netlist Resource(s)
  -------------------------------------------------------------------    -------------------
                         (clock clk_fpga_0 rise edge)
                                                      0.000     0.000 r  
    PS7_X0Y0             PS7                          0.000     0.000 r  design_1_i/processing_system7_0/inst/PS7_i/FCLKCLK[0]
                         net (fo=1, routed)           1.193     1.193    design_1_i/processing_system7_0/inst/FCLK_CLK_unbuffered[0]
    BUFGCTRL_X0Y16       BUFG (Prop_bufg_I_O)         0.101     1.294 r  design_1_i/processing_system7_0/inst/buffer_fclk_clk_0.FCLK_CLK_0_BUFG/O
                         net (fo=4065, routed)        1.726     3.020    design_1_i/top_0/inst/inst_svpwm/time_processor_inst/clk
    SLICE_X84Y20         FDRE                                         r  design_1_i/top_0/inst/inst_svpwm/time_processor_inst/t2_int_reg[12]/C
  -------------------------------------------------------------------    -------------------
    SLICE_X84Y20         FDRE (Prop_fdre_C_Q)         0.456     3.476 r  design_1_i/top_0/inst/inst_svpwm/time_processor_inst/t2_int_reg[12]/Q
                         net (fo=4, routed)           1.016     4.492    design_1_i/top_0/inst/inst_svpwm/time_processor_inst/t2_int_reg_n_0_[12]
    SLICE_X79Y19         LUT4 (Prop_lut4_I0_O)        0.124     4.616 r  design_1_i/top_0/inst/inst_svpwm/time_processor_inst/HB1_mult_reg0__9_i_80/O
                         net (fo=1, routed)           0.000     4.616    design_1_i/top_0/inst/inst_svpwm/time_processor_inst/HB1_mult_reg0__9_i_80_n_0
    SLICE_X79Y19         CARRY4 (Prop_carry4_S[1]_CO[3])
                                                      0.550     5.166 r  design_1_i/top_0/inst/inst_svpwm/time_processor_inst/HB1_mult_reg0__9_i_65/CO[3]
                         net (fo=1, routed)           0.000     5.166    design_1_i/top_0/inst/inst_svpwm/time_processor_inst/HB1_mult_reg0__9_i_65_n_0
    SLICE_X79Y20         CARRY4 (Prop_carry4_CI_CO[3])
                                                      0.114     5.280 r  design_1_i/top_0/inst/inst_svpwm/time_processor_inst/HB1_mult_reg0__9_i_56/CO[3]
                         net (fo=1, routed)           0.000     5.280    design_1_i/top_0/inst/inst_svpwm/time_processor_inst/HB1_mult_reg0__9_i_56_n_0
    SLICE_X79Y21         CARRY4 (Prop_carry4_CI_CO[3])
                                                      0.114     5.394 r  design_1_i/top_0/inst/inst_svpwm/time_processor_inst/HB1_mult_reg0__9_i_47/CO[3]
                         net (fo=1, routed)           0.000     5.394    design_1_i/top_0/inst/inst_svpwm/time_processor_inst/HB1_mult_reg0__9_i_47_n_0
    SLICE_X79Y22         CARRY4 (Prop_carry4_CI_CO[3])
                                                      0.114     5.508 r  design_1_i/top_0/inst/inst_svpwm/time_processor_inst/HB1_mult_reg0__9_i_38/CO[3]
                         net (fo=1, routed)           0.000     5.508    design_1_i/top_0/inst/inst_svpwm/time_processor_inst/HB1_mult_reg0__9_i_38_n_0
    SLICE_X79Y23         CARRY4 (Prop_carry4_CI_CO[3])
                                                      0.114     5.622 r  design_1_i/top_0/inst/inst_svpwm/time_processor_inst/HB1_mult_reg0__9_i_29/CO[3]
                         net (fo=1, routed)           0.000     5.622    design_1_i/top_0/inst/inst_svpwm/time_processor_inst/HB1_mult_reg0__9_i_29_n_0
    SLICE_X79Y24         CARRY4 (Prop_carry4_CI_CO[3])
                                                      0.114     5.736 r  design_1_i/top_0/inst/inst_svpwm/time_processor_inst/HB1_mult_reg0__9_i_4/CO[3]
                         net (fo=1, routed)           0.009     5.745    design_1_i/top_0/inst/inst_svpwm/time_processor_inst/HB1_mult_reg0__9_i_4_n_0
    SLICE_X79Y25         CARRY4 (Prop_carry4_CI_CO[3])
                                                      0.114     5.859 r  design_1_i/top_0/inst/inst_svpwm/time_processor_inst/HB1_mult_reg0__9_i_3/CO[3]
                         net (fo=1, routed)           0.000     5.859    design_1_i/top_0/inst/inst_svpwm/time_processor_inst/HB1_mult_reg0__9_i_3_n_0
    SLICE_X79Y26         CARRY4 (Prop_carry4_CI_O[1])
                                                      0.334     6.193 r  design_1_i/top_0/inst/inst_svpwm/time_processor_inst/HB1_mult_reg0__9_i_2/O[1]
                         net (fo=6, routed)           0.835     7.028    design_1_i/top_0/inst/inst_svpwm/time_processor_inst/t0[8]
    SLICE_X78Y25         LUT3 (Prop_lut3_I1_O)        0.331     7.359 r  design_1_i/top_0/inst/inst_svpwm/time_processor_inst/HB1_mult_reg1__1_carry__1_i_3/O
                         net (fo=2, routed)           0.484     7.842    design_1_i/top_0/inst/inst_svpwm/time_processor_inst/t2_int_reg[42]_0[1]
    SLICE_X78Y25         LUT4 (Prop_lut4_I3_O)        0.326     8.168 r  design_1_i/top_0/inst/inst_svpwm/time_processor_inst/HB1_mult_reg1__1_carry__1_i_7/O
                         net (fo=1, routed)           0.000     8.168    design_1_i/top_0/inst/inst_svpwm/driver_inst/HB1_mult_reg0__1_3[1]
    SLICE_X78Y25         CARRY4 (Prop_carry4_S[1]_CO[3])
                                                      0.550     8.718 r  design_1_i/top_0/inst/inst_svpwm/driver_inst/HB1_mult_reg1__1_carry__1/CO[3]
                         net (fo=1, routed)           0.000     8.718    design_1_i/top_0/inst/inst_svpwm/driver_inst/HB1_mult_reg1__1_carry__1_n_0
    SLICE_X78Y26         CARRY4 (Prop_carry4_CI_O[1])
                                                      0.334     9.052 r  design_1_i/top_0/inst/inst_svpwm/driver_inst/HB1_mult_reg1__1_carry__2/O[1]
                         net (fo=1, routed)           1.673    10.725    design_1_i/top_0/inst/inst_svpwm/driver_inst/HB1_mult_reg1[13]
    DSP48_X2Y8           DSP48E1 (Prop_dsp48e1_A[13]_PCOUT[47])
                                                      4.215    14.940 r  design_1_i/top_0/inst/inst_svpwm/driver_inst/HB1_mult_reg0__1/PCOUT[47]
                         net (fo=1, routed)           0.002    14.942    design_1_i/top_0/inst/inst_svpwm/driver_inst/HB1_mult_reg0__1_n_106
    DSP48_X2Y9           DSP48E1 (Prop_dsp48e1_PCIN[47]_P[1])
                                                      1.518    16.460 r  design_1_i/top_0/inst/inst_svpwm/driver_inst/HB1_mult_reg0__2/P[1]
                         net (fo=2, routed)           0.766    17.227    design_1_i/top_0/inst/inst_svpwm/driver_inst/p_1_in[18]
    SLICE_X35Y20         LUT2 (Prop_lut2_I0_O)        0.124    17.351 r  design_1_i/top_0/inst/inst_svpwm/driver_inst/HB1_mult_reg0_carry_i_2/O
                         net (fo=1, routed)           0.000    17.351    design_1_i/top_0/inst/inst_svpwm/driver_inst/HB1_mult_reg0_carry_i_2_n_0
    SLICE_X35Y20         CARRY4 (Prop_carry4_S[2]_CO[3])
                                                      0.398    17.749 r  design_1_i/top_0/inst/inst_svpwm/driver_inst/HB1_mult_reg0_carry/CO[3]
                         net (fo=1, routed)           0.000    17.749    design_1_i/top_0/inst/inst_svpwm/driver_inst/HB1_mult_reg0_carry_n_0
    SLICE_X35Y21         CARRY4 (Prop_carry4_CI_CO[3])
                                                      0.114    17.863 r  design_1_i/top_0/inst/inst_svpwm/driver_inst/HB1_mult_reg0_carry__0/CO[3]
                         net (fo=1, routed)           0.000    17.863    design_1_i/top_0/inst/inst_svpwm/driver_inst/HB1_mult_reg0_carry__0_n_0
    SLICE_X35Y22         CARRY4 (Prop_carry4_CI_CO[3])
                                                      0.114    17.977 r  design_1_i/top_0/inst/inst_svpwm/driver_inst/HB1_mult_reg0_carry__1/CO[3]
                         net (fo=1, routed)           0.000    17.977    design_1_i/top_0/inst/inst_svpwm/driver_inst/HB1_mult_reg0_carry__1_n_0
    SLICE_X35Y23         CARRY4 (Prop_carry4_CI_CO[3])
                                                      0.114    18.091 r  design_1_i/top_0/inst/inst_svpwm/driver_inst/HB1_mult_reg0_carry__2/CO[3]
                         net (fo=1, routed)           0.000    18.091    design_1_i/top_0/inst/inst_svpwm/driver_inst/HB1_mult_reg0_carry__2_n_0
    SLICE_X35Y24         CARRY4 (Prop_carry4_CI_CO[3])
                                                      0.114    18.205 r  design_1_i/top_0/inst/inst_svpwm/driver_inst/HB1_mult_reg0_carry__3/CO[3]
                         net (fo=1, routed)           0.009    18.214    design_1_i/top_0/inst/inst_svpwm/driver_inst/HB1_mult_reg0_carry__3_n_0
    SLICE_X35Y25         CARRY4 (Prop_carry4_CI_CO[3])
                                                      0.114    18.328 r  design_1_i/top_0/inst/inst_svpwm/driver_inst/HB1_mult_reg0_carry__4/CO[3]
                         net (fo=1, routed)           0.000    18.328    design_1_i/top_0/inst/inst_svpwm/driver_inst/HB1_mult_reg0_carry__4_n_0
    SLICE_X35Y26         CARRY4 (Prop_carry4_CI_O[0])
                                                      0.222    18.550 r  design_1_i/top_0/inst/inst_svpwm/driver_inst/HB1_mult_reg0_carry__5/O[0]
                         net (fo=3, routed)           1.635    20.185    design_1_i/top_0/inst/inst_svpwm/driver_inst/HB1/data2[5]
    SLICE_X80Y29         LUT5 (Prop_lut5_I0_O)        0.299    20.484 r  design_1_i/top_0/inst/inst_svpwm/driver_inst/HB1/duty_cycle_latch[5]_i_2/O
                         net (fo=2, routed)           0.689    21.173    design_1_i/top_0/inst/inst_svpwm/driver_inst/HB1/sig_delay_reg[1]_9
    SLICE_X74Y27         LUT5 (Prop_lut5_I0_O)        0.124    21.297 r  design_1_i/top_0/inst/inst_svpwm/driver_inst/HB1/duty_cycle_latch[5]_i_1__1/O
                         net (fo=1, routed)           0.000    21.297    design_1_i/top_0/inst/inst_svpwm/driver_inst/HB1/HB1_mult_reg[40]
    SLICE_X74Y27         FDRE                                         r  design_1_i/top_0/inst/inst_svpwm/driver_inst/HB1/duty_cycle_latch_reg[5]/D
  -------------------------------------------------------------------    -------------------

                         (clock clk_fpga_0 rise edge)
                                                     20.000    20.000 r  
    PS7_X0Y0             PS7                          0.000    20.000 r  design_1_i/processing_system7_0/inst/PS7_i/FCLKCLK[0]
                         net (fo=1, routed)           1.088    21.088    design_1_i/processing_system7_0/inst/FCLK_CLK_unbuffered[0]
    BUFGCTRL_X0Y16       BUFG (Prop_bufg_I_O)         0.091    21.179 r  design_1_i/processing_system7_0/inst/buffer_fclk_clk_0.FCLK_CLK_0_BUFG/O
                         net (fo=4065, routed)        1.545    22.725    design_1_i/top_0/inst/inst_svpwm/driver_inst/HB1/clk
    SLICE_X74Y27         FDRE                                         r  design_1_i/top_0/inst/inst_svpwm/driver_inst/HB1/duty_cycle_latch_reg[5]/C
                         clock pessimism              0.230    22.954    
                         clock uncertainty           -0.302    22.652    
    SLICE_X74Y27         FDRE (Setup_fdre_C_D)        0.032    22.684    design_1_i/top_0/inst/inst_svpwm/driver_inst/HB1/duty_cycle_latch_reg[5]
  -------------------------------------------------------------------
                         required time                         22.684    
                         arrival time                         -21.297    
  -------------------------------------------------------------------
                         slack                                  1.387    

Slack (MET) :             1.391ns  (required time - arrival time)
  Source:                 design_1_i/top_0/inst/inst_svpwm/time_processor_inst/t2_int_reg[12]/C
                            (rising edge-triggered cell FDRE clocked by clk_fpga_0  {rise@0.000ns fall@10.000ns period=20.000ns})
  Destination:            design_1_i/top_0/inst/inst_svpwm/driver_inst/HB1/duty_cycle_latch_reg[8]/D
                            (rising edge-triggered cell FDRE clocked by clk_fpga_0  {rise@0.000ns fall@10.000ns period=20.000ns})
  Path Group:             clk_fpga_0
  Path Type:              Setup (Max at Slow Process Corner)
  Requirement:            20.000ns  (clk_fpga_0 rise@20.000ns - clk_fpga_0 rise@0.000ns)
  Data Path Delay:        18.279ns  (logic 11.257ns (61.585%)  route 7.022ns (38.415%))
  Logic Levels:           25  (CARRY4=17 DSP48E1=2 LUT2=1 LUT3=1 LUT4=2 LUT5=2)
  Clock Path Skew:        -0.059ns (DCD - SCD + CPR)
    Destination Clock Delay (DCD):    2.731ns = ( 22.732 - 20.000 ) 
    Source Clock Delay      (SCD):    3.020ns
    Clock Pessimism Removal (CPR):    0.230ns
  Clock Uncertainty:      0.302ns  ((TSJ^2 + TIJ^2)^1/2 + DJ) / 2 + PE
    Total System Jitter     (TSJ):    0.071ns
    Total Input Jitter      (TIJ):    0.600ns
    Discrete Jitter          (DJ):    0.000ns
    Phase Error              (PE):    0.000ns

    Location             Delay type                Incr(ns)  Path(ns)    Netlist Resource(s)
  -------------------------------------------------------------------    -------------------
                         (clock clk_fpga_0 rise edge)
                                                      0.000     0.000 r  
    PS7_X0Y0             PS7                          0.000     0.000 r  design_1_i/processing_system7_0/inst/PS7_i/FCLKCLK[0]
                         net (fo=1, routed)           1.193     1.193    design_1_i/processing_system7_0/inst/FCLK_CLK_unbuffered[0]
    BUFGCTRL_X0Y16       BUFG (Prop_bufg_I_O)         0.101     1.294 r  design_1_i/processing_system7_0/inst/buffer_fclk_clk_0.FCLK_CLK_0_BUFG/O
                         net (fo=4065, routed)        1.726     3.020    design_1_i/top_0/inst/inst_svpwm/time_processor_inst/clk
    SLICE_X84Y20         FDRE                                         r  design_1_i/top_0/inst/inst_svpwm/time_processor_inst/t2_int_reg[12]/C
  -------------------------------------------------------------------    -------------------
    SLICE_X84Y20         FDRE (Prop_fdre_C_Q)         0.456     3.476 r  design_1_i/top_0/inst/inst_svpwm/time_processor_inst/t2_int_reg[12]/Q
                         net (fo=4, routed)           1.016     4.492    design_1_i/top_0/inst/inst_svpwm/time_processor_inst/t2_int_reg_n_0_[12]
    SLICE_X79Y19         LUT4 (Prop_lut4_I0_O)        0.124     4.616 r  design_1_i/top_0/inst/inst_svpwm/time_processor_inst/HB1_mult_reg0__9_i_80/O
                         net (fo=1, routed)           0.000     4.616    design_1_i/top_0/inst/inst_svpwm/time_processor_inst/HB1_mult_reg0__9_i_80_n_0
    SLICE_X79Y19         CARRY4 (Prop_carry4_S[1]_CO[3])
                                                      0.550     5.166 r  design_1_i/top_0/inst/inst_svpwm/time_processor_inst/HB1_mult_reg0__9_i_65/CO[3]
                         net (fo=1, routed)           0.000     5.166    design_1_i/top_0/inst/inst_svpwm/time_processor_inst/HB1_mult_reg0__9_i_65_n_0
    SLICE_X79Y20         CARRY4 (Prop_carry4_CI_CO[3])
                                                      0.114     5.280 r  design_1_i/top_0/inst/inst_svpwm/time_processor_inst/HB1_mult_reg0__9_i_56/CO[3]
                         net (fo=1, routed)           0.000     5.280    design_1_i/top_0/inst/inst_svpwm/time_processor_inst/HB1_mult_reg0__9_i_56_n_0
    SLICE_X79Y21         CARRY4 (Prop_carry4_CI_CO[3])
                                                      0.114     5.394 r  design_1_i/top_0/inst/inst_svpwm/time_processor_inst/HB1_mult_reg0__9_i_47/CO[3]
                         net (fo=1, routed)           0.000     5.394    design_1_i/top_0/inst/inst_svpwm/time_processor_inst/HB1_mult_reg0__9_i_47_n_0
    SLICE_X79Y22         CARRY4 (Prop_carry4_CI_CO[3])
                                                      0.114     5.508 r  design_1_i/top_0/inst/inst_svpwm/time_processor_inst/HB1_mult_reg0__9_i_38/CO[3]
                         net (fo=1, routed)           0.000     5.508    design_1_i/top_0/inst/inst_svpwm/time_processor_inst/HB1_mult_reg0__9_i_38_n_0
    SLICE_X79Y23         CARRY4 (Prop_carry4_CI_CO[3])
                                                      0.114     5.622 r  design_1_i/top_0/inst/inst_svpwm/time_processor_inst/HB1_mult_reg0__9_i_29/CO[3]
                         net (fo=1, routed)           0.000     5.622    design_1_i/top_0/inst/inst_svpwm/time_processor_inst/HB1_mult_reg0__9_i_29_n_0
    SLICE_X79Y24         CARRY4 (Prop_carry4_CI_CO[3])
                                                      0.114     5.736 r  design_1_i/top_0/inst/inst_svpwm/time_processor_inst/HB1_mult_reg0__9_i_4/CO[3]
                         net (fo=1, routed)           0.009     5.745    design_1_i/top_0/inst/inst_svpwm/time_processor_inst/HB1_mult_reg0__9_i_4_n_0
    SLICE_X79Y25         CARRY4 (Prop_carry4_CI_CO[3])
                                                      0.114     5.859 r  design_1_i/top_0/inst/inst_svpwm/time_processor_inst/HB1_mult_reg0__9_i_3/CO[3]
                         net (fo=1, routed)           0.000     5.859    design_1_i/top_0/inst/inst_svpwm/time_processor_inst/HB1_mult_reg0__9_i_3_n_0
    SLICE_X79Y26         CARRY4 (Prop_carry4_CI_O[1])
                                                      0.334     6.193 r  design_1_i/top_0/inst/inst_svpwm/time_processor_inst/HB1_mult_reg0__9_i_2/O[1]
                         net (fo=6, routed)           0.835     7.028    design_1_i/top_0/inst/inst_svpwm/time_processor_inst/t0[8]
    SLICE_X78Y25         LUT3 (Prop_lut3_I1_O)        0.331     7.359 r  design_1_i/top_0/inst/inst_svpwm/time_processor_inst/HB1_mult_reg1__1_carry__1_i_3/O
                         net (fo=2, routed)           0.484     7.842    design_1_i/top_0/inst/inst_svpwm/time_processor_inst/t2_int_reg[42]_0[1]
    SLICE_X78Y25         LUT4 (Prop_lut4_I3_O)        0.326     8.168 r  design_1_i/top_0/inst/inst_svpwm/time_processor_inst/HB1_mult_reg1__1_carry__1_i_7/O
                         net (fo=1, routed)           0.000     8.168    design_1_i/top_0/inst/inst_svpwm/driver_inst/HB1_mult_reg0__1_3[1]
    SLICE_X78Y25         CARRY4 (Prop_carry4_S[1]_CO[3])
                                                      0.550     8.718 r  design_1_i/top_0/inst/inst_svpwm/driver_inst/HB1_mult_reg1__1_carry__1/CO[3]
                         net (fo=1, routed)           0.000     8.718    design_1_i/top_0/inst/inst_svpwm/driver_inst/HB1_mult_reg1__1_carry__1_n_0
    SLICE_X78Y26         CARRY4 (Prop_carry4_CI_O[1])
                                                      0.334     9.052 r  design_1_i/top_0/inst/inst_svpwm/driver_inst/HB1_mult_reg1__1_carry__2/O[1]
                         net (fo=1, routed)           1.673    10.725    design_1_i/top_0/inst/inst_svpwm/driver_inst/HB1_mult_reg1[13]
    DSP48_X2Y8           DSP48E1 (Prop_dsp48e1_A[13]_PCOUT[47])
                                                      4.215    14.940 r  design_1_i/top_0/inst/inst_svpwm/driver_inst/HB1_mult_reg0__1/PCOUT[47]
                         net (fo=1, routed)           0.002    14.942    design_1_i/top_0/inst/inst_svpwm/driver_inst/HB1_mult_reg0__1_n_106
    DSP48_X2Y9           DSP48E1 (Prop_dsp48e1_PCIN[47]_P[1])
                                                      1.518    16.460 r  design_1_i/top_0/inst/inst_svpwm/driver_inst/HB1_mult_reg0__2/P[1]
                         net (fo=2, routed)           0.766    17.227    design_1_i/top_0/inst/inst_svpwm/driver_inst/p_1_in[18]
    SLICE_X35Y20         LUT2 (Prop_lut2_I0_O)        0.124    17.351 r  design_1_i/top_0/inst/inst_svpwm/driver_inst/HB1_mult_reg0_carry_i_2/O
                         net (fo=1, routed)           0.000    17.351    design_1_i/top_0/inst/inst_svpwm/driver_inst/HB1_mult_reg0_carry_i_2_n_0
    SLICE_X35Y20         CARRY4 (Prop_carry4_S[2]_CO[3])
                                                      0.398    17.749 r  design_1_i/top_0/inst/inst_svpwm/driver_inst/HB1_mult_reg0_carry/CO[3]
                         net (fo=1, routed)           0.000    17.749    design_1_i/top_0/inst/inst_svpwm/driver_inst/HB1_mult_reg0_carry_n_0
    SLICE_X35Y21         CARRY4 (Prop_carry4_CI_CO[3])
                                                      0.114    17.863 r  design_1_i/top_0/inst/inst_svpwm/driver_inst/HB1_mult_reg0_carry__0/CO[3]
                         net (fo=1, routed)           0.000    17.863    design_1_i/top_0/inst/inst_svpwm/driver_inst/HB1_mult_reg0_carry__0_n_0
    SLICE_X35Y22         CARRY4 (Prop_carry4_CI_CO[3])
                                                      0.114    17.977 r  design_1_i/top_0/inst/inst_svpwm/driver_inst/HB1_mult_reg0_carry__1/CO[3]
                         net (fo=1, routed)           0.000    17.977    design_1_i/top_0/inst/inst_svpwm/driver_inst/HB1_mult_reg0_carry__1_n_0
    SLICE_X35Y23         CARRY4 (Prop_carry4_CI_CO[3])
                                                      0.114    18.091 r  design_1_i/top_0/inst/inst_svpwm/driver_inst/HB1_mult_reg0_carry__2/CO[3]
                         net (fo=1, routed)           0.000    18.091    design_1_i/top_0/inst/inst_svpwm/driver_inst/HB1_mult_reg0_carry__2_n_0
    SLICE_X35Y24         CARRY4 (Prop_carry4_CI_CO[3])
                                                      0.114    18.205 r  design_1_i/top_0/inst/inst_svpwm/driver_inst/HB1_mult_reg0_carry__3/CO[3]
                         net (fo=1, routed)           0.009    18.214    design_1_i/top_0/inst/inst_svpwm/driver_inst/HB1_mult_reg0_carry__3_n_0
    SLICE_X35Y25         CARRY4 (Prop_carry4_CI_CO[3])
                                                      0.114    18.328 r  design_1_i/top_0/inst/inst_svpwm/driver_inst/HB1_mult_reg0_carry__4/CO[3]
                         net (fo=1, routed)           0.000    18.328    design_1_i/top_0/inst/inst_svpwm/driver_inst/HB1_mult_reg0_carry__4_n_0
    SLICE_X35Y26         CARRY4 (Prop_carry4_CI_O[3])
                                                      0.313    18.641 r  design_1_i/top_0/inst/inst_svpwm/driver_inst/HB1_mult_reg0_carry__5/O[3]
                         net (fo=3, routed)           1.772    20.413    design_1_i/top_0/inst/inst_svpwm/driver_inst/HB1/data2[8]
    SLICE_X78Y33         LUT5 (Prop_lut5_I0_O)        0.306    20.719 r  design_1_i/top_0/inst/inst_svpwm/driver_inst/HB1/duty_cycle_latch[8]_i_2/O
                         net (fo=2, routed)           0.456    21.175    design_1_i/top_0/inst/inst_svpwm/driver_inst/HB1/sig_delay_reg[1]_6
    SLICE_X72Y33         LUT5 (Prop_lut5_I0_O)        0.124    21.299 r  design_1_i/top_0/inst/inst_svpwm/driver_inst/HB1/duty_cycle_latch[8]_i_1__1/O
                         net (fo=1, routed)           0.000    21.299    design_1_i/top_0/inst/inst_svpwm/driver_inst/HB1/HB1_mult_reg[43]
    SLICE_X72Y33         FDRE                                         r  design_1_i/top_0/inst/inst_svpwm/driver_inst/HB1/duty_cycle_latch_reg[8]/D
  -------------------------------------------------------------------    -------------------

                         (clock clk_fpga_0 rise edge)
                                                     20.000    20.000 r  
    PS7_X0Y0             PS7                          0.000    20.000 r  design_1_i/processing_system7_0/inst/PS7_i/FCLKCLK[0]
                         net (fo=1, routed)           1.088    21.088    design_1_i/processing_system7_0/inst/FCLK_CLK_unbuffered[0]
    BUFGCTRL_X0Y16       BUFG (Prop_bufg_I_O)         0.091    21.179 r  design_1_i/processing_system7_0/inst/buffer_fclk_clk_0.FCLK_CLK_0_BUFG/O
                         net (fo=4065, routed)        1.552    22.732    design_1_i/top_0/inst/inst_svpwm/driver_inst/HB1/clk
    SLICE_X72Y33         FDRE                                         r  design_1_i/top_0/inst/inst_svpwm/driver_inst/HB1/duty_cycle_latch_reg[8]/C
                         clock pessimism              0.230    22.961    
                         clock uncertainty           -0.302    22.659    
    SLICE_X72Y33         FDRE (Setup_fdre_C_D)        0.031    22.690    design_1_i/top_0/inst/inst_svpwm/driver_inst/HB1/duty_cycle_latch_reg[8]
  -------------------------------------------------------------------
                         required time                         22.690    
                         arrival time                         -21.299    
  -------------------------------------------------------------------
                         slack                                  1.391    

Slack (MET) :             1.418ns  (required time - arrival time)
  Source:                 design_1_i/top_0/inst/inst_svpwm/time_processor_inst/t2_int_reg[12]/C
                            (rising edge-triggered cell FDRE clocked by clk_fpga_0  {rise@0.000ns fall@10.000ns period=20.000ns})
  Destination:            design_1_i/top_0/inst/inst_svpwm/driver_inst/HB2/duty_cycle_latch_reg[13]/D
                            (rising edge-triggered cell FDRE clocked by clk_fpga_0  {rise@0.000ns fall@10.000ns period=20.000ns})
  Path Group:             clk_fpga_0
  Path Type:              Setup (Max at Slow Process Corner)
  Requirement:            20.000ns  (clk_fpga_0 rise@20.000ns - clk_fpga_0 rise@0.000ns)
  Data Path Delay:        18.250ns  (logic 11.387ns (62.395%)  route 6.863ns (37.605%))
  Logic Levels:           27  (CARRY4=19 DSP48E1=2 LUT2=1 LUT3=1 LUT4=2 LUT5=1 LUT6=1)
  Clock Path Skew:        -0.061ns (DCD - SCD + CPR)
    Destination Clock Delay (DCD):    2.730ns = ( 22.729 - 20.000 ) 
    Source Clock Delay      (SCD):    3.020ns
    Clock Pessimism Removal (CPR):    0.230ns
  Clock Uncertainty:      0.302ns  ((TSJ^2 + TIJ^2)^1/2 + DJ) / 2 + PE
    Total System Jitter     (TSJ):    0.071ns
    Total Input Jitter      (TIJ):    0.600ns
    Discrete Jitter          (DJ):    0.000ns
    Phase Error              (PE):    0.000ns

    Location             Delay type                Incr(ns)  Path(ns)    Netlist Resource(s)
  -------------------------------------------------------------------    -------------------
                         (clock clk_fpga_0 rise edge)
                                                      0.000     0.000 r  
    PS7_X0Y0             PS7                          0.000     0.000 r  design_1_i/processing_system7_0/inst/PS7_i/FCLKCLK[0]
                         net (fo=1, routed)           1.193     1.193    design_1_i/processing_system7_0/inst/FCLK_CLK_unbuffered[0]
    BUFGCTRL_X0Y16       BUFG (Prop_bufg_I_O)         0.101     1.294 r  design_1_i/processing_system7_0/inst/buffer_fclk_clk_0.FCLK_CLK_0_BUFG/O
                         net (fo=4065, routed)        1.726     3.020    design_1_i/top_0/inst/inst_svpwm/time_processor_inst/clk
    SLICE_X84Y20         FDRE                                         r  design_1_i/top_0/inst/inst_svpwm/time_processor_inst/t2_int_reg[12]/C
  -------------------------------------------------------------------    -------------------
    SLICE_X84Y20         FDRE (Prop_fdre_C_Q)         0.456     3.476 r  design_1_i/top_0/inst/inst_svpwm/time_processor_inst/t2_int_reg[12]/Q
                         net (fo=4, routed)           1.016     4.492    design_1_i/top_0/inst/inst_svpwm/time_processor_inst/t2_int_reg_n_0_[12]
    SLICE_X79Y19         LUT4 (Prop_lut4_I0_O)        0.124     4.616 r  design_1_i/top_0/inst/inst_svpwm/time_processor_inst/HB1_mult_reg0__9_i_80/O
                         net (fo=1, routed)           0.000     4.616    design_1_i/top_0/inst/inst_svpwm/time_processor_inst/HB1_mult_reg0__9_i_80_n_0
    SLICE_X79Y19         CARRY4 (Prop_carry4_S[1]_CO[3])
                                                      0.550     5.166 r  design_1_i/top_0/inst/inst_svpwm/time_processor_inst/HB1_mult_reg0__9_i_65/CO[3]
                         net (fo=1, routed)           0.000     5.166    design_1_i/top_0/inst/inst_svpwm/time_processor_inst/HB1_mult_reg0__9_i_65_n_0
    SLICE_X79Y20         CARRY4 (Prop_carry4_CI_CO[3])
                                                      0.114     5.280 r  design_1_i/top_0/inst/inst_svpwm/time_processor_inst/HB1_mult_reg0__9_i_56/CO[3]
                         net (fo=1, routed)           0.000     5.280    design_1_i/top_0/inst/inst_svpwm/time_processor_inst/HB1_mult_reg0__9_i_56_n_0
    SLICE_X79Y21         CARRY4 (Prop_carry4_CI_CO[3])
                                                      0.114     5.394 r  design_1_i/top_0/inst/inst_svpwm/time_processor_inst/HB1_mult_reg0__9_i_47/CO[3]
                         net (fo=1, routed)           0.000     5.394    design_1_i/top_0/inst/inst_svpwm/time_processor_inst/HB1_mult_reg0__9_i_47_n_0
    SLICE_X79Y22         CARRY4 (Prop_carry4_CI_CO[3])
                                                      0.114     5.508 r  design_1_i/top_0/inst/inst_svpwm/time_processor_inst/HB1_mult_reg0__9_i_38/CO[3]
                         net (fo=1, routed)           0.000     5.508    design_1_i/top_0/inst/inst_svpwm/time_processor_inst/HB1_mult_reg0__9_i_38_n_0
    SLICE_X79Y23         CARRY4 (Prop_carry4_CI_CO[3])
                                                      0.114     5.622 r  design_1_i/top_0/inst/inst_svpwm/time_processor_inst/HB1_mult_reg0__9_i_29/CO[3]
                         net (fo=1, routed)           0.000     5.622    design_1_i/top_0/inst/inst_svpwm/time_processor_inst/HB1_mult_reg0__9_i_29_n_0
    SLICE_X79Y24         CARRY4 (Prop_carry4_CI_CO[3])
                                                      0.114     5.736 r  design_1_i/top_0/inst/inst_svpwm/time_processor_inst/HB1_mult_reg0__9_i_4/CO[3]
                         net (fo=1, routed)           0.009     5.745    design_1_i/top_0/inst/inst_svpwm/time_processor_inst/HB1_mult_reg0__9_i_4_n_0
    SLICE_X79Y25         CARRY4 (Prop_carry4_CI_CO[3])
                                                      0.114     5.859 r  design_1_i/top_0/inst/inst_svpwm/time_processor_inst/HB1_mult_reg0__9_i_3/CO[3]
                         net (fo=1, routed)           0.000     5.859    design_1_i/top_0/inst/inst_svpwm/time_processor_inst/HB1_mult_reg0__9_i_3_n_0
    SLICE_X79Y26         CARRY4 (Prop_carry4_CI_O[1])
                                                      0.334     6.193 r  design_1_i/top_0/inst/inst_svpwm/time_processor_inst/HB1_mult_reg0__9_i_2/O[1]
                         net (fo=6, routed)           0.835     7.028    design_1_i/top_0/inst/inst_svpwm/time_processor_inst/t0[8]
    SLICE_X78Y25         LUT3 (Prop_lut3_I1_O)        0.331     7.359 r  design_1_i/top_0/inst/inst_svpwm/time_processor_inst/HB1_mult_reg1__1_carry__1_i_3/O
                         net (fo=2, routed)           0.484     7.842    design_1_i/top_0/inst/inst_svpwm/time_processor_inst/t2_int_reg[42]_0[1]
    SLICE_X78Y25         LUT4 (Prop_lut4_I3_O)        0.326     8.168 r  design_1_i/top_0/inst/inst_svpwm/time_processor_inst/HB1_mult_reg1__1_carry__1_i_7/O
                         net (fo=1, routed)           0.000     8.168    design_1_i/top_0/inst/inst_svpwm/driver_inst/HB1_mult_reg0__1_3[1]
    SLICE_X78Y25         CARRY4 (Prop_carry4_S[1]_CO[3])
                                                      0.550     8.718 r  design_1_i/top_0/inst/inst_svpwm/driver_inst/HB1_mult_reg1__1_carry__1/CO[3]
                         net (fo=1, routed)           0.000     8.718    design_1_i/top_0/inst/inst_svpwm/driver_inst/HB1_mult_reg1__1_carry__1_n_0
    SLICE_X78Y26         CARRY4 (Prop_carry4_CI_O[1])
                                                      0.334     9.052 r  design_1_i/top_0/inst/inst_svpwm/driver_inst/HB1_mult_reg1__1_carry__2/O[1]
                         net (fo=1, routed)           1.673    10.725    design_1_i/top_0/inst/inst_svpwm/driver_inst/HB1_mult_reg1[13]
    DSP48_X2Y8           DSP48E1 (Prop_dsp48e1_A[13]_PCOUT[47])
                                                      4.215    14.940 r  design_1_i/top_0/inst/inst_svpwm/driver_inst/HB1_mult_reg0__1/PCOUT[47]
                         net (fo=1, routed)           0.002    14.942    design_1_i/top_0/inst/inst_svpwm/driver_inst/HB1_mult_reg0__1_n_106
    DSP48_X2Y9           DSP48E1 (Prop_dsp48e1_PCIN[47]_P[1])
                                                      1.518    16.460 r  design_1_i/top_0/inst/inst_svpwm/driver_inst/HB1_mult_reg0__2/P[1]
                         net (fo=2, routed)           0.766    17.227    design_1_i/top_0/inst/inst_svpwm/driver_inst/p_1_in[18]
    SLICE_X35Y20         LUT2 (Prop_lut2_I0_O)        0.124    17.351 r  design_1_i/top_0/inst/inst_svpwm/driver_inst/HB1_mult_reg0_carry_i_2/O
                         net (fo=1, routed)           0.000    17.351    design_1_i/top_0/inst/inst_svpwm/driver_inst/HB1_mult_reg0_carry_i_2_n_0
    SLICE_X35Y20         CARRY4 (Prop_carry4_S[2]_CO[3])
                                                      0.398    17.749 r  design_1_i/top_0/inst/inst_svpwm/driver_inst/HB1_mult_reg0_carry/CO[3]
                         net (fo=1, routed)           0.000    17.749    design_1_i/top_0/inst/inst_svpwm/driver_inst/HB1_mult_reg0_carry_n_0
    SLICE_X35Y21         CARRY4 (Prop_carry4_CI_CO[3])
                                                      0.114    17.863 r  design_1_i/top_0/inst/inst_svpwm/driver_inst/HB1_mult_reg0_carry__0/CO[3]
                         net (fo=1, routed)           0.000    17.863    design_1_i/top_0/inst/inst_svpwm/driver_inst/HB1_mult_reg0_carry__0_n_0
    SLICE_X35Y22         CARRY4 (Prop_carry4_CI_CO[3])
                                                      0.114    17.977 r  design_1_i/top_0/inst/inst_svpwm/driver_inst/HB1_mult_reg0_carry__1/CO[3]
                         net (fo=1, routed)           0.000    17.977    design_1_i/top_0/inst/inst_svpwm/driver_inst/HB1_mult_reg0_carry__1_n_0
    SLICE_X35Y23         CARRY4 (Prop_carry4_CI_CO[3])
                                                      0.114    18.091 r  design_1_i/top_0/inst/inst_svpwm/driver_inst/HB1_mult_reg0_carry__2/CO[3]
                         net (fo=1, routed)           0.000    18.091    design_1_i/top_0/inst/inst_svpwm/driver_inst/HB1_mult_reg0_carry__2_n_0
    SLICE_X35Y24         CARRY4 (Prop_carry4_CI_CO[3])
                                                      0.114    18.205 r  design_1_i/top_0/inst/inst_svpwm/driver_inst/HB1_mult_reg0_carry__3/CO[3]
                         net (fo=1, routed)           0.009    18.214    design_1_i/top_0/inst/inst_svpwm/driver_inst/HB1_mult_reg0_carry__3_n_0
    SLICE_X35Y25         CARRY4 (Prop_carry4_CI_CO[3])
                                                      0.114    18.328 r  design_1_i/top_0/inst/inst_svpwm/driver_inst/HB1_mult_reg0_carry__4/CO[3]
                         net (fo=1, routed)           0.000    18.328    design_1_i/top_0/inst/inst_svpwm/driver_inst/HB1_mult_reg0_carry__4_n_0
    SLICE_X35Y26         CARRY4 (Prop_carry4_CI_CO[3])
                                                      0.114    18.442 r  design_1_i/top_0/inst/inst_svpwm/driver_inst/HB1_mult_reg0_carry__5/CO[3]
                         net (fo=1, routed)           0.000    18.442    design_1_i/top_0/inst/inst_svpwm/driver_inst/HB1_mult_reg0_carry__5_n_0
    SLICE_X35Y27         CARRY4 (Prop_carry4_CI_CO[3])
                                                      0.114    18.556 r  design_1_i/top_0/inst/inst_svpwm/driver_inst/HB1_mult_reg0_carry__6/CO[3]
                         net (fo=1, routed)           0.000    18.556    design_1_i/top_0/inst/inst_svpwm/driver_inst/HB1_mult_reg0_carry__6_n_0
    SLICE_X35Y28         CARRY4 (Prop_carry4_CI_O[0])
                                                      0.222    18.778 r  design_1_i/top_0/inst/inst_svpwm/driver_inst/HB1_mult_reg0_carry__7/O[0]
                         net (fo=3, routed)           1.475    20.253    design_1_i/top_0/inst/inst_svpwm/driver_inst/HB1/data2[13]
    SLICE_X66Y32         LUT5 (Prop_lut5_I0_O)        0.299    20.552 r  design_1_i/top_0/inst/inst_svpwm/driver_inst/HB1/duty_cycle_latch[13]_i_2/O
                         net (fo=2, routed)           0.594    21.146    design_1_i/top_0/inst/inst_svpwm/time_processor_inst/shift_reg_sector/duty_cycle_latch_reg[13]
    SLICE_X71Y32         LUT6 (Prop_lut6_I5_O)        0.124    21.270 r  design_1_i/top_0/inst/inst_svpwm/time_processor_inst/shift_reg_sector/duty_cycle_latch[13]_i_1/O
                         net (fo=1, routed)           0.000    21.270    design_1_i/top_0/inst/inst_svpwm/driver_inst/HB2/D[13]
    SLICE_X71Y32         FDRE                                         r  design_1_i/top_0/inst/inst_svpwm/driver_inst/HB2/duty_cycle_latch_reg[13]/D
  -------------------------------------------------------------------    -------------------

                         (clock clk_fpga_0 rise edge)
                                                     20.000    20.000 r  
    PS7_X0Y0             PS7                          0.000    20.000 r  design_1_i/processing_system7_0/inst/PS7_i/FCLKCLK[0]
                         net (fo=1, routed)           1.088    21.088    design_1_i/processing_system7_0/inst/FCLK_CLK_unbuffered[0]
    BUFGCTRL_X0Y16       BUFG (Prop_bufg_I_O)         0.091    21.179 r  design_1_i/processing_system7_0/inst/buffer_fclk_clk_0.FCLK_CLK_0_BUFG/O
                         net (fo=4065, routed)        1.550    22.729    design_1_i/top_0/inst/inst_svpwm/driver_inst/HB2/clk
    SLICE_X71Y32         FDRE                                         r  design_1_i/top_0/inst/inst_svpwm/driver_inst/HB2/duty_cycle_latch_reg[13]/C
                         clock pessimism              0.230    22.959    
                         clock uncertainty           -0.302    22.657    
    SLICE_X71Y32         FDRE (Setup_fdre_C_D)        0.031    22.688    design_1_i/top_0/inst/inst_svpwm/driver_inst/HB2/duty_cycle_latch_reg[13]
  -------------------------------------------------------------------
                         required time                         22.688    
                         arrival time                         -21.270    
  -------------------------------------------------------------------
                         slack                                  1.418    

Slack (MET) :             1.424ns  (required time - arrival time)
  Source:                 design_1_i/top_0/inst/inst_svpwm/time_processor_inst/t2_int_reg[12]/C
                            (rising edge-triggered cell FDRE clocked by clk_fpga_0  {rise@0.000ns fall@10.000ns period=20.000ns})
  Destination:            design_1_i/top_0/inst/inst_svpwm/driver_inst/HB1/duty_cycle_latch_reg[13]/D
                            (rising edge-triggered cell FDRE clocked by clk_fpga_0  {rise@0.000ns fall@10.000ns period=20.000ns})
  Path Group:             clk_fpga_0
  Path Type:              Setup (Max at Slow Process Corner)
  Requirement:            20.000ns  (clk_fpga_0 rise@20.000ns - clk_fpga_0 rise@0.000ns)
  Data Path Delay:        18.241ns  (logic 11.387ns (62.426%)  route 6.854ns (37.574%))
  Logic Levels:           27  (CARRY4=19 DSP48E1=2 LUT2=1 LUT3=1 LUT4=2 LUT5=2)
  Clock Path Skew:        -0.064ns (DCD - SCD + CPR)
    Destination Clock Delay (DCD):    2.726ns = ( 22.726 - 20.000 ) 
    Source Clock Delay      (SCD):    3.020ns
    Clock Pessimism Removal (CPR):    0.230ns
  Clock Uncertainty:      0.302ns  ((TSJ^2 + TIJ^2)^1/2 + DJ) / 2 + PE
    Total System Jitter     (TSJ):    0.071ns
    Total Input Jitter      (TIJ):    0.600ns
    Discrete Jitter          (DJ):    0.000ns
    Phase Error              (PE):    0.000ns

    Location             Delay type                Incr(ns)  Path(ns)    Netlist Resource(s)
  -------------------------------------------------------------------    -------------------
                         (clock clk_fpga_0 rise edge)
                                                      0.000     0.000 r  
    PS7_X0Y0             PS7                          0.000     0.000 r  design_1_i/processing_system7_0/inst/PS7_i/FCLKCLK[0]
                         net (fo=1, routed)           1.193     1.193    design_1_i/processing_system7_0/inst/FCLK_CLK_unbuffered[0]
    BUFGCTRL_X0Y16       BUFG (Prop_bufg_I_O)         0.101     1.294 r  design_1_i/processing_system7_0/inst/buffer_fclk_clk_0.FCLK_CLK_0_BUFG/O
                         net (fo=4065, routed)        1.726     3.020    design_1_i/top_0/inst/inst_svpwm/time_processor_inst/clk
    SLICE_X84Y20         FDRE                                         r  design_1_i/top_0/inst/inst_svpwm/time_processor_inst/t2_int_reg[12]/C
  -------------------------------------------------------------------    -------------------
    SLICE_X84Y20         FDRE (Prop_fdre_C_Q)         0.456     3.476 r  design_1_i/top_0/inst/inst_svpwm/time_processor_inst/t2_int_reg[12]/Q
                         net (fo=4, routed)           1.016     4.492    design_1_i/top_0/inst/inst_svpwm/time_processor_inst/t2_int_reg_n_0_[12]
    SLICE_X79Y19         LUT4 (Prop_lut4_I0_O)        0.124     4.616 r  design_1_i/top_0/inst/inst_svpwm/time_processor_inst/HB1_mult_reg0__9_i_80/O
                         net (fo=1, routed)           0.000     4.616    design_1_i/top_0/inst/inst_svpwm/time_processor_inst/HB1_mult_reg0__9_i_80_n_0
    SLICE_X79Y19         CARRY4 (Prop_carry4_S[1]_CO[3])
                                                      0.550     5.166 r  design_1_i/top_0/inst/inst_svpwm/time_processor_inst/HB1_mult_reg0__9_i_65/CO[3]
                         net (fo=1, routed)           0.000     5.166    design_1_i/top_0/inst/inst_svpwm/time_processor_inst/HB1_mult_reg0__9_i_65_n_0
    SLICE_X79Y20         CARRY4 (Prop_carry4_CI_CO[3])
                                                      0.114     5.280 r  design_1_i/top_0/inst/inst_svpwm/time_processor_inst/HB1_mult_reg0__9_i_56/CO[3]
                         net (fo=1, routed)           0.000     5.280    design_1_i/top_0/inst/inst_svpwm/time_processor_inst/HB1_mult_reg0__9_i_56_n_0
    SLICE_X79Y21         CARRY4 (Prop_carry4_CI_CO[3])
                                                      0.114     5.394 r  design_1_i/top_0/inst/inst_svpwm/time_processor_inst/HB1_mult_reg0__9_i_47/CO[3]
                         net (fo=1, routed)           0.000     5.394    design_1_i/top_0/inst/inst_svpwm/time_processor_inst/HB1_mult_reg0__9_i_47_n_0
    SLICE_X79Y22         CARRY4 (Prop_carry4_CI_CO[3])
                                                      0.114     5.508 r  design_1_i/top_0/inst/inst_svpwm/time_processor_inst/HB1_mult_reg0__9_i_38/CO[3]
                         net (fo=1, routed)           0.000     5.508    design_1_i/top_0/inst/inst_svpwm/time_processor_inst/HB1_mult_reg0__9_i_38_n_0
    SLICE_X79Y23         CARRY4 (Prop_carry4_CI_CO[3])
                                                      0.114     5.622 r  design_1_i/top_0/inst/inst_svpwm/time_processor_inst/HB1_mult_reg0__9_i_29/CO[3]
                         net (fo=1, routed)           0.000     5.622    design_1_i/top_0/inst/inst_svpwm/time_processor_inst/HB1_mult_reg0__9_i_29_n_0
    SLICE_X79Y24         CARRY4 (Prop_carry4_CI_CO[3])
                                                      0.114     5.736 r  design_1_i/top_0/inst/inst_svpwm/time_processor_inst/HB1_mult_reg0__9_i_4/CO[3]
                         net (fo=1, routed)           0.009     5.745    design_1_i/top_0/inst/inst_svpwm/time_processor_inst/HB1_mult_reg0__9_i_4_n_0
    SLICE_X79Y25         CARRY4 (Prop_carry4_CI_CO[3])
                                                      0.114     5.859 r  design_1_i/top_0/inst/inst_svpwm/time_processor_inst/HB1_mult_reg0__9_i_3/CO[3]
                         net (fo=1, routed)           0.000     5.859    design_1_i/top_0/inst/inst_svpwm/time_processor_inst/HB1_mult_reg0__9_i_3_n_0
    SLICE_X79Y26         CARRY4 (Prop_carry4_CI_O[1])
                                                      0.334     6.193 r  design_1_i/top_0/inst/inst_svpwm/time_processor_inst/HB1_mult_reg0__9_i_2/O[1]
                         net (fo=6, routed)           0.835     7.028    design_1_i/top_0/inst/inst_svpwm/time_processor_inst/t0[8]
    SLICE_X78Y25         LUT3 (Prop_lut3_I1_O)        0.331     7.359 r  design_1_i/top_0/inst/inst_svpwm/time_processor_inst/HB1_mult_reg1__1_carry__1_i_3/O
                         net (fo=2, routed)           0.484     7.842    design_1_i/top_0/inst/inst_svpwm/time_processor_inst/t2_int_reg[42]_0[1]
    SLICE_X78Y25         LUT4 (Prop_lut4_I3_O)        0.326     8.168 r  design_1_i/top_0/inst/inst_svpwm/time_processor_inst/HB1_mult_reg1__1_carry__1_i_7/O
                         net (fo=1, routed)           0.000     8.168    design_1_i/top_0/inst/inst_svpwm/driver_inst/HB1_mult_reg0__1_3[1]
    SLICE_X78Y25         CARRY4 (Prop_carry4_S[1]_CO[3])
                                                      0.550     8.718 r  design_1_i/top_0/inst/inst_svpwm/driver_inst/HB1_mult_reg1__1_carry__1/CO[3]
                         net (fo=1, routed)           0.000     8.718    design_1_i/top_0/inst/inst_svpwm/driver_inst/HB1_mult_reg1__1_carry__1_n_0
    SLICE_X78Y26         CARRY4 (Prop_carry4_CI_O[1])
                                                      0.334     9.052 r  design_1_i/top_0/inst/inst_svpwm/driver_inst/HB1_mult_reg1__1_carry__2/O[1]
                         net (fo=1, routed)           1.673    10.725    design_1_i/top_0/inst/inst_svpwm/driver_inst/HB1_mult_reg1[13]
    DSP48_X2Y8           DSP48E1 (Prop_dsp48e1_A[13]_PCOUT[47])
                                                      4.215    14.940 r  design_1_i/top_0/inst/inst_svpwm/driver_inst/HB1_mult_reg0__1/PCOUT[47]
                         net (fo=1, routed)           0.002    14.942    design_1_i/top_0/inst/inst_svpwm/driver_inst/HB1_mult_reg0__1_n_106
    DSP48_X2Y9           DSP48E1 (Prop_dsp48e1_PCIN[47]_P[1])
                                                      1.518    16.460 r  design_1_i/top_0/inst/inst_svpwm/driver_inst/HB1_mult_reg0__2/P[1]
                         net (fo=2, routed)           0.766    17.227    design_1_i/top_0/inst/inst_svpwm/driver_inst/p_1_in[18]
    SLICE_X35Y20         LUT2 (Prop_lut2_I0_O)        0.124    17.351 r  design_1_i/top_0/inst/inst_svpwm/driver_inst/HB1_mult_reg0_carry_i_2/O
                         net (fo=1, routed)           0.000    17.351    design_1_i/top_0/inst/inst_svpwm/driver_inst/HB1_mult_reg0_carry_i_2_n_0
    SLICE_X35Y20         CARRY4 (Prop_carry4_S[2]_CO[3])
                                                      0.398    17.749 r  design_1_i/top_0/inst/inst_svpwm/driver_inst/HB1_mult_reg0_carry/CO[3]
                         net (fo=1, routed)           0.000    17.749    design_1_i/top_0/inst/inst_svpwm/driver_inst/HB1_mult_reg0_carry_n_0
    SLICE_X35Y21         CARRY4 (Prop_carry4_CI_CO[3])
                                                      0.114    17.863 r  design_1_i/top_0/inst/inst_svpwm/driver_inst/HB1_mult_reg0_carry__0/CO[3]
                         net (fo=1, routed)           0.000    17.863    design_1_i/top_0/inst/inst_svpwm/driver_inst/HB1_mult_reg0_carry__0_n_0
    SLICE_X35Y22         CARRY4 (Prop_carry4_CI_CO[3])
                                                      0.114    17.977 r  design_1_i/top_0/inst/inst_svpwm/driver_inst/HB1_mult_reg0_carry__1/CO[3]
                         net (fo=1, routed)           0.000    17.977    design_1_i/top_0/inst/inst_svpwm/driver_inst/HB1_mult_reg0_carry__1_n_0
    SLICE_X35Y23         CARRY4 (Prop_carry4_CI_CO[3])
                                                      0.114    18.091 r  design_1_i/top_0/inst/inst_svpwm/driver_inst/HB1_mult_reg0_carry__2/CO[3]
                         net (fo=1, routed)           0.000    18.091    design_1_i/top_0/inst/inst_svpwm/driver_inst/HB1_mult_reg0_carry__2_n_0
    SLICE_X35Y24         CARRY4 (Prop_carry4_CI_CO[3])
                                                      0.114    18.205 r  design_1_i/top_0/inst/inst_svpwm/driver_inst/HB1_mult_reg0_carry__3/CO[3]
                         net (fo=1, routed)           0.009    18.214    design_1_i/top_0/inst/inst_svpwm/driver_inst/HB1_mult_reg0_carry__3_n_0
    SLICE_X35Y25         CARRY4 (Prop_carry4_CI_CO[3])
                                                      0.114    18.328 r  design_1_i/top_0/inst/inst_svpwm/driver_inst/HB1_mult_reg0_carry__4/CO[3]
                         net (fo=1, routed)           0.000    18.328    design_1_i/top_0/inst/inst_svpwm/driver_inst/HB1_mult_reg0_carry__4_n_0
    SLICE_X35Y26         CARRY4 (Prop_carry4_CI_CO[3])
                                                      0.114    18.442 r  design_1_i/top_0/inst/inst_svpwm/driver_inst/HB1_mult_reg0_carry__5/CO[3]
                         net (fo=1, routed)           0.000    18.442    design_1_i/top_0/inst/inst_svpwm/driver_inst/HB1_mult_reg0_carry__5_n_0
    SLICE_X35Y27         CARRY4 (Prop_carry4_CI_CO[3])
                                                      0.114    18.556 r  design_1_i/top_0/inst/inst_svpwm/driver_inst/HB1_mult_reg0_carry__6/CO[3]
                         net (fo=1, routed)           0.000    18.556    design_1_i/top_0/inst/inst_svpwm/driver_inst/HB1_mult_reg0_carry__6_n_0
    SLICE_X35Y28         CARRY4 (Prop_carry4_CI_O[0])
                                                      0.222    18.778 r  design_1_i/top_0/inst/inst_svpwm/driver_inst/HB1_mult_reg0_carry__7/O[0]
                         net (fo=3, routed)           1.475    20.253    design_1_i/top_0/inst/inst_svpwm/driver_inst/HB1/data2[13]
    SLICE_X66Y32         LUT5 (Prop_lut5_I0_O)        0.299    20.552 r  design_1_i/top_0/inst/inst_svpwm/driver_inst/HB1/duty_cycle_latch[13]_i_2/O
                         net (fo=2, routed)           0.585    21.137    design_1_i/top_0/inst/inst_svpwm/driver_inst/HB1/sig_delay_reg[1]_1
    SLICE_X65Y31         LUT5 (Prop_lut5_I0_O)        0.124    21.261 r  design_1_i/top_0/inst/inst_svpwm/driver_inst/HB1/duty_cycle_latch[13]_i_1__1/O
                         net (fo=1, routed)           0.000    21.261    design_1_i/top_0/inst/inst_svpwm/driver_inst/HB1/HB1_mult_reg[48]
    SLICE_X65Y31         FDRE                                         r  design_1_i/top_0/inst/inst_svpwm/driver_inst/HB1/duty_cycle_latch_reg[13]/D
  -------------------------------------------------------------------    -------------------

                         (clock clk_fpga_0 rise edge)
                                                     20.000    20.000 r  
    PS7_X0Y0             PS7                          0.000    20.000 r  design_1_i/processing_system7_0/inst/PS7_i/FCLKCLK[0]
                         net (fo=1, routed)           1.088    21.088    design_1_i/processing_system7_0/inst/FCLK_CLK_unbuffered[0]
    BUFGCTRL_X0Y16       BUFG (Prop_bufg_I_O)         0.091    21.179 r  design_1_i/processing_system7_0/inst/buffer_fclk_clk_0.FCLK_CLK_0_BUFG/O
                         net (fo=4065, routed)        1.547    22.726    design_1_i/top_0/inst/inst_svpwm/driver_inst/HB1/clk
    SLICE_X65Y31         FDRE                                         r  design_1_i/top_0/inst/inst_svpwm/driver_inst/HB1/duty_cycle_latch_reg[13]/C
                         clock pessimism              0.230    22.956    
                         clock uncertainty           -0.302    22.654    
    SLICE_X65Y31         FDRE (Setup_fdre_C_D)        0.031    22.685    design_1_i/top_0/inst/inst_svpwm/driver_inst/HB1/duty_cycle_latch_reg[13]
  -------------------------------------------------------------------
                         required time                         22.685    
                         arrival time                         -21.261    
  -------------------------------------------------------------------
                         slack                                  1.424    

Slack (MET) :             1.434ns  (required time - arrival time)
  Source:                 design_1_i/top_0/inst/inst_svpwm/time_processor_inst/t2_int_reg[12]/C
                            (rising edge-triggered cell FDRE clocked by clk_fpga_0  {rise@0.000ns fall@10.000ns period=20.000ns})
  Destination:            design_1_i/top_0/inst/inst_svpwm/driver_inst/HB1/duty_cycle_latch_reg[11]/D
                            (rising edge-triggered cell FDRE clocked by clk_fpga_0  {rise@0.000ns fall@10.000ns period=20.000ns})
  Path Group:             clk_fpga_0
  Path Type:              Setup (Max at Slow Process Corner)
  Requirement:            20.000ns  (clk_fpga_0 rise@20.000ns - clk_fpga_0 rise@0.000ns)
  Data Path Delay:        18.234ns  (logic 11.293ns (61.935%)  route 6.941ns (38.066%))
  Logic Levels:           26  (CARRY4=18 DSP48E1=2 LUT2=1 LUT3=1 LUT4=2 LUT5=2)
  Clock Path Skew:        -0.059ns (DCD - SCD + CPR)
    Destination Clock Delay (DCD):    2.731ns = ( 22.732 - 20.000 ) 
    Source Clock Delay      (SCD):    3.020ns
    Clock Pessimism Removal (CPR):    0.230ns
  Clock Uncertainty:      0.302ns  ((TSJ^2 + TIJ^2)^1/2 + DJ) / 2 + PE
    Total System Jitter     (TSJ):    0.071ns
    Total Input Jitter      (TIJ):    0.600ns
    Discrete Jitter          (DJ):    0.000ns
    Phase Error              (PE):    0.000ns

    Location             Delay type                Incr(ns)  Path(ns)    Netlist Resource(s)
  -------------------------------------------------------------------    -------------------
                         (clock clk_fpga_0 rise edge)
                                                      0.000     0.000 r  
    PS7_X0Y0             PS7                          0.000     0.000 r  design_1_i/processing_system7_0/inst/PS7_i/FCLKCLK[0]
                         net (fo=1, routed)           1.193     1.193    design_1_i/processing_system7_0/inst/FCLK_CLK_unbuffered[0]
    BUFGCTRL_X0Y16       BUFG (Prop_bufg_I_O)         0.101     1.294 r  design_1_i/processing_system7_0/inst/buffer_fclk_clk_0.FCLK_CLK_0_BUFG/O
                         net (fo=4065, routed)        1.726     3.020    design_1_i/top_0/inst/inst_svpwm/time_processor_inst/clk
    SLICE_X84Y20         FDRE                                         r  design_1_i/top_0/inst/inst_svpwm/time_processor_inst/t2_int_reg[12]/C
  -------------------------------------------------------------------    -------------------
    SLICE_X84Y20         FDRE (Prop_fdre_C_Q)         0.456     3.476 r  design_1_i/top_0/inst/inst_svpwm/time_processor_inst/t2_int_reg[12]/Q
                         net (fo=4, routed)           1.016     4.492    design_1_i/top_0/inst/inst_svpwm/time_processor_inst/t2_int_reg_n_0_[12]
    SLICE_X79Y19         LUT4 (Prop_lut4_I0_O)        0.124     4.616 r  design_1_i/top_0/inst/inst_svpwm/time_processor_inst/HB1_mult_reg0__9_i_80/O
                         net (fo=1, routed)           0.000     4.616    design_1_i/top_0/inst/inst_svpwm/time_processor_inst/HB1_mult_reg0__9_i_80_n_0
    SLICE_X79Y19         CARRY4 (Prop_carry4_S[1]_CO[3])
                                                      0.550     5.166 r  design_1_i/top_0/inst/inst_svpwm/time_processor_inst/HB1_mult_reg0__9_i_65/CO[3]
                         net (fo=1, routed)           0.000     5.166    design_1_i/top_0/inst/inst_svpwm/time_processor_inst/HB1_mult_reg0__9_i_65_n_0
    SLICE_X79Y20         CARRY4 (Prop_carry4_CI_CO[3])
                                                      0.114     5.280 r  design_1_i/top_0/inst/inst_svpwm/time_processor_inst/HB1_mult_reg0__9_i_56/CO[3]
                         net (fo=1, routed)           0.000     5.280    design_1_i/top_0/inst/inst_svpwm/time_processor_inst/HB1_mult_reg0__9_i_56_n_0
    SLICE_X79Y21         CARRY4 (Prop_carry4_CI_CO[3])
                                                      0.114     5.394 r  design_1_i/top_0/inst/inst_svpwm/time_processor_inst/HB1_mult_reg0__9_i_47/CO[3]
                         net (fo=1, routed)           0.000     5.394    design_1_i/top_0/inst/inst_svpwm/time_processor_inst/HB1_mult_reg0__9_i_47_n_0
    SLICE_X79Y22         CARRY4 (Prop_carry4_CI_CO[3])
                                                      0.114     5.508 r  design_1_i/top_0/inst/inst_svpwm/time_processor_inst/HB1_mult_reg0__9_i_38/CO[3]
                         net (fo=1, routed)           0.000     5.508    design_1_i/top_0/inst/inst_svpwm/time_processor_inst/HB1_mult_reg0__9_i_38_n_0
    SLICE_X79Y23         CARRY4 (Prop_carry4_CI_CO[3])
                                                      0.114     5.622 r  design_1_i/top_0/inst/inst_svpwm/time_processor_inst/HB1_mult_reg0__9_i_29/CO[3]
                         net (fo=1, routed)           0.000     5.622    design_1_i/top_0/inst/inst_svpwm/time_processor_inst/HB1_mult_reg0__9_i_29_n_0
    SLICE_X79Y24         CARRY4 (Prop_carry4_CI_CO[3])
                                                      0.114     5.736 r  design_1_i/top_0/inst/inst_svpwm/time_processor_inst/HB1_mult_reg0__9_i_4/CO[3]
                         net (fo=1, routed)           0.009     5.745    design_1_i/top_0/inst/inst_svpwm/time_processor_inst/HB1_mult_reg0__9_i_4_n_0
    SLICE_X79Y25         CARRY4 (Prop_carry4_CI_CO[3])
                                                      0.114     5.859 r  design_1_i/top_0/inst/inst_svpwm/time_processor_inst/HB1_mult_reg0__9_i_3/CO[3]
                         net (fo=1, routed)           0.000     5.859    design_1_i/top_0/inst/inst_svpwm/time_processor_inst/HB1_mult_reg0__9_i_3_n_0
    SLICE_X79Y26         CARRY4 (Prop_carry4_CI_O[1])
                                                      0.334     6.193 r  design_1_i/top_0/inst/inst_svpwm/time_processor_inst/HB1_mult_reg0__9_i_2/O[1]
                         net (fo=6, routed)           0.835     7.028    design_1_i/top_0/inst/inst_svpwm/time_processor_inst/t0[8]
    SLICE_X78Y25         LUT3 (Prop_lut3_I1_O)        0.331     7.359 r  design_1_i/top_0/inst/inst_svpwm/time_processor_inst/HB1_mult_reg1__1_carry__1_i_3/O
                         net (fo=2, routed)           0.484     7.842    design_1_i/top_0/inst/inst_svpwm/time_processor_inst/t2_int_reg[42]_0[1]
    SLICE_X78Y25         LUT4 (Prop_lut4_I3_O)        0.326     8.168 r  design_1_i/top_0/inst/inst_svpwm/time_processor_inst/HB1_mult_reg1__1_carry__1_i_7/O
                         net (fo=1, routed)           0.000     8.168    design_1_i/top_0/inst/inst_svpwm/driver_inst/HB1_mult_reg0__1_3[1]
    SLICE_X78Y25         CARRY4 (Prop_carry4_S[1]_CO[3])
                                                      0.550     8.718 r  design_1_i/top_0/inst/inst_svpwm/driver_inst/HB1_mult_reg1__1_carry__1/CO[3]
                         net (fo=1, routed)           0.000     8.718    design_1_i/top_0/inst/inst_svpwm/driver_inst/HB1_mult_reg1__1_carry__1_n_0
    SLICE_X78Y26         CARRY4 (Prop_carry4_CI_O[1])
                                                      0.334     9.052 r  design_1_i/top_0/inst/inst_svpwm/driver_inst/HB1_mult_reg1__1_carry__2/O[1]
                         net (fo=1, routed)           1.673    10.725    design_1_i/top_0/inst/inst_svpwm/driver_inst/HB1_mult_reg1[13]
    DSP48_X2Y8           DSP48E1 (Prop_dsp48e1_A[13]_PCOUT[47])
                                                      4.215    14.940 r  design_1_i/top_0/inst/inst_svpwm/driver_inst/HB1_mult_reg0__1/PCOUT[47]
                         net (fo=1, routed)           0.002    14.942    design_1_i/top_0/inst/inst_svpwm/driver_inst/HB1_mult_reg0__1_n_106
    DSP48_X2Y9           DSP48E1 (Prop_dsp48e1_PCIN[47]_P[1])
                                                      1.518    16.460 r  design_1_i/top_0/inst/inst_svpwm/driver_inst/HB1_mult_reg0__2/P[1]
                         net (fo=2, routed)           0.766    17.227    design_1_i/top_0/inst/inst_svpwm/driver_inst/p_1_in[18]
    SLICE_X35Y20         LUT2 (Prop_lut2_I0_O)        0.124    17.351 r  design_1_i/top_0/inst/inst_svpwm/driver_inst/HB1_mult_reg0_carry_i_2/O
                         net (fo=1, routed)           0.000    17.351    design_1_i/top_0/inst/inst_svpwm/driver_inst/HB1_mult_reg0_carry_i_2_n_0
    SLICE_X35Y20         CARRY4 (Prop_carry4_S[2]_CO[3])
                                                      0.398    17.749 r  design_1_i/top_0/inst/inst_svpwm/driver_inst/HB1_mult_reg0_carry/CO[3]
                         net (fo=1, routed)           0.000    17.749    design_1_i/top_0/inst/inst_svpwm/driver_inst/HB1_mult_reg0_carry_n_0
    SLICE_X35Y21         CARRY4 (Prop_carry4_CI_CO[3])
                                                      0.114    17.863 r  design_1_i/top_0/inst/inst_svpwm/driver_inst/HB1_mult_reg0_carry__0/CO[3]
                         net (fo=1, routed)           0.000    17.863    design_1_i/top_0/inst/inst_svpwm/driver_inst/HB1_mult_reg0_carry__0_n_0
    SLICE_X35Y22         CARRY4 (Prop_carry4_CI_CO[3])
                                                      0.114    17.977 r  design_1_i/top_0/inst/inst_svpwm/driver_inst/HB1_mult_reg0_carry__1/CO[3]
                         net (fo=1, routed)           0.000    17.977    design_1_i/top_0/inst/inst_svpwm/driver_inst/HB1_mult_reg0_carry__1_n_0
    SLICE_X35Y23         CARRY4 (Prop_carry4_CI_CO[3])
                                                      0.114    18.091 r  design_1_i/top_0/inst/inst_svpwm/driver_inst/HB1_mult_reg0_carry__2/CO[3]
                         net (fo=1, routed)           0.000    18.091    design_1_i/top_0/inst/inst_svpwm/driver_inst/HB1_mult_reg0_carry__2_n_0
    SLICE_X35Y24         CARRY4 (Prop_carry4_CI_CO[3])
                                                      0.114    18.205 r  design_1_i/top_0/inst/inst_svpwm/driver_inst/HB1_mult_reg0_carry__3/CO[3]
                         net (fo=1, routed)           0.009    18.214    design_1_i/top_0/inst/inst_svpwm/driver_inst/HB1_mult_reg0_carry__3_n_0
    SLICE_X35Y25         CARRY4 (Prop_carry4_CI_CO[3])
                                                      0.114    18.328 r  design_1_i/top_0/inst/inst_svpwm/driver_inst/HB1_mult_reg0_carry__4/CO[3]
                         net (fo=1, routed)           0.000    18.328    design_1_i/top_0/inst/inst_svpwm/driver_inst/HB1_mult_reg0_carry__4_n_0
    SLICE_X35Y26         CARRY4 (Prop_carry4_CI_CO[3])
                                                      0.114    18.442 r  design_1_i/top_0/inst/inst_svpwm/driver_inst/HB1_mult_reg0_carry__5/CO[3]
                         net (fo=1, routed)           0.000    18.442    design_1_i/top_0/inst/inst_svpwm/driver_inst/HB1_mult_reg0_carry__5_n_0
    SLICE_X35Y27         CARRY4 (Prop_carry4_CI_O[2])
                                                      0.239    18.681 r  design_1_i/top_0/inst/inst_svpwm/driver_inst/HB1_mult_reg0_carry__6/O[2]
                         net (fo=3, routed)           1.666    20.347    design_1_i/top_0/inst/inst_svpwm/driver_inst/HB1/data2[11]
    SLICE_X76Y33         LUT5 (Prop_lut5_I0_O)        0.302    20.649 r  design_1_i/top_0/inst/inst_svpwm/driver_inst/HB1/duty_cycle_latch[11]_i_2/O
                         net (fo=2, routed)           0.481    21.130    design_1_i/top_0/inst/inst_svpwm/driver_inst/HB1/sig_delay_reg[1]_3
    SLICE_X72Y33         LUT5 (Prop_lut5_I0_O)        0.124    21.254 r  design_1_i/top_0/inst/inst_svpwm/driver_inst/HB1/duty_cycle_latch[11]_i_1__1/O
                         net (fo=1, routed)           0.000    21.254    design_1_i/top_0/inst/inst_svpwm/driver_inst/HB1/HB1_mult_reg[46]
    SLICE_X72Y33         FDRE                                         r  design_1_i/top_0/inst/inst_svpwm/driver_inst/HB1/duty_cycle_latch_reg[11]/D
  -------------------------------------------------------------------    -------------------

                         (clock clk_fpga_0 rise edge)
                                                     20.000    20.000 r  
    PS7_X0Y0             PS7                          0.000    20.000 r  design_1_i/processing_system7_0/inst/PS7_i/FCLKCLK[0]
                         net (fo=1, routed)           1.088    21.088    design_1_i/processing_system7_0/inst/FCLK_CLK_unbuffered[0]
    BUFGCTRL_X0Y16       BUFG (Prop_bufg_I_O)         0.091    21.179 r  design_1_i/processing_system7_0/inst/buffer_fclk_clk_0.FCLK_CLK_0_BUFG/O
                         net (fo=4065, routed)        1.552    22.732    design_1_i/top_0/inst/inst_svpwm/driver_inst/HB1/clk
    SLICE_X72Y33         FDRE                                         r  design_1_i/top_0/inst/inst_svpwm/driver_inst/HB1/duty_cycle_latch_reg[11]/C
                         clock pessimism              0.230    22.961    
                         clock uncertainty           -0.302    22.659    
    SLICE_X72Y33         FDRE (Setup_fdre_C_D)        0.029    22.688    design_1_i/top_0/inst/inst_svpwm/driver_inst/HB1/duty_cycle_latch_reg[11]
  -------------------------------------------------------------------
                         required time                         22.688    
                         arrival time                         -21.254    
  -------------------------------------------------------------------
                         slack                                  1.434    





Min Delay Paths
--------------------------------------------------------------------------------------
Slack (MET) :             0.053ns  (arrival time - required time)
  Source:                 design_1_i/top_0/inst/inst_svpwm/vector_proc_inst/magnitude_reg[9]/C
                            (rising edge-triggered cell FDRE clocked by clk_fpga_0  {rise@0.000ns fall@10.000ns period=20.000ns})
  Destination:            design_1_i/top_0/inst/inst_svpwm/time_processor_inst/shift_reg_vref/sig_delay_line_reg[14][9]_srl15_inst_inst_svpwm_time_processor_inst_shift_reg_sector_sig_delay_line_reg_c_13/D
                            (rising edge-triggered cell SRL16E clocked by clk_fpga_0  {rise@0.000ns fall@10.000ns period=20.000ns})
  Path Group:             clk_fpga_0
  Path Type:              Hold (Min at Fast Process Corner)
  Requirement:            0.000ns  (clk_fpga_0 rise@0.000ns - clk_fpga_0 rise@0.000ns)
  Data Path Delay:        0.273ns  (logic 0.141ns (51.655%)  route 0.132ns (48.345%))
  Logic Levels:           0  
  Clock Path Skew:        0.037ns (DCD - SCD - CPR)
    Destination Clock Delay (DCD):    1.248ns
    Source Clock Delay      (SCD):    0.948ns
    Clock Pessimism Removal (CPR):    0.263ns

    Location             Delay type                Incr(ns)  Path(ns)    Netlist Resource(s)
  -------------------------------------------------------------------    -------------------
                         (clock clk_fpga_0 rise edge)
                                                      0.000     0.000 r  
    PS7_X0Y0             PS7                          0.000     0.000 r  design_1_i/processing_system7_0/inst/PS7_i/FCLKCLK[0]
                         net (fo=1, routed)           0.310     0.310    design_1_i/processing_system7_0/inst/FCLK_CLK_unbuffered[0]
    BUFGCTRL_X0Y16       BUFG (Prop_bufg_I_O)         0.026     0.336 r  design_1_i/processing_system7_0/inst/buffer_fclk_clk_0.FCLK_CLK_0_BUFG/O
                         net (fo=4065, routed)        0.612     0.947    design_1_i/top_0/inst/inst_svpwm/vector_proc_inst/clk
    SLICE_X101Y10        FDRE                                         r  design_1_i/top_0/inst/inst_svpwm/vector_proc_inst/magnitude_reg[9]/C
  -------------------------------------------------------------------    -------------------
    SLICE_X101Y10        FDRE (Prop_fdre_C_Q)         0.141     1.089 r  design_1_i/top_0/inst/inst_svpwm/vector_proc_inst/magnitude_reg[9]/Q
                         net (fo=1, routed)           0.132     1.220    design_1_i/top_0/inst/inst_svpwm/time_processor_inst/shift_reg_vref/Q[9]
    SLICE_X102Y10        SRL16E                                       r  design_1_i/top_0/inst/inst_svpwm/time_processor_inst/shift_reg_vref/sig_delay_line_reg[14][9]_srl15_inst_inst_svpwm_time_processor_inst_shift_reg_sector_sig_delay_line_reg_c_13/D
  -------------------------------------------------------------------    -------------------

                         (clock clk_fpga_0 rise edge)
                                                      0.000     0.000 r  
    PS7_X0Y0             PS7                          0.000     0.000 r  design_1_i/processing_system7_0/inst/PS7_i/FCLKCLK[0]
                         net (fo=1, routed)           0.337     0.337    design_1_i/processing_system7_0/inst/FCLK_CLK_unbuffered[0]
    BUFGCTRL_X0Y16       BUFG (Prop_bufg_I_O)         0.029     0.366 r  design_1_i/processing_system7_0/inst/buffer_fclk_clk_0.FCLK_CLK_0_BUFG/O
                         net (fo=4065, routed)        0.882     1.248    design_1_i/top_0/inst/inst_svpwm/time_processor_inst/shift_reg_vref/clk
    SLICE_X102Y10        SRL16E                                       r  design_1_i/top_0/inst/inst_svpwm/time_processor_inst/shift_reg_vref/sig_delay_line_reg[14][9]_srl15_inst_inst_svpwm_time_processor_inst_shift_reg_sector_sig_delay_line_reg_c_13/CLK
                         clock pessimism             -0.263     0.985    
    SLICE_X102Y10        SRL16E (Hold_srl16e_CLK_D)
                                                      0.183     1.168    design_1_i/top_0/inst/inst_svpwm/time_processor_inst/shift_reg_vref/sig_delay_line_reg[14][9]_srl15_inst_inst_svpwm_time_processor_inst_shift_reg_sector_sig_delay_line_reg_c_13
  -------------------------------------------------------------------
                         required time                         -1.168    
                         arrival time                           1.220    
  -------------------------------------------------------------------
                         slack                                  0.053    

Slack (MET) :             0.059ns  (arrival time - required time)
  Source:                 design_1_i/top_0/inst/inst_svpwm/time_processor_inst/cordic_inst/pipeline_reg[12][pip_theta][25]/C
                            (rising edge-triggered cell FDCE clocked by clk_fpga_0  {rise@0.000ns fall@10.000ns period=20.000ns})
  Destination:            design_1_i/top_0/inst/inst_svpwm/time_processor_inst/cordic_inst/pipeline_reg[13][pip_theta][25]/D
                            (rising edge-triggered cell FDCE clocked by clk_fpga_0  {rise@0.000ns fall@10.000ns period=20.000ns})
  Path Group:             clk_fpga_0
  Path Type:              Hold (Min at Fast Process Corner)
  Requirement:            0.000ns  (clk_fpga_0 rise@0.000ns - clk_fpga_0 rise@0.000ns)
  Data Path Delay:        0.430ns  (logic 0.252ns (58.633%)  route 0.178ns (41.367%))
  Logic Levels:           2  (CARRY4=1 LUT2=1)
  Clock Path Skew:        0.265ns (DCD - SCD - CPR)
    Destination Clock Delay (DCD):    1.182ns
    Source Clock Delay      (SCD):    0.882ns
    Clock Pessimism Removal (CPR):    0.035ns

    Location             Delay type                Incr(ns)  Path(ns)    Netlist Resource(s)
  -------------------------------------------------------------------    -------------------
                         (clock clk_fpga_0 rise edge)
                                                      0.000     0.000 r  
    PS7_X0Y0             PS7                          0.000     0.000 r  design_1_i/processing_system7_0/inst/PS7_i/FCLKCLK[0]
                         net (fo=1, routed)           0.310     0.310    design_1_i/processing_system7_0/inst/FCLK_CLK_unbuffered[0]
    BUFGCTRL_X0Y16       BUFG (Prop_bufg_I_O)         0.026     0.336 r  design_1_i/processing_system7_0/inst/buffer_fclk_clk_0.FCLK_CLK_0_BUFG/O
                         net (fo=4065, routed)        0.546     0.882    design_1_i/top_0/inst/inst_svpwm/time_processor_inst/cordic_inst/clk
    SLICE_X52Y26         FDCE                                         r  design_1_i/top_0/inst/inst_svpwm/time_processor_inst/cordic_inst/pipeline_reg[12][pip_theta][25]/C
  -------------------------------------------------------------------    -------------------
    SLICE_X52Y26         FDCE (Prop_fdce_C_Q)         0.141     1.023 r  design_1_i/top_0/inst/inst_svpwm/time_processor_inst/cordic_inst/pipeline_reg[12][pip_theta][25]/Q
                         net (fo=3, routed)           0.178     1.200    design_1_i/top_0/inst/inst_svpwm/time_processor_inst/cordic_inst/pipeline_reg[12][pip_theta][25]
    SLICE_X49Y27         LUT2 (Prop_lut2_I1_O)        0.045     1.245 r  design_1_i/top_0/inst/inst_svpwm/time_processor_inst/cordic_inst/pipeline[13][pip_theta][26]_i_3/O
                         net (fo=1, routed)           0.000     1.245    design_1_i/top_0/inst/inst_svpwm/time_processor_inst/cordic_inst/pipeline[13][pip_theta][26]_i_3_n_0
    SLICE_X49Y27         CARRY4 (Prop_carry4_S[2]_O[2])
                                                      0.066     1.311 r  design_1_i/top_0/inst/inst_svpwm/time_processor_inst/cordic_inst/pipeline_reg[13][pip_theta][26]_i_1/O[2]
                         net (fo=1, routed)           0.000     1.311    design_1_i/top_0/inst/inst_svpwm/time_processor_inst/cordic_inst/pipeline_reg[13][pip_theta][26]_i_1_n_5
    SLICE_X49Y27         FDCE                                         r  design_1_i/top_0/inst/inst_svpwm/time_processor_inst/cordic_inst/pipeline_reg[13][pip_theta][25]/D
  -------------------------------------------------------------------    -------------------

                         (clock clk_fpga_0 rise edge)
                                                      0.000     0.000 r  
    PS7_X0Y0             PS7                          0.000     0.000 r  design_1_i/processing_system7_0/inst/PS7_i/FCLKCLK[0]
                         net (fo=1, routed)           0.337     0.337    design_1_i/processing_system7_0/inst/FCLK_CLK_unbuffered[0]
    BUFGCTRL_X0Y16       BUFG (Prop_bufg_I_O)         0.029     0.366 r  design_1_i/processing_system7_0/inst/buffer_fclk_clk_0.FCLK_CLK_0_BUFG/O
                         net (fo=4065, routed)        0.816     1.182    design_1_i/top_0/inst/inst_svpwm/time_processor_inst/cordic_inst/clk
    SLICE_X49Y27         FDCE                                         r  design_1_i/top_0/inst/inst_svpwm/time_processor_inst/cordic_inst/pipeline_reg[13][pip_theta][25]/C
                         clock pessimism             -0.035     1.147    
    SLICE_X49Y27         FDCE (Hold_fdce_C_D)         0.105     1.252    design_1_i/top_0/inst/inst_svpwm/time_processor_inst/cordic_inst/pipeline_reg[13][pip_theta][25]
  -------------------------------------------------------------------
                         required time                         -1.252    
                         arrival time                           1.311    
  -------------------------------------------------------------------
                         slack                                  0.059    

Slack (MET) :             0.060ns  (arrival time - required time)
  Source:                 design_1_i/top_0/inst/inst_svpwm/time_processor_inst/cordic_inst/pipeline_reg[12][pip_theta][21]/C
                            (rising edge-triggered cell FDCE clocked by clk_fpga_0  {rise@0.000ns fall@10.000ns period=20.000ns})
  Destination:            design_1_i/top_0/inst/inst_svpwm/time_processor_inst/cordic_inst/pipeline_reg[13][pip_theta][21]/D
                            (rising edge-triggered cell FDCE clocked by clk_fpga_0  {rise@0.000ns fall@10.000ns period=20.000ns})
  Path Group:             clk_fpga_0
  Path Type:              Hold (Min at Fast Process Corner)
  Requirement:            0.000ns  (clk_fpga_0 rise@0.000ns - clk_fpga_0 rise@0.000ns)
  Data Path Delay:        0.430ns  (logic 0.252ns (58.633%)  route 0.178ns (41.367%))
  Logic Levels:           2  (CARRY4=1 LUT2=1)
  Clock Path Skew:        0.264ns (DCD - SCD - CPR)
    Destination Clock Delay (DCD):    1.180ns
    Source Clock Delay      (SCD):    0.881ns
    Clock Pessimism Removal (CPR):    0.035ns

    Location             Delay type                Incr(ns)  Path(ns)    Netlist Resource(s)
  -------------------------------------------------------------------    -------------------
                         (clock clk_fpga_0 rise edge)
                                                      0.000     0.000 r  
    PS7_X0Y0             PS7                          0.000     0.000 r  design_1_i/processing_system7_0/inst/PS7_i/FCLKCLK[0]
                         net (fo=1, routed)           0.310     0.310    design_1_i/processing_system7_0/inst/FCLK_CLK_unbuffered[0]
    BUFGCTRL_X0Y16       BUFG (Prop_bufg_I_O)         0.026     0.336 r  design_1_i/processing_system7_0/inst/buffer_fclk_clk_0.FCLK_CLK_0_BUFG/O
                         net (fo=4065, routed)        0.545     0.881    design_1_i/top_0/inst/inst_svpwm/time_processor_inst/cordic_inst/clk
    SLICE_X52Y25         FDCE                                         r  design_1_i/top_0/inst/inst_svpwm/time_processor_inst/cordic_inst/pipeline_reg[12][pip_theta][21]/C
  -------------------------------------------------------------------    -------------------
    SLICE_X52Y25         FDCE (Prop_fdce_C_Q)         0.141     1.021 r  design_1_i/top_0/inst/inst_svpwm/time_processor_inst/cordic_inst/pipeline_reg[12][pip_theta][21]/Q
                         net (fo=3, routed)           0.178     1.199    design_1_i/top_0/inst/inst_svpwm/time_processor_inst/cordic_inst/pipeline_reg[12][pip_theta][21]
    SLICE_X49Y26         LUT2 (Prop_lut2_I1_O)        0.045     1.244 r  design_1_i/top_0/inst/inst_svpwm/time_processor_inst/cordic_inst/pipeline[13][pip_theta][22]_i_3/O
                         net (fo=1, routed)           0.000     1.244    design_1_i/top_0/inst/inst_svpwm/time_processor_inst/cordic_inst/pipeline[13][pip_theta][22]_i_3_n_0
    SLICE_X49Y26         CARRY4 (Prop_carry4_S[2]_O[2])
                                                      0.066     1.310 r  design_1_i/top_0/inst/inst_svpwm/time_processor_inst/cordic_inst/pipeline_reg[13][pip_theta][22]_i_1/O[2]
                         net (fo=1, routed)           0.000     1.310    design_1_i/top_0/inst/inst_svpwm/time_processor_inst/cordic_inst/pipeline_reg[13][pip_theta][22]_i_1_n_5
    SLICE_X49Y26         FDCE                                         r  design_1_i/top_0/inst/inst_svpwm/time_processor_inst/cordic_inst/pipeline_reg[13][pip_theta][21]/D
  -------------------------------------------------------------------    -------------------

                         (clock clk_fpga_0 rise edge)
                                                      0.000     0.000 r  
    PS7_X0Y0             PS7                          0.000     0.000 r  design_1_i/processing_system7_0/inst/PS7_i/FCLKCLK[0]
                         net (fo=1, routed)           0.337     0.337    design_1_i/processing_system7_0/inst/FCLK_CLK_unbuffered[0]
    BUFGCTRL_X0Y16       BUFG (Prop_bufg_I_O)         0.029     0.366 r  design_1_i/processing_system7_0/inst/buffer_fclk_clk_0.FCLK_CLK_0_BUFG/O
                         net (fo=4065, routed)        0.814     1.180    design_1_i/top_0/inst/inst_svpwm/time_processor_inst/cordic_inst/clk
    SLICE_X49Y26         FDCE                                         r  design_1_i/top_0/inst/inst_svpwm/time_processor_inst/cordic_inst/pipeline_reg[13][pip_theta][21]/C
                         clock pessimism             -0.035     1.145    
    SLICE_X49Y26         FDCE (Hold_fdce_C_D)         0.105     1.250    design_1_i/top_0/inst/inst_svpwm/time_processor_inst/cordic_inst/pipeline_reg[13][pip_theta][21]
  -------------------------------------------------------------------
                         required time                         -1.250    
                         arrival time                           1.310    
  -------------------------------------------------------------------
                         slack                                  0.060    

Slack (MET) :             0.067ns  (arrival time - required time)
  Source:                 design_1_i/top_0/inst/inst_svpwm/vector_proc_inst/magnitude_reg[0]/C
                            (rising edge-triggered cell FDRE clocked by clk_fpga_0  {rise@0.000ns fall@10.000ns period=20.000ns})
  Destination:            design_1_i/top_0/inst/inst_svpwm/time_processor_inst/shift_reg_vref/sig_delay_line_reg[14][0]_srl15_inst_inst_svpwm_time_processor_inst_shift_reg_sector_sig_delay_line_reg_c_13/D
                            (rising edge-triggered cell SRL16E clocked by clk_fpga_0  {rise@0.000ns fall@10.000ns period=20.000ns})
  Path Group:             clk_fpga_0
  Path Type:              Hold (Min at Fast Process Corner)
  Requirement:            0.000ns  (clk_fpga_0 rise@0.000ns - clk_fpga_0 rise@0.000ns)
  Data Path Delay:        0.197ns  (logic 0.141ns (71.611%)  route 0.056ns (28.389%))
  Logic Levels:           0  
  Clock Path Skew:        0.013ns (DCD - SCD - CPR)
    Destination Clock Delay (DCD):    1.249ns
    Source Clock Delay      (SCD):    0.950ns
    Clock Pessimism Removal (CPR):    0.286ns

    Location             Delay type                Incr(ns)  Path(ns)    Netlist Resource(s)
  -------------------------------------------------------------------    -------------------
                         (clock clk_fpga_0 rise edge)
                                                      0.000     0.000 r  
    PS7_X0Y0             PS7                          0.000     0.000 r  design_1_i/processing_system7_0/inst/PS7_i/FCLKCLK[0]
                         net (fo=1, routed)           0.310     0.310    design_1_i/processing_system7_0/inst/FCLK_CLK_unbuffered[0]
    BUFGCTRL_X0Y16       BUFG (Prop_bufg_I_O)         0.026     0.336 r  design_1_i/processing_system7_0/inst/buffer_fclk_clk_0.FCLK_CLK_0_BUFG/O
                         net (fo=4065, routed)        0.614     0.950    design_1_i/top_0/inst/inst_svpwm/vector_proc_inst/clk
    SLICE_X101Y4         FDRE                                         r  design_1_i/top_0/inst/inst_svpwm/vector_proc_inst/magnitude_reg[0]/C
  -------------------------------------------------------------------    -------------------
    SLICE_X101Y4         FDRE (Prop_fdre_C_Q)         0.141     1.090 r  design_1_i/top_0/inst/inst_svpwm/vector_proc_inst/magnitude_reg[0]/Q
                         net (fo=1, routed)           0.056     1.146    design_1_i/top_0/inst/inst_svpwm/time_processor_inst/shift_reg_vref/Q[0]
    SLICE_X100Y4         SRL16E                                       r  design_1_i/top_0/inst/inst_svpwm/time_processor_inst/shift_reg_vref/sig_delay_line_reg[14][0]_srl15_inst_inst_svpwm_time_processor_inst_shift_reg_sector_sig_delay_line_reg_c_13/D
  -------------------------------------------------------------------    -------------------

                         (clock clk_fpga_0 rise edge)
                                                      0.000     0.000 r  
    PS7_X0Y0             PS7                          0.000     0.000 r  design_1_i/processing_system7_0/inst/PS7_i/FCLKCLK[0]
                         net (fo=1, routed)           0.337     0.337    design_1_i/processing_system7_0/inst/FCLK_CLK_unbuffered[0]
    BUFGCTRL_X0Y16       BUFG (Prop_bufg_I_O)         0.029     0.366 r  design_1_i/processing_system7_0/inst/buffer_fclk_clk_0.FCLK_CLK_0_BUFG/O
                         net (fo=4065, routed)        0.883     1.249    design_1_i/top_0/inst/inst_svpwm/time_processor_inst/shift_reg_vref/clk
    SLICE_X100Y4         SRL16E                                       r  design_1_i/top_0/inst/inst_svpwm/time_processor_inst/shift_reg_vref/sig_delay_line_reg[14][0]_srl15_inst_inst_svpwm_time_processor_inst_shift_reg_sector_sig_delay_line_reg_c_13/CLK
                         clock pessimism             -0.286     0.963    
    SLICE_X100Y4         SRL16E (Hold_srl16e_CLK_D)
                                                      0.117     1.080    design_1_i/top_0/inst/inst_svpwm/time_processor_inst/shift_reg_vref/sig_delay_line_reg[14][0]_srl15_inst_inst_svpwm_time_processor_inst_shift_reg_sector_sig_delay_line_reg_c_13
  -------------------------------------------------------------------
                         required time                         -1.080    
                         arrival time                           1.146    
  -------------------------------------------------------------------
                         slack                                  0.067    

Slack (MET) :             0.092ns  (arrival time - required time)
  Source:                 design_1_i/top_0/inst/inst_svpwm/time_processor_inst/cordic_inst/pipeline_reg[12][pip_theta][25]/C
                            (rising edge-triggered cell FDCE clocked by clk_fpga_0  {rise@0.000ns fall@10.000ns period=20.000ns})
  Destination:            design_1_i/top_0/inst/inst_svpwm/time_processor_inst/cordic_inst/pipeline_reg[13][pip_theta][26]/D
                            (rising edge-triggered cell FDCE clocked by clk_fpga_0  {rise@0.000ns fall@10.000ns period=20.000ns})
  Path Group:             clk_fpga_0
  Path Type:              Hold (Min at Fast Process Corner)
  Requirement:            0.000ns  (clk_fpga_0 rise@0.000ns - clk_fpga_0 rise@0.000ns)
  Data Path Delay:        0.463ns  (logic 0.285ns (61.582%)  route 0.178ns (38.418%))
  Logic Levels:           2  (CARRY4=1 LUT2=1)
  Clock Path Skew:        0.265ns (DCD - SCD - CPR)
    Destination Clock Delay (DCD):    1.182ns
    Source Clock Delay      (SCD):    0.882ns
    Clock Pessimism Removal (CPR):    0.035ns

    Location             Delay type                Incr(ns)  Path(ns)    Netlist Resource(s)
  -------------------------------------------------------------------    -------------------
                         (clock clk_fpga_0 rise edge)
                                                      0.000     0.000 r  
    PS7_X0Y0             PS7                          0.000     0.000 r  design_1_i/processing_system7_0/inst/PS7_i/FCLKCLK[0]
                         net (fo=1, routed)           0.310     0.310    design_1_i/processing_system7_0/inst/FCLK_CLK_unbuffered[0]
    BUFGCTRL_X0Y16       BUFG (Prop_bufg_I_O)         0.026     0.336 r  design_1_i/processing_system7_0/inst/buffer_fclk_clk_0.FCLK_CLK_0_BUFG/O
                         net (fo=4065, routed)        0.546     0.882    design_1_i/top_0/inst/inst_svpwm/time_processor_inst/cordic_inst/clk
    SLICE_X52Y26         FDCE                                         r  design_1_i/top_0/inst/inst_svpwm/time_processor_inst/cordic_inst/pipeline_reg[12][pip_theta][25]/C
  -------------------------------------------------------------------    -------------------
    SLICE_X52Y26         FDCE (Prop_fdce_C_Q)         0.141     1.023 r  design_1_i/top_0/inst/inst_svpwm/time_processor_inst/cordic_inst/pipeline_reg[12][pip_theta][25]/Q
                         net (fo=3, routed)           0.178     1.200    design_1_i/top_0/inst/inst_svpwm/time_processor_inst/cordic_inst/pipeline_reg[12][pip_theta][25]
    SLICE_X49Y27         LUT2 (Prop_lut2_I1_O)        0.045     1.245 r  design_1_i/top_0/inst/inst_svpwm/time_processor_inst/cordic_inst/pipeline[13][pip_theta][26]_i_3/O
                         net (fo=1, routed)           0.000     1.245    design_1_i/top_0/inst/inst_svpwm/time_processor_inst/cordic_inst/pipeline[13][pip_theta][26]_i_3_n_0
    SLICE_X49Y27         CARRY4 (Prop_carry4_S[2]_O[3])
                                                      0.099     1.344 r  design_1_i/top_0/inst/inst_svpwm/time_processor_inst/cordic_inst/pipeline_reg[13][pip_theta][26]_i_1/O[3]
                         net (fo=1, routed)           0.000     1.344    design_1_i/top_0/inst/inst_svpwm/time_processor_inst/cordic_inst/pipeline_reg[13][pip_theta][26]_i_1_n_4
    SLICE_X49Y27         FDCE                                         r  design_1_i/top_0/inst/inst_svpwm/time_processor_inst/cordic_inst/pipeline_reg[13][pip_theta][26]/D
  -------------------------------------------------------------------    -------------------

                         (clock clk_fpga_0 rise edge)
                                                      0.000     0.000 r  
    PS7_X0Y0             PS7                          0.000     0.000 r  design_1_i/processing_system7_0/inst/PS7_i/FCLKCLK[0]
                         net (fo=1, routed)           0.337     0.337    design_1_i/processing_system7_0/inst/FCLK_CLK_unbuffered[0]
    BUFGCTRL_X0Y16       BUFG (Prop_bufg_I_O)         0.029     0.366 r  design_1_i/processing_system7_0/inst/buffer_fclk_clk_0.FCLK_CLK_0_BUFG/O
                         net (fo=4065, routed)        0.816     1.182    design_1_i/top_0/inst/inst_svpwm/time_processor_inst/cordic_inst/clk
    SLICE_X49Y27         FDCE                                         r  design_1_i/top_0/inst/inst_svpwm/time_processor_inst/cordic_inst/pipeline_reg[13][pip_theta][26]/C
                         clock pessimism             -0.035     1.147    
    SLICE_X49Y27         FDCE (Hold_fdce_C_D)         0.105     1.252    design_1_i/top_0/inst/inst_svpwm/time_processor_inst/cordic_inst/pipeline_reg[13][pip_theta][26]
  -------------------------------------------------------------------
                         required time                         -1.252    
                         arrival time                           1.344    
  -------------------------------------------------------------------
                         slack                                  0.092    

Slack (MET) :             0.093ns  (arrival time - required time)
  Source:                 design_1_i/top_0/inst/inst_svpwm/time_processor_inst/cordic_inst/pipeline_reg[12][pip_theta][21]/C
                            (rising edge-triggered cell FDCE clocked by clk_fpga_0  {rise@0.000ns fall@10.000ns period=20.000ns})
  Destination:            design_1_i/top_0/inst/inst_svpwm/time_processor_inst/cordic_inst/pipeline_reg[13][pip_theta][22]/D
                            (rising edge-triggered cell FDCE clocked by clk_fpga_0  {rise@0.000ns fall@10.000ns period=20.000ns})
  Path Group:             clk_fpga_0
  Path Type:              Hold (Min at Fast Process Corner)
  Requirement:            0.000ns  (clk_fpga_0 rise@0.000ns - clk_fpga_0 rise@0.000ns)
  Data Path Delay:        0.463ns  (logic 0.285ns (61.582%)  route 0.178ns (38.418%))
  Logic Levels:           2  (CARRY4=1 LUT2=1)
  Clock Path Skew:        0.264ns (DCD - SCD - CPR)
    Destination Clock Delay (DCD):    1.180ns
    Source Clock Delay      (SCD):    0.881ns
    Clock Pessimism Removal (CPR):    0.035ns

    Location             Delay type                Incr(ns)  Path(ns)    Netlist Resource(s)
  -------------------------------------------------------------------    -------------------
                         (clock clk_fpga_0 rise edge)
                                                      0.000     0.000 r  
    PS7_X0Y0             PS7                          0.000     0.000 r  design_1_i/processing_system7_0/inst/PS7_i/FCLKCLK[0]
                         net (fo=1, routed)           0.310     0.310    design_1_i/processing_system7_0/inst/FCLK_CLK_unbuffered[0]
    BUFGCTRL_X0Y16       BUFG (Prop_bufg_I_O)         0.026     0.336 r  design_1_i/processing_system7_0/inst/buffer_fclk_clk_0.FCLK_CLK_0_BUFG/O
                         net (fo=4065, routed)        0.545     0.881    design_1_i/top_0/inst/inst_svpwm/time_processor_inst/cordic_inst/clk
    SLICE_X52Y25         FDCE                                         r  design_1_i/top_0/inst/inst_svpwm/time_processor_inst/cordic_inst/pipeline_reg[12][pip_theta][21]/C
  -------------------------------------------------------------------    -------------------
    SLICE_X52Y25         FDCE (Prop_fdce_C_Q)         0.141     1.021 r  design_1_i/top_0/inst/inst_svpwm/time_processor_inst/cordic_inst/pipeline_reg[12][pip_theta][21]/Q
                         net (fo=3, routed)           0.178     1.199    design_1_i/top_0/inst/inst_svpwm/time_processor_inst/cordic_inst/pipeline_reg[12][pip_theta][21]
    SLICE_X49Y26         LUT2 (Prop_lut2_I1_O)        0.045     1.244 r  design_1_i/top_0/inst/inst_svpwm/time_processor_inst/cordic_inst/pipeline[13][pip_theta][22]_i_3/O
                         net (fo=1, routed)           0.000     1.244    design_1_i/top_0/inst/inst_svpwm/time_processor_inst/cordic_inst/pipeline[13][pip_theta][22]_i_3_n_0
    SLICE_X49Y26         CARRY4 (Prop_carry4_S[2]_O[3])
                                                      0.099     1.343 r  design_1_i/top_0/inst/inst_svpwm/time_processor_inst/cordic_inst/pipeline_reg[13][pip_theta][22]_i_1/O[3]
                         net (fo=1, routed)           0.000     1.343    design_1_i/top_0/inst/inst_svpwm/time_processor_inst/cordic_inst/pipeline_reg[13][pip_theta][22]_i_1_n_4
    SLICE_X49Y26         FDCE                                         r  design_1_i/top_0/inst/inst_svpwm/time_processor_inst/cordic_inst/pipeline_reg[13][pip_theta][22]/D
  -------------------------------------------------------------------    -------------------

                         (clock clk_fpga_0 rise edge)
                                                      0.000     0.000 r  
    PS7_X0Y0             PS7                          0.000     0.000 r  design_1_i/processing_system7_0/inst/PS7_i/FCLKCLK[0]
                         net (fo=1, routed)           0.337     0.337    design_1_i/processing_system7_0/inst/FCLK_CLK_unbuffered[0]
    BUFGCTRL_X0Y16       BUFG (Prop_bufg_I_O)         0.029     0.366 r  design_1_i/processing_system7_0/inst/buffer_fclk_clk_0.FCLK_CLK_0_BUFG/O
                         net (fo=4065, routed)        0.814     1.180    design_1_i/top_0/inst/inst_svpwm/time_processor_inst/cordic_inst/clk
    SLICE_X49Y26         FDCE                                         r  design_1_i/top_0/inst/inst_svpwm/time_processor_inst/cordic_inst/pipeline_reg[13][pip_theta][22]/C
                         clock pessimism             -0.035     1.145    
    SLICE_X49Y26         FDCE (Hold_fdce_C_D)         0.105     1.250    design_1_i/top_0/inst/inst_svpwm/time_processor_inst/cordic_inst/pipeline_reg[13][pip_theta][22]
  -------------------------------------------------------------------
                         required time                         -1.250    
                         arrival time                           1.343    
  -------------------------------------------------------------------
                         slack                                  0.093    

Slack (MET) :             0.109ns  (arrival time - required time)
  Source:                 design_1_i/top_0/inst/inst_svpwm/vector_proc_inst/x_reg_reg[10]/C
                            (rising edge-triggered cell FDRE clocked by clk_fpga_0  {rise@0.000ns fall@10.000ns period=20.000ns})
  Destination:            design_1_i/top_0/inst/inst_svpwm/vector_proc_inst/pipeline_reg[0][pip_x][10]/D
                            (rising edge-triggered cell FDRE clocked by clk_fpga_0  {rise@0.000ns fall@10.000ns period=20.000ns})
  Path Group:             clk_fpga_0
  Path Type:              Hold (Min at Fast Process Corner)
  Requirement:            0.000ns  (clk_fpga_0 rise@0.000ns - clk_fpga_0 rise@0.000ns)
  Data Path Delay:        0.197ns  (logic 0.141ns (71.536%)  route 0.056ns (28.464%))
  Logic Levels:           0  
  Clock Path Skew:        0.013ns (DCD - SCD - CPR)
    Destination Clock Delay (DCD):    1.248ns
    Source Clock Delay      (SCD):    0.949ns
    Clock Pessimism Removal (CPR):    0.286ns

    Location             Delay type                Incr(ns)  Path(ns)    Netlist Resource(s)
  -------------------------------------------------------------------    -------------------
                         (clock clk_fpga_0 rise edge)
                                                      0.000     0.000 r  
    PS7_X0Y0             PS7                          0.000     0.000 r  design_1_i/processing_system7_0/inst/PS7_i/FCLKCLK[0]
                         net (fo=1, routed)           0.310     0.310    design_1_i/processing_system7_0/inst/FCLK_CLK_unbuffered[0]
    BUFGCTRL_X0Y16       BUFG (Prop_bufg_I_O)         0.026     0.336 r  design_1_i/processing_system7_0/inst/buffer_fclk_clk_0.FCLK_CLK_0_BUFG/O
                         net (fo=4065, routed)        0.613     0.949    design_1_i/top_0/inst/inst_svpwm/vector_proc_inst/clk
    SLICE_X91Y2          FDRE                                         r  design_1_i/top_0/inst/inst_svpwm/vector_proc_inst/x_reg_reg[10]/C
  -------------------------------------------------------------------    -------------------
    SLICE_X91Y2          FDRE (Prop_fdre_C_Q)         0.141     1.090 r  design_1_i/top_0/inst/inst_svpwm/vector_proc_inst/x_reg_reg[10]/Q
                         net (fo=1, routed)           0.056     1.146    design_1_i/top_0/inst/inst_svpwm/vector_proc_inst/x_reg[10]
    SLICE_X90Y2          FDRE                                         r  design_1_i/top_0/inst/inst_svpwm/vector_proc_inst/pipeline_reg[0][pip_x][10]/D
  -------------------------------------------------------------------    -------------------

                         (clock clk_fpga_0 rise edge)
                                                      0.000     0.000 r  
    PS7_X0Y0             PS7                          0.000     0.000 r  design_1_i/processing_system7_0/inst/PS7_i/FCLKCLK[0]
                         net (fo=1, routed)           0.337     0.337    design_1_i/processing_system7_0/inst/FCLK_CLK_unbuffered[0]
    BUFGCTRL_X0Y16       BUFG (Prop_bufg_I_O)         0.029     0.366 r  design_1_i/processing_system7_0/inst/buffer_fclk_clk_0.FCLK_CLK_0_BUFG/O
                         net (fo=4065, routed)        0.882     1.248    design_1_i/top_0/inst/inst_svpwm/vector_proc_inst/clk
    SLICE_X90Y2          FDRE                                         r  design_1_i/top_0/inst/inst_svpwm/vector_proc_inst/pipeline_reg[0][pip_x][10]/C
                         clock pessimism             -0.286     0.962    
    SLICE_X90Y2          FDRE (Hold_fdre_C_D)         0.075     1.037    design_1_i/top_0/inst/inst_svpwm/vector_proc_inst/pipeline_reg[0][pip_x][10]
  -------------------------------------------------------------------
                         required time                         -1.036    
                         arrival time                           1.146    
  -------------------------------------------------------------------
                         slack                                  0.109    

Slack (MET) :             0.110ns  (arrival time - required time)
  Source:                 design_1_i/top_0/inst/inst_svpwm/vector_proc_inst/magnitude_reg[30]/C
                            (rising edge-triggered cell FDRE clocked by clk_fpga_0  {rise@0.000ns fall@10.000ns period=20.000ns})
  Destination:            design_1_i/top_0/inst/inst_svpwm/time_processor_inst/shift_reg_vref/sig_delay_line_reg[14][30]_srl15_inst_inst_svpwm_time_processor_inst_shift_reg_sector_sig_delay_line_reg_c_13/D
                            (rising edge-triggered cell SRL16E clocked by clk_fpga_0  {rise@0.000ns fall@10.000ns period=20.000ns})
  Path Group:             clk_fpga_0
  Path Type:              Hold (Min at Fast Process Corner)
  Requirement:            0.000ns  (clk_fpga_0 rise@0.000ns - clk_fpga_0 rise@0.000ns)
  Data Path Delay:        0.307ns  (logic 0.141ns (45.946%)  route 0.166ns (54.054%))
  Logic Levels:           0  
  Clock Path Skew:        0.014ns (DCD - SCD - CPR)
    Destination Clock Delay (DCD):    1.243ns
    Source Clock Delay      (SCD):    0.946ns
    Clock Pessimism Removal (CPR):    0.284ns

    Location             Delay type                Incr(ns)  Path(ns)    Netlist Resource(s)
  -------------------------------------------------------------------    -------------------
                         (clock clk_fpga_0 rise edge)
                                                      0.000     0.000 r  
    PS7_X0Y0             PS7                          0.000     0.000 r  design_1_i/processing_system7_0/inst/PS7_i/FCLKCLK[0]
                         net (fo=1, routed)           0.310     0.310    design_1_i/processing_system7_0/inst/FCLK_CLK_unbuffered[0]
    BUFGCTRL_X0Y16       BUFG (Prop_bufg_I_O)         0.026     0.336 r  design_1_i/processing_system7_0/inst/buffer_fclk_clk_0.FCLK_CLK_0_BUFG/O
                         net (fo=4065, routed)        0.610     0.946    design_1_i/top_0/inst/inst_svpwm/vector_proc_inst/clk
    SLICE_X101Y14        FDRE                                         r  design_1_i/top_0/inst/inst_svpwm/vector_proc_inst/magnitude_reg[30]/C
  -------------------------------------------------------------------    -------------------
    SLICE_X101Y14        FDRE (Prop_fdre_C_Q)         0.141     1.087 r  design_1_i/top_0/inst/inst_svpwm/vector_proc_inst/magnitude_reg[30]/Q
                         net (fo=1, routed)           0.166     1.252    design_1_i/top_0/inst/inst_svpwm/time_processor_inst/shift_reg_vref/Q[30]
    SLICE_X100Y15        SRL16E                                       r  design_1_i/top_0/inst/inst_svpwm/time_processor_inst/shift_reg_vref/sig_delay_line_reg[14][30]_srl15_inst_inst_svpwm_time_processor_inst_shift_reg_sector_sig_delay_line_reg_c_13/D
  -------------------------------------------------------------------    -------------------

                         (clock clk_fpga_0 rise edge)
                                                      0.000     0.000 r  
    PS7_X0Y0             PS7                          0.000     0.000 r  design_1_i/processing_system7_0/inst/PS7_i/FCLKCLK[0]
                         net (fo=1, routed)           0.337     0.337    design_1_i/processing_system7_0/inst/FCLK_CLK_unbuffered[0]
    BUFGCTRL_X0Y16       BUFG (Prop_bufg_I_O)         0.029     0.366 r  design_1_i/processing_system7_0/inst/buffer_fclk_clk_0.FCLK_CLK_0_BUFG/O
                         net (fo=4065, routed)        0.877     1.243    design_1_i/top_0/inst/inst_svpwm/time_processor_inst/shift_reg_vref/clk
    SLICE_X100Y15        SRL16E                                       r  design_1_i/top_0/inst/inst_svpwm/time_processor_inst/shift_reg_vref/sig_delay_line_reg[14][30]_srl15_inst_inst_svpwm_time_processor_inst_shift_reg_sector_sig_delay_line_reg_c_13/CLK
                         clock pessimism             -0.284     0.960    
    SLICE_X100Y15        SRL16E (Hold_srl16e_CLK_D)
                                                      0.183     1.143    design_1_i/top_0/inst/inst_svpwm/time_processor_inst/shift_reg_vref/sig_delay_line_reg[14][30]_srl15_inst_inst_svpwm_time_processor_inst_shift_reg_sector_sig_delay_line_reg_c_13
  -------------------------------------------------------------------
                         required time                         -1.143    
                         arrival time                           1.252    
  -------------------------------------------------------------------
                         slack                                  0.110    

Slack (MET) :             0.116ns  (arrival time - required time)
  Source:                 design_1_i/top_0/inst/inst_svpwm/time_processor_inst/cordic_inst/pipeline_reg[12][pip_theta][26]/C
                            (rising edge-triggered cell FDCE clocked by clk_fpga_0  {rise@0.000ns fall@10.000ns period=20.000ns})
  Destination:            design_1_i/top_0/inst/inst_svpwm/time_processor_inst/cordic_inst/pipeline_reg[13][pip_theta][28]/D
                            (rising edge-triggered cell FDCE clocked by clk_fpga_0  {rise@0.000ns fall@10.000ns period=20.000ns})
  Path Group:             clk_fpga_0
  Path Type:              Hold (Min at Fast Process Corner)
  Requirement:            0.000ns  (clk_fpga_0 rise@0.000ns - clk_fpga_0 rise@0.000ns)
  Data Path Delay:        0.487ns  (logic 0.265ns (54.393%)  route 0.222ns (45.607%))
  Logic Levels:           1  (CARRY4=1)
  Clock Path Skew:        0.266ns (DCD - SCD - CPR)
    Destination Clock Delay (DCD):    1.183ns
    Source Clock Delay      (SCD):    0.882ns
    Clock Pessimism Removal (CPR):    0.035ns

    Location             Delay type                Incr(ns)  Path(ns)    Netlist Resource(s)
  -------------------------------------------------------------------    -------------------
                         (clock clk_fpga_0 rise edge)
                                                      0.000     0.000 r  
    PS7_X0Y0             PS7                          0.000     0.000 r  design_1_i/processing_system7_0/inst/PS7_i/FCLKCLK[0]
                         net (fo=1, routed)           0.310     0.310    design_1_i/processing_system7_0/inst/FCLK_CLK_unbuffered[0]
    BUFGCTRL_X0Y16       BUFG (Prop_bufg_I_O)         0.026     0.336 r  design_1_i/processing_system7_0/inst/buffer_fclk_clk_0.FCLK_CLK_0_BUFG/O
                         net (fo=4065, routed)        0.546     0.882    design_1_i/top_0/inst/inst_svpwm/time_processor_inst/cordic_inst/clk
    SLICE_X52Y26         FDCE                                         r  design_1_i/top_0/inst/inst_svpwm/time_processor_inst/cordic_inst/pipeline_reg[12][pip_theta][26]/C
  -------------------------------------------------------------------    -------------------
    SLICE_X52Y26         FDCE (Prop_fdce_C_Q)         0.141     1.023 r  design_1_i/top_0/inst/inst_svpwm/time_processor_inst/cordic_inst/pipeline_reg[12][pip_theta][26]/Q
                         net (fo=3, routed)           0.222     1.245    design_1_i/top_0/inst/inst_svpwm/time_processor_inst/cordic_inst/pipeline_reg[12][pip_theta][26]
    SLICE_X49Y28         CARRY4 (Prop_carry4_DI[0]_O[1])
                                                      0.124     1.369 r  design_1_i/top_0/inst/inst_svpwm/time_processor_inst/cordic_inst/pipeline_reg[13][pip_theta][30]_i_1/O[1]
                         net (fo=1, routed)           0.000     1.369    design_1_i/top_0/inst/inst_svpwm/time_processor_inst/cordic_inst/pipeline_reg[13][pip_theta][30]_i_1_n_6
    SLICE_X49Y28         FDCE                                         r  design_1_i/top_0/inst/inst_svpwm/time_processor_inst/cordic_inst/pipeline_reg[13][pip_theta][28]/D
  -------------------------------------------------------------------    -------------------

                         (clock clk_fpga_0 rise edge)
                                                      0.000     0.000 r  
    PS7_X0Y0             PS7                          0.000     0.000 r  design_1_i/processing_system7_0/inst/PS7_i/FCLKCLK[0]
                         net (fo=1, routed)           0.337     0.337    design_1_i/processing_system7_0/inst/FCLK_CLK_unbuffered[0]
    BUFGCTRL_X0Y16       BUFG (Prop_bufg_I_O)         0.029     0.366 r  design_1_i/processing_system7_0/inst/buffer_fclk_clk_0.FCLK_CLK_0_BUFG/O
                         net (fo=4065, routed)        0.817     1.183    design_1_i/top_0/inst/inst_svpwm/time_processor_inst/cordic_inst/clk
    SLICE_X49Y28         FDCE                                         r  design_1_i/top_0/inst/inst_svpwm/time_processor_inst/cordic_inst/pipeline_reg[13][pip_theta][28]/C
                         clock pessimism             -0.035     1.148    
    SLICE_X49Y28         FDCE (Hold_fdce_C_D)         0.105     1.253    design_1_i/top_0/inst/inst_svpwm/time_processor_inst/cordic_inst/pipeline_reg[13][pip_theta][28]
  -------------------------------------------------------------------
                         required time                         -1.253    
                         arrival time                           1.369    
  -------------------------------------------------------------------
                         slack                                  0.116    

Slack (MET) :             0.117ns  (arrival time - required time)
  Source:                 design_1_i/top_0/inst/inst_svpwm/time_processor_inst/cordic_inst/pipeline_reg[12][pip_theta][16]/C
                            (rising edge-triggered cell FDCE clocked by clk_fpga_0  {rise@0.000ns fall@10.000ns period=20.000ns})
  Destination:            design_1_i/top_0/inst/inst_svpwm/time_processor_inst/cordic_inst/pipeline_reg[13][pip_theta][16]/D
                            (rising edge-triggered cell FDCE clocked by clk_fpga_0  {rise@0.000ns fall@10.000ns period=20.000ns})
  Path Group:             clk_fpga_0
  Path Type:              Hold (Min at Fast Process Corner)
  Requirement:            0.000ns  (clk_fpga_0 rise@0.000ns - clk_fpga_0 rise@0.000ns)
  Data Path Delay:        0.486ns  (logic 0.251ns (51.663%)  route 0.235ns (48.337%))
  Logic Levels:           2  (CARRY4=1 LUT1=1)
  Clock Path Skew:        0.263ns (DCD - SCD - CPR)
    Destination Clock Delay (DCD):    1.179ns
    Source Clock Delay      (SCD):    0.881ns
    Clock Pessimism Removal (CPR):    0.035ns

    Location             Delay type                Incr(ns)  Path(ns)    Netlist Resource(s)
  -------------------------------------------------------------------    -------------------
                         (clock clk_fpga_0 rise edge)
                                                      0.000     0.000 r  
    PS7_X0Y0             PS7                          0.000     0.000 r  design_1_i/processing_system7_0/inst/PS7_i/FCLKCLK[0]
                         net (fo=1, routed)           0.310     0.310    design_1_i/processing_system7_0/inst/FCLK_CLK_unbuffered[0]
    BUFGCTRL_X0Y16       BUFG (Prop_bufg_I_O)         0.026     0.336 r  design_1_i/processing_system7_0/inst/buffer_fclk_clk_0.FCLK_CLK_0_BUFG/O
                         net (fo=4065, routed)        0.545     0.881    design_1_i/top_0/inst/inst_svpwm/time_processor_inst/cordic_inst/clk
    SLICE_X52Y24         FDCE                                         r  design_1_i/top_0/inst/inst_svpwm/time_processor_inst/cordic_inst/pipeline_reg[12][pip_theta][16]/C
  -------------------------------------------------------------------    -------------------
    SLICE_X52Y24         FDCE (Prop_fdce_C_Q)         0.141     1.021 f  design_1_i/top_0/inst/inst_svpwm/time_processor_inst/cordic_inst/pipeline_reg[12][pip_theta][16]/Q
                         net (fo=2, routed)           0.235     1.256    design_1_i/top_0/inst/inst_svpwm/time_processor_inst/cordic_inst/pipeline_reg[12][pip_theta][16]
    SLICE_X49Y25         LUT1 (Prop_lut1_I0_O)        0.045     1.301 r  design_1_i/top_0/inst/inst_svpwm/time_processor_inst/cordic_inst/pipeline[13][pip_theta][18]_i_5/O
                         net (fo=1, routed)           0.000     1.301    design_1_i/top_0/inst/inst_svpwm/time_processor_inst/cordic_inst/pipeline[13][pip_theta][18]_i_5_n_0
    SLICE_X49Y25         CARRY4 (Prop_carry4_S[1]_O[1])
                                                      0.065     1.366 r  design_1_i/top_0/inst/inst_svpwm/time_processor_inst/cordic_inst/pipeline_reg[13][pip_theta][18]_i_1/O[1]
                         net (fo=1, routed)           0.000     1.366    design_1_i/top_0/inst/inst_svpwm/time_processor_inst/cordic_inst/pipeline_reg[13][pip_theta][18]_i_1_n_6
    SLICE_X49Y25         FDCE                                         r  design_1_i/top_0/inst/inst_svpwm/time_processor_inst/cordic_inst/pipeline_reg[13][pip_theta][16]/D
  -------------------------------------------------------------------    -------------------

                         (clock clk_fpga_0 rise edge)
                                                      0.000     0.000 r  
    PS7_X0Y0             PS7                          0.000     0.000 r  design_1_i/processing_system7_0/inst/PS7_i/FCLKCLK[0]
                         net (fo=1, routed)           0.337     0.337    design_1_i/processing_system7_0/inst/FCLK_CLK_unbuffered[0]
    BUFGCTRL_X0Y16       BUFG (Prop_bufg_I_O)         0.029     0.366 r  design_1_i/processing_system7_0/inst/buffer_fclk_clk_0.FCLK_CLK_0_BUFG/O
                         net (fo=4065, routed)        0.813     1.179    design_1_i/top_0/inst/inst_svpwm/time_processor_inst/cordic_inst/clk
    SLICE_X49Y25         FDCE                                         r  design_1_i/top_0/inst/inst_svpwm/time_processor_inst/cordic_inst/pipeline_reg[13][pip_theta][16]/C
                         clock pessimism             -0.035     1.144    
    SLICE_X49Y25         FDCE (Hold_fdce_C_D)         0.105     1.249    design_1_i/top_0/inst/inst_svpwm/time_processor_inst/cordic_inst/pipeline_reg[13][pip_theta][16]
  -------------------------------------------------------------------
                         required time                         -1.249    
                         arrival time                           1.366    
  -------------------------------------------------------------------
                         slack                                  0.117    





Pulse Width Checks
--------------------------------------------------------------------------------------
Clock Name:         clk_fpga_0
Waveform(ns):       { 0.000 10.000 }
Period(ns):         20.000
Sources:            { design_1_i/processing_system7_0/inst/PS7_i/FCLKCLK[0] }

Check Type        Corner  Lib Pin      Reference Pin  Required(ns)  Actual(ns)  Slack(ns)  Location        Pin
Min Period        n/a     DSP48E1/CLK  n/a            3.884         20.000      16.116     DSP48_X3Y5      design_1_i/top_0/inst/inst_svpwm/vector_proc_inst/mult_reg_reg/CLK
Min Period        n/a     DSP48E1/CLK  n/a            3.884         20.000      16.116     DSP48_X3Y3      design_1_i/top_0/inst/inst_svpwm/vector_proc_inst/mult_reg_reg__0/CLK
Min Period        n/a     BUFG/I       n/a            2.155         20.000      17.845     BUFGCTRL_X0Y16  design_1_i/processing_system7_0/inst/buffer_fclk_clk_0.FCLK_CLK_0_BUFG/I
Min Period        n/a     DSP48E1/CLK  n/a            2.154         20.000      17.846     DSP48_X4Y1      design_1_i/top_0/inst/inst_svpwm/clarke_inst/mult_reg_1_reg/CLK
Min Period        n/a     DSP48E1/CLK  n/a            2.154         20.000      17.846     DSP48_X4Y0      design_1_i/top_0/inst/inst_svpwm/clarke_inst/mult_reg_2_reg/CLK
Min Period        n/a     DSP48E1/CLK  n/a            2.154         20.000      17.846     DSP48_X3Y1      design_1_i/top_0/inst/inst_svpwm/clarke_inst/mult_reg_3_reg/CLK
Min Period        n/a     DSP48E1/CLK  n/a            2.154         20.000      17.846     DSP48_X4Y3      design_1_i/top_0/inst/inst_svpwm/clarke_inst/mult_reg_4_reg/CLK
Min Period        n/a     DSP48E1/CLK  n/a            2.154         20.000      17.846     DSP48_X4Y2      design_1_i/top_0/inst/inst_svpwm/clarke_inst/v_alpha_reg/CLK
Min Period        n/a     DSP48E1/CLK  n/a            2.154         20.000      17.846     DSP48_X4Y4      design_1_i/top_0/inst/inst_svpwm/clarke_inst/v_beta_reg/CLK
Min Period        n/a     FDRE/C       n/a            1.000         20.000      19.000     SLICE_X109Y8    design_1_i/top_0/inst/index_reg[0]/C
Low Pulse Width   Slow    SRL16E/CLK   n/a            0.980         10.000      9.020      SLICE_X96Y19    design_1_i/top_0/inst/inst_svpwm/time_processor_inst/cordic_inst/pipeline_reg[11][pip_theta][14]_srl2_inst_inst_svpwm_time_processor_inst_shift_reg_sector_sig_delay_line_reg_c_0/CLK
Low Pulse Width   Fast    SRL16E/CLK   n/a            0.980         10.000      9.020      SLICE_X96Y19    design_1_i/top_0/inst/inst_svpwm/time_processor_inst/cordic_inst/pipeline_reg[11][pip_theta][14]_srl2_inst_inst_svpwm_time_processor_inst_shift_reg_sector_sig_delay_line_reg_c_0/CLK
Low Pulse Width   Slow    SRL16E/CLK   n/a            0.980         10.000      9.020      SLICE_X104Y18   design_1_i/top_0/inst/inst_svpwm/time_processor_inst/cordic_inst/pipeline_reg[13][pip_quadrant][1]_srl14_inst_inst_svpwm_time_processor_inst_shift_reg_sector_sig_delay_line_reg_c_12/CLK
Low Pulse Width   Fast    SRL16E/CLK   n/a            0.980         10.000      9.020      SLICE_X104Y18   design_1_i/top_0/inst/inst_svpwm/time_processor_inst/cordic_inst/pipeline_reg[13][pip_quadrant][1]_srl14_inst_inst_svpwm_time_processor_inst_shift_reg_sector_sig_delay_line_reg_c_12/CLK
Low Pulse Width   Slow    SRLC32E/CLK  n/a            0.980         10.000      9.020      SLICE_X82Y28    design_1_i/top_0/inst/inst_svpwm/time_processor_inst/shift_reg_sector/sig_delay_line_reg[23][0]_srl24_inst_inst_svpwm_time_processor_inst_shift_reg_sector_sig_delay_line_reg_c_22/CLK
Low Pulse Width   Fast    SRLC32E/CLK  n/a            0.980         10.000      9.020      SLICE_X82Y28    design_1_i/top_0/inst/inst_svpwm/time_processor_inst/shift_reg_sector/sig_delay_line_reg[23][0]_srl24_inst_inst_svpwm_time_processor_inst_shift_reg_sector_sig_delay_line_reg_c_22/CLK
Low Pulse Width   Slow    SRLC32E/CLK  n/a            0.980         10.000      9.020      SLICE_X82Y26    design_1_i/top_0/inst/inst_svpwm/time_processor_inst/shift_reg_sector/sig_delay_line_reg[23][1]_srl24_inst_inst_svpwm_time_processor_inst_shift_reg_sector_sig_delay_line_reg_c_22/CLK
Low Pulse Width   Fast    SRLC32E/CLK  n/a            0.980         10.000      9.020      SLICE_X82Y26    design_1_i/top_0/inst/inst_svpwm/time_processor_inst/shift_reg_sector/sig_delay_line_reg[23][1]_srl24_inst_inst_svpwm_time_processor_inst_shift_reg_sector_sig_delay_line_reg_c_22/CLK
Low Pulse Width   Slow    SRLC32E/CLK  n/a            0.980         10.000      9.020      SLICE_X82Y26    design_1_i/top_0/inst/inst_svpwm/time_processor_inst/shift_reg_sector/sig_delay_line_reg[23][2]_srl24_inst_inst_svpwm_time_processor_inst_shift_reg_sector_sig_delay_line_reg_c_22/CLK
Low Pulse Width   Fast    SRLC32E/CLK  n/a            0.980         10.000      9.020      SLICE_X82Y26    design_1_i/top_0/inst/inst_svpwm/time_processor_inst/shift_reg_sector/sig_delay_line_reg[23][2]_srl24_inst_inst_svpwm_time_processor_inst_shift_reg_sector_sig_delay_line_reg_c_22/CLK
High Pulse Width  Slow    SRL16E/CLK   n/a            0.980         10.000      9.020      SLICE_X96Y19    design_1_i/top_0/inst/inst_svpwm/time_processor_inst/cordic_inst/pipeline_reg[11][pip_theta][14]_srl2_inst_inst_svpwm_time_processor_inst_shift_reg_sector_sig_delay_line_reg_c_0/CLK
High Pulse Width  Fast    SRL16E/CLK   n/a            0.980         10.000      9.020      SLICE_X96Y19    design_1_i/top_0/inst/inst_svpwm/time_processor_inst/cordic_inst/pipeline_reg[11][pip_theta][14]_srl2_inst_inst_svpwm_time_processor_inst_shift_reg_sector_sig_delay_line_reg_c_0/CLK
High Pulse Width  Slow    SRL16E/CLK   n/a            0.980         10.000      9.020      SLICE_X104Y18   design_1_i/top_0/inst/inst_svpwm/time_processor_inst/cordic_inst/pipeline_reg[13][pip_quadrant][1]_srl14_inst_inst_svpwm_time_processor_inst_shift_reg_sector_sig_delay_line_reg_c_12/CLK
High Pulse Width  Fast    SRL16E/CLK   n/a            0.980         10.000      9.020      SLICE_X104Y18   design_1_i/top_0/inst/inst_svpwm/time_processor_inst/cordic_inst/pipeline_reg[13][pip_quadrant][1]_srl14_inst_inst_svpwm_time_processor_inst_shift_reg_sector_sig_delay_line_reg_c_12/CLK
High Pulse Width  Slow    SRLC32E/CLK  n/a            0.980         10.000      9.020      SLICE_X82Y28    design_1_i/top_0/inst/inst_svpwm/time_processor_inst/shift_reg_sector/sig_delay_line_reg[23][0]_srl24_inst_inst_svpwm_time_processor_inst_shift_reg_sector_sig_delay_line_reg_c_22/CLK
High Pulse Width  Fast    SRLC32E/CLK  n/a            0.980         10.000      9.020      SLICE_X82Y28    design_1_i/top_0/inst/inst_svpwm/time_processor_inst/shift_reg_sector/sig_delay_line_reg[23][0]_srl24_inst_inst_svpwm_time_processor_inst_shift_reg_sector_sig_delay_line_reg_c_22/CLK
High Pulse Width  Slow    SRLC32E/CLK  n/a            0.980         10.000      9.020      SLICE_X82Y26    design_1_i/top_0/inst/inst_svpwm/time_processor_inst/shift_reg_sector/sig_delay_line_reg[23][1]_srl24_inst_inst_svpwm_time_processor_inst_shift_reg_sector_sig_delay_line_reg_c_22/CLK
High Pulse Width  Fast    SRLC32E/CLK  n/a            0.980         10.000      9.020      SLICE_X82Y26    design_1_i/top_0/inst/inst_svpwm/time_processor_inst/shift_reg_sector/sig_delay_line_reg[23][1]_srl24_inst_inst_svpwm_time_processor_inst_shift_reg_sector_sig_delay_line_reg_c_22/CLK
High Pulse Width  Slow    SRLC32E/CLK  n/a            0.980         10.000      9.020      SLICE_X82Y26    design_1_i/top_0/inst/inst_svpwm/time_processor_inst/shift_reg_sector/sig_delay_line_reg[23][2]_srl24_inst_inst_svpwm_time_processor_inst_shift_reg_sector_sig_delay_line_reg_c_22/CLK
High Pulse Width  Fast    SRLC32E/CLK  n/a            0.980         10.000      9.020      SLICE_X82Y26    design_1_i/top_0/inst/inst_svpwm/time_processor_inst/shift_reg_sector/sig_delay_line_reg[23][2]_srl24_inst_inst_svpwm_time_processor_inst_shift_reg_sector_sig_delay_line_reg_c_22/CLK



--------------------------------------------------------------------------------------
Path Group:  (none)
From Clock:  clk_fpga_0
  To Clock:  

Max Delay             8 Endpoints
Min Delay             8 Endpoints
--------------------------------------------------------------------------------------


Max Delay Paths
--------------------------------------------------------------------------------------
Slack:                    inf
  Source:                 design_1_i/top_0/inst/inst_svpwm/driver_inst/HB3/pwm_reg/C
                            (rising edge-triggered cell FDRE clocked by clk_fpga_0  {rise@0.000ns fall@10.000ns period=20.000ns})
  Destination:            HB3_top
                            (output port)
  Path Group:             (none)
  Path Type:              Max at Slow Process Corner
  Data Path Delay:        7.304ns  (logic 4.036ns (55.261%)  route 3.267ns (44.739%))
  Logic Levels:           1  (OBUF=1)
  Clock Uncertainty:      0.301ns  ((TSJ^2 + TIJ^2)^1/2 + DJ) / 2 + PE
    Total System Jitter     (TSJ):    0.050ns
    Total Input Jitter      (TIJ):    0.600ns
    Discrete Jitter          (DJ):    0.000ns
    Phase Error              (PE):    0.000ns

    Location             Delay type                Incr(ns)  Path(ns)    Netlist Resource(s)
  -------------------------------------------------------------------    -------------------
                         (clock clk_fpga_0 rise edge)
                                                      0.000     0.000 r  
    PS7_X0Y0             PS7                          0.000     0.000 r  design_1_i/processing_system7_0/inst/PS7_i/FCLKCLK[0]
                         net (fo=1, routed)           1.193     1.193    design_1_i/processing_system7_0/inst/FCLK_CLK_unbuffered[0]
    BUFGCTRL_X0Y16       BUFG (Prop_bufg_I_O)         0.101     1.294 r  design_1_i/processing_system7_0/inst/buffer_fclk_clk_0.FCLK_CLK_0_BUFG/O
                         net (fo=4065, routed)        1.721     3.015    design_1_i/top_0/inst/inst_svpwm/driver_inst/HB3/clk
    SLICE_X64Y31         FDRE                                         r  design_1_i/top_0/inst/inst_svpwm/driver_inst/HB3/pwm_reg/C
  -------------------------------------------------------------------    -------------------
    SLICE_X64Y31         FDRE (Prop_fdre_C_Q)         0.456     3.471 r  design_1_i/top_0/inst/inst_svpwm/driver_inst/HB3/pwm_reg/Q
                         net (fo=1, routed)           3.267     6.738    HB3_top_OBUF
    W16                  OBUF (Prop_obuf_I_O)         3.580    10.319 r  HB3_top_OBUF_inst/O
                         net (fo=0)                   0.000    10.319    HB3_top
    W16                                                               r  HB3_top (OUT)
  -------------------------------------------------------------------    -------------------

Slack:                    inf
  Source:                 design_1_i/top_0/inst/inst_svpwm/driver_inst/HB1/pwm_reg/C
                            (rising edge-triggered cell FDRE clocked by clk_fpga_0  {rise@0.000ns fall@10.000ns period=20.000ns})
  Destination:            HB1_top
                            (output port)
  Path Group:             (none)
  Path Type:              Max at Slow Process Corner
  Data Path Delay:        7.275ns  (logic 4.049ns (55.657%)  route 3.226ns (44.343%))
  Logic Levels:           1  (OBUF=1)
  Clock Uncertainty:      0.301ns  ((TSJ^2 + TIJ^2)^1/2 + DJ) / 2 + PE
    Total System Jitter     (TSJ):    0.050ns
    Total Input Jitter      (TIJ):    0.600ns
    Discrete Jitter          (DJ):    0.000ns
    Phase Error              (PE):    0.000ns

    Location             Delay type                Incr(ns)  Path(ns)    Netlist Resource(s)
  -------------------------------------------------------------------    -------------------
                         (clock clk_fpga_0 rise edge)
                                                      0.000     0.000 r  
    PS7_X0Y0             PS7                          0.000     0.000 r  design_1_i/processing_system7_0/inst/PS7_i/FCLKCLK[0]
                         net (fo=1, routed)           1.193     1.193    design_1_i/processing_system7_0/inst/FCLK_CLK_unbuffered[0]
    BUFGCTRL_X0Y16       BUFG (Prop_bufg_I_O)         0.101     1.294 r  design_1_i/processing_system7_0/inst/buffer_fclk_clk_0.FCLK_CLK_0_BUFG/O
                         net (fo=4065, routed)        1.717     3.011    design_1_i/top_0/inst/inst_svpwm/driver_inst/HB1/clk
    SLICE_X62Y28         FDRE                                         r  design_1_i/top_0/inst/inst_svpwm/driver_inst/HB1/pwm_reg/C
  -------------------------------------------------------------------    -------------------
    SLICE_X62Y28         FDRE (Prop_fdre_C_Q)         0.518     3.529 r  design_1_i/top_0/inst/inst_svpwm/driver_inst/HB1/pwm_reg/Q
                         net (fo=1, routed)           3.226     6.755    HB1_top_OBUF
    U15                  OBUF (Prop_obuf_I_O)         3.531    10.286 r  HB1_top_OBUF_inst/O
                         net (fo=0)                   0.000    10.286    HB1_top
    U15                                                               r  HB1_top (OUT)
  -------------------------------------------------------------------    -------------------

Slack:                    inf
  Source:                 design_1_i/top_0/inst/inst_svpwm/driver_inst/HB2/pwm_reg/C
                            (rising edge-triggered cell FDRE clocked by clk_fpga_0  {rise@0.000ns fall@10.000ns period=20.000ns})
  Destination:            HB2_top
                            (output port)
  Path Group:             (none)
  Path Type:              Max at Slow Process Corner
  Data Path Delay:        6.946ns  (logic 3.971ns (57.171%)  route 2.975ns (42.829%))
  Logic Levels:           1  (OBUF=1)
  Clock Uncertainty:      0.301ns  ((TSJ^2 + TIJ^2)^1/2 + DJ) / 2 + PE
    Total System Jitter     (TSJ):    0.050ns
    Total Input Jitter      (TIJ):    0.600ns
    Discrete Jitter          (DJ):    0.000ns
    Phase Error              (PE):    0.000ns

    Location             Delay type                Incr(ns)  Path(ns)    Netlist Resource(s)
  -------------------------------------------------------------------    -------------------
                         (clock clk_fpga_0 rise edge)
                                                      0.000     0.000 r  
    PS7_X0Y0             PS7                          0.000     0.000 r  design_1_i/processing_system7_0/inst/PS7_i/FCLKCLK[0]
                         net (fo=1, routed)           1.193     1.193    design_1_i/processing_system7_0/inst/FCLK_CLK_unbuffered[0]
    BUFGCTRL_X0Y16       BUFG (Prop_bufg_I_O)         0.101     1.294 r  design_1_i/processing_system7_0/inst/buffer_fclk_clk_0.FCLK_CLK_0_BUFG/O
                         net (fo=4065, routed)        1.726     3.020    design_1_i/top_0/inst/inst_svpwm/driver_inst/HB2/clk
    SLICE_X78Y32         FDRE                                         r  design_1_i/top_0/inst/inst_svpwm/driver_inst/HB2/pwm_reg/C
  -------------------------------------------------------------------    -------------------
    SLICE_X78Y32         FDRE (Prop_fdre_C_Q)         0.456     3.476 r  design_1_i/top_0/inst/inst_svpwm/driver_inst/HB2/pwm_reg/Q
                         net (fo=1, routed)           2.975     6.451    HB2_top_OBUF
    U17                  OBUF (Prop_obuf_I_O)         3.515     9.966 r  HB2_top_OBUF_inst/O
                         net (fo=0)                   0.000     9.966    HB2_top
    U17                                                               r  HB2_top (OUT)
  -------------------------------------------------------------------    -------------------

Slack:                    inf
  Source:                 design_1_i/top_0/inst/spi_master/sclk_reg/C
                            (rising edge-triggered cell FDRE clocked by clk_fpga_0  {rise@0.000ns fall@10.000ns period=20.000ns})
  Destination:            sclk
                            (output port)
  Path Group:             (none)
  Path Type:              Max at Slow Process Corner
  Data Path Delay:        6.694ns  (logic 4.056ns (60.601%)  route 2.637ns (39.399%))
  Logic Levels:           1  (OBUF=1)
  Clock Uncertainty:      0.301ns  ((TSJ^2 + TIJ^2)^1/2 + DJ) / 2 + PE
    Total System Jitter     (TSJ):    0.050ns
    Total Input Jitter      (TIJ):    0.600ns
    Discrete Jitter          (DJ):    0.000ns
    Phase Error              (PE):    0.000ns

    Location             Delay type                Incr(ns)  Path(ns)    Netlist Resource(s)
  -------------------------------------------------------------------    -------------------
                         (clock clk_fpga_0 rise edge)
                                                      0.000     0.000 r  
    PS7_X0Y0             PS7                          0.000     0.000 r  design_1_i/processing_system7_0/inst/PS7_i/FCLKCLK[0]
                         net (fo=1, routed)           1.193     1.193    design_1_i/processing_system7_0/inst/FCLK_CLK_unbuffered[0]
    BUFGCTRL_X0Y16       BUFG (Prop_bufg_I_O)         0.101     1.294 r  design_1_i/processing_system7_0/inst/buffer_fclk_clk_0.FCLK_CLK_0_BUFG/O
                         net (fo=4065, routed)        1.882     3.176    design_1_i/top_0/inst/spi_master/clk
    SLICE_X108Y2         FDRE                                         r  design_1_i/top_0/inst/spi_master/sclk_reg/C
  -------------------------------------------------------------------    -------------------
    SLICE_X108Y2         FDRE (Prop_fdre_C_Q)         0.518     3.694 r  design_1_i/top_0/inst/spi_master/sclk_reg/Q
                         net (fo=2, routed)           2.637     6.331    sclk_OBUF
    Y18                  OBUF (Prop_obuf_I_O)         3.538     9.870 r  sclk_OBUF_inst/O
                         net (fo=0)                   0.000     9.870    sclk
    Y18                                                               r  sclk (OUT)
  -------------------------------------------------------------------    -------------------

Slack:                    inf
  Source:                 design_1_i/top_0/inst/inst_svpwm/driver_inst/HB3/pwm_n_reg/C
                            (rising edge-triggered cell FDRE clocked by clk_fpga_0  {rise@0.000ns fall@10.000ns period=20.000ns})
  Destination:            HB3_bot
                            (output port)
  Path Group:             (none)
  Path Type:              Max at Slow Process Corner
  Data Path Delay:        5.829ns  (logic 3.995ns (68.534%)  route 1.834ns (31.466%))
  Logic Levels:           1  (OBUF=1)
  Clock Uncertainty:      0.301ns  ((TSJ^2 + TIJ^2)^1/2 + DJ) / 2 + PE
    Total System Jitter     (TSJ):    0.050ns
    Total Input Jitter      (TIJ):    0.600ns
    Discrete Jitter          (DJ):    0.000ns
    Phase Error              (PE):    0.000ns

    Location             Delay type                Incr(ns)  Path(ns)    Netlist Resource(s)
  -------------------------------------------------------------------    -------------------
                         (clock clk_fpga_0 rise edge)
                                                      0.000     0.000 r  
    PS7_X0Y0             PS7                          0.000     0.000 r  design_1_i/processing_system7_0/inst/PS7_i/FCLKCLK[0]
                         net (fo=1, routed)           1.193     1.193    design_1_i/processing_system7_0/inst/FCLK_CLK_unbuffered[0]
    BUFGCTRL_X0Y16       BUFG (Prop_bufg_I_O)         0.101     1.294 r  design_1_i/processing_system7_0/inst/buffer_fclk_clk_0.FCLK_CLK_0_BUFG/O
                         net (fo=4065, routed)        1.863     3.157    design_1_i/top_0/inst/inst_svpwm/driver_inst/HB3/clk
    SLICE_X106Y23        FDRE                                         r  design_1_i/top_0/inst/inst_svpwm/driver_inst/HB3/pwm_n_reg/C
  -------------------------------------------------------------------    -------------------
    SLICE_X106Y23        FDRE (Prop_fdre_C_Q)         0.456     3.613 r  design_1_i/top_0/inst/inst_svpwm/driver_inst/HB3/pwm_n_reg/Q
                         net (fo=2, routed)           1.834     5.447    HB3_bot_OBUF
    W17                  OBUF (Prop_obuf_I_O)         3.539     8.986 r  HB3_bot_OBUF_inst/O
                         net (fo=0)                   0.000     8.986    HB3_bot
    W17                                                               r  HB3_bot (OUT)
  -------------------------------------------------------------------    -------------------

Slack:                    inf
  Source:                 design_1_i/top_0/inst/spi_master/ss_n_reg[0]_lopt_replica/C
                            (rising edge-triggered cell FDPE clocked by clk_fpga_0  {rise@0.000ns fall@10.000ns period=20.000ns})
  Destination:            ss_n[0]
                            (output port)
  Path Group:             (none)
  Path Type:              Max at Slow Process Corner
  Data Path Delay:        5.802ns  (logic 3.992ns (68.813%)  route 1.809ns (31.187%))
  Logic Levels:           1  (OBUF=1)
  Clock Uncertainty:      0.301ns  ((TSJ^2 + TIJ^2)^1/2 + DJ) / 2 + PE
    Total System Jitter     (TSJ):    0.050ns
    Total Input Jitter      (TIJ):    0.600ns
    Discrete Jitter          (DJ):    0.000ns
    Phase Error              (PE):    0.000ns

    Location             Delay type                Incr(ns)  Path(ns)    Netlist Resource(s)
  -------------------------------------------------------------------    -------------------
                         (clock clk_fpga_0 rise edge)
                                                      0.000     0.000 r  
    PS7_X0Y0             PS7                          0.000     0.000 r  design_1_i/processing_system7_0/inst/PS7_i/FCLKCLK[0]
                         net (fo=1, routed)           1.193     1.193    design_1_i/processing_system7_0/inst/FCLK_CLK_unbuffered[0]
    BUFGCTRL_X0Y16       BUFG (Prop_bufg_I_O)         0.101     1.294 r  design_1_i/processing_system7_0/inst/buffer_fclk_clk_0.FCLK_CLK_0_BUFG/O
                         net (fo=4065, routed)        1.883     3.177    design_1_i/top_0/inst/spi_master/clk
    SLICE_X111Y1         FDPE                                         r  design_1_i/top_0/inst/spi_master/ss_n_reg[0]_lopt_replica/C
  -------------------------------------------------------------------    -------------------
    SLICE_X111Y1         FDPE (Prop_fdpe_C_Q)         0.456     3.633 r  design_1_i/top_0/inst/spi_master/ss_n_reg[0]_lopt_replica/Q
                         net (fo=1, routed)           1.809     5.442    lopt
    AB14                 OBUF (Prop_obuf_I_O)         3.536     8.979 r  ss_n_OBUF[0]_inst/O
                         net (fo=0)                   0.000     8.979    ss_n[0]
    AB14                                                              r  ss_n[0] (OUT)
  -------------------------------------------------------------------    -------------------

Slack:                    inf
  Source:                 design_1_i/top_0/inst/inst_svpwm/driver_inst/HB2/pwm_n_reg/C
                            (rising edge-triggered cell FDRE clocked by clk_fpga_0  {rise@0.000ns fall@10.000ns period=20.000ns})
  Destination:            HB2_bot
                            (output port)
  Path Group:             (none)
  Path Type:              Max at Slow Process Corner
  Data Path Delay:        5.691ns  (logic 3.996ns (70.211%)  route 1.695ns (29.789%))
  Logic Levels:           1  (OBUF=1)
  Clock Uncertainty:      0.301ns  ((TSJ^2 + TIJ^2)^1/2 + DJ) / 2 + PE
    Total System Jitter     (TSJ):    0.050ns
    Total Input Jitter      (TIJ):    0.600ns
    Discrete Jitter          (DJ):    0.000ns
    Phase Error              (PE):    0.000ns

    Location             Delay type                Incr(ns)  Path(ns)    Netlist Resource(s)
  -------------------------------------------------------------------    -------------------
                         (clock clk_fpga_0 rise edge)
                                                      0.000     0.000 r  
    PS7_X0Y0             PS7                          0.000     0.000 r  design_1_i/processing_system7_0/inst/PS7_i/FCLKCLK[0]
                         net (fo=1, routed)           1.193     1.193    design_1_i/processing_system7_0/inst/FCLK_CLK_unbuffered[0]
    BUFGCTRL_X0Y16       BUFG (Prop_bufg_I_O)         0.101     1.294 r  design_1_i/processing_system7_0/inst/buffer_fclk_clk_0.FCLK_CLK_0_BUFG/O
                         net (fo=4065, routed)        1.881     3.175    design_1_i/top_0/inst/inst_svpwm/driver_inst/HB2/clk
    SLICE_X109Y6         FDRE                                         r  design_1_i/top_0/inst/inst_svpwm/driver_inst/HB2/pwm_n_reg/C
  -------------------------------------------------------------------    -------------------
    SLICE_X109Y6         FDRE (Prop_fdre_C_Q)         0.456     3.631 r  design_1_i/top_0/inst/inst_svpwm/driver_inst/HB2/pwm_n_reg/Q
                         net (fo=2, routed)           1.695     5.326    HB2_bot_OBUF
    Y14                  OBUF (Prop_obuf_I_O)         3.540     8.866 r  HB2_bot_OBUF_inst/O
                         net (fo=0)                   0.000     8.866    HB2_bot
    Y14                                                               r  HB2_bot (OUT)
  -------------------------------------------------------------------    -------------------

Slack:                    inf
  Source:                 design_1_i/top_0/inst/inst_svpwm/driver_inst/HB1/pwm_n_reg/C
                            (rising edge-triggered cell FDRE clocked by clk_fpga_0  {rise@0.000ns fall@10.000ns period=20.000ns})
  Destination:            HB1_bot
                            (output port)
  Path Group:             (none)
  Path Type:              Max at Slow Process Corner
  Data Path Delay:        5.677ns  (logic 3.982ns (70.138%)  route 1.695ns (29.862%))
  Logic Levels:           1  (OBUF=1)
  Clock Uncertainty:      0.301ns  ((TSJ^2 + TIJ^2)^1/2 + DJ) / 2 + PE
    Total System Jitter     (TSJ):    0.050ns
    Total Input Jitter      (TIJ):    0.600ns
    Discrete Jitter          (DJ):    0.000ns
    Phase Error              (PE):    0.000ns

    Location             Delay type                Incr(ns)  Path(ns)    Netlist Resource(s)
  -------------------------------------------------------------------    -------------------
                         (clock clk_fpga_0 rise edge)
                                                      0.000     0.000 r  
    PS7_X0Y0             PS7                          0.000     0.000 r  design_1_i/processing_system7_0/inst/PS7_i/FCLKCLK[0]
                         net (fo=1, routed)           1.193     1.193    design_1_i/processing_system7_0/inst/FCLK_CLK_unbuffered[0]
    BUFGCTRL_X0Y16       BUFG (Prop_bufg_I_O)         0.101     1.294 r  design_1_i/processing_system7_0/inst/buffer_fclk_clk_0.FCLK_CLK_0_BUFG/O
                         net (fo=4065, routed)        1.881     3.175    design_1_i/top_0/inst/inst_svpwm/driver_inst/HB1/clk
    SLICE_X109Y4         FDRE                                         r  design_1_i/top_0/inst/inst_svpwm/driver_inst/HB1/pwm_n_reg/C
  -------------------------------------------------------------------    -------------------
    SLICE_X109Y4         FDRE (Prop_fdre_C_Q)         0.456     3.631 r  design_1_i/top_0/inst/inst_svpwm/driver_inst/HB1/pwm_n_reg/Q
                         net (fo=2, routed)           1.695     5.326    HB1_bot_OBUF
    Y13                  OBUF (Prop_obuf_I_O)         3.526     8.852 r  HB1_bot_OBUF_inst/O
                         net (fo=0)                   0.000     8.852    HB1_bot
    Y13                                                               r  HB1_bot (OUT)
  -------------------------------------------------------------------    -------------------





Min Delay Paths
--------------------------------------------------------------------------------------
Slack:                    inf
  Source:                 design_1_i/top_0/inst/inst_svpwm/driver_inst/HB1/pwm_n_reg/C
                            (rising edge-triggered cell FDRE clocked by clk_fpga_0  {rise@0.000ns fall@10.000ns period=20.000ns})
  Destination:            HB1_bot
                            (output port)
  Path Group:             (none)
  Path Type:              Min at Fast Process Corner
  Data Path Delay:        1.711ns  (logic 1.368ns (79.936%)  route 0.343ns (20.064%))
  Logic Levels:           1  (OBUF=1)
  Clock Uncertainty:      0.301ns  ((TSJ^2 + TIJ^2)^1/2 + DJ) / 2 + PE
    Total System Jitter     (TSJ):    0.050ns
    Total Input Jitter      (TIJ):    0.600ns
    Discrete Jitter          (DJ):    0.000ns
    Phase Error              (PE):    0.000ns

    Location             Delay type                Incr(ns)  Path(ns)    Netlist Resource(s)
  -------------------------------------------------------------------    -------------------
                         (clock clk_fpga_0 rise edge)
                                                      0.000     0.000 r  
    PS7_X0Y0             PS7                          0.000     0.000 r  design_1_i/processing_system7_0/inst/PS7_i/FCLKCLK[0]
                         net (fo=1, routed)           0.310     0.310    design_1_i/processing_system7_0/inst/FCLK_CLK_unbuffered[0]
    BUFGCTRL_X0Y16       BUFG (Prop_bufg_I_O)         0.026     0.336 r  design_1_i/processing_system7_0/inst/buffer_fclk_clk_0.FCLK_CLK_0_BUFG/O
                         net (fo=4065, routed)        0.641     0.977    design_1_i/top_0/inst/inst_svpwm/driver_inst/HB1/clk
    SLICE_X109Y4         FDRE                                         r  design_1_i/top_0/inst/inst_svpwm/driver_inst/HB1/pwm_n_reg/C
  -------------------------------------------------------------------    -------------------
    SLICE_X109Y4         FDRE (Prop_fdre_C_Q)         0.141     1.118 r  design_1_i/top_0/inst/inst_svpwm/driver_inst/HB1/pwm_n_reg/Q
                         net (fo=2, routed)           0.343     1.461    HB1_bot_OBUF
    Y13                  OBUF (Prop_obuf_I_O)         1.227     2.688 r  HB1_bot_OBUF_inst/O
                         net (fo=0)                   0.000     2.688    HB1_bot
    Y13                                                               r  HB1_bot (OUT)
  -------------------------------------------------------------------    -------------------

Slack:                    inf
  Source:                 design_1_i/top_0/inst/inst_svpwm/driver_inst/HB2/pwm_n_reg/C
                            (rising edge-triggered cell FDRE clocked by clk_fpga_0  {rise@0.000ns fall@10.000ns period=20.000ns})
  Destination:            HB2_bot
                            (output port)
  Path Group:             (none)
  Path Type:              Min at Fast Process Corner
  Data Path Delay:        1.725ns  (logic 1.382ns (80.097%)  route 0.343ns (19.903%))
  Logic Levels:           1  (OBUF=1)
  Clock Uncertainty:      0.301ns  ((TSJ^2 + TIJ^2)^1/2 + DJ) / 2 + PE
    Total System Jitter     (TSJ):    0.050ns
    Total Input Jitter      (TIJ):    0.600ns
    Discrete Jitter          (DJ):    0.000ns
    Phase Error              (PE):    0.000ns

    Location             Delay type                Incr(ns)  Path(ns)    Netlist Resource(s)
  -------------------------------------------------------------------    -------------------
                         (clock clk_fpga_0 rise edge)
                                                      0.000     0.000 r  
    PS7_X0Y0             PS7                          0.000     0.000 r  design_1_i/processing_system7_0/inst/PS7_i/FCLKCLK[0]
                         net (fo=1, routed)           0.310     0.310    design_1_i/processing_system7_0/inst/FCLK_CLK_unbuffered[0]
    BUFGCTRL_X0Y16       BUFG (Prop_bufg_I_O)         0.026     0.336 r  design_1_i/processing_system7_0/inst/buffer_fclk_clk_0.FCLK_CLK_0_BUFG/O
                         net (fo=4065, routed)        0.641     0.977    design_1_i/top_0/inst/inst_svpwm/driver_inst/HB2/clk
    SLICE_X109Y6         FDRE                                         r  design_1_i/top_0/inst/inst_svpwm/driver_inst/HB2/pwm_n_reg/C
  -------------------------------------------------------------------    -------------------
    SLICE_X109Y6         FDRE (Prop_fdre_C_Q)         0.141     1.118 r  design_1_i/top_0/inst/inst_svpwm/driver_inst/HB2/pwm_n_reg/Q
                         net (fo=2, routed)           0.343     1.461    HB2_bot_OBUF
    Y14                  OBUF (Prop_obuf_I_O)         1.241     2.701 r  HB2_bot_OBUF_inst/O
                         net (fo=0)                   0.000     2.701    HB2_bot
    Y14                                                               r  HB2_bot (OUT)
  -------------------------------------------------------------------    -------------------

Slack:                    inf
  Source:                 design_1_i/top_0/inst/spi_master/ss_n_reg[0]_lopt_replica/C
                            (rising edge-triggered cell FDPE clocked by clk_fpga_0  {rise@0.000ns fall@10.000ns period=20.000ns})
  Destination:            ss_n[0]
                            (output port)
  Path Group:             (none)
  Path Type:              Min at Fast Process Corner
  Data Path Delay:        1.754ns  (logic 1.378ns (78.592%)  route 0.375ns (21.408%))
  Logic Levels:           1  (OBUF=1)
  Clock Uncertainty:      0.301ns  ((TSJ^2 + TIJ^2)^1/2 + DJ) / 2 + PE
    Total System Jitter     (TSJ):    0.050ns
    Total Input Jitter      (TIJ):    0.600ns
    Discrete Jitter          (DJ):    0.000ns
    Phase Error              (PE):    0.000ns

    Location             Delay type                Incr(ns)  Path(ns)    Netlist Resource(s)
  -------------------------------------------------------------------    -------------------
                         (clock clk_fpga_0 rise edge)
                                                      0.000     0.000 r  
    PS7_X0Y0             PS7                          0.000     0.000 r  design_1_i/processing_system7_0/inst/PS7_i/FCLKCLK[0]
                         net (fo=1, routed)           0.310     0.310    design_1_i/processing_system7_0/inst/FCLK_CLK_unbuffered[0]
    BUFGCTRL_X0Y16       BUFG (Prop_bufg_I_O)         0.026     0.336 r  design_1_i/processing_system7_0/inst/buffer_fclk_clk_0.FCLK_CLK_0_BUFG/O
                         net (fo=4065, routed)        0.643     0.979    design_1_i/top_0/inst/spi_master/clk
    SLICE_X111Y1         FDPE                                         r  design_1_i/top_0/inst/spi_master/ss_n_reg[0]_lopt_replica/C
  -------------------------------------------------------------------    -------------------
    SLICE_X111Y1         FDPE (Prop_fdpe_C_Q)         0.141     1.120 r  design_1_i/top_0/inst/spi_master/ss_n_reg[0]_lopt_replica/Q
                         net (fo=1, routed)           0.375     1.495    lopt
    AB14                 OBUF (Prop_obuf_I_O)         1.237     2.732 r  ss_n_OBUF[0]_inst/O
                         net (fo=0)                   0.000     2.732    ss_n[0]
    AB14                                                              r  ss_n[0] (OUT)
  -------------------------------------------------------------------    -------------------

Slack:                    inf
  Source:                 design_1_i/top_0/inst/inst_svpwm/driver_inst/HB3/pwm_n_reg/C
                            (rising edge-triggered cell FDRE clocked by clk_fpga_0  {rise@0.000ns fall@10.000ns period=20.000ns})
  Destination:            HB3_bot
                            (output port)
  Path Group:             (none)
  Path Type:              Min at Fast Process Corner
  Data Path Delay:        1.777ns  (logic 1.381ns (77.705%)  route 0.396ns (22.295%))
  Logic Levels:           1  (OBUF=1)
  Clock Uncertainty:      0.301ns  ((TSJ^2 + TIJ^2)^1/2 + DJ) / 2 + PE
    Total System Jitter     (TSJ):    0.050ns
    Total Input Jitter      (TIJ):    0.600ns
    Discrete Jitter          (DJ):    0.000ns
    Phase Error              (PE):    0.000ns

    Location             Delay type                Incr(ns)  Path(ns)    Netlist Resource(s)
  -------------------------------------------------------------------    -------------------
                         (clock clk_fpga_0 rise edge)
                                                      0.000     0.000 r  
    PS7_X0Y0             PS7                          0.000     0.000 r  design_1_i/processing_system7_0/inst/PS7_i/FCLKCLK[0]
                         net (fo=1, routed)           0.310     0.310    design_1_i/processing_system7_0/inst/FCLK_CLK_unbuffered[0]
    BUFGCTRL_X0Y16       BUFG (Prop_bufg_I_O)         0.026     0.336 r  design_1_i/processing_system7_0/inst/buffer_fclk_clk_0.FCLK_CLK_0_BUFG/O
                         net (fo=4065, routed)        0.629     0.965    design_1_i/top_0/inst/inst_svpwm/driver_inst/HB3/clk
    SLICE_X106Y23        FDRE                                         r  design_1_i/top_0/inst/inst_svpwm/driver_inst/HB3/pwm_n_reg/C
  -------------------------------------------------------------------    -------------------
    SLICE_X106Y23        FDRE (Prop_fdre_C_Q)         0.141     1.105 r  design_1_i/top_0/inst/inst_svpwm/driver_inst/HB3/pwm_n_reg/Q
                         net (fo=2, routed)           0.396     1.502    HB3_bot_OBUF
    W17                  OBUF (Prop_obuf_I_O)         1.240     2.741 r  HB3_bot_OBUF_inst/O
                         net (fo=0)                   0.000     2.741    HB3_bot
    W17                                                               r  HB3_bot (OUT)
  -------------------------------------------------------------------    -------------------

Slack:                    inf
  Source:                 design_1_i/top_0/inst/spi_master/sclk_reg/C
                            (rising edge-triggered cell FDRE clocked by clk_fpga_0  {rise@0.000ns fall@10.000ns period=20.000ns})
  Destination:            sclk
                            (output port)
  Path Group:             (none)
  Path Type:              Min at Fast Process Corner
  Data Path Delay:        2.167ns  (logic 1.403ns (64.769%)  route 0.763ns (35.231%))
  Logic Levels:           1  (OBUF=1)
  Clock Uncertainty:      0.301ns  ((TSJ^2 + TIJ^2)^1/2 + DJ) / 2 + PE
    Total System Jitter     (TSJ):    0.050ns
    Total Input Jitter      (TIJ):    0.600ns
    Discrete Jitter          (DJ):    0.000ns
    Phase Error              (PE):    0.000ns

    Location             Delay type                Incr(ns)  Path(ns)    Netlist Resource(s)
  -------------------------------------------------------------------    -------------------
                         (clock clk_fpga_0 rise edge)
                                                      0.000     0.000 r  
    PS7_X0Y0             PS7                          0.000     0.000 r  design_1_i/processing_system7_0/inst/PS7_i/FCLKCLK[0]
                         net (fo=1, routed)           0.310     0.310    design_1_i/processing_system7_0/inst/FCLK_CLK_unbuffered[0]
    BUFGCTRL_X0Y16       BUFG (Prop_bufg_I_O)         0.026     0.336 r  design_1_i/processing_system7_0/inst/buffer_fclk_clk_0.FCLK_CLK_0_BUFG/O
                         net (fo=4065, routed)        0.642     0.978    design_1_i/top_0/inst/spi_master/clk
    SLICE_X108Y2         FDRE                                         r  design_1_i/top_0/inst/spi_master/sclk_reg/C
  -------------------------------------------------------------------    -------------------
    SLICE_X108Y2         FDRE (Prop_fdre_C_Q)         0.164     1.142 r  design_1_i/top_0/inst/spi_master/sclk_reg/Q
                         net (fo=2, routed)           0.763     1.905    sclk_OBUF
    Y18                  OBUF (Prop_obuf_I_O)         1.239     3.144 r  sclk_OBUF_inst/O
                         net (fo=0)                   0.000     3.144    sclk
    Y18                                                               r  sclk (OUT)
  -------------------------------------------------------------------    -------------------

Slack:                    inf
  Source:                 design_1_i/top_0/inst/inst_svpwm/driver_inst/HB2/pwm_reg/C
                            (rising edge-triggered cell FDRE clocked by clk_fpga_0  {rise@0.000ns fall@10.000ns period=20.000ns})
  Destination:            HB2_top
                            (output port)
  Path Group:             (none)
  Path Type:              Min at Fast Process Corner
  Data Path Delay:        2.333ns  (logic 1.357ns (58.172%)  route 0.976ns (41.828%))
  Logic Levels:           1  (OBUF=1)
  Clock Uncertainty:      0.301ns  ((TSJ^2 + TIJ^2)^1/2 + DJ) / 2 + PE
    Total System Jitter     (TSJ):    0.050ns
    Total Input Jitter      (TIJ):    0.600ns
    Discrete Jitter          (DJ):    0.000ns
    Phase Error              (PE):    0.000ns

    Location             Delay type                Incr(ns)  Path(ns)    Netlist Resource(s)
  -------------------------------------------------------------------    -------------------
                         (clock clk_fpga_0 rise edge)
                                                      0.000     0.000 r  
    PS7_X0Y0             PS7                          0.000     0.000 r  design_1_i/processing_system7_0/inst/PS7_i/FCLKCLK[0]
                         net (fo=1, routed)           0.310     0.310    design_1_i/processing_system7_0/inst/FCLK_CLK_unbuffered[0]
    BUFGCTRL_X0Y16       BUFG (Prop_bufg_I_O)         0.026     0.336 r  design_1_i/processing_system7_0/inst/buffer_fclk_clk_0.FCLK_CLK_0_BUFG/O
                         net (fo=4065, routed)        0.582     0.918    design_1_i/top_0/inst/inst_svpwm/driver_inst/HB2/clk
    SLICE_X78Y32         FDRE                                         r  design_1_i/top_0/inst/inst_svpwm/driver_inst/HB2/pwm_reg/C
  -------------------------------------------------------------------    -------------------
    SLICE_X78Y32         FDRE (Prop_fdre_C_Q)         0.141     1.059 r  design_1_i/top_0/inst/inst_svpwm/driver_inst/HB2/pwm_reg/Q
                         net (fo=1, routed)           0.976     2.034    HB2_top_OBUF
    U17                  OBUF (Prop_obuf_I_O)         1.216     3.250 r  HB2_top_OBUF_inst/O
                         net (fo=0)                   0.000     3.250    HB2_top
    U17                                                               r  HB2_top (OUT)
  -------------------------------------------------------------------    -------------------

Slack:                    inf
  Source:                 design_1_i/top_0/inst/inst_svpwm/driver_inst/HB1/pwm_reg/C
                            (rising edge-triggered cell FDRE clocked by clk_fpga_0  {rise@0.000ns fall@10.000ns period=20.000ns})
  Destination:            HB1_top
                            (output port)
  Path Group:             (none)
  Path Type:              Min at Fast Process Corner
  Data Path Delay:        2.458ns  (logic 1.396ns (56.795%)  route 1.062ns (43.205%))
  Logic Levels:           1  (OBUF=1)
  Clock Uncertainty:      0.301ns  ((TSJ^2 + TIJ^2)^1/2 + DJ) / 2 + PE
    Total System Jitter     (TSJ):    0.050ns
    Total Input Jitter      (TIJ):    0.600ns
    Discrete Jitter          (DJ):    0.000ns
    Phase Error              (PE):    0.000ns

    Location             Delay type                Incr(ns)  Path(ns)    Netlist Resource(s)
  -------------------------------------------------------------------    -------------------
                         (clock clk_fpga_0 rise edge)
                                                      0.000     0.000 r  
    PS7_X0Y0             PS7                          0.000     0.000 r  design_1_i/processing_system7_0/inst/PS7_i/FCLKCLK[0]
                         net (fo=1, routed)           0.310     0.310    design_1_i/processing_system7_0/inst/FCLK_CLK_unbuffered[0]
    BUFGCTRL_X0Y16       BUFG (Prop_bufg_I_O)         0.026     0.336 r  design_1_i/processing_system7_0/inst/buffer_fclk_clk_0.FCLK_CLK_0_BUFG/O
                         net (fo=4065, routed)        0.575     0.911    design_1_i/top_0/inst/inst_svpwm/driver_inst/HB1/clk
    SLICE_X62Y28         FDRE                                         r  design_1_i/top_0/inst/inst_svpwm/driver_inst/HB1/pwm_reg/C
  -------------------------------------------------------------------    -------------------
    SLICE_X62Y28         FDRE (Prop_fdre_C_Q)         0.164     1.075 r  design_1_i/top_0/inst/inst_svpwm/driver_inst/HB1/pwm_reg/Q
                         net (fo=1, routed)           1.062     2.137    HB1_top_OBUF
    U15                  OBUF (Prop_obuf_I_O)         1.232     3.369 r  HB1_top_OBUF_inst/O
                         net (fo=0)                   0.000     3.369    HB1_top
    U15                                                               r  HB1_top (OUT)
  -------------------------------------------------------------------    -------------------

Slack:                    inf
  Source:                 design_1_i/top_0/inst/inst_svpwm/driver_inst/HB3/pwm_reg/C
                            (rising edge-triggered cell FDRE clocked by clk_fpga_0  {rise@0.000ns fall@10.000ns period=20.000ns})
  Destination:            HB3_top
                            (output port)
  Path Group:             (none)
  Path Type:              Min at Fast Process Corner
  Data Path Delay:        2.469ns  (logic 1.421ns (57.573%)  route 1.047ns (42.427%))
  Logic Levels:           1  (OBUF=1)
  Clock Uncertainty:      0.301ns  ((TSJ^2 + TIJ^2)^1/2 + DJ) / 2 + PE
    Total System Jitter     (TSJ):    0.050ns
    Total Input Jitter      (TIJ):    0.600ns
    Discrete Jitter          (DJ):    0.000ns
    Phase Error              (PE):    0.000ns

    Location             Delay type                Incr(ns)  Path(ns)    Netlist Resource(s)
  -------------------------------------------------------------------    -------------------
                         (clock clk_fpga_0 rise edge)
                                                      0.000     0.000 r  
    PS7_X0Y0             PS7                          0.000     0.000 r  design_1_i/processing_system7_0/inst/PS7_i/FCLKCLK[0]
                         net (fo=1, routed)           0.310     0.310    design_1_i/processing_system7_0/inst/FCLK_CLK_unbuffered[0]
    BUFGCTRL_X0Y16       BUFG (Prop_bufg_I_O)         0.026     0.336 r  design_1_i/processing_system7_0/inst/buffer_fclk_clk_0.FCLK_CLK_0_BUFG/O
                         net (fo=4065, routed)        0.578     0.914    design_1_i/top_0/inst/inst_svpwm/driver_inst/HB3/clk
    SLICE_X64Y31         FDRE                                         r  design_1_i/top_0/inst/inst_svpwm/driver_inst/HB3/pwm_reg/C
  -------------------------------------------------------------------    -------------------
    SLICE_X64Y31         FDRE (Prop_fdre_C_Q)         0.141     1.054 r  design_1_i/top_0/inst/inst_svpwm/driver_inst/HB3/pwm_reg/Q
                         net (fo=1, routed)           1.047     2.102    HB3_top_OBUF
    W16                  OBUF (Prop_obuf_I_O)         1.280     3.382 r  HB3_top_OBUF_inst/O
                         net (fo=0)                   0.000     3.382    HB3_top
    W16                                                               r  HB3_top (OUT)
  -------------------------------------------------------------------    -------------------





--------------------------------------------------------------------------------------
Path Group:  (none)
From Clock:  
  To Clock:  clk_fpga_0

Max Delay          4137 Endpoints
Min Delay          4137 Endpoints
--------------------------------------------------------------------------------------


Max Delay Paths
--------------------------------------------------------------------------------------
Slack:                    inf
  Source:                 reset
                            (input port)
  Destination:            design_1_i/top_0/inst/inst_svpwm/time_processor_inst/cordic_inst/pipeline_reg[12][pip_sin][0]/CLR
                            (recovery check against rising-edge clock clk_fpga_0  {rise@0.000ns fall@10.000ns period=20.000ns})
  Path Group:             (none)
  Path Type:              Recovery (Max at Slow Process Corner)
  Data Path Delay:        21.135ns  (logic 1.465ns (6.933%)  route 19.669ns (93.067%))
  Logic Levels:           1  (IBUF=1)
  Clock Path Skew:        2.723ns (DCD - SCD + CPR)
    Destination Clock Delay (DCD):    2.723ns
    Source Clock Delay      (SCD):    0.000ns
    Clock Pessimism Removal (CPR):    0.000ns
  Clock Uncertainty:      0.301ns  ((TSJ^2 + TIJ^2)^1/2 + DJ) / 2 + PE
    Total System Jitter     (TSJ):    0.050ns
    Total Input Jitter      (TIJ):    0.600ns
    Discrete Jitter          (DJ):    0.000ns
    Phase Error              (PE):    0.000ns

    Location             Delay type                Incr(ns)  Path(ns)    Netlist Resource(s)
  -------------------------------------------------------------------    -------------------
    P21                                               0.000     0.000 f  reset (IN)
                         net (fo=0)                   0.000     0.000    reset
    P21                  IBUF (Prop_ibuf_I_O)         1.465     1.465 f  reset_IBUF_inst/O
                         net (fo=3709, routed)       19.669    21.135    design_1_i/top_0/inst/inst_svpwm/time_processor_inst/cordic_inst/reset
    SLICE_X76Y24         FDCE                                         f  design_1_i/top_0/inst/inst_svpwm/time_processor_inst/cordic_inst/pipeline_reg[12][pip_sin][0]/CLR
  -------------------------------------------------------------------    -------------------

                         (clock clk_fpga_0 rise edge)
                                                      0.000     0.000 r  
    PS7_X0Y0             PS7                          0.000     0.000 r  design_1_i/processing_system7_0/inst/PS7_i/FCLKCLK[0]
                         net (fo=1, routed)           1.088     1.088    design_1_i/processing_system7_0/inst/FCLK_CLK_unbuffered[0]
    BUFGCTRL_X0Y16       BUFG (Prop_bufg_I_O)         0.091     1.179 r  design_1_i/processing_system7_0/inst/buffer_fclk_clk_0.FCLK_CLK_0_BUFG/O
                         net (fo=4065, routed)        1.544     2.723    design_1_i/top_0/inst/inst_svpwm/time_processor_inst/cordic_inst/clk
    SLICE_X76Y24         FDCE                                         r  design_1_i/top_0/inst/inst_svpwm/time_processor_inst/cordic_inst/pipeline_reg[12][pip_sin][0]/C

Slack:                    inf
  Source:                 reset
                            (input port)
  Destination:            design_1_i/top_0/inst/inst_svpwm/time_processor_inst/cordic_inst/pipeline_reg[12][pip_sin][1]/CLR
                            (recovery check against rising-edge clock clk_fpga_0  {rise@0.000ns fall@10.000ns period=20.000ns})
  Path Group:             (none)
  Path Type:              Recovery (Max at Slow Process Corner)
  Data Path Delay:        21.135ns  (logic 1.465ns (6.933%)  route 19.669ns (93.067%))
  Logic Levels:           1  (IBUF=1)
  Clock Path Skew:        2.723ns (DCD - SCD + CPR)
    Destination Clock Delay (DCD):    2.723ns
    Source Clock Delay      (SCD):    0.000ns
    Clock Pessimism Removal (CPR):    0.000ns
  Clock Uncertainty:      0.301ns  ((TSJ^2 + TIJ^2)^1/2 + DJ) / 2 + PE
    Total System Jitter     (TSJ):    0.050ns
    Total Input Jitter      (TIJ):    0.600ns
    Discrete Jitter          (DJ):    0.000ns
    Phase Error              (PE):    0.000ns

    Location             Delay type                Incr(ns)  Path(ns)    Netlist Resource(s)
  -------------------------------------------------------------------    -------------------
    P21                                               0.000     0.000 f  reset (IN)
                         net (fo=0)                   0.000     0.000    reset
    P21                  IBUF (Prop_ibuf_I_O)         1.465     1.465 f  reset_IBUF_inst/O
                         net (fo=3709, routed)       19.669    21.135    design_1_i/top_0/inst/inst_svpwm/time_processor_inst/cordic_inst/reset
    SLICE_X76Y24         FDCE                                         f  design_1_i/top_0/inst/inst_svpwm/time_processor_inst/cordic_inst/pipeline_reg[12][pip_sin][1]/CLR
  -------------------------------------------------------------------    -------------------

                         (clock clk_fpga_0 rise edge)
                                                      0.000     0.000 r  
    PS7_X0Y0             PS7                          0.000     0.000 r  design_1_i/processing_system7_0/inst/PS7_i/FCLKCLK[0]
                         net (fo=1, routed)           1.088     1.088    design_1_i/processing_system7_0/inst/FCLK_CLK_unbuffered[0]
    BUFGCTRL_X0Y16       BUFG (Prop_bufg_I_O)         0.091     1.179 r  design_1_i/processing_system7_0/inst/buffer_fclk_clk_0.FCLK_CLK_0_BUFG/O
                         net (fo=4065, routed)        1.544     2.723    design_1_i/top_0/inst/inst_svpwm/time_processor_inst/cordic_inst/clk
    SLICE_X76Y24         FDCE                                         r  design_1_i/top_0/inst/inst_svpwm/time_processor_inst/cordic_inst/pipeline_reg[12][pip_sin][1]/C

Slack:                    inf
  Source:                 reset
                            (input port)
  Destination:            design_1_i/top_0/inst/inst_svpwm/time_processor_inst/cordic_inst/pipeline_reg[12][pip_sin][2]/CLR
                            (recovery check against rising-edge clock clk_fpga_0  {rise@0.000ns fall@10.000ns period=20.000ns})
  Path Group:             (none)
  Path Type:              Recovery (Max at Slow Process Corner)
  Data Path Delay:        21.135ns  (logic 1.465ns (6.933%)  route 19.669ns (93.067%))
  Logic Levels:           1  (IBUF=1)
  Clock Path Skew:        2.723ns (DCD - SCD + CPR)
    Destination Clock Delay (DCD):    2.723ns
    Source Clock Delay      (SCD):    0.000ns
    Clock Pessimism Removal (CPR):    0.000ns
  Clock Uncertainty:      0.301ns  ((TSJ^2 + TIJ^2)^1/2 + DJ) / 2 + PE
    Total System Jitter     (TSJ):    0.050ns
    Total Input Jitter      (TIJ):    0.600ns
    Discrete Jitter          (DJ):    0.000ns
    Phase Error              (PE):    0.000ns

    Location             Delay type                Incr(ns)  Path(ns)    Netlist Resource(s)
  -------------------------------------------------------------------    -------------------
    P21                                               0.000     0.000 f  reset (IN)
                         net (fo=0)                   0.000     0.000    reset
    P21                  IBUF (Prop_ibuf_I_O)         1.465     1.465 f  reset_IBUF_inst/O
                         net (fo=3709, routed)       19.669    21.135    design_1_i/top_0/inst/inst_svpwm/time_processor_inst/cordic_inst/reset
    SLICE_X76Y24         FDCE                                         f  design_1_i/top_0/inst/inst_svpwm/time_processor_inst/cordic_inst/pipeline_reg[12][pip_sin][2]/CLR
  -------------------------------------------------------------------    -------------------

                         (clock clk_fpga_0 rise edge)
                                                      0.000     0.000 r  
    PS7_X0Y0             PS7                          0.000     0.000 r  design_1_i/processing_system7_0/inst/PS7_i/FCLKCLK[0]
                         net (fo=1, routed)           1.088     1.088    design_1_i/processing_system7_0/inst/FCLK_CLK_unbuffered[0]
    BUFGCTRL_X0Y16       BUFG (Prop_bufg_I_O)         0.091     1.179 r  design_1_i/processing_system7_0/inst/buffer_fclk_clk_0.FCLK_CLK_0_BUFG/O
                         net (fo=4065, routed)        1.544     2.723    design_1_i/top_0/inst/inst_svpwm/time_processor_inst/cordic_inst/clk
    SLICE_X76Y24         FDCE                                         r  design_1_i/top_0/inst/inst_svpwm/time_processor_inst/cordic_inst/pipeline_reg[12][pip_sin][2]/C

Slack:                    inf
  Source:                 reset
                            (input port)
  Destination:            design_1_i/top_0/inst/inst_svpwm/time_processor_inst/cordic_inst/pipeline_reg[12][pip_cos][0]/CLR
                            (recovery check against rising-edge clock clk_fpga_0  {rise@0.000ns fall@10.000ns period=20.000ns})
  Path Group:             (none)
  Path Type:              Recovery (Max at Slow Process Corner)
  Data Path Delay:        21.129ns  (logic 1.465ns (6.935%)  route 19.663ns (93.065%))
  Logic Levels:           1  (IBUF=1)
  Clock Path Skew:        2.723ns (DCD - SCD + CPR)
    Destination Clock Delay (DCD):    2.723ns
    Source Clock Delay      (SCD):    0.000ns
    Clock Pessimism Removal (CPR):    0.000ns
  Clock Uncertainty:      0.301ns  ((TSJ^2 + TIJ^2)^1/2 + DJ) / 2 + PE
    Total System Jitter     (TSJ):    0.050ns
    Total Input Jitter      (TIJ):    0.600ns
    Discrete Jitter          (DJ):    0.000ns
    Phase Error              (PE):    0.000ns

    Location             Delay type                Incr(ns)  Path(ns)    Netlist Resource(s)
  -------------------------------------------------------------------    -------------------
    P21                                               0.000     0.000 f  reset (IN)
                         net (fo=0)                   0.000     0.000    reset
    P21                  IBUF (Prop_ibuf_I_O)         1.465     1.465 f  reset_IBUF_inst/O
                         net (fo=3709, routed)       19.663    21.129    design_1_i/top_0/inst/inst_svpwm/time_processor_inst/cordic_inst/reset
    SLICE_X72Y23         FDCE                                         f  design_1_i/top_0/inst/inst_svpwm/time_processor_inst/cordic_inst/pipeline_reg[12][pip_cos][0]/CLR
  -------------------------------------------------------------------    -------------------

                         (clock clk_fpga_0 rise edge)
                                                      0.000     0.000 r  
    PS7_X0Y0             PS7                          0.000     0.000 r  design_1_i/processing_system7_0/inst/PS7_i/FCLKCLK[0]
                         net (fo=1, routed)           1.088     1.088    design_1_i/processing_system7_0/inst/FCLK_CLK_unbuffered[0]
    BUFGCTRL_X0Y16       BUFG (Prop_bufg_I_O)         0.091     1.179 r  design_1_i/processing_system7_0/inst/buffer_fclk_clk_0.FCLK_CLK_0_BUFG/O
                         net (fo=4065, routed)        1.544     2.723    design_1_i/top_0/inst/inst_svpwm/time_processor_inst/cordic_inst/clk
    SLICE_X72Y23         FDCE                                         r  design_1_i/top_0/inst/inst_svpwm/time_processor_inst/cordic_inst/pipeline_reg[12][pip_cos][0]/C

Slack:                    inf
  Source:                 reset
                            (input port)
  Destination:            design_1_i/top_0/inst/inst_svpwm/time_processor_inst/cordic_inst/pipeline_reg[12][pip_cos][1]/CLR
                            (recovery check against rising-edge clock clk_fpga_0  {rise@0.000ns fall@10.000ns period=20.000ns})
  Path Group:             (none)
  Path Type:              Recovery (Max at Slow Process Corner)
  Data Path Delay:        21.129ns  (logic 1.465ns (6.935%)  route 19.663ns (93.065%))
  Logic Levels:           1  (IBUF=1)
  Clock Path Skew:        2.723ns (DCD - SCD + CPR)
    Destination Clock Delay (DCD):    2.723ns
    Source Clock Delay      (SCD):    0.000ns
    Clock Pessimism Removal (CPR):    0.000ns
  Clock Uncertainty:      0.301ns  ((TSJ^2 + TIJ^2)^1/2 + DJ) / 2 + PE
    Total System Jitter     (TSJ):    0.050ns
    Total Input Jitter      (TIJ):    0.600ns
    Discrete Jitter          (DJ):    0.000ns
    Phase Error              (PE):    0.000ns

    Location             Delay type                Incr(ns)  Path(ns)    Netlist Resource(s)
  -------------------------------------------------------------------    -------------------
    P21                                               0.000     0.000 f  reset (IN)
                         net (fo=0)                   0.000     0.000    reset
    P21                  IBUF (Prop_ibuf_I_O)         1.465     1.465 f  reset_IBUF_inst/O
                         net (fo=3709, routed)       19.663    21.129    design_1_i/top_0/inst/inst_svpwm/time_processor_inst/cordic_inst/reset
    SLICE_X72Y23         FDCE                                         f  design_1_i/top_0/inst/inst_svpwm/time_processor_inst/cordic_inst/pipeline_reg[12][pip_cos][1]/CLR
  -------------------------------------------------------------------    -------------------

                         (clock clk_fpga_0 rise edge)
                                                      0.000     0.000 r  
    PS7_X0Y0             PS7                          0.000     0.000 r  design_1_i/processing_system7_0/inst/PS7_i/FCLKCLK[0]
                         net (fo=1, routed)           1.088     1.088    design_1_i/processing_system7_0/inst/FCLK_CLK_unbuffered[0]
    BUFGCTRL_X0Y16       BUFG (Prop_bufg_I_O)         0.091     1.179 r  design_1_i/processing_system7_0/inst/buffer_fclk_clk_0.FCLK_CLK_0_BUFG/O
                         net (fo=4065, routed)        1.544     2.723    design_1_i/top_0/inst/inst_svpwm/time_processor_inst/cordic_inst/clk
    SLICE_X72Y23         FDCE                                         r  design_1_i/top_0/inst/inst_svpwm/time_processor_inst/cordic_inst/pipeline_reg[12][pip_cos][1]/C

Slack:                    inf
  Source:                 reset
                            (input port)
  Destination:            design_1_i/top_0/inst/inst_svpwm/time_processor_inst/cordic_inst/pipeline_reg[12][pip_cos][2]/CLR
                            (recovery check against rising-edge clock clk_fpga_0  {rise@0.000ns fall@10.000ns period=20.000ns})
  Path Group:             (none)
  Path Type:              Recovery (Max at Slow Process Corner)
  Data Path Delay:        21.129ns  (logic 1.465ns (6.935%)  route 19.663ns (93.065%))
  Logic Levels:           1  (IBUF=1)
  Clock Path Skew:        2.723ns (DCD - SCD + CPR)
    Destination Clock Delay (DCD):    2.723ns
    Source Clock Delay      (SCD):    0.000ns
    Clock Pessimism Removal (CPR):    0.000ns
  Clock Uncertainty:      0.301ns  ((TSJ^2 + TIJ^2)^1/2 + DJ) / 2 + PE
    Total System Jitter     (TSJ):    0.050ns
    Total Input Jitter      (TIJ):    0.600ns
    Discrete Jitter          (DJ):    0.000ns
    Phase Error              (PE):    0.000ns

    Location             Delay type                Incr(ns)  Path(ns)    Netlist Resource(s)
  -------------------------------------------------------------------    -------------------
    P21                                               0.000     0.000 f  reset (IN)
                         net (fo=0)                   0.000     0.000    reset
    P21                  IBUF (Prop_ibuf_I_O)         1.465     1.465 f  reset_IBUF_inst/O
                         net (fo=3709, routed)       19.663    21.129    design_1_i/top_0/inst/inst_svpwm/time_processor_inst/cordic_inst/reset
    SLICE_X72Y23         FDCE                                         f  design_1_i/top_0/inst/inst_svpwm/time_processor_inst/cordic_inst/pipeline_reg[12][pip_cos][2]/CLR
  -------------------------------------------------------------------    -------------------

                         (clock clk_fpga_0 rise edge)
                                                      0.000     0.000 r  
    PS7_X0Y0             PS7                          0.000     0.000 r  design_1_i/processing_system7_0/inst/PS7_i/FCLKCLK[0]
                         net (fo=1, routed)           1.088     1.088    design_1_i/processing_system7_0/inst/FCLK_CLK_unbuffered[0]
    BUFGCTRL_X0Y16       BUFG (Prop_bufg_I_O)         0.091     1.179 r  design_1_i/processing_system7_0/inst/buffer_fclk_clk_0.FCLK_CLK_0_BUFG/O
                         net (fo=4065, routed)        1.544     2.723    design_1_i/top_0/inst/inst_svpwm/time_processor_inst/cordic_inst/clk
    SLICE_X72Y23         FDCE                                         r  design_1_i/top_0/inst/inst_svpwm/time_processor_inst/cordic_inst/pipeline_reg[12][pip_cos][2]/C

Slack:                    inf
  Source:                 reset
                            (input port)
  Destination:            design_1_i/top_0/inst/inst_svpwm/time_processor_inst/cordic_inst/pipeline_reg[12][pip_cos][3]/CLR
                            (recovery check against rising-edge clock clk_fpga_0  {rise@0.000ns fall@10.000ns period=20.000ns})
  Path Group:             (none)
  Path Type:              Recovery (Max at Slow Process Corner)
  Data Path Delay:        21.129ns  (logic 1.465ns (6.935%)  route 19.663ns (93.065%))
  Logic Levels:           1  (IBUF=1)
  Clock Path Skew:        2.723ns (DCD - SCD + CPR)
    Destination Clock Delay (DCD):    2.723ns
    Source Clock Delay      (SCD):    0.000ns
    Clock Pessimism Removal (CPR):    0.000ns
  Clock Uncertainty:      0.301ns  ((TSJ^2 + TIJ^2)^1/2 + DJ) / 2 + PE
    Total System Jitter     (TSJ):    0.050ns
    Total Input Jitter      (TIJ):    0.600ns
    Discrete Jitter          (DJ):    0.000ns
    Phase Error              (PE):    0.000ns

    Location             Delay type                Incr(ns)  Path(ns)    Netlist Resource(s)
  -------------------------------------------------------------------    -------------------
    P21                                               0.000     0.000 f  reset (IN)
                         net (fo=0)                   0.000     0.000    reset
    P21                  IBUF (Prop_ibuf_I_O)         1.465     1.465 f  reset_IBUF_inst/O
                         net (fo=3709, routed)       19.663    21.129    design_1_i/top_0/inst/inst_svpwm/time_processor_inst/cordic_inst/reset
    SLICE_X72Y23         FDCE                                         f  design_1_i/top_0/inst/inst_svpwm/time_processor_inst/cordic_inst/pipeline_reg[12][pip_cos][3]/CLR
  -------------------------------------------------------------------    -------------------

                         (clock clk_fpga_0 rise edge)
                                                      0.000     0.000 r  
    PS7_X0Y0             PS7                          0.000     0.000 r  design_1_i/processing_system7_0/inst/PS7_i/FCLKCLK[0]
                         net (fo=1, routed)           1.088     1.088    design_1_i/processing_system7_0/inst/FCLK_CLK_unbuffered[0]
    BUFGCTRL_X0Y16       BUFG (Prop_bufg_I_O)         0.091     1.179 r  design_1_i/processing_system7_0/inst/buffer_fclk_clk_0.FCLK_CLK_0_BUFG/O
                         net (fo=4065, routed)        1.544     2.723    design_1_i/top_0/inst/inst_svpwm/time_processor_inst/cordic_inst/clk
    SLICE_X72Y23         FDCE                                         r  design_1_i/top_0/inst/inst_svpwm/time_processor_inst/cordic_inst/pipeline_reg[12][pip_cos][3]/C

Slack:                    inf
  Source:                 reset
                            (input port)
  Destination:            design_1_i/top_0/inst/inst_svpwm/time_processor_inst/cordic_inst/pipeline_reg[12][pip_cos][4]/CLR
                            (recovery check against rising-edge clock clk_fpga_0  {rise@0.000ns fall@10.000ns period=20.000ns})
  Path Group:             (none)
  Path Type:              Recovery (Max at Slow Process Corner)
  Data Path Delay:        20.988ns  (logic 1.465ns (6.982%)  route 19.522ns (93.018%))
  Logic Levels:           1  (IBUF=1)
  Clock Path Skew:        2.721ns (DCD - SCD + CPR)
    Destination Clock Delay (DCD):    2.721ns
    Source Clock Delay      (SCD):    0.000ns
    Clock Pessimism Removal (CPR):    0.000ns
  Clock Uncertainty:      0.301ns  ((TSJ^2 + TIJ^2)^1/2 + DJ) / 2 + PE
    Total System Jitter     (TSJ):    0.050ns
    Total Input Jitter      (TIJ):    0.600ns
    Discrete Jitter          (DJ):    0.000ns
    Phase Error              (PE):    0.000ns

    Location             Delay type                Incr(ns)  Path(ns)    Netlist Resource(s)
  -------------------------------------------------------------------    -------------------
    P21                                               0.000     0.000 f  reset (IN)
                         net (fo=0)                   0.000     0.000    reset
    P21                  IBUF (Prop_ibuf_I_O)         1.465     1.465 f  reset_IBUF_inst/O
                         net (fo=3709, routed)       19.522    20.988    design_1_i/top_0/inst/inst_svpwm/time_processor_inst/cordic_inst/reset
    SLICE_X72Y24         FDCE                                         f  design_1_i/top_0/inst/inst_svpwm/time_processor_inst/cordic_inst/pipeline_reg[12][pip_cos][4]/CLR
  -------------------------------------------------------------------    -------------------

                         (clock clk_fpga_0 rise edge)
                                                      0.000     0.000 r  
    PS7_X0Y0             PS7                          0.000     0.000 r  design_1_i/processing_system7_0/inst/PS7_i/FCLKCLK[0]
                         net (fo=1, routed)           1.088     1.088    design_1_i/processing_system7_0/inst/FCLK_CLK_unbuffered[0]
    BUFGCTRL_X0Y16       BUFG (Prop_bufg_I_O)         0.091     1.179 r  design_1_i/processing_system7_0/inst/buffer_fclk_clk_0.FCLK_CLK_0_BUFG/O
                         net (fo=4065, routed)        1.542     2.721    design_1_i/top_0/inst/inst_svpwm/time_processor_inst/cordic_inst/clk
    SLICE_X72Y24         FDCE                                         r  design_1_i/top_0/inst/inst_svpwm/time_processor_inst/cordic_inst/pipeline_reg[12][pip_cos][4]/C

Slack:                    inf
  Source:                 reset
                            (input port)
  Destination:            design_1_i/top_0/inst/inst_svpwm/time_processor_inst/cordic_inst/pipeline_reg[12][pip_cos][5]/CLR
                            (recovery check against rising-edge clock clk_fpga_0  {rise@0.000ns fall@10.000ns period=20.000ns})
  Path Group:             (none)
  Path Type:              Recovery (Max at Slow Process Corner)
  Data Path Delay:        20.988ns  (logic 1.465ns (6.982%)  route 19.522ns (93.018%))
  Logic Levels:           1  (IBUF=1)
  Clock Path Skew:        2.721ns (DCD - SCD + CPR)
    Destination Clock Delay (DCD):    2.721ns
    Source Clock Delay      (SCD):    0.000ns
    Clock Pessimism Removal (CPR):    0.000ns
  Clock Uncertainty:      0.301ns  ((TSJ^2 + TIJ^2)^1/2 + DJ) / 2 + PE
    Total System Jitter     (TSJ):    0.050ns
    Total Input Jitter      (TIJ):    0.600ns
    Discrete Jitter          (DJ):    0.000ns
    Phase Error              (PE):    0.000ns

    Location             Delay type                Incr(ns)  Path(ns)    Netlist Resource(s)
  -------------------------------------------------------------------    -------------------
    P21                                               0.000     0.000 f  reset (IN)
                         net (fo=0)                   0.000     0.000    reset
    P21                  IBUF (Prop_ibuf_I_O)         1.465     1.465 f  reset_IBUF_inst/O
                         net (fo=3709, routed)       19.522    20.988    design_1_i/top_0/inst/inst_svpwm/time_processor_inst/cordic_inst/reset
    SLICE_X72Y24         FDCE                                         f  design_1_i/top_0/inst/inst_svpwm/time_processor_inst/cordic_inst/pipeline_reg[12][pip_cos][5]/CLR
  -------------------------------------------------------------------    -------------------

                         (clock clk_fpga_0 rise edge)
                                                      0.000     0.000 r  
    PS7_X0Y0             PS7                          0.000     0.000 r  design_1_i/processing_system7_0/inst/PS7_i/FCLKCLK[0]
                         net (fo=1, routed)           1.088     1.088    design_1_i/processing_system7_0/inst/FCLK_CLK_unbuffered[0]
    BUFGCTRL_X0Y16       BUFG (Prop_bufg_I_O)         0.091     1.179 r  design_1_i/processing_system7_0/inst/buffer_fclk_clk_0.FCLK_CLK_0_BUFG/O
                         net (fo=4065, routed)        1.542     2.721    design_1_i/top_0/inst/inst_svpwm/time_processor_inst/cordic_inst/clk
    SLICE_X72Y24         FDCE                                         r  design_1_i/top_0/inst/inst_svpwm/time_processor_inst/cordic_inst/pipeline_reg[12][pip_cos][5]/C

Slack:                    inf
  Source:                 reset
                            (input port)
  Destination:            design_1_i/top_0/inst/inst_svpwm/time_processor_inst/cordic_inst/pipeline_reg[12][pip_cos][6]/CLR
                            (recovery check against rising-edge clock clk_fpga_0  {rise@0.000ns fall@10.000ns period=20.000ns})
  Path Group:             (none)
  Path Type:              Recovery (Max at Slow Process Corner)
  Data Path Delay:        20.988ns  (logic 1.465ns (6.982%)  route 19.522ns (93.018%))
  Logic Levels:           1  (IBUF=1)
  Clock Path Skew:        2.721ns (DCD - SCD + CPR)
    Destination Clock Delay (DCD):    2.721ns
    Source Clock Delay      (SCD):    0.000ns
    Clock Pessimism Removal (CPR):    0.000ns
  Clock Uncertainty:      0.301ns  ((TSJ^2 + TIJ^2)^1/2 + DJ) / 2 + PE
    Total System Jitter     (TSJ):    0.050ns
    Total Input Jitter      (TIJ):    0.600ns
    Discrete Jitter          (DJ):    0.000ns
    Phase Error              (PE):    0.000ns

    Location             Delay type                Incr(ns)  Path(ns)    Netlist Resource(s)
  -------------------------------------------------------------------    -------------------
    P21                                               0.000     0.000 f  reset (IN)
                         net (fo=0)                   0.000     0.000    reset
    P21                  IBUF (Prop_ibuf_I_O)         1.465     1.465 f  reset_IBUF_inst/O
                         net (fo=3709, routed)       19.522    20.988    design_1_i/top_0/inst/inst_svpwm/time_processor_inst/cordic_inst/reset
    SLICE_X72Y24         FDCE                                         f  design_1_i/top_0/inst/inst_svpwm/time_processor_inst/cordic_inst/pipeline_reg[12][pip_cos][6]/CLR
  -------------------------------------------------------------------    -------------------

                         (clock clk_fpga_0 rise edge)
                                                      0.000     0.000 r  
    PS7_X0Y0             PS7                          0.000     0.000 r  design_1_i/processing_system7_0/inst/PS7_i/FCLKCLK[0]
                         net (fo=1, routed)           1.088     1.088    design_1_i/processing_system7_0/inst/FCLK_CLK_unbuffered[0]
    BUFGCTRL_X0Y16       BUFG (Prop_bufg_I_O)         0.091     1.179 r  design_1_i/processing_system7_0/inst/buffer_fclk_clk_0.FCLK_CLK_0_BUFG/O
                         net (fo=4065, routed)        1.542     2.721    design_1_i/top_0/inst/inst_svpwm/time_processor_inst/cordic_inst/clk
    SLICE_X72Y24         FDCE                                         r  design_1_i/top_0/inst/inst_svpwm/time_processor_inst/cordic_inst/pipeline_reg[12][pip_cos][6]/C





Min Delay Paths
--------------------------------------------------------------------------------------
Slack:                    inf
  Source:                 design_1_i/top_0/inst/inst_svpwm/clarke_inst/mult_reg_4_reg/BCOUT[0]
                            (internal pin)
  Destination:            design_1_i/top_0/inst/inst_svpwm/clarke_inst/v_beta_reg/BCIN[0]
                            (rising edge-triggered cell DSP48E1 clocked by clk_fpga_0  {rise@0.000ns fall@10.000ns period=20.000ns})
  Path Group:             (none)
  Path Type:              Hold (Min at Slow Process Corner)
  Data Path Delay:        0.002ns  (logic 0.000ns (0.000%)  route 0.002ns (100.000%))
  Logic Levels:           0  
  Clock Uncertainty:      0.301ns  ((TSJ^2 + TIJ^2)^1/2 + DJ) / 2 + PE
    Total System Jitter     (TSJ):    0.050ns
    Total Input Jitter      (TIJ):    0.600ns
    Discrete Jitter          (DJ):    0.000ns
    Phase Error              (PE):    0.000ns

    Location             Delay type                Incr(ns)  Path(ns)    Netlist Resource(s)
  -------------------------------------------------------------------    -------------------
    DSP48_X4Y3           DSP48E1                      0.000     0.000 r  design_1_i/top_0/inst/inst_svpwm/clarke_inst/mult_reg_4_reg/BCOUT[0]
                         net (fo=1, routed)           0.002     0.002    design_1_i/top_0/inst/inst_svpwm/clarke_inst/mult_reg_4_reg_n_23
    DSP48_X4Y4           DSP48E1                                      r  design_1_i/top_0/inst/inst_svpwm/clarke_inst/v_beta_reg/BCIN[0]
  -------------------------------------------------------------------    -------------------

                         (clock clk_fpga_0 rise edge)
                                                      0.000     0.000 r  
    PS7_X0Y0             PS7                          0.000     0.000 r  design_1_i/processing_system7_0/inst/PS7_i/FCLKCLK[0]
                         net (fo=1, routed)           1.193     1.193    design_1_i/processing_system7_0/inst/FCLK_CLK_unbuffered[0]
    BUFGCTRL_X0Y16       BUFG (Prop_bufg_I_O)         0.101     1.294 r  design_1_i/processing_system7_0/inst/buffer_fclk_clk_0.FCLK_CLK_0_BUFG/O
                         net (fo=4065, routed)        1.890     3.184    design_1_i/top_0/inst/inst_svpwm/clarke_inst/clk
    DSP48_X4Y4           DSP48E1                                      r  design_1_i/top_0/inst/inst_svpwm/clarke_inst/v_beta_reg/CLK

Slack:                    inf
  Source:                 design_1_i/top_0/inst/inst_svpwm/clarke_inst/mult_reg_4_reg/BCOUT[10]
                            (internal pin)
  Destination:            design_1_i/top_0/inst/inst_svpwm/clarke_inst/v_beta_reg/BCIN[10]
                            (rising edge-triggered cell DSP48E1 clocked by clk_fpga_0  {rise@0.000ns fall@10.000ns period=20.000ns})
  Path Group:             (none)
  Path Type:              Hold (Min at Slow Process Corner)
  Data Path Delay:        0.002ns  (logic 0.000ns (0.000%)  route 0.002ns (100.000%))
  Logic Levels:           0  
  Clock Uncertainty:      0.301ns  ((TSJ^2 + TIJ^2)^1/2 + DJ) / 2 + PE
    Total System Jitter     (TSJ):    0.050ns
    Total Input Jitter      (TIJ):    0.600ns
    Discrete Jitter          (DJ):    0.000ns
    Phase Error              (PE):    0.000ns

    Location             Delay type                Incr(ns)  Path(ns)    Netlist Resource(s)
  -------------------------------------------------------------------    -------------------
    DSP48_X4Y3           DSP48E1                      0.000     0.000 r  design_1_i/top_0/inst/inst_svpwm/clarke_inst/mult_reg_4_reg/BCOUT[10]
                         net (fo=1, routed)           0.002     0.002    design_1_i/top_0/inst/inst_svpwm/clarke_inst/mult_reg_4_reg_n_13
    DSP48_X4Y4           DSP48E1                                      r  design_1_i/top_0/inst/inst_svpwm/clarke_inst/v_beta_reg/BCIN[10]
  -------------------------------------------------------------------    -------------------

                         (clock clk_fpga_0 rise edge)
                                                      0.000     0.000 r  
    PS7_X0Y0             PS7                          0.000     0.000 r  design_1_i/processing_system7_0/inst/PS7_i/FCLKCLK[0]
                         net (fo=1, routed)           1.193     1.193    design_1_i/processing_system7_0/inst/FCLK_CLK_unbuffered[0]
    BUFGCTRL_X0Y16       BUFG (Prop_bufg_I_O)         0.101     1.294 r  design_1_i/processing_system7_0/inst/buffer_fclk_clk_0.FCLK_CLK_0_BUFG/O
                         net (fo=4065, routed)        1.890     3.184    design_1_i/top_0/inst/inst_svpwm/clarke_inst/clk
    DSP48_X4Y4           DSP48E1                                      r  design_1_i/top_0/inst/inst_svpwm/clarke_inst/v_beta_reg/CLK

Slack:                    inf
  Source:                 design_1_i/top_0/inst/inst_svpwm/clarke_inst/mult_reg_4_reg/BCOUT[11]
                            (internal pin)
  Destination:            design_1_i/top_0/inst/inst_svpwm/clarke_inst/v_beta_reg/BCIN[11]
                            (rising edge-triggered cell DSP48E1 clocked by clk_fpga_0  {rise@0.000ns fall@10.000ns period=20.000ns})
  Path Group:             (none)
  Path Type:              Hold (Min at Slow Process Corner)
  Data Path Delay:        0.002ns  (logic 0.000ns (0.000%)  route 0.002ns (100.000%))
  Logic Levels:           0  
  Clock Uncertainty:      0.301ns  ((TSJ^2 + TIJ^2)^1/2 + DJ) / 2 + PE
    Total System Jitter     (TSJ):    0.050ns
    Total Input Jitter      (TIJ):    0.600ns
    Discrete Jitter          (DJ):    0.000ns
    Phase Error              (PE):    0.000ns

    Location             Delay type                Incr(ns)  Path(ns)    Netlist Resource(s)
  -------------------------------------------------------------------    -------------------
    DSP48_X4Y3           DSP48E1                      0.000     0.000 r  design_1_i/top_0/inst/inst_svpwm/clarke_inst/mult_reg_4_reg/BCOUT[11]
                         net (fo=1, routed)           0.002     0.002    design_1_i/top_0/inst/inst_svpwm/clarke_inst/mult_reg_4_reg_n_12
    DSP48_X4Y4           DSP48E1                                      r  design_1_i/top_0/inst/inst_svpwm/clarke_inst/v_beta_reg/BCIN[11]
  -------------------------------------------------------------------    -------------------

                         (clock clk_fpga_0 rise edge)
                                                      0.000     0.000 r  
    PS7_X0Y0             PS7                          0.000     0.000 r  design_1_i/processing_system7_0/inst/PS7_i/FCLKCLK[0]
                         net (fo=1, routed)           1.193     1.193    design_1_i/processing_system7_0/inst/FCLK_CLK_unbuffered[0]
    BUFGCTRL_X0Y16       BUFG (Prop_bufg_I_O)         0.101     1.294 r  design_1_i/processing_system7_0/inst/buffer_fclk_clk_0.FCLK_CLK_0_BUFG/O
                         net (fo=4065, routed)        1.890     3.184    design_1_i/top_0/inst/inst_svpwm/clarke_inst/clk
    DSP48_X4Y4           DSP48E1                                      r  design_1_i/top_0/inst/inst_svpwm/clarke_inst/v_beta_reg/CLK

Slack:                    inf
  Source:                 design_1_i/top_0/inst/inst_svpwm/clarke_inst/mult_reg_4_reg/BCOUT[12]
                            (internal pin)
  Destination:            design_1_i/top_0/inst/inst_svpwm/clarke_inst/v_beta_reg/BCIN[12]
                            (rising edge-triggered cell DSP48E1 clocked by clk_fpga_0  {rise@0.000ns fall@10.000ns period=20.000ns})
  Path Group:             (none)
  Path Type:              Hold (Min at Slow Process Corner)
  Data Path Delay:        0.002ns  (logic 0.000ns (0.000%)  route 0.002ns (100.000%))
  Logic Levels:           0  
  Clock Uncertainty:      0.301ns  ((TSJ^2 + TIJ^2)^1/2 + DJ) / 2 + PE
    Total System Jitter     (TSJ):    0.050ns
    Total Input Jitter      (TIJ):    0.600ns
    Discrete Jitter          (DJ):    0.000ns
    Phase Error              (PE):    0.000ns

    Location             Delay type                Incr(ns)  Path(ns)    Netlist Resource(s)
  -------------------------------------------------------------------    -------------------
    DSP48_X4Y3           DSP48E1                      0.000     0.000 r  design_1_i/top_0/inst/inst_svpwm/clarke_inst/mult_reg_4_reg/BCOUT[12]
                         net (fo=1, routed)           0.002     0.002    design_1_i/top_0/inst/inst_svpwm/clarke_inst/mult_reg_4_reg_n_11
    DSP48_X4Y4           DSP48E1                                      r  design_1_i/top_0/inst/inst_svpwm/clarke_inst/v_beta_reg/BCIN[12]
  -------------------------------------------------------------------    -------------------

                         (clock clk_fpga_0 rise edge)
                                                      0.000     0.000 r  
    PS7_X0Y0             PS7                          0.000     0.000 r  design_1_i/processing_system7_0/inst/PS7_i/FCLKCLK[0]
                         net (fo=1, routed)           1.193     1.193    design_1_i/processing_system7_0/inst/FCLK_CLK_unbuffered[0]
    BUFGCTRL_X0Y16       BUFG (Prop_bufg_I_O)         0.101     1.294 r  design_1_i/processing_system7_0/inst/buffer_fclk_clk_0.FCLK_CLK_0_BUFG/O
                         net (fo=4065, routed)        1.890     3.184    design_1_i/top_0/inst/inst_svpwm/clarke_inst/clk
    DSP48_X4Y4           DSP48E1                                      r  design_1_i/top_0/inst/inst_svpwm/clarke_inst/v_beta_reg/CLK

Slack:                    inf
  Source:                 design_1_i/top_0/inst/inst_svpwm/clarke_inst/mult_reg_4_reg/BCOUT[13]
                            (internal pin)
  Destination:            design_1_i/top_0/inst/inst_svpwm/clarke_inst/v_beta_reg/BCIN[13]
                            (rising edge-triggered cell DSP48E1 clocked by clk_fpga_0  {rise@0.000ns fall@10.000ns period=20.000ns})
  Path Group:             (none)
  Path Type:              Hold (Min at Slow Process Corner)
  Data Path Delay:        0.002ns  (logic 0.000ns (0.000%)  route 0.002ns (100.000%))
  Logic Levels:           0  
  Clock Uncertainty:      0.301ns  ((TSJ^2 + TIJ^2)^1/2 + DJ) / 2 + PE
    Total System Jitter     (TSJ):    0.050ns
    Total Input Jitter      (TIJ):    0.600ns
    Discrete Jitter          (DJ):    0.000ns
    Phase Error              (PE):    0.000ns

    Location             Delay type                Incr(ns)  Path(ns)    Netlist Resource(s)
  -------------------------------------------------------------------    -------------------
    DSP48_X4Y3           DSP48E1                      0.000     0.000 r  design_1_i/top_0/inst/inst_svpwm/clarke_inst/mult_reg_4_reg/BCOUT[13]
                         net (fo=1, routed)           0.002     0.002    design_1_i/top_0/inst/inst_svpwm/clarke_inst/mult_reg_4_reg_n_10
    DSP48_X4Y4           DSP48E1                                      r  design_1_i/top_0/inst/inst_svpwm/clarke_inst/v_beta_reg/BCIN[13]
  -------------------------------------------------------------------    -------------------

                         (clock clk_fpga_0 rise edge)
                                                      0.000     0.000 r  
    PS7_X0Y0             PS7                          0.000     0.000 r  design_1_i/processing_system7_0/inst/PS7_i/FCLKCLK[0]
                         net (fo=1, routed)           1.193     1.193    design_1_i/processing_system7_0/inst/FCLK_CLK_unbuffered[0]
    BUFGCTRL_X0Y16       BUFG (Prop_bufg_I_O)         0.101     1.294 r  design_1_i/processing_system7_0/inst/buffer_fclk_clk_0.FCLK_CLK_0_BUFG/O
                         net (fo=4065, routed)        1.890     3.184    design_1_i/top_0/inst/inst_svpwm/clarke_inst/clk
    DSP48_X4Y4           DSP48E1                                      r  design_1_i/top_0/inst/inst_svpwm/clarke_inst/v_beta_reg/CLK

Slack:                    inf
  Source:                 design_1_i/top_0/inst/inst_svpwm/clarke_inst/mult_reg_4_reg/BCOUT[14]
                            (internal pin)
  Destination:            design_1_i/top_0/inst/inst_svpwm/clarke_inst/v_beta_reg/BCIN[14]
                            (rising edge-triggered cell DSP48E1 clocked by clk_fpga_0  {rise@0.000ns fall@10.000ns period=20.000ns})
  Path Group:             (none)
  Path Type:              Hold (Min at Slow Process Corner)
  Data Path Delay:        0.002ns  (logic 0.000ns (0.000%)  route 0.002ns (100.000%))
  Logic Levels:           0  
  Clock Uncertainty:      0.301ns  ((TSJ^2 + TIJ^2)^1/2 + DJ) / 2 + PE
    Total System Jitter     (TSJ):    0.050ns
    Total Input Jitter      (TIJ):    0.600ns
    Discrete Jitter          (DJ):    0.000ns
    Phase Error              (PE):    0.000ns

    Location             Delay type                Incr(ns)  Path(ns)    Netlist Resource(s)
  -------------------------------------------------------------------    -------------------
    DSP48_X4Y3           DSP48E1                      0.000     0.000 r  design_1_i/top_0/inst/inst_svpwm/clarke_inst/mult_reg_4_reg/BCOUT[14]
                         net (fo=1, routed)           0.002     0.002    design_1_i/top_0/inst/inst_svpwm/clarke_inst/mult_reg_4_reg_n_9
    DSP48_X4Y4           DSP48E1                                      r  design_1_i/top_0/inst/inst_svpwm/clarke_inst/v_beta_reg/BCIN[14]
  -------------------------------------------------------------------    -------------------

                         (clock clk_fpga_0 rise edge)
                                                      0.000     0.000 r  
    PS7_X0Y0             PS7                          0.000     0.000 r  design_1_i/processing_system7_0/inst/PS7_i/FCLKCLK[0]
                         net (fo=1, routed)           1.193     1.193    design_1_i/processing_system7_0/inst/FCLK_CLK_unbuffered[0]
    BUFGCTRL_X0Y16       BUFG (Prop_bufg_I_O)         0.101     1.294 r  design_1_i/processing_system7_0/inst/buffer_fclk_clk_0.FCLK_CLK_0_BUFG/O
                         net (fo=4065, routed)        1.890     3.184    design_1_i/top_0/inst/inst_svpwm/clarke_inst/clk
    DSP48_X4Y4           DSP48E1                                      r  design_1_i/top_0/inst/inst_svpwm/clarke_inst/v_beta_reg/CLK

Slack:                    inf
  Source:                 design_1_i/top_0/inst/inst_svpwm/clarke_inst/mult_reg_4_reg/BCOUT[15]
                            (internal pin)
  Destination:            design_1_i/top_0/inst/inst_svpwm/clarke_inst/v_beta_reg/BCIN[15]
                            (rising edge-triggered cell DSP48E1 clocked by clk_fpga_0  {rise@0.000ns fall@10.000ns period=20.000ns})
  Path Group:             (none)
  Path Type:              Hold (Min at Slow Process Corner)
  Data Path Delay:        0.002ns  (logic 0.000ns (0.000%)  route 0.002ns (100.000%))
  Logic Levels:           0  
  Clock Uncertainty:      0.301ns  ((TSJ^2 + TIJ^2)^1/2 + DJ) / 2 + PE
    Total System Jitter     (TSJ):    0.050ns
    Total Input Jitter      (TIJ):    0.600ns
    Discrete Jitter          (DJ):    0.000ns
    Phase Error              (PE):    0.000ns

    Location             Delay type                Incr(ns)  Path(ns)    Netlist Resource(s)
  -------------------------------------------------------------------    -------------------
    DSP48_X4Y3           DSP48E1                      0.000     0.000 r  design_1_i/top_0/inst/inst_svpwm/clarke_inst/mult_reg_4_reg/BCOUT[15]
                         net (fo=1, routed)           0.002     0.002    design_1_i/top_0/inst/inst_svpwm/clarke_inst/mult_reg_4_reg_n_8
    DSP48_X4Y4           DSP48E1                                      r  design_1_i/top_0/inst/inst_svpwm/clarke_inst/v_beta_reg/BCIN[15]
  -------------------------------------------------------------------    -------------------

                         (clock clk_fpga_0 rise edge)
                                                      0.000     0.000 r  
    PS7_X0Y0             PS7                          0.000     0.000 r  design_1_i/processing_system7_0/inst/PS7_i/FCLKCLK[0]
                         net (fo=1, routed)           1.193     1.193    design_1_i/processing_system7_0/inst/FCLK_CLK_unbuffered[0]
    BUFGCTRL_X0Y16       BUFG (Prop_bufg_I_O)         0.101     1.294 r  design_1_i/processing_system7_0/inst/buffer_fclk_clk_0.FCLK_CLK_0_BUFG/O
                         net (fo=4065, routed)        1.890     3.184    design_1_i/top_0/inst/inst_svpwm/clarke_inst/clk
    DSP48_X4Y4           DSP48E1                                      r  design_1_i/top_0/inst/inst_svpwm/clarke_inst/v_beta_reg/CLK

Slack:                    inf
  Source:                 design_1_i/top_0/inst/inst_svpwm/clarke_inst/mult_reg_4_reg/BCOUT[16]
                            (internal pin)
  Destination:            design_1_i/top_0/inst/inst_svpwm/clarke_inst/v_beta_reg/BCIN[16]
                            (rising edge-triggered cell DSP48E1 clocked by clk_fpga_0  {rise@0.000ns fall@10.000ns period=20.000ns})
  Path Group:             (none)
  Path Type:              Hold (Min at Slow Process Corner)
  Data Path Delay:        0.002ns  (logic 0.000ns (0.000%)  route 0.002ns (100.000%))
  Logic Levels:           0  
  Clock Uncertainty:      0.301ns  ((TSJ^2 + TIJ^2)^1/2 + DJ) / 2 + PE
    Total System Jitter     (TSJ):    0.050ns
    Total Input Jitter      (TIJ):    0.600ns
    Discrete Jitter          (DJ):    0.000ns
    Phase Error              (PE):    0.000ns

    Location             Delay type                Incr(ns)  Path(ns)    Netlist Resource(s)
  -------------------------------------------------------------------    -------------------
    DSP48_X4Y3           DSP48E1                      0.000     0.000 r  design_1_i/top_0/inst/inst_svpwm/clarke_inst/mult_reg_4_reg/BCOUT[16]
                         net (fo=1, routed)           0.002     0.002    design_1_i/top_0/inst/inst_svpwm/clarke_inst/mult_reg_4_reg_n_7
    DSP48_X4Y4           DSP48E1                                      r  design_1_i/top_0/inst/inst_svpwm/clarke_inst/v_beta_reg/BCIN[16]
  -------------------------------------------------------------------    -------------------

                         (clock clk_fpga_0 rise edge)
                                                      0.000     0.000 r  
    PS7_X0Y0             PS7                          0.000     0.000 r  design_1_i/processing_system7_0/inst/PS7_i/FCLKCLK[0]
                         net (fo=1, routed)           1.193     1.193    design_1_i/processing_system7_0/inst/FCLK_CLK_unbuffered[0]
    BUFGCTRL_X0Y16       BUFG (Prop_bufg_I_O)         0.101     1.294 r  design_1_i/processing_system7_0/inst/buffer_fclk_clk_0.FCLK_CLK_0_BUFG/O
                         net (fo=4065, routed)        1.890     3.184    design_1_i/top_0/inst/inst_svpwm/clarke_inst/clk
    DSP48_X4Y4           DSP48E1                                      r  design_1_i/top_0/inst/inst_svpwm/clarke_inst/v_beta_reg/CLK

Slack:                    inf
  Source:                 design_1_i/top_0/inst/inst_svpwm/clarke_inst/mult_reg_4_reg/BCOUT[17]
                            (internal pin)
  Destination:            design_1_i/top_0/inst/inst_svpwm/clarke_inst/v_beta_reg/BCIN[17]
                            (rising edge-triggered cell DSP48E1 clocked by clk_fpga_0  {rise@0.000ns fall@10.000ns period=20.000ns})
  Path Group:             (none)
  Path Type:              Hold (Min at Slow Process Corner)
  Data Path Delay:        0.002ns  (logic 0.000ns (0.000%)  route 0.002ns (100.000%))
  Logic Levels:           0  
  Clock Uncertainty:      0.301ns  ((TSJ^2 + TIJ^2)^1/2 + DJ) / 2 + PE
    Total System Jitter     (TSJ):    0.050ns
    Total Input Jitter      (TIJ):    0.600ns
    Discrete Jitter          (DJ):    0.000ns
    Phase Error              (PE):    0.000ns

    Location             Delay type                Incr(ns)  Path(ns)    Netlist Resource(s)
  -------------------------------------------------------------------    -------------------
    DSP48_X4Y3           DSP48E1                      0.000     0.000 r  design_1_i/top_0/inst/inst_svpwm/clarke_inst/mult_reg_4_reg/BCOUT[17]
                         net (fo=1, routed)           0.002     0.002    design_1_i/top_0/inst/inst_svpwm/clarke_inst/mult_reg_4_reg_n_6
    DSP48_X4Y4           DSP48E1                                      r  design_1_i/top_0/inst/inst_svpwm/clarke_inst/v_beta_reg/BCIN[17]
  -------------------------------------------------------------------    -------------------

                         (clock clk_fpga_0 rise edge)
                                                      0.000     0.000 r  
    PS7_X0Y0             PS7                          0.000     0.000 r  design_1_i/processing_system7_0/inst/PS7_i/FCLKCLK[0]
                         net (fo=1, routed)           1.193     1.193    design_1_i/processing_system7_0/inst/FCLK_CLK_unbuffered[0]
    BUFGCTRL_X0Y16       BUFG (Prop_bufg_I_O)         0.101     1.294 r  design_1_i/processing_system7_0/inst/buffer_fclk_clk_0.FCLK_CLK_0_BUFG/O
                         net (fo=4065, routed)        1.890     3.184    design_1_i/top_0/inst/inst_svpwm/clarke_inst/clk
    DSP48_X4Y4           DSP48E1                                      r  design_1_i/top_0/inst/inst_svpwm/clarke_inst/v_beta_reg/CLK

Slack:                    inf
  Source:                 design_1_i/top_0/inst/inst_svpwm/clarke_inst/mult_reg_4_reg/BCOUT[1]
                            (internal pin)
  Destination:            design_1_i/top_0/inst/inst_svpwm/clarke_inst/v_beta_reg/BCIN[1]
                            (rising edge-triggered cell DSP48E1 clocked by clk_fpga_0  {rise@0.000ns fall@10.000ns period=20.000ns})
  Path Group:             (none)
  Path Type:              Hold (Min at Slow Process Corner)
  Data Path Delay:        0.002ns  (logic 0.000ns (0.000%)  route 0.002ns (100.000%))
  Logic Levels:           0  
  Clock Uncertainty:      0.301ns  ((TSJ^2 + TIJ^2)^1/2 + DJ) / 2 + PE
    Total System Jitter     (TSJ):    0.050ns
    Total Input Jitter      (TIJ):    0.600ns
    Discrete Jitter          (DJ):    0.000ns
    Phase Error              (PE):    0.000ns

    Location             Delay type                Incr(ns)  Path(ns)    Netlist Resource(s)
  -------------------------------------------------------------------    -------------------
    DSP48_X4Y3           DSP48E1                      0.000     0.000 r  design_1_i/top_0/inst/inst_svpwm/clarke_inst/mult_reg_4_reg/BCOUT[1]
                         net (fo=1, routed)           0.002     0.002    design_1_i/top_0/inst/inst_svpwm/clarke_inst/mult_reg_4_reg_n_22
    DSP48_X4Y4           DSP48E1                                      r  design_1_i/top_0/inst/inst_svpwm/clarke_inst/v_beta_reg/BCIN[1]
  -------------------------------------------------------------------    -------------------

                         (clock clk_fpga_0 rise edge)
                                                      0.000     0.000 r  
    PS7_X0Y0             PS7                          0.000     0.000 r  design_1_i/processing_system7_0/inst/PS7_i/FCLKCLK[0]
                         net (fo=1, routed)           1.193     1.193    design_1_i/processing_system7_0/inst/FCLK_CLK_unbuffered[0]
    BUFGCTRL_X0Y16       BUFG (Prop_bufg_I_O)         0.101     1.294 r  design_1_i/processing_system7_0/inst/buffer_fclk_clk_0.FCLK_CLK_0_BUFG/O
                         net (fo=4065, routed)        1.890     3.184    design_1_i/top_0/inst/inst_svpwm/clarke_inst/clk
    DSP48_X4Y4           DSP48E1                                      r  design_1_i/top_0/inst/inst_svpwm/clarke_inst/v_beta_reg/CLK





