Copyright 1986-2022 Xilinx, Inc. All Rights Reserved. Copyright 2022-2024 Advanced Micro Devices, Inc. All Rights Reserved.
------------------------------------------------------------------------------------------------------------------------------------------------------------------------------------------------------
| Tool Version : Vivado v.2024.1 (win64) Build 5076996 Wed May 22 18:37:14 MDT 2024
| Date         : Wed Dec 10 20:40:45 2025
| Host         : DESKTOP-CNIMS8K running 64-bit major release  (build 9200)
| Command      : report_timing_summary -max_paths 10 -report_unconstrained -file top_timing_summary_routed.rpt -pb top_timing_summary_routed.pb -rpx top_timing_summary_routed.rpx -warn_on_violation
| Design       : top
| Device       : 7a35ti-csg324
| Speed File   : -1L  PRODUCTION 1.23 2018-06-13
| Design State : Routed
------------------------------------------------------------------------------------------------------------------------------------------------------------------------------------------------------

Timing Summary Report

------------------------------------------------------------------------------------------------
| Timer Settings
| --------------
------------------------------------------------------------------------------------------------

  Enable Multi Corner Analysis               :  Yes
  Enable Pessimism Removal                   :  Yes
  Pessimism Removal Resolution               :  Nearest Common Node
  Enable Input Delay Default Clock           :  No
  Enable Preset / Clear Arcs                 :  No
  Disable Flight Delays                      :  No
  Ignore I/O Paths                           :  No
  Timing Early Launch at Borrowing Latches   :  No
  Borrow Time for Max Delay Exceptions       :  Yes
  Merge Timing Exceptions                    :  Yes
  Inter-SLR Compensation                     :  Conservative

  Corner  Analyze    Analyze    
  Name    Max Paths  Min Paths  
  ------  ---------  ---------  
  Slow    Yes        Yes        
  Fast    Yes        Yes        


------------------------------------------------------------------------------------------------
| Report Methodology
| ------------------
------------------------------------------------------------------------------------------------

Rule       Severity          Description                                                       Violations  
---------  ----------------  ----------------------------------------------------------------  ----------  
TIMING-6   Critical Warning  No common primary clock between related clocks                    2           
DPIR-1     Warning           Asynchronous driver check                                         314         
SYNTH-10   Warning           Wide multiplier                                                   12          
TIMING-56  Warning           Missing logically or physically excluded clock groups constraint  2           

Note: This report is based on the most recent report_methodology run and may not be up-to-date. Run report_methodology on the current design for the latest report.



check_timing report

Table of Contents
-----------------
1. checking no_clock (0)
2. checking constant_clock (0)
3. checking pulse_width_clock (0)
4. checking unconstrained_internal_endpoints (0)
5. checking no_input_delay (2)
6. checking no_output_delay (8)
7. checking multiple_clock (5373)
8. checking generated_clocks (0)
9. checking loops (0)
10. checking partial_input_delay (0)
11. checking partial_output_delay (0)
12. checking latch_loops (0)

1. checking no_clock (0)
------------------------
 There are 0 register/latch pins with no clock.


2. checking constant_clock (0)
------------------------------
 There are 0 register/latch pins with constant_clock.


3. checking pulse_width_clock (0)
---------------------------------
 There are 0 register/latch pins which need pulse_width check


4. checking unconstrained_internal_endpoints (0)
------------------------------------------------
 There are 0 pins that are not constrained for maximum delay.

 There are 0 pins that are not constrained for maximum delay due to constant clock.


5. checking no_input_delay (2)
------------------------------
 There are 2 input ports with no input delay specified. (HIGH)

 There are 0 input ports with no input delay but user has a false path constraint.


6. checking no_output_delay (8)
-------------------------------
 There are 8 ports with no output delay specified. (HIGH)

 There are 0 ports with no output delay but user has a false path constraint

 There are 0 ports with no output delay but with a timing clock defined on it or propagating through it


7. checking multiple_clock (5373)
---------------------------------
 There are 5373 register/latch pins with multiple clocks. (HIGH)


8. checking generated_clocks (0)
--------------------------------
 There are 0 generated clocks that are not connected to a clock source.


9. checking loops (0)
---------------------
 There are 0 combinational loops in the design.


10. checking partial_input_delay (0)
------------------------------------
 There are 0 input ports with partial input delay specified.


11. checking partial_output_delay (0)
-------------------------------------
 There are 0 ports with partial output delay specified.


12. checking latch_loops (0)
----------------------------
 There are 0 combinational latch loops in the design through latch input



------------------------------------------------------------------------------------------------
| Design Timing Summary
| ---------------------
------------------------------------------------------------------------------------------------

    WNS(ns)      TNS(ns)  TNS Failing Endpoints  TNS Total Endpoints      WHS(ns)      THS(ns)  THS Failing Endpoints  THS Total Endpoints     WPWS(ns)     TPWS(ns)  TPWS Failing Endpoints  TPWS Total Endpoints  
    -------      -------  ---------------------  -------------------      -------      -------  ---------------------  -------------------     --------     --------  ----------------------  --------------------  
      8.941        0.000                      0                 6674        0.013        0.000                      0                 6674        3.000        0.000                       0                  5377  


All user specified timing constraints are met.


------------------------------------------------------------------------------------------------
| Clock Summary
| -------------
------------------------------------------------------------------------------------------------

Clock                   Waveform(ns)       Period(ns)      Frequency(MHz)
-----                   ------------       ----------      --------------
clk                     {0.000 5.000}      10.000          100.000         
  clk_out1_clk_wiz_0    {0.000 10.000}     20.000          50.000          
  clkfbout_clk_wiz_0    {0.000 10.000}     20.000          50.000          
sys_clk_pin             {0.000 5.000}      10.000          100.000         
  clk_out1_clk_wiz_0_1  {0.000 10.000}     20.000          50.000          
  clkfbout_clk_wiz_0_1  {0.000 10.000}     20.000          50.000          


------------------------------------------------------------------------------------------------
| Intra Clock Table
| -----------------
------------------------------------------------------------------------------------------------

Clock                       WNS(ns)      TNS(ns)  TNS Failing Endpoints  TNS Total Endpoints      WHS(ns)      THS(ns)  THS Failing Endpoints  THS Total Endpoints     WPWS(ns)     TPWS(ns)  TPWS Failing Endpoints  TPWS Total Endpoints  
-----                       -------      -------  ---------------------  -------------------      -------      -------  ---------------------  -------------------     --------     --------  ----------------------  --------------------  
clk                                                                                                                                                                       3.000        0.000                       0                     1  
  clk_out1_clk_wiz_0          8.941        0.000                      0                 6674        0.120        0.000                      0                 6674        9.020        0.000                       0                  5373  
  clkfbout_clk_wiz_0                                                                                                                                                     17.845        0.000                       0                     3  
sys_clk_pin                                                                                                                                                               3.000        0.000                       0                     1  
  clk_out1_clk_wiz_0_1        8.946        0.000                      0                 6674        0.120        0.000                      0                 6674        9.020        0.000                       0                  5373  
  clkfbout_clk_wiz_0_1                                                                                                                                                   17.845        0.000                       0                     3  


------------------------------------------------------------------------------------------------
| Inter Clock Table
| -----------------
------------------------------------------------------------------------------------------------

From Clock            To Clock                  WNS(ns)      TNS(ns)  TNS Failing Endpoints  TNS Total Endpoints      WHS(ns)      THS(ns)  THS Failing Endpoints  THS Total Endpoints  
----------            --------                  -------      -------  ---------------------  -------------------      -------      -------  ---------------------  -------------------  
clk_out1_clk_wiz_0_1  clk_out1_clk_wiz_0          8.941        0.000                      0                 6674        0.013        0.000                      0                 6674  
clk_out1_clk_wiz_0    clk_out1_clk_wiz_0_1        8.941        0.000                      0                 6674        0.013        0.000                      0                 6674  


------------------------------------------------------------------------------------------------
| Other Path Groups Table
| -----------------------
------------------------------------------------------------------------------------------------

Path Group    From Clock    To Clock          WNS(ns)      TNS(ns)  TNS Failing Endpoints  TNS Total Endpoints      WHS(ns)      THS(ns)  THS Failing Endpoints  THS Total Endpoints  
----------    ----------    --------          -------      -------  ---------------------  -------------------      -------      -------  ---------------------  -------------------  


------------------------------------------------------------------------------------------------
| User Ignored Path Table
| -----------------------
------------------------------------------------------------------------------------------------

Path Group    From Clock    To Clock    
----------    ----------    --------    


------------------------------------------------------------------------------------------------
| Unconstrained Path Table
| ------------------------
------------------------------------------------------------------------------------------------

Path Group            From Clock            To Clock            
----------            ----------            --------            
(none)                clk_out1_clk_wiz_0                          
(none)                clk_out1_clk_wiz_0_1                        
(none)                clkfbout_clk_wiz_0                          
(none)                clkfbout_clk_wiz_0_1                        
(none)                                      clk_out1_clk_wiz_0    
(none)                                      clk_out1_clk_wiz_0_1  


------------------------------------------------------------------------------------------------
| Timing Details
| --------------
------------------------------------------------------------------------------------------------


---------------------------------------------------------------------------------------------------
From Clock:  clk
  To Clock:  clk

Setup :           NA  Failing Endpoints,  Worst Slack           NA  ,  Total Violation           NA
Hold  :           NA  Failing Endpoints,  Worst Slack           NA  ,  Total Violation           NA
PW    :            0  Failing Endpoints,  Worst Slack        3.000ns,  Total Violation        0.000ns
---------------------------------------------------------------------------------------------------


Pulse Width Checks
--------------------------------------------------------------------------------------
Clock Name:         clk
Waveform(ns):       { 0.000 5.000 }
Period(ns):         10.000
Sources:            { clk }

Check Type        Corner  Lib Pin           Reference Pin  Required(ns)  Actual(ns)  Slack(ns)  Location        Pin
Min Period        n/a     PLLE2_ADV/CLKIN1  n/a            1.249         10.000      8.751      PLLE2_ADV_X1Y1  pll_inst/inst/plle2_adv_inst/CLKIN1
Max Period        n/a     PLLE2_ADV/CLKIN1  n/a            52.633        10.000      42.633     PLLE2_ADV_X1Y1  pll_inst/inst/plle2_adv_inst/CLKIN1
Low Pulse Width   Slow    PLLE2_ADV/CLKIN1  n/a            2.000         5.000       3.000      PLLE2_ADV_X1Y1  pll_inst/inst/plle2_adv_inst/CLKIN1
Low Pulse Width   Fast    PLLE2_ADV/CLKIN1  n/a            2.000         5.000       3.000      PLLE2_ADV_X1Y1  pll_inst/inst/plle2_adv_inst/CLKIN1
High Pulse Width  Slow    PLLE2_ADV/CLKIN1  n/a            2.000         5.000       3.000      PLLE2_ADV_X1Y1  pll_inst/inst/plle2_adv_inst/CLKIN1
High Pulse Width  Fast    PLLE2_ADV/CLKIN1  n/a            2.000         5.000       3.000      PLLE2_ADV_X1Y1  pll_inst/inst/plle2_adv_inst/CLKIN1



---------------------------------------------------------------------------------------------------
From Clock:  clk_out1_clk_wiz_0
  To Clock:  clk_out1_clk_wiz_0

Setup :            0  Failing Endpoints,  Worst Slack        8.941ns,  Total Violation        0.000ns
Hold  :            0  Failing Endpoints,  Worst Slack        0.120ns,  Total Violation        0.000ns
PW    :            0  Failing Endpoints,  Worst Slack        9.020ns,  Total Violation        0.000ns
---------------------------------------------------------------------------------------------------


Max Delay Paths
--------------------------------------------------------------------------------------
Slack (MET) :             8.941ns  (required time - arrival time)
  Source:                 inst_svpwm/time_processor_inst/cordic_inst_T1/pipeline_reg[15][pip_sin][3]/C
                            (rising edge-triggered cell FDCE clocked by clk_out1_clk_wiz_0  {rise@0.000ns fall@10.000ns period=20.000ns})
  Destination:            inst_svpwm/time_processor_inst/t1_mult_reg_reg/PCIN[0]
                            (rising edge-triggered cell DSP48E1 clocked by clk_out1_clk_wiz_0  {rise@0.000ns fall@10.000ns period=20.000ns})
  Path Group:             clk_out1_clk_wiz_0
  Path Type:              Setup (Max at Slow Process Corner)
  Requirement:            20.000ns  (clk_out1_clk_wiz_0 rise@20.000ns - clk_out1_clk_wiz_0 rise@0.000ns)
  Data Path Delay:        9.359ns  (logic 6.060ns (64.752%)  route 3.299ns (35.248%))
  Logic Levels:           6  (CARRY4=3 DSP48E1=1 LUT1=1 LUT3=1)
  Clock Path Skew:        -0.192ns (DCD - SCD + CPR)
    Destination Clock Delay (DCD):    -1.941ns = ( 18.059 - 20.000 ) 
    Source Clock Delay      (SCD):    -2.246ns
    Clock Pessimism Removal (CPR):    -0.496ns
  Clock Uncertainty:      0.108ns  ((TSJ^2 + DJ^2)^1/2) / 2 + PE
    Total System Jitter     (TSJ):    0.071ns
    Discrete Jitter          (DJ):    0.203ns
    Phase Error              (PE):    0.000ns

    Location             Delay type                Incr(ns)  Path(ns)    Netlist Resource(s)
  -------------------------------------------------------------------    -------------------
                         (clock clk_out1_clk_wiz_0 rise edge)
                                                      0.000     0.000 r  
    E3                                                0.000     0.000 r  clk (IN)
                         net (fo=0)                   0.000     0.000    pll_inst/inst/clk_in1
    E3                   IBUF (Prop_ibuf_I_O)         1.489     1.489 r  pll_inst/inst/clkin1_ibufg/O
                         net (fo=1, routed)           1.253     2.742    pll_inst/inst/clk_in1_clk_wiz_0
    PLLE2_ADV_X1Y1       PLLE2_ADV (Prop_plle2_adv_CLKIN1_CLKOUT0)
                                                     -8.467    -5.725 r  pll_inst/inst/plle2_adv_inst/CLKOUT0
                         net (fo=1, routed)           1.655    -4.070    pll_inst/inst/clk_out1_clk_wiz_0
    BUFGCTRL_X0Y16       BUFG (Prop_bufg_I_O)         0.096    -3.974 r  pll_inst/inst/clkout1_buf/O
                         net (fo=5373, routed)        1.728    -2.246    inst_svpwm/time_processor_inst/cordic_inst_T1/clk_out1
    SLICE_X10Y118        FDCE                                         r  inst_svpwm/time_processor_inst/cordic_inst_T1/pipeline_reg[15][pip_sin][3]/C
  -------------------------------------------------------------------    -------------------
    SLICE_X10Y118        FDCE (Prop_fdce_C_Q)         0.518    -1.728 f  inst_svpwm/time_processor_inst/cordic_inst_T1/pipeline_reg[15][pip_sin][3]/Q
                         net (fo=2, routed)           1.811     0.084    inst_svpwm/time_processor_inst/cordic_inst_T1/pipeline_reg[15][pip_sin][3]
    SLICE_X13Y92         LUT1 (Prop_lut1_I0_O)        0.124     0.208 r  inst_svpwm/time_processor_inst/cordic_inst_T1/t1_mult_reg0_i_39/O
                         net (fo=1, routed)           0.000     0.208    inst_svpwm/time_processor_inst/cordic_inst_T1/t1_mult_reg0_i_39_n_0
    SLICE_X13Y92         CARRY4 (Prop_carry4_S[3]_CO[3])
                                                      0.401     0.609 r  inst_svpwm/time_processor_inst/cordic_inst_T1/t1_mult_reg0_i_22/CO[3]
                         net (fo=1, routed)           0.000     0.609    inst_svpwm/time_processor_inst/cordic_inst_T1/t1_mult_reg0_i_22_n_0
    SLICE_X13Y93         CARRY4 (Prop_carry4_CI_CO[3])
                                                      0.114     0.723 r  inst_svpwm/time_processor_inst/cordic_inst_T1/t1_mult_reg0_i_21/CO[3]
                         net (fo=1, routed)           0.000     0.723    inst_svpwm/time_processor_inst/cordic_inst_T1/t1_mult_reg0_i_21_n_0
    SLICE_X13Y94         CARRY4 (Prop_carry4_CI_O[1])
                                                      0.334     1.057 r  inst_svpwm/time_processor_inst/cordic_inst_T1/t1_mult_reg0_i_20/O[1]
                         net (fo=1, routed)           0.732     1.789    inst_svpwm/time_processor_inst/cordic_inst_T1/sin_value0[9]
    SLICE_X14Y94         LUT3 (Prop_lut3_I1_O)        0.329     2.118 r  inst_svpwm/time_processor_inst/cordic_inst_T1/t1_mult_reg0_i_8/O
                         net (fo=2, routed)           0.754     2.871    inst_svpwm/time_processor_inst/sin_value[9]
    DSP48_X0Y38          DSP48E1 (Prop_dsp48e1_A[9]_PCOUT[0])
                                                      4.240     7.111 r  inst_svpwm/time_processor_inst/t1_mult_reg0/PCOUT[0]
                         net (fo=1, routed)           0.002     7.113    inst_svpwm/time_processor_inst/t1_mult_reg0_n_153
    DSP48_X0Y39          DSP48E1                                      r  inst_svpwm/time_processor_inst/t1_mult_reg_reg/PCIN[0]
  -------------------------------------------------------------------    -------------------

                         (clock clk_out1_clk_wiz_0 rise edge)
                                                     20.000    20.000 r  
    E3                                                0.000    20.000 r  clk (IN)
                         net (fo=0)                   0.000    20.000    pll_inst/inst/clk_in1
    E3                   IBUF (Prop_ibuf_I_O)         1.418    21.418 r  pll_inst/inst/clkin1_ibufg/O
                         net (fo=1, routed)           1.181    22.599    pll_inst/inst/clk_in1_clk_wiz_0
    PLLE2_ADV_X1Y1       PLLE2_ADV (Prop_plle2_adv_CLKIN1_CLKOUT0)
                                                     -7.736    14.863 r  pll_inst/inst/plle2_adv_inst/CLKOUT0
                         net (fo=1, routed)           1.576    16.439    pll_inst/inst/clk_out1_clk_wiz_0
    BUFGCTRL_X0Y16       BUFG (Prop_bufg_I_O)         0.091    16.530 r  pll_inst/inst/clkout1_buf/O
                         net (fo=5373, routed)        1.528    18.059    inst_svpwm/time_processor_inst/clk_out1
    DSP48_X0Y39          DSP48E1                                      r  inst_svpwm/time_processor_inst/t1_mult_reg_reg/CLK
                         clock pessimism             -0.496    17.562    
                         clock uncertainty           -0.108    17.455    
    DSP48_X0Y39          DSP48E1 (Setup_dsp48e1_CLK_PCIN[0])
                                                     -1.400    16.055    inst_svpwm/time_processor_inst/t1_mult_reg_reg
  -------------------------------------------------------------------
                         required time                         16.055    
                         arrival time                          -7.113    
  -------------------------------------------------------------------
                         slack                                  8.941    

Slack (MET) :             8.941ns  (required time - arrival time)
  Source:                 inst_svpwm/time_processor_inst/cordic_inst_T1/pipeline_reg[15][pip_sin][3]/C
                            (rising edge-triggered cell FDCE clocked by clk_out1_clk_wiz_0  {rise@0.000ns fall@10.000ns period=20.000ns})
  Destination:            inst_svpwm/time_processor_inst/t1_mult_reg_reg/PCIN[10]
                            (rising edge-triggered cell DSP48E1 clocked by clk_out1_clk_wiz_0  {rise@0.000ns fall@10.000ns period=20.000ns})
  Path Group:             clk_out1_clk_wiz_0
  Path Type:              Setup (Max at Slow Process Corner)
  Requirement:            20.000ns  (clk_out1_clk_wiz_0 rise@20.000ns - clk_out1_clk_wiz_0 rise@0.000ns)
  Data Path Delay:        9.359ns  (logic 6.060ns (64.752%)  route 3.299ns (35.248%))
  Logic Levels:           6  (CARRY4=3 DSP48E1=1 LUT1=1 LUT3=1)
  Clock Path Skew:        -0.192ns (DCD - SCD + CPR)
    Destination Clock Delay (DCD):    -1.941ns = ( 18.059 - 20.000 ) 
    Source Clock Delay      (SCD):    -2.246ns
    Clock Pessimism Removal (CPR):    -0.496ns
  Clock Uncertainty:      0.108ns  ((TSJ^2 + DJ^2)^1/2) / 2 + PE
    Total System Jitter     (TSJ):    0.071ns
    Discrete Jitter          (DJ):    0.203ns
    Phase Error              (PE):    0.000ns

    Location             Delay type                Incr(ns)  Path(ns)    Netlist Resource(s)
  -------------------------------------------------------------------    -------------------
                         (clock clk_out1_clk_wiz_0 rise edge)
                                                      0.000     0.000 r  
    E3                                                0.000     0.000 r  clk (IN)
                         net (fo=0)                   0.000     0.000    pll_inst/inst/clk_in1
    E3                   IBUF (Prop_ibuf_I_O)         1.489     1.489 r  pll_inst/inst/clkin1_ibufg/O
                         net (fo=1, routed)           1.253     2.742    pll_inst/inst/clk_in1_clk_wiz_0
    PLLE2_ADV_X1Y1       PLLE2_ADV (Prop_plle2_adv_CLKIN1_CLKOUT0)
                                                     -8.467    -5.725 r  pll_inst/inst/plle2_adv_inst/CLKOUT0
                         net (fo=1, routed)           1.655    -4.070    pll_inst/inst/clk_out1_clk_wiz_0
    BUFGCTRL_X0Y16       BUFG (Prop_bufg_I_O)         0.096    -3.974 r  pll_inst/inst/clkout1_buf/O
                         net (fo=5373, routed)        1.728    -2.246    inst_svpwm/time_processor_inst/cordic_inst_T1/clk_out1
    SLICE_X10Y118        FDCE                                         r  inst_svpwm/time_processor_inst/cordic_inst_T1/pipeline_reg[15][pip_sin][3]/C
  -------------------------------------------------------------------    -------------------
    SLICE_X10Y118        FDCE (Prop_fdce_C_Q)         0.518    -1.728 f  inst_svpwm/time_processor_inst/cordic_inst_T1/pipeline_reg[15][pip_sin][3]/Q
                         net (fo=2, routed)           1.811     0.084    inst_svpwm/time_processor_inst/cordic_inst_T1/pipeline_reg[15][pip_sin][3]
    SLICE_X13Y92         LUT1 (Prop_lut1_I0_O)        0.124     0.208 r  inst_svpwm/time_processor_inst/cordic_inst_T1/t1_mult_reg0_i_39/O
                         net (fo=1, routed)           0.000     0.208    inst_svpwm/time_processor_inst/cordic_inst_T1/t1_mult_reg0_i_39_n_0
    SLICE_X13Y92         CARRY4 (Prop_carry4_S[3]_CO[3])
                                                      0.401     0.609 r  inst_svpwm/time_processor_inst/cordic_inst_T1/t1_mult_reg0_i_22/CO[3]
                         net (fo=1, routed)           0.000     0.609    inst_svpwm/time_processor_inst/cordic_inst_T1/t1_mult_reg0_i_22_n_0
    SLICE_X13Y93         CARRY4 (Prop_carry4_CI_CO[3])
                                                      0.114     0.723 r  inst_svpwm/time_processor_inst/cordic_inst_T1/t1_mult_reg0_i_21/CO[3]
                         net (fo=1, routed)           0.000     0.723    inst_svpwm/time_processor_inst/cordic_inst_T1/t1_mult_reg0_i_21_n_0
    SLICE_X13Y94         CARRY4 (Prop_carry4_CI_O[1])
                                                      0.334     1.057 r  inst_svpwm/time_processor_inst/cordic_inst_T1/t1_mult_reg0_i_20/O[1]
                         net (fo=1, routed)           0.732     1.789    inst_svpwm/time_processor_inst/cordic_inst_T1/sin_value0[9]
    SLICE_X14Y94         LUT3 (Prop_lut3_I1_O)        0.329     2.118 r  inst_svpwm/time_processor_inst/cordic_inst_T1/t1_mult_reg0_i_8/O
                         net (fo=2, routed)           0.754     2.871    inst_svpwm/time_processor_inst/sin_value[9]
    DSP48_X0Y38          DSP48E1 (Prop_dsp48e1_A[9]_PCOUT[10])
                                                      4.240     7.111 r  inst_svpwm/time_processor_inst/t1_mult_reg0/PCOUT[10]
                         net (fo=1, routed)           0.002     7.113    inst_svpwm/time_processor_inst/t1_mult_reg0_n_143
    DSP48_X0Y39          DSP48E1                                      r  inst_svpwm/time_processor_inst/t1_mult_reg_reg/PCIN[10]
  -------------------------------------------------------------------    -------------------

                         (clock clk_out1_clk_wiz_0 rise edge)
                                                     20.000    20.000 r  
    E3                                                0.000    20.000 r  clk (IN)
                         net (fo=0)                   0.000    20.000    pll_inst/inst/clk_in1
    E3                   IBUF (Prop_ibuf_I_O)         1.418    21.418 r  pll_inst/inst/clkin1_ibufg/O
                         net (fo=1, routed)           1.181    22.599    pll_inst/inst/clk_in1_clk_wiz_0
    PLLE2_ADV_X1Y1       PLLE2_ADV (Prop_plle2_adv_CLKIN1_CLKOUT0)
                                                     -7.736    14.863 r  pll_inst/inst/plle2_adv_inst/CLKOUT0
                         net (fo=1, routed)           1.576    16.439    pll_inst/inst/clk_out1_clk_wiz_0
    BUFGCTRL_X0Y16       BUFG (Prop_bufg_I_O)         0.091    16.530 r  pll_inst/inst/clkout1_buf/O
                         net (fo=5373, routed)        1.528    18.059    inst_svpwm/time_processor_inst/clk_out1
    DSP48_X0Y39          DSP48E1                                      r  inst_svpwm/time_processor_inst/t1_mult_reg_reg/CLK
                         clock pessimism             -0.496    17.562    
                         clock uncertainty           -0.108    17.455    
    DSP48_X0Y39          DSP48E1 (Setup_dsp48e1_CLK_PCIN[10])
                                                     -1.400    16.055    inst_svpwm/time_processor_inst/t1_mult_reg_reg
  -------------------------------------------------------------------
                         required time                         16.055    
                         arrival time                          -7.113    
  -------------------------------------------------------------------
                         slack                                  8.941    

Slack (MET) :             8.941ns  (required time - arrival time)
  Source:                 inst_svpwm/time_processor_inst/cordic_inst_T1/pipeline_reg[15][pip_sin][3]/C
                            (rising edge-triggered cell FDCE clocked by clk_out1_clk_wiz_0  {rise@0.000ns fall@10.000ns period=20.000ns})
  Destination:            inst_svpwm/time_processor_inst/t1_mult_reg_reg/PCIN[11]
                            (rising edge-triggered cell DSP48E1 clocked by clk_out1_clk_wiz_0  {rise@0.000ns fall@10.000ns period=20.000ns})
  Path Group:             clk_out1_clk_wiz_0
  Path Type:              Setup (Max at Slow Process Corner)
  Requirement:            20.000ns  (clk_out1_clk_wiz_0 rise@20.000ns - clk_out1_clk_wiz_0 rise@0.000ns)
  Data Path Delay:        9.359ns  (logic 6.060ns (64.752%)  route 3.299ns (35.248%))
  Logic Levels:           6  (CARRY4=3 DSP48E1=1 LUT1=1 LUT3=1)
  Clock Path Skew:        -0.192ns (DCD - SCD + CPR)
    Destination Clock Delay (DCD):    -1.941ns = ( 18.059 - 20.000 ) 
    Source Clock Delay      (SCD):    -2.246ns
    Clock Pessimism Removal (CPR):    -0.496ns
  Clock Uncertainty:      0.108ns  ((TSJ^2 + DJ^2)^1/2) / 2 + PE
    Total System Jitter     (TSJ):    0.071ns
    Discrete Jitter          (DJ):    0.203ns
    Phase Error              (PE):    0.000ns

    Location             Delay type                Incr(ns)  Path(ns)    Netlist Resource(s)
  -------------------------------------------------------------------    -------------------
                         (clock clk_out1_clk_wiz_0 rise edge)
                                                      0.000     0.000 r  
    E3                                                0.000     0.000 r  clk (IN)
                         net (fo=0)                   0.000     0.000    pll_inst/inst/clk_in1
    E3                   IBUF (Prop_ibuf_I_O)         1.489     1.489 r  pll_inst/inst/clkin1_ibufg/O
                         net (fo=1, routed)           1.253     2.742    pll_inst/inst/clk_in1_clk_wiz_0
    PLLE2_ADV_X1Y1       PLLE2_ADV (Prop_plle2_adv_CLKIN1_CLKOUT0)
                                                     -8.467    -5.725 r  pll_inst/inst/plle2_adv_inst/CLKOUT0
                         net (fo=1, routed)           1.655    -4.070    pll_inst/inst/clk_out1_clk_wiz_0
    BUFGCTRL_X0Y16       BUFG (Prop_bufg_I_O)         0.096    -3.974 r  pll_inst/inst/clkout1_buf/O
                         net (fo=5373, routed)        1.728    -2.246    inst_svpwm/time_processor_inst/cordic_inst_T1/clk_out1
    SLICE_X10Y118        FDCE                                         r  inst_svpwm/time_processor_inst/cordic_inst_T1/pipeline_reg[15][pip_sin][3]/C
  -------------------------------------------------------------------    -------------------
    SLICE_X10Y118        FDCE (Prop_fdce_C_Q)         0.518    -1.728 f  inst_svpwm/time_processor_inst/cordic_inst_T1/pipeline_reg[15][pip_sin][3]/Q
                         net (fo=2, routed)           1.811     0.084    inst_svpwm/time_processor_inst/cordic_inst_T1/pipeline_reg[15][pip_sin][3]
    SLICE_X13Y92         LUT1 (Prop_lut1_I0_O)        0.124     0.208 r  inst_svpwm/time_processor_inst/cordic_inst_T1/t1_mult_reg0_i_39/O
                         net (fo=1, routed)           0.000     0.208    inst_svpwm/time_processor_inst/cordic_inst_T1/t1_mult_reg0_i_39_n_0
    SLICE_X13Y92         CARRY4 (Prop_carry4_S[3]_CO[3])
                                                      0.401     0.609 r  inst_svpwm/time_processor_inst/cordic_inst_T1/t1_mult_reg0_i_22/CO[3]
                         net (fo=1, routed)           0.000     0.609    inst_svpwm/time_processor_inst/cordic_inst_T1/t1_mult_reg0_i_22_n_0
    SLICE_X13Y93         CARRY4 (Prop_carry4_CI_CO[3])
                                                      0.114     0.723 r  inst_svpwm/time_processor_inst/cordic_inst_T1/t1_mult_reg0_i_21/CO[3]
                         net (fo=1, routed)           0.000     0.723    inst_svpwm/time_processor_inst/cordic_inst_T1/t1_mult_reg0_i_21_n_0
    SLICE_X13Y94         CARRY4 (Prop_carry4_CI_O[1])
                                                      0.334     1.057 r  inst_svpwm/time_processor_inst/cordic_inst_T1/t1_mult_reg0_i_20/O[1]
                         net (fo=1, routed)           0.732     1.789    inst_svpwm/time_processor_inst/cordic_inst_T1/sin_value0[9]
    SLICE_X14Y94         LUT3 (Prop_lut3_I1_O)        0.329     2.118 r  inst_svpwm/time_processor_inst/cordic_inst_T1/t1_mult_reg0_i_8/O
                         net (fo=2, routed)           0.754     2.871    inst_svpwm/time_processor_inst/sin_value[9]
    DSP48_X0Y38          DSP48E1 (Prop_dsp48e1_A[9]_PCOUT[11])
                                                      4.240     7.111 r  inst_svpwm/time_processor_inst/t1_mult_reg0/PCOUT[11]
                         net (fo=1, routed)           0.002     7.113    inst_svpwm/time_processor_inst/t1_mult_reg0_n_142
    DSP48_X0Y39          DSP48E1                                      r  inst_svpwm/time_processor_inst/t1_mult_reg_reg/PCIN[11]
  -------------------------------------------------------------------    -------------------

                         (clock clk_out1_clk_wiz_0 rise edge)
                                                     20.000    20.000 r  
    E3                                                0.000    20.000 r  clk (IN)
                         net (fo=0)                   0.000    20.000    pll_inst/inst/clk_in1
    E3                   IBUF (Prop_ibuf_I_O)         1.418    21.418 r  pll_inst/inst/clkin1_ibufg/O
                         net (fo=1, routed)           1.181    22.599    pll_inst/inst/clk_in1_clk_wiz_0
    PLLE2_ADV_X1Y1       PLLE2_ADV (Prop_plle2_adv_CLKIN1_CLKOUT0)
                                                     -7.736    14.863 r  pll_inst/inst/plle2_adv_inst/CLKOUT0
                         net (fo=1, routed)           1.576    16.439    pll_inst/inst/clk_out1_clk_wiz_0
    BUFGCTRL_X0Y16       BUFG (Prop_bufg_I_O)         0.091    16.530 r  pll_inst/inst/clkout1_buf/O
                         net (fo=5373, routed)        1.528    18.059    inst_svpwm/time_processor_inst/clk_out1
    DSP48_X0Y39          DSP48E1                                      r  inst_svpwm/time_processor_inst/t1_mult_reg_reg/CLK
                         clock pessimism             -0.496    17.562    
                         clock uncertainty           -0.108    17.455    
    DSP48_X0Y39          DSP48E1 (Setup_dsp48e1_CLK_PCIN[11])
                                                     -1.400    16.055    inst_svpwm/time_processor_inst/t1_mult_reg_reg
  -------------------------------------------------------------------
                         required time                         16.055    
                         arrival time                          -7.113    
  -------------------------------------------------------------------
                         slack                                  8.941    

Slack (MET) :             8.941ns  (required time - arrival time)
  Source:                 inst_svpwm/time_processor_inst/cordic_inst_T1/pipeline_reg[15][pip_sin][3]/C
                            (rising edge-triggered cell FDCE clocked by clk_out1_clk_wiz_0  {rise@0.000ns fall@10.000ns period=20.000ns})
  Destination:            inst_svpwm/time_processor_inst/t1_mult_reg_reg/PCIN[12]
                            (rising edge-triggered cell DSP48E1 clocked by clk_out1_clk_wiz_0  {rise@0.000ns fall@10.000ns period=20.000ns})
  Path Group:             clk_out1_clk_wiz_0
  Path Type:              Setup (Max at Slow Process Corner)
  Requirement:            20.000ns  (clk_out1_clk_wiz_0 rise@20.000ns - clk_out1_clk_wiz_0 rise@0.000ns)
  Data Path Delay:        9.359ns  (logic 6.060ns (64.752%)  route 3.299ns (35.248%))
  Logic Levels:           6  (CARRY4=3 DSP48E1=1 LUT1=1 LUT3=1)
  Clock Path Skew:        -0.192ns (DCD - SCD + CPR)
    Destination Clock Delay (DCD):    -1.941ns = ( 18.059 - 20.000 ) 
    Source Clock Delay      (SCD):    -2.246ns
    Clock Pessimism Removal (CPR):    -0.496ns
  Clock Uncertainty:      0.108ns  ((TSJ^2 + DJ^2)^1/2) / 2 + PE
    Total System Jitter     (TSJ):    0.071ns
    Discrete Jitter          (DJ):    0.203ns
    Phase Error              (PE):    0.000ns

    Location             Delay type                Incr(ns)  Path(ns)    Netlist Resource(s)
  -------------------------------------------------------------------    -------------------
                         (clock clk_out1_clk_wiz_0 rise edge)
                                                      0.000     0.000 r  
    E3                                                0.000     0.000 r  clk (IN)
                         net (fo=0)                   0.000     0.000    pll_inst/inst/clk_in1
    E3                   IBUF (Prop_ibuf_I_O)         1.489     1.489 r  pll_inst/inst/clkin1_ibufg/O
                         net (fo=1, routed)           1.253     2.742    pll_inst/inst/clk_in1_clk_wiz_0
    PLLE2_ADV_X1Y1       PLLE2_ADV (Prop_plle2_adv_CLKIN1_CLKOUT0)
                                                     -8.467    -5.725 r  pll_inst/inst/plle2_adv_inst/CLKOUT0
                         net (fo=1, routed)           1.655    -4.070    pll_inst/inst/clk_out1_clk_wiz_0
    BUFGCTRL_X0Y16       BUFG (Prop_bufg_I_O)         0.096    -3.974 r  pll_inst/inst/clkout1_buf/O
                         net (fo=5373, routed)        1.728    -2.246    inst_svpwm/time_processor_inst/cordic_inst_T1/clk_out1
    SLICE_X10Y118        FDCE                                         r  inst_svpwm/time_processor_inst/cordic_inst_T1/pipeline_reg[15][pip_sin][3]/C
  -------------------------------------------------------------------    -------------------
    SLICE_X10Y118        FDCE (Prop_fdce_C_Q)         0.518    -1.728 f  inst_svpwm/time_processor_inst/cordic_inst_T1/pipeline_reg[15][pip_sin][3]/Q
                         net (fo=2, routed)           1.811     0.084    inst_svpwm/time_processor_inst/cordic_inst_T1/pipeline_reg[15][pip_sin][3]
    SLICE_X13Y92         LUT1 (Prop_lut1_I0_O)        0.124     0.208 r  inst_svpwm/time_processor_inst/cordic_inst_T1/t1_mult_reg0_i_39/O
                         net (fo=1, routed)           0.000     0.208    inst_svpwm/time_processor_inst/cordic_inst_T1/t1_mult_reg0_i_39_n_0
    SLICE_X13Y92         CARRY4 (Prop_carry4_S[3]_CO[3])
                                                      0.401     0.609 r  inst_svpwm/time_processor_inst/cordic_inst_T1/t1_mult_reg0_i_22/CO[3]
                         net (fo=1, routed)           0.000     0.609    inst_svpwm/time_processor_inst/cordic_inst_T1/t1_mult_reg0_i_22_n_0
    SLICE_X13Y93         CARRY4 (Prop_carry4_CI_CO[3])
                                                      0.114     0.723 r  inst_svpwm/time_processor_inst/cordic_inst_T1/t1_mult_reg0_i_21/CO[3]
                         net (fo=1, routed)           0.000     0.723    inst_svpwm/time_processor_inst/cordic_inst_T1/t1_mult_reg0_i_21_n_0
    SLICE_X13Y94         CARRY4 (Prop_carry4_CI_O[1])
                                                      0.334     1.057 r  inst_svpwm/time_processor_inst/cordic_inst_T1/t1_mult_reg0_i_20/O[1]
                         net (fo=1, routed)           0.732     1.789    inst_svpwm/time_processor_inst/cordic_inst_T1/sin_value0[9]
    SLICE_X14Y94         LUT3 (Prop_lut3_I1_O)        0.329     2.118 r  inst_svpwm/time_processor_inst/cordic_inst_T1/t1_mult_reg0_i_8/O
                         net (fo=2, routed)           0.754     2.871    inst_svpwm/time_processor_inst/sin_value[9]
    DSP48_X0Y38          DSP48E1 (Prop_dsp48e1_A[9]_PCOUT[12])
                                                      4.240     7.111 r  inst_svpwm/time_processor_inst/t1_mult_reg0/PCOUT[12]
                         net (fo=1, routed)           0.002     7.113    inst_svpwm/time_processor_inst/t1_mult_reg0_n_141
    DSP48_X0Y39          DSP48E1                                      r  inst_svpwm/time_processor_inst/t1_mult_reg_reg/PCIN[12]
  -------------------------------------------------------------------    -------------------

                         (clock clk_out1_clk_wiz_0 rise edge)
                                                     20.000    20.000 r  
    E3                                                0.000    20.000 r  clk (IN)
                         net (fo=0)                   0.000    20.000    pll_inst/inst/clk_in1
    E3                   IBUF (Prop_ibuf_I_O)         1.418    21.418 r  pll_inst/inst/clkin1_ibufg/O
                         net (fo=1, routed)           1.181    22.599    pll_inst/inst/clk_in1_clk_wiz_0
    PLLE2_ADV_X1Y1       PLLE2_ADV (Prop_plle2_adv_CLKIN1_CLKOUT0)
                                                     -7.736    14.863 r  pll_inst/inst/plle2_adv_inst/CLKOUT0
                         net (fo=1, routed)           1.576    16.439    pll_inst/inst/clk_out1_clk_wiz_0
    BUFGCTRL_X0Y16       BUFG (Prop_bufg_I_O)         0.091    16.530 r  pll_inst/inst/clkout1_buf/O
                         net (fo=5373, routed)        1.528    18.059    inst_svpwm/time_processor_inst/clk_out1
    DSP48_X0Y39          DSP48E1                                      r  inst_svpwm/time_processor_inst/t1_mult_reg_reg/CLK
                         clock pessimism             -0.496    17.562    
                         clock uncertainty           -0.108    17.455    
    DSP48_X0Y39          DSP48E1 (Setup_dsp48e1_CLK_PCIN[12])
                                                     -1.400    16.055    inst_svpwm/time_processor_inst/t1_mult_reg_reg
  -------------------------------------------------------------------
                         required time                         16.055    
                         arrival time                          -7.113    
  -------------------------------------------------------------------
                         slack                                  8.941    

Slack (MET) :             8.941ns  (required time - arrival time)
  Source:                 inst_svpwm/time_processor_inst/cordic_inst_T1/pipeline_reg[15][pip_sin][3]/C
                            (rising edge-triggered cell FDCE clocked by clk_out1_clk_wiz_0  {rise@0.000ns fall@10.000ns period=20.000ns})
  Destination:            inst_svpwm/time_processor_inst/t1_mult_reg_reg/PCIN[13]
                            (rising edge-triggered cell DSP48E1 clocked by clk_out1_clk_wiz_0  {rise@0.000ns fall@10.000ns period=20.000ns})
  Path Group:             clk_out1_clk_wiz_0
  Path Type:              Setup (Max at Slow Process Corner)
  Requirement:            20.000ns  (clk_out1_clk_wiz_0 rise@20.000ns - clk_out1_clk_wiz_0 rise@0.000ns)
  Data Path Delay:        9.359ns  (logic 6.060ns (64.752%)  route 3.299ns (35.248%))
  Logic Levels:           6  (CARRY4=3 DSP48E1=1 LUT1=1 LUT3=1)
  Clock Path Skew:        -0.192ns (DCD - SCD + CPR)
    Destination Clock Delay (DCD):    -1.941ns = ( 18.059 - 20.000 ) 
    Source Clock Delay      (SCD):    -2.246ns
    Clock Pessimism Removal (CPR):    -0.496ns
  Clock Uncertainty:      0.108ns  ((TSJ^2 + DJ^2)^1/2) / 2 + PE
    Total System Jitter     (TSJ):    0.071ns
    Discrete Jitter          (DJ):    0.203ns
    Phase Error              (PE):    0.000ns

    Location             Delay type                Incr(ns)  Path(ns)    Netlist Resource(s)
  -------------------------------------------------------------------    -------------------
                         (clock clk_out1_clk_wiz_0 rise edge)
                                                      0.000     0.000 r  
    E3                                                0.000     0.000 r  clk (IN)
                         net (fo=0)                   0.000     0.000    pll_inst/inst/clk_in1
    E3                   IBUF (Prop_ibuf_I_O)         1.489     1.489 r  pll_inst/inst/clkin1_ibufg/O
                         net (fo=1, routed)           1.253     2.742    pll_inst/inst/clk_in1_clk_wiz_0
    PLLE2_ADV_X1Y1       PLLE2_ADV (Prop_plle2_adv_CLKIN1_CLKOUT0)
                                                     -8.467    -5.725 r  pll_inst/inst/plle2_adv_inst/CLKOUT0
                         net (fo=1, routed)           1.655    -4.070    pll_inst/inst/clk_out1_clk_wiz_0
    BUFGCTRL_X0Y16       BUFG (Prop_bufg_I_O)         0.096    -3.974 r  pll_inst/inst/clkout1_buf/O
                         net (fo=5373, routed)        1.728    -2.246    inst_svpwm/time_processor_inst/cordic_inst_T1/clk_out1
    SLICE_X10Y118        FDCE                                         r  inst_svpwm/time_processor_inst/cordic_inst_T1/pipeline_reg[15][pip_sin][3]/C
  -------------------------------------------------------------------    -------------------
    SLICE_X10Y118        FDCE (Prop_fdce_C_Q)         0.518    -1.728 f  inst_svpwm/time_processor_inst/cordic_inst_T1/pipeline_reg[15][pip_sin][3]/Q
                         net (fo=2, routed)           1.811     0.084    inst_svpwm/time_processor_inst/cordic_inst_T1/pipeline_reg[15][pip_sin][3]
    SLICE_X13Y92         LUT1 (Prop_lut1_I0_O)        0.124     0.208 r  inst_svpwm/time_processor_inst/cordic_inst_T1/t1_mult_reg0_i_39/O
                         net (fo=1, routed)           0.000     0.208    inst_svpwm/time_processor_inst/cordic_inst_T1/t1_mult_reg0_i_39_n_0
    SLICE_X13Y92         CARRY4 (Prop_carry4_S[3]_CO[3])
                                                      0.401     0.609 r  inst_svpwm/time_processor_inst/cordic_inst_T1/t1_mult_reg0_i_22/CO[3]
                         net (fo=1, routed)           0.000     0.609    inst_svpwm/time_processor_inst/cordic_inst_T1/t1_mult_reg0_i_22_n_0
    SLICE_X13Y93         CARRY4 (Prop_carry4_CI_CO[3])
                                                      0.114     0.723 r  inst_svpwm/time_processor_inst/cordic_inst_T1/t1_mult_reg0_i_21/CO[3]
                         net (fo=1, routed)           0.000     0.723    inst_svpwm/time_processor_inst/cordic_inst_T1/t1_mult_reg0_i_21_n_0
    SLICE_X13Y94         CARRY4 (Prop_carry4_CI_O[1])
                                                      0.334     1.057 r  inst_svpwm/time_processor_inst/cordic_inst_T1/t1_mult_reg0_i_20/O[1]
                         net (fo=1, routed)           0.732     1.789    inst_svpwm/time_processor_inst/cordic_inst_T1/sin_value0[9]
    SLICE_X14Y94         LUT3 (Prop_lut3_I1_O)        0.329     2.118 r  inst_svpwm/time_processor_inst/cordic_inst_T1/t1_mult_reg0_i_8/O
                         net (fo=2, routed)           0.754     2.871    inst_svpwm/time_processor_inst/sin_value[9]
    DSP48_X0Y38          DSP48E1 (Prop_dsp48e1_A[9]_PCOUT[13])
                                                      4.240     7.111 r  inst_svpwm/time_processor_inst/t1_mult_reg0/PCOUT[13]
                         net (fo=1, routed)           0.002     7.113    inst_svpwm/time_processor_inst/t1_mult_reg0_n_140
    DSP48_X0Y39          DSP48E1                                      r  inst_svpwm/time_processor_inst/t1_mult_reg_reg/PCIN[13]
  -------------------------------------------------------------------    -------------------

                         (clock clk_out1_clk_wiz_0 rise edge)
                                                     20.000    20.000 r  
    E3                                                0.000    20.000 r  clk (IN)
                         net (fo=0)                   0.000    20.000    pll_inst/inst/clk_in1
    E3                   IBUF (Prop_ibuf_I_O)         1.418    21.418 r  pll_inst/inst/clkin1_ibufg/O
                         net (fo=1, routed)           1.181    22.599    pll_inst/inst/clk_in1_clk_wiz_0
    PLLE2_ADV_X1Y1       PLLE2_ADV (Prop_plle2_adv_CLKIN1_CLKOUT0)
                                                     -7.736    14.863 r  pll_inst/inst/plle2_adv_inst/CLKOUT0
                         net (fo=1, routed)           1.576    16.439    pll_inst/inst/clk_out1_clk_wiz_0
    BUFGCTRL_X0Y16       BUFG (Prop_bufg_I_O)         0.091    16.530 r  pll_inst/inst/clkout1_buf/O
                         net (fo=5373, routed)        1.528    18.059    inst_svpwm/time_processor_inst/clk_out1
    DSP48_X0Y39          DSP48E1                                      r  inst_svpwm/time_processor_inst/t1_mult_reg_reg/CLK
                         clock pessimism             -0.496    17.562    
                         clock uncertainty           -0.108    17.455    
    DSP48_X0Y39          DSP48E1 (Setup_dsp48e1_CLK_PCIN[13])
                                                     -1.400    16.055    inst_svpwm/time_processor_inst/t1_mult_reg_reg
  -------------------------------------------------------------------
                         required time                         16.055    
                         arrival time                          -7.113    
  -------------------------------------------------------------------
                         slack                                  8.941    

Slack (MET) :             8.941ns  (required time - arrival time)
  Source:                 inst_svpwm/time_processor_inst/cordic_inst_T1/pipeline_reg[15][pip_sin][3]/C
                            (rising edge-triggered cell FDCE clocked by clk_out1_clk_wiz_0  {rise@0.000ns fall@10.000ns period=20.000ns})
  Destination:            inst_svpwm/time_processor_inst/t1_mult_reg_reg/PCIN[14]
                            (rising edge-triggered cell DSP48E1 clocked by clk_out1_clk_wiz_0  {rise@0.000ns fall@10.000ns period=20.000ns})
  Path Group:             clk_out1_clk_wiz_0
  Path Type:              Setup (Max at Slow Process Corner)
  Requirement:            20.000ns  (clk_out1_clk_wiz_0 rise@20.000ns - clk_out1_clk_wiz_0 rise@0.000ns)
  Data Path Delay:        9.359ns  (logic 6.060ns (64.752%)  route 3.299ns (35.248%))
  Logic Levels:           6  (CARRY4=3 DSP48E1=1 LUT1=1 LUT3=1)
  Clock Path Skew:        -0.192ns (DCD - SCD + CPR)
    Destination Clock Delay (DCD):    -1.941ns = ( 18.059 - 20.000 ) 
    Source Clock Delay      (SCD):    -2.246ns
    Clock Pessimism Removal (CPR):    -0.496ns
  Clock Uncertainty:      0.108ns  ((TSJ^2 + DJ^2)^1/2) / 2 + PE
    Total System Jitter     (TSJ):    0.071ns
    Discrete Jitter          (DJ):    0.203ns
    Phase Error              (PE):    0.000ns

    Location             Delay type                Incr(ns)  Path(ns)    Netlist Resource(s)
  -------------------------------------------------------------------    -------------------
                         (clock clk_out1_clk_wiz_0 rise edge)
                                                      0.000     0.000 r  
    E3                                                0.000     0.000 r  clk (IN)
                         net (fo=0)                   0.000     0.000    pll_inst/inst/clk_in1
    E3                   IBUF (Prop_ibuf_I_O)         1.489     1.489 r  pll_inst/inst/clkin1_ibufg/O
                         net (fo=1, routed)           1.253     2.742    pll_inst/inst/clk_in1_clk_wiz_0
    PLLE2_ADV_X1Y1       PLLE2_ADV (Prop_plle2_adv_CLKIN1_CLKOUT0)
                                                     -8.467    -5.725 r  pll_inst/inst/plle2_adv_inst/CLKOUT0
                         net (fo=1, routed)           1.655    -4.070    pll_inst/inst/clk_out1_clk_wiz_0
    BUFGCTRL_X0Y16       BUFG (Prop_bufg_I_O)         0.096    -3.974 r  pll_inst/inst/clkout1_buf/O
                         net (fo=5373, routed)        1.728    -2.246    inst_svpwm/time_processor_inst/cordic_inst_T1/clk_out1
    SLICE_X10Y118        FDCE                                         r  inst_svpwm/time_processor_inst/cordic_inst_T1/pipeline_reg[15][pip_sin][3]/C
  -------------------------------------------------------------------    -------------------
    SLICE_X10Y118        FDCE (Prop_fdce_C_Q)         0.518    -1.728 f  inst_svpwm/time_processor_inst/cordic_inst_T1/pipeline_reg[15][pip_sin][3]/Q
                         net (fo=2, routed)           1.811     0.084    inst_svpwm/time_processor_inst/cordic_inst_T1/pipeline_reg[15][pip_sin][3]
    SLICE_X13Y92         LUT1 (Prop_lut1_I0_O)        0.124     0.208 r  inst_svpwm/time_processor_inst/cordic_inst_T1/t1_mult_reg0_i_39/O
                         net (fo=1, routed)           0.000     0.208    inst_svpwm/time_processor_inst/cordic_inst_T1/t1_mult_reg0_i_39_n_0
    SLICE_X13Y92         CARRY4 (Prop_carry4_S[3]_CO[3])
                                                      0.401     0.609 r  inst_svpwm/time_processor_inst/cordic_inst_T1/t1_mult_reg0_i_22/CO[3]
                         net (fo=1, routed)           0.000     0.609    inst_svpwm/time_processor_inst/cordic_inst_T1/t1_mult_reg0_i_22_n_0
    SLICE_X13Y93         CARRY4 (Prop_carry4_CI_CO[3])
                                                      0.114     0.723 r  inst_svpwm/time_processor_inst/cordic_inst_T1/t1_mult_reg0_i_21/CO[3]
                         net (fo=1, routed)           0.000     0.723    inst_svpwm/time_processor_inst/cordic_inst_T1/t1_mult_reg0_i_21_n_0
    SLICE_X13Y94         CARRY4 (Prop_carry4_CI_O[1])
                                                      0.334     1.057 r  inst_svpwm/time_processor_inst/cordic_inst_T1/t1_mult_reg0_i_20/O[1]
                         net (fo=1, routed)           0.732     1.789    inst_svpwm/time_processor_inst/cordic_inst_T1/sin_value0[9]
    SLICE_X14Y94         LUT3 (Prop_lut3_I1_O)        0.329     2.118 r  inst_svpwm/time_processor_inst/cordic_inst_T1/t1_mult_reg0_i_8/O
                         net (fo=2, routed)           0.754     2.871    inst_svpwm/time_processor_inst/sin_value[9]
    DSP48_X0Y38          DSP48E1 (Prop_dsp48e1_A[9]_PCOUT[14])
                                                      4.240     7.111 r  inst_svpwm/time_processor_inst/t1_mult_reg0/PCOUT[14]
                         net (fo=1, routed)           0.002     7.113    inst_svpwm/time_processor_inst/t1_mult_reg0_n_139
    DSP48_X0Y39          DSP48E1                                      r  inst_svpwm/time_processor_inst/t1_mult_reg_reg/PCIN[14]
  -------------------------------------------------------------------    -------------------

                         (clock clk_out1_clk_wiz_0 rise edge)
                                                     20.000    20.000 r  
    E3                                                0.000    20.000 r  clk (IN)
                         net (fo=0)                   0.000    20.000    pll_inst/inst/clk_in1
    E3                   IBUF (Prop_ibuf_I_O)         1.418    21.418 r  pll_inst/inst/clkin1_ibufg/O
                         net (fo=1, routed)           1.181    22.599    pll_inst/inst/clk_in1_clk_wiz_0
    PLLE2_ADV_X1Y1       PLLE2_ADV (Prop_plle2_adv_CLKIN1_CLKOUT0)
                                                     -7.736    14.863 r  pll_inst/inst/plle2_adv_inst/CLKOUT0
                         net (fo=1, routed)           1.576    16.439    pll_inst/inst/clk_out1_clk_wiz_0
    BUFGCTRL_X0Y16       BUFG (Prop_bufg_I_O)         0.091    16.530 r  pll_inst/inst/clkout1_buf/O
                         net (fo=5373, routed)        1.528    18.059    inst_svpwm/time_processor_inst/clk_out1
    DSP48_X0Y39          DSP48E1                                      r  inst_svpwm/time_processor_inst/t1_mult_reg_reg/CLK
                         clock pessimism             -0.496    17.562    
                         clock uncertainty           -0.108    17.455    
    DSP48_X0Y39          DSP48E1 (Setup_dsp48e1_CLK_PCIN[14])
                                                     -1.400    16.055    inst_svpwm/time_processor_inst/t1_mult_reg_reg
  -------------------------------------------------------------------
                         required time                         16.055    
                         arrival time                          -7.113    
  -------------------------------------------------------------------
                         slack                                  8.941    

Slack (MET) :             8.941ns  (required time - arrival time)
  Source:                 inst_svpwm/time_processor_inst/cordic_inst_T1/pipeline_reg[15][pip_sin][3]/C
                            (rising edge-triggered cell FDCE clocked by clk_out1_clk_wiz_0  {rise@0.000ns fall@10.000ns period=20.000ns})
  Destination:            inst_svpwm/time_processor_inst/t1_mult_reg_reg/PCIN[15]
                            (rising edge-triggered cell DSP48E1 clocked by clk_out1_clk_wiz_0  {rise@0.000ns fall@10.000ns period=20.000ns})
  Path Group:             clk_out1_clk_wiz_0
  Path Type:              Setup (Max at Slow Process Corner)
  Requirement:            20.000ns  (clk_out1_clk_wiz_0 rise@20.000ns - clk_out1_clk_wiz_0 rise@0.000ns)
  Data Path Delay:        9.359ns  (logic 6.060ns (64.752%)  route 3.299ns (35.248%))
  Logic Levels:           6  (CARRY4=3 DSP48E1=1 LUT1=1 LUT3=1)
  Clock Path Skew:        -0.192ns (DCD - SCD + CPR)
    Destination Clock Delay (DCD):    -1.941ns = ( 18.059 - 20.000 ) 
    Source Clock Delay      (SCD):    -2.246ns
    Clock Pessimism Removal (CPR):    -0.496ns
  Clock Uncertainty:      0.108ns  ((TSJ^2 + DJ^2)^1/2) / 2 + PE
    Total System Jitter     (TSJ):    0.071ns
    Discrete Jitter          (DJ):    0.203ns
    Phase Error              (PE):    0.000ns

    Location             Delay type                Incr(ns)  Path(ns)    Netlist Resource(s)
  -------------------------------------------------------------------    -------------------
                         (clock clk_out1_clk_wiz_0 rise edge)
                                                      0.000     0.000 r  
    E3                                                0.000     0.000 r  clk (IN)
                         net (fo=0)                   0.000     0.000    pll_inst/inst/clk_in1
    E3                   IBUF (Prop_ibuf_I_O)         1.489     1.489 r  pll_inst/inst/clkin1_ibufg/O
                         net (fo=1, routed)           1.253     2.742    pll_inst/inst/clk_in1_clk_wiz_0
    PLLE2_ADV_X1Y1       PLLE2_ADV (Prop_plle2_adv_CLKIN1_CLKOUT0)
                                                     -8.467    -5.725 r  pll_inst/inst/plle2_adv_inst/CLKOUT0
                         net (fo=1, routed)           1.655    -4.070    pll_inst/inst/clk_out1_clk_wiz_0
    BUFGCTRL_X0Y16       BUFG (Prop_bufg_I_O)         0.096    -3.974 r  pll_inst/inst/clkout1_buf/O
                         net (fo=5373, routed)        1.728    -2.246    inst_svpwm/time_processor_inst/cordic_inst_T1/clk_out1
    SLICE_X10Y118        FDCE                                         r  inst_svpwm/time_processor_inst/cordic_inst_T1/pipeline_reg[15][pip_sin][3]/C
  -------------------------------------------------------------------    -------------------
    SLICE_X10Y118        FDCE (Prop_fdce_C_Q)         0.518    -1.728 f  inst_svpwm/time_processor_inst/cordic_inst_T1/pipeline_reg[15][pip_sin][3]/Q
                         net (fo=2, routed)           1.811     0.084    inst_svpwm/time_processor_inst/cordic_inst_T1/pipeline_reg[15][pip_sin][3]
    SLICE_X13Y92         LUT1 (Prop_lut1_I0_O)        0.124     0.208 r  inst_svpwm/time_processor_inst/cordic_inst_T1/t1_mult_reg0_i_39/O
                         net (fo=1, routed)           0.000     0.208    inst_svpwm/time_processor_inst/cordic_inst_T1/t1_mult_reg0_i_39_n_0
    SLICE_X13Y92         CARRY4 (Prop_carry4_S[3]_CO[3])
                                                      0.401     0.609 r  inst_svpwm/time_processor_inst/cordic_inst_T1/t1_mult_reg0_i_22/CO[3]
                         net (fo=1, routed)           0.000     0.609    inst_svpwm/time_processor_inst/cordic_inst_T1/t1_mult_reg0_i_22_n_0
    SLICE_X13Y93         CARRY4 (Prop_carry4_CI_CO[3])
                                                      0.114     0.723 r  inst_svpwm/time_processor_inst/cordic_inst_T1/t1_mult_reg0_i_21/CO[3]
                         net (fo=1, routed)           0.000     0.723    inst_svpwm/time_processor_inst/cordic_inst_T1/t1_mult_reg0_i_21_n_0
    SLICE_X13Y94         CARRY4 (Prop_carry4_CI_O[1])
                                                      0.334     1.057 r  inst_svpwm/time_processor_inst/cordic_inst_T1/t1_mult_reg0_i_20/O[1]
                         net (fo=1, routed)           0.732     1.789    inst_svpwm/time_processor_inst/cordic_inst_T1/sin_value0[9]
    SLICE_X14Y94         LUT3 (Prop_lut3_I1_O)        0.329     2.118 r  inst_svpwm/time_processor_inst/cordic_inst_T1/t1_mult_reg0_i_8/O
                         net (fo=2, routed)           0.754     2.871    inst_svpwm/time_processor_inst/sin_value[9]
    DSP48_X0Y38          DSP48E1 (Prop_dsp48e1_A[9]_PCOUT[15])
                                                      4.240     7.111 r  inst_svpwm/time_processor_inst/t1_mult_reg0/PCOUT[15]
                         net (fo=1, routed)           0.002     7.113    inst_svpwm/time_processor_inst/t1_mult_reg0_n_138
    DSP48_X0Y39          DSP48E1                                      r  inst_svpwm/time_processor_inst/t1_mult_reg_reg/PCIN[15]
  -------------------------------------------------------------------    -------------------

                         (clock clk_out1_clk_wiz_0 rise edge)
                                                     20.000    20.000 r  
    E3                                                0.000    20.000 r  clk (IN)
                         net (fo=0)                   0.000    20.000    pll_inst/inst/clk_in1
    E3                   IBUF (Prop_ibuf_I_O)         1.418    21.418 r  pll_inst/inst/clkin1_ibufg/O
                         net (fo=1, routed)           1.181    22.599    pll_inst/inst/clk_in1_clk_wiz_0
    PLLE2_ADV_X1Y1       PLLE2_ADV (Prop_plle2_adv_CLKIN1_CLKOUT0)
                                                     -7.736    14.863 r  pll_inst/inst/plle2_adv_inst/CLKOUT0
                         net (fo=1, routed)           1.576    16.439    pll_inst/inst/clk_out1_clk_wiz_0
    BUFGCTRL_X0Y16       BUFG (Prop_bufg_I_O)         0.091    16.530 r  pll_inst/inst/clkout1_buf/O
                         net (fo=5373, routed)        1.528    18.059    inst_svpwm/time_processor_inst/clk_out1
    DSP48_X0Y39          DSP48E1                                      r  inst_svpwm/time_processor_inst/t1_mult_reg_reg/CLK
                         clock pessimism             -0.496    17.562    
                         clock uncertainty           -0.108    17.455    
    DSP48_X0Y39          DSP48E1 (Setup_dsp48e1_CLK_PCIN[15])
                                                     -1.400    16.055    inst_svpwm/time_processor_inst/t1_mult_reg_reg
  -------------------------------------------------------------------
                         required time                         16.055    
                         arrival time                          -7.113    
  -------------------------------------------------------------------
                         slack                                  8.941    

Slack (MET) :             8.941ns  (required time - arrival time)
  Source:                 inst_svpwm/time_processor_inst/cordic_inst_T1/pipeline_reg[15][pip_sin][3]/C
                            (rising edge-triggered cell FDCE clocked by clk_out1_clk_wiz_0  {rise@0.000ns fall@10.000ns period=20.000ns})
  Destination:            inst_svpwm/time_processor_inst/t1_mult_reg_reg/PCIN[16]
                            (rising edge-triggered cell DSP48E1 clocked by clk_out1_clk_wiz_0  {rise@0.000ns fall@10.000ns period=20.000ns})
  Path Group:             clk_out1_clk_wiz_0
  Path Type:              Setup (Max at Slow Process Corner)
  Requirement:            20.000ns  (clk_out1_clk_wiz_0 rise@20.000ns - clk_out1_clk_wiz_0 rise@0.000ns)
  Data Path Delay:        9.359ns  (logic 6.060ns (64.752%)  route 3.299ns (35.248%))
  Logic Levels:           6  (CARRY4=3 DSP48E1=1 LUT1=1 LUT3=1)
  Clock Path Skew:        -0.192ns (DCD - SCD + CPR)
    Destination Clock Delay (DCD):    -1.941ns = ( 18.059 - 20.000 ) 
    Source Clock Delay      (SCD):    -2.246ns
    Clock Pessimism Removal (CPR):    -0.496ns
  Clock Uncertainty:      0.108ns  ((TSJ^2 + DJ^2)^1/2) / 2 + PE
    Total System Jitter     (TSJ):    0.071ns
    Discrete Jitter          (DJ):    0.203ns
    Phase Error              (PE):    0.000ns

    Location             Delay type                Incr(ns)  Path(ns)    Netlist Resource(s)
  -------------------------------------------------------------------    -------------------
                         (clock clk_out1_clk_wiz_0 rise edge)
                                                      0.000     0.000 r  
    E3                                                0.000     0.000 r  clk (IN)
                         net (fo=0)                   0.000     0.000    pll_inst/inst/clk_in1
    E3                   IBUF (Prop_ibuf_I_O)         1.489     1.489 r  pll_inst/inst/clkin1_ibufg/O
                         net (fo=1, routed)           1.253     2.742    pll_inst/inst/clk_in1_clk_wiz_0
    PLLE2_ADV_X1Y1       PLLE2_ADV (Prop_plle2_adv_CLKIN1_CLKOUT0)
                                                     -8.467    -5.725 r  pll_inst/inst/plle2_adv_inst/CLKOUT0
                         net (fo=1, routed)           1.655    -4.070    pll_inst/inst/clk_out1_clk_wiz_0
    BUFGCTRL_X0Y16       BUFG (Prop_bufg_I_O)         0.096    -3.974 r  pll_inst/inst/clkout1_buf/O
                         net (fo=5373, routed)        1.728    -2.246    inst_svpwm/time_processor_inst/cordic_inst_T1/clk_out1
    SLICE_X10Y118        FDCE                                         r  inst_svpwm/time_processor_inst/cordic_inst_T1/pipeline_reg[15][pip_sin][3]/C
  -------------------------------------------------------------------    -------------------
    SLICE_X10Y118        FDCE (Prop_fdce_C_Q)         0.518    -1.728 f  inst_svpwm/time_processor_inst/cordic_inst_T1/pipeline_reg[15][pip_sin][3]/Q
                         net (fo=2, routed)           1.811     0.084    inst_svpwm/time_processor_inst/cordic_inst_T1/pipeline_reg[15][pip_sin][3]
    SLICE_X13Y92         LUT1 (Prop_lut1_I0_O)        0.124     0.208 r  inst_svpwm/time_processor_inst/cordic_inst_T1/t1_mult_reg0_i_39/O
                         net (fo=1, routed)           0.000     0.208    inst_svpwm/time_processor_inst/cordic_inst_T1/t1_mult_reg0_i_39_n_0
    SLICE_X13Y92         CARRY4 (Prop_carry4_S[3]_CO[3])
                                                      0.401     0.609 r  inst_svpwm/time_processor_inst/cordic_inst_T1/t1_mult_reg0_i_22/CO[3]
                         net (fo=1, routed)           0.000     0.609    inst_svpwm/time_processor_inst/cordic_inst_T1/t1_mult_reg0_i_22_n_0
    SLICE_X13Y93         CARRY4 (Prop_carry4_CI_CO[3])
                                                      0.114     0.723 r  inst_svpwm/time_processor_inst/cordic_inst_T1/t1_mult_reg0_i_21/CO[3]
                         net (fo=1, routed)           0.000     0.723    inst_svpwm/time_processor_inst/cordic_inst_T1/t1_mult_reg0_i_21_n_0
    SLICE_X13Y94         CARRY4 (Prop_carry4_CI_O[1])
                                                      0.334     1.057 r  inst_svpwm/time_processor_inst/cordic_inst_T1/t1_mult_reg0_i_20/O[1]
                         net (fo=1, routed)           0.732     1.789    inst_svpwm/time_processor_inst/cordic_inst_T1/sin_value0[9]
    SLICE_X14Y94         LUT3 (Prop_lut3_I1_O)        0.329     2.118 r  inst_svpwm/time_processor_inst/cordic_inst_T1/t1_mult_reg0_i_8/O
                         net (fo=2, routed)           0.754     2.871    inst_svpwm/time_processor_inst/sin_value[9]
    DSP48_X0Y38          DSP48E1 (Prop_dsp48e1_A[9]_PCOUT[16])
                                                      4.240     7.111 r  inst_svpwm/time_processor_inst/t1_mult_reg0/PCOUT[16]
                         net (fo=1, routed)           0.002     7.113    inst_svpwm/time_processor_inst/t1_mult_reg0_n_137
    DSP48_X0Y39          DSP48E1                                      r  inst_svpwm/time_processor_inst/t1_mult_reg_reg/PCIN[16]
  -------------------------------------------------------------------    -------------------

                         (clock clk_out1_clk_wiz_0 rise edge)
                                                     20.000    20.000 r  
    E3                                                0.000    20.000 r  clk (IN)
                         net (fo=0)                   0.000    20.000    pll_inst/inst/clk_in1
    E3                   IBUF (Prop_ibuf_I_O)         1.418    21.418 r  pll_inst/inst/clkin1_ibufg/O
                         net (fo=1, routed)           1.181    22.599    pll_inst/inst/clk_in1_clk_wiz_0
    PLLE2_ADV_X1Y1       PLLE2_ADV (Prop_plle2_adv_CLKIN1_CLKOUT0)
                                                     -7.736    14.863 r  pll_inst/inst/plle2_adv_inst/CLKOUT0
                         net (fo=1, routed)           1.576    16.439    pll_inst/inst/clk_out1_clk_wiz_0
    BUFGCTRL_X0Y16       BUFG (Prop_bufg_I_O)         0.091    16.530 r  pll_inst/inst/clkout1_buf/O
                         net (fo=5373, routed)        1.528    18.059    inst_svpwm/time_processor_inst/clk_out1
    DSP48_X0Y39          DSP48E1                                      r  inst_svpwm/time_processor_inst/t1_mult_reg_reg/CLK
                         clock pessimism             -0.496    17.562    
                         clock uncertainty           -0.108    17.455    
    DSP48_X0Y39          DSP48E1 (Setup_dsp48e1_CLK_PCIN[16])
                                                     -1.400    16.055    inst_svpwm/time_processor_inst/t1_mult_reg_reg
  -------------------------------------------------------------------
                         required time                         16.055    
                         arrival time                          -7.113    
  -------------------------------------------------------------------
                         slack                                  8.941    

Slack (MET) :             8.941ns  (required time - arrival time)
  Source:                 inst_svpwm/time_processor_inst/cordic_inst_T1/pipeline_reg[15][pip_sin][3]/C
                            (rising edge-triggered cell FDCE clocked by clk_out1_clk_wiz_0  {rise@0.000ns fall@10.000ns period=20.000ns})
  Destination:            inst_svpwm/time_processor_inst/t1_mult_reg_reg/PCIN[17]
                            (rising edge-triggered cell DSP48E1 clocked by clk_out1_clk_wiz_0  {rise@0.000ns fall@10.000ns period=20.000ns})
  Path Group:             clk_out1_clk_wiz_0
  Path Type:              Setup (Max at Slow Process Corner)
  Requirement:            20.000ns  (clk_out1_clk_wiz_0 rise@20.000ns - clk_out1_clk_wiz_0 rise@0.000ns)
  Data Path Delay:        9.359ns  (logic 6.060ns (64.752%)  route 3.299ns (35.248%))
  Logic Levels:           6  (CARRY4=3 DSP48E1=1 LUT1=1 LUT3=1)
  Clock Path Skew:        -0.192ns (DCD - SCD + CPR)
    Destination Clock Delay (DCD):    -1.941ns = ( 18.059 - 20.000 ) 
    Source Clock Delay      (SCD):    -2.246ns
    Clock Pessimism Removal (CPR):    -0.496ns
  Clock Uncertainty:      0.108ns  ((TSJ^2 + DJ^2)^1/2) / 2 + PE
    Total System Jitter     (TSJ):    0.071ns
    Discrete Jitter          (DJ):    0.203ns
    Phase Error              (PE):    0.000ns

    Location             Delay type                Incr(ns)  Path(ns)    Netlist Resource(s)
  -------------------------------------------------------------------    -------------------
                         (clock clk_out1_clk_wiz_0 rise edge)
                                                      0.000     0.000 r  
    E3                                                0.000     0.000 r  clk (IN)
                         net (fo=0)                   0.000     0.000    pll_inst/inst/clk_in1
    E3                   IBUF (Prop_ibuf_I_O)         1.489     1.489 r  pll_inst/inst/clkin1_ibufg/O
                         net (fo=1, routed)           1.253     2.742    pll_inst/inst/clk_in1_clk_wiz_0
    PLLE2_ADV_X1Y1       PLLE2_ADV (Prop_plle2_adv_CLKIN1_CLKOUT0)
                                                     -8.467    -5.725 r  pll_inst/inst/plle2_adv_inst/CLKOUT0
                         net (fo=1, routed)           1.655    -4.070    pll_inst/inst/clk_out1_clk_wiz_0
    BUFGCTRL_X0Y16       BUFG (Prop_bufg_I_O)         0.096    -3.974 r  pll_inst/inst/clkout1_buf/O
                         net (fo=5373, routed)        1.728    -2.246    inst_svpwm/time_processor_inst/cordic_inst_T1/clk_out1
    SLICE_X10Y118        FDCE                                         r  inst_svpwm/time_processor_inst/cordic_inst_T1/pipeline_reg[15][pip_sin][3]/C
  -------------------------------------------------------------------    -------------------
    SLICE_X10Y118        FDCE (Prop_fdce_C_Q)         0.518    -1.728 f  inst_svpwm/time_processor_inst/cordic_inst_T1/pipeline_reg[15][pip_sin][3]/Q
                         net (fo=2, routed)           1.811     0.084    inst_svpwm/time_processor_inst/cordic_inst_T1/pipeline_reg[15][pip_sin][3]
    SLICE_X13Y92         LUT1 (Prop_lut1_I0_O)        0.124     0.208 r  inst_svpwm/time_processor_inst/cordic_inst_T1/t1_mult_reg0_i_39/O
                         net (fo=1, routed)           0.000     0.208    inst_svpwm/time_processor_inst/cordic_inst_T1/t1_mult_reg0_i_39_n_0
    SLICE_X13Y92         CARRY4 (Prop_carry4_S[3]_CO[3])
                                                      0.401     0.609 r  inst_svpwm/time_processor_inst/cordic_inst_T1/t1_mult_reg0_i_22/CO[3]
                         net (fo=1, routed)           0.000     0.609    inst_svpwm/time_processor_inst/cordic_inst_T1/t1_mult_reg0_i_22_n_0
    SLICE_X13Y93         CARRY4 (Prop_carry4_CI_CO[3])
                                                      0.114     0.723 r  inst_svpwm/time_processor_inst/cordic_inst_T1/t1_mult_reg0_i_21/CO[3]
                         net (fo=1, routed)           0.000     0.723    inst_svpwm/time_processor_inst/cordic_inst_T1/t1_mult_reg0_i_21_n_0
    SLICE_X13Y94         CARRY4 (Prop_carry4_CI_O[1])
                                                      0.334     1.057 r  inst_svpwm/time_processor_inst/cordic_inst_T1/t1_mult_reg0_i_20/O[1]
                         net (fo=1, routed)           0.732     1.789    inst_svpwm/time_processor_inst/cordic_inst_T1/sin_value0[9]
    SLICE_X14Y94         LUT3 (Prop_lut3_I1_O)        0.329     2.118 r  inst_svpwm/time_processor_inst/cordic_inst_T1/t1_mult_reg0_i_8/O
                         net (fo=2, routed)           0.754     2.871    inst_svpwm/time_processor_inst/sin_value[9]
    DSP48_X0Y38          DSP48E1 (Prop_dsp48e1_A[9]_PCOUT[17])
                                                      4.240     7.111 r  inst_svpwm/time_processor_inst/t1_mult_reg0/PCOUT[17]
                         net (fo=1, routed)           0.002     7.113    inst_svpwm/time_processor_inst/t1_mult_reg0_n_136
    DSP48_X0Y39          DSP48E1                                      r  inst_svpwm/time_processor_inst/t1_mult_reg_reg/PCIN[17]
  -------------------------------------------------------------------    -------------------

                         (clock clk_out1_clk_wiz_0 rise edge)
                                                     20.000    20.000 r  
    E3                                                0.000    20.000 r  clk (IN)
                         net (fo=0)                   0.000    20.000    pll_inst/inst/clk_in1
    E3                   IBUF (Prop_ibuf_I_O)         1.418    21.418 r  pll_inst/inst/clkin1_ibufg/O
                         net (fo=1, routed)           1.181    22.599    pll_inst/inst/clk_in1_clk_wiz_0
    PLLE2_ADV_X1Y1       PLLE2_ADV (Prop_plle2_adv_CLKIN1_CLKOUT0)
                                                     -7.736    14.863 r  pll_inst/inst/plle2_adv_inst/CLKOUT0
                         net (fo=1, routed)           1.576    16.439    pll_inst/inst/clk_out1_clk_wiz_0
    BUFGCTRL_X0Y16       BUFG (Prop_bufg_I_O)         0.091    16.530 r  pll_inst/inst/clkout1_buf/O
                         net (fo=5373, routed)        1.528    18.059    inst_svpwm/time_processor_inst/clk_out1
    DSP48_X0Y39          DSP48E1                                      r  inst_svpwm/time_processor_inst/t1_mult_reg_reg/CLK
                         clock pessimism             -0.496    17.562    
                         clock uncertainty           -0.108    17.455    
    DSP48_X0Y39          DSP48E1 (Setup_dsp48e1_CLK_PCIN[17])
                                                     -1.400    16.055    inst_svpwm/time_processor_inst/t1_mult_reg_reg
  -------------------------------------------------------------------
                         required time                         16.055    
                         arrival time                          -7.113    
  -------------------------------------------------------------------
                         slack                                  8.941    

Slack (MET) :             8.941ns  (required time - arrival time)
  Source:                 inst_svpwm/time_processor_inst/cordic_inst_T1/pipeline_reg[15][pip_sin][3]/C
                            (rising edge-triggered cell FDCE clocked by clk_out1_clk_wiz_0  {rise@0.000ns fall@10.000ns period=20.000ns})
  Destination:            inst_svpwm/time_processor_inst/t1_mult_reg_reg/PCIN[18]
                            (rising edge-triggered cell DSP48E1 clocked by clk_out1_clk_wiz_0  {rise@0.000ns fall@10.000ns period=20.000ns})
  Path Group:             clk_out1_clk_wiz_0
  Path Type:              Setup (Max at Slow Process Corner)
  Requirement:            20.000ns  (clk_out1_clk_wiz_0 rise@20.000ns - clk_out1_clk_wiz_0 rise@0.000ns)
  Data Path Delay:        9.359ns  (logic 6.060ns (64.752%)  route 3.299ns (35.248%))
  Logic Levels:           6  (CARRY4=3 DSP48E1=1 LUT1=1 LUT3=1)
  Clock Path Skew:        -0.192ns (DCD - SCD + CPR)
    Destination Clock Delay (DCD):    -1.941ns = ( 18.059 - 20.000 ) 
    Source Clock Delay      (SCD):    -2.246ns
    Clock Pessimism Removal (CPR):    -0.496ns
  Clock Uncertainty:      0.108ns  ((TSJ^2 + DJ^2)^1/2) / 2 + PE
    Total System Jitter     (TSJ):    0.071ns
    Discrete Jitter          (DJ):    0.203ns
    Phase Error              (PE):    0.000ns

    Location             Delay type                Incr(ns)  Path(ns)    Netlist Resource(s)
  -------------------------------------------------------------------    -------------------
                         (clock clk_out1_clk_wiz_0 rise edge)
                                                      0.000     0.000 r  
    E3                                                0.000     0.000 r  clk (IN)
                         net (fo=0)                   0.000     0.000    pll_inst/inst/clk_in1
    E3                   IBUF (Prop_ibuf_I_O)         1.489     1.489 r  pll_inst/inst/clkin1_ibufg/O
                         net (fo=1, routed)           1.253     2.742    pll_inst/inst/clk_in1_clk_wiz_0
    PLLE2_ADV_X1Y1       PLLE2_ADV (Prop_plle2_adv_CLKIN1_CLKOUT0)
                                                     -8.467    -5.725 r  pll_inst/inst/plle2_adv_inst/CLKOUT0
                         net (fo=1, routed)           1.655    -4.070    pll_inst/inst/clk_out1_clk_wiz_0
    BUFGCTRL_X0Y16       BUFG (Prop_bufg_I_O)         0.096    -3.974 r  pll_inst/inst/clkout1_buf/O
                         net (fo=5373, routed)        1.728    -2.246    inst_svpwm/time_processor_inst/cordic_inst_T1/clk_out1
    SLICE_X10Y118        FDCE                                         r  inst_svpwm/time_processor_inst/cordic_inst_T1/pipeline_reg[15][pip_sin][3]/C
  -------------------------------------------------------------------    -------------------
    SLICE_X10Y118        FDCE (Prop_fdce_C_Q)         0.518    -1.728 f  inst_svpwm/time_processor_inst/cordic_inst_T1/pipeline_reg[15][pip_sin][3]/Q
                         net (fo=2, routed)           1.811     0.084    inst_svpwm/time_processor_inst/cordic_inst_T1/pipeline_reg[15][pip_sin][3]
    SLICE_X13Y92         LUT1 (Prop_lut1_I0_O)        0.124     0.208 r  inst_svpwm/time_processor_inst/cordic_inst_T1/t1_mult_reg0_i_39/O
                         net (fo=1, routed)           0.000     0.208    inst_svpwm/time_processor_inst/cordic_inst_T1/t1_mult_reg0_i_39_n_0
    SLICE_X13Y92         CARRY4 (Prop_carry4_S[3]_CO[3])
                                                      0.401     0.609 r  inst_svpwm/time_processor_inst/cordic_inst_T1/t1_mult_reg0_i_22/CO[3]
                         net (fo=1, routed)           0.000     0.609    inst_svpwm/time_processor_inst/cordic_inst_T1/t1_mult_reg0_i_22_n_0
    SLICE_X13Y93         CARRY4 (Prop_carry4_CI_CO[3])
                                                      0.114     0.723 r  inst_svpwm/time_processor_inst/cordic_inst_T1/t1_mult_reg0_i_21/CO[3]
                         net (fo=1, routed)           0.000     0.723    inst_svpwm/time_processor_inst/cordic_inst_T1/t1_mult_reg0_i_21_n_0
    SLICE_X13Y94         CARRY4 (Prop_carry4_CI_O[1])
                                                      0.334     1.057 r  inst_svpwm/time_processor_inst/cordic_inst_T1/t1_mult_reg0_i_20/O[1]
                         net (fo=1, routed)           0.732     1.789    inst_svpwm/time_processor_inst/cordic_inst_T1/sin_value0[9]
    SLICE_X14Y94         LUT3 (Prop_lut3_I1_O)        0.329     2.118 r  inst_svpwm/time_processor_inst/cordic_inst_T1/t1_mult_reg0_i_8/O
                         net (fo=2, routed)           0.754     2.871    inst_svpwm/time_processor_inst/sin_value[9]
    DSP48_X0Y38          DSP48E1 (Prop_dsp48e1_A[9]_PCOUT[18])
                                                      4.240     7.111 r  inst_svpwm/time_processor_inst/t1_mult_reg0/PCOUT[18]
                         net (fo=1, routed)           0.002     7.113    inst_svpwm/time_processor_inst/t1_mult_reg0_n_135
    DSP48_X0Y39          DSP48E1                                      r  inst_svpwm/time_processor_inst/t1_mult_reg_reg/PCIN[18]
  -------------------------------------------------------------------    -------------------

                         (clock clk_out1_clk_wiz_0 rise edge)
                                                     20.000    20.000 r  
    E3                                                0.000    20.000 r  clk (IN)
                         net (fo=0)                   0.000    20.000    pll_inst/inst/clk_in1
    E3                   IBUF (Prop_ibuf_I_O)         1.418    21.418 r  pll_inst/inst/clkin1_ibufg/O
                         net (fo=1, routed)           1.181    22.599    pll_inst/inst/clk_in1_clk_wiz_0
    PLLE2_ADV_X1Y1       PLLE2_ADV (Prop_plle2_adv_CLKIN1_CLKOUT0)
                                                     -7.736    14.863 r  pll_inst/inst/plle2_adv_inst/CLKOUT0
                         net (fo=1, routed)           1.576    16.439    pll_inst/inst/clk_out1_clk_wiz_0
    BUFGCTRL_X0Y16       BUFG (Prop_bufg_I_O)         0.091    16.530 r  pll_inst/inst/clkout1_buf/O
                         net (fo=5373, routed)        1.528    18.059    inst_svpwm/time_processor_inst/clk_out1
    DSP48_X0Y39          DSP48E1                                      r  inst_svpwm/time_processor_inst/t1_mult_reg_reg/CLK
                         clock pessimism             -0.496    17.562    
                         clock uncertainty           -0.108    17.455    
    DSP48_X0Y39          DSP48E1 (Setup_dsp48e1_CLK_PCIN[18])
                                                     -1.400    16.055    inst_svpwm/time_processor_inst/t1_mult_reg_reg
  -------------------------------------------------------------------
                         required time                         16.055    
                         arrival time                          -7.113    
  -------------------------------------------------------------------
                         slack                                  8.941    





Min Delay Paths
--------------------------------------------------------------------------------------
Slack (MET) :             0.120ns  (arrival time - required time)
  Source:                 inst_svpwm/time_processor_inst/cordic_inst_T1/pipeline_reg[1][pip_theta][9]/C
                            (rising edge-triggered cell FDCE clocked by clk_out1_clk_wiz_0  {rise@0.000ns fall@10.000ns period=20.000ns})
  Destination:            inst_svpwm/time_processor_inst/cordic_inst_T1/pipeline_reg[2][pip_theta][21]/D
                            (rising edge-triggered cell FDCE clocked by clk_out1_clk_wiz_0  {rise@0.000ns fall@10.000ns period=20.000ns})
  Path Group:             clk_out1_clk_wiz_0
  Path Type:              Hold (Min at Fast Process Corner)
  Requirement:            0.000ns  (clk_out1_clk_wiz_0 rise@0.000ns - clk_out1_clk_wiz_0 rise@0.000ns)
  Data Path Delay:        0.605ns  (logic 0.464ns (76.720%)  route 0.141ns (23.280%))
  Logic Levels:           5  (CARRY4=4 LUT2=1)
  Clock Path Skew:        0.350ns (DCD - SCD - CPR)
    Destination Clock Delay (DCD):    -0.219ns
    Source Clock Delay      (SCD):    -0.535ns
    Clock Pessimism Removal (CPR):    -0.034ns

    Location             Delay type                Incr(ns)  Path(ns)    Netlist Resource(s)
  -------------------------------------------------------------------    -------------------
                         (clock clk_out1_clk_wiz_0 rise edge)
                                                      0.000     0.000 r  
    E3                                                0.000     0.000 r  clk (IN)
                         net (fo=0)                   0.000     0.000    pll_inst/inst/clk_in1
    E3                   IBUF (Prop_ibuf_I_O)         0.257     0.257 r  pll_inst/inst/clkin1_ibufg/O
                         net (fo=1, routed)           0.440     0.697    pll_inst/inst/clk_in1_clk_wiz_0
    PLLE2_ADV_X1Y1       PLLE2_ADV (Prop_plle2_adv_CLKIN1_CLKOUT0)
                                                     -2.319    -1.622 r  pll_inst/inst/plle2_adv_inst/CLKOUT0
                         net (fo=1, routed)           0.501    -1.121    pll_inst/inst/clk_out1_clk_wiz_0
    BUFGCTRL_X0Y16       BUFG (Prop_bufg_I_O)         0.026    -1.095 r  pll_inst/inst/clkout1_buf/O
                         net (fo=5373, routed)        0.560    -0.535    inst_svpwm/time_processor_inst/cordic_inst_T1/clk_out1
    SLICE_X39Y97         FDCE                                         r  inst_svpwm/time_processor_inst/cordic_inst_T1/pipeline_reg[1][pip_theta][9]/C
  -------------------------------------------------------------------    -------------------
    SLICE_X39Y97         FDCE (Prop_fdce_C_Q)         0.141    -0.394 r  inst_svpwm/time_processor_inst/cordic_inst_T1/pipeline_reg[1][pip_theta][9]/Q
                         net (fo=1, routed)           0.140    -0.254    inst_svpwm/time_processor_inst/cordic_inst_T1/pipeline_reg[1][pip_theta][9]
    SLICE_X38Y97         LUT2 (Prop_lut2_I0_O)        0.045    -0.209 r  inst_svpwm/time_processor_inst/cordic_inst_T1/pipeline[2][pip_theta][12]_i_7/O
                         net (fo=1, routed)           0.000    -0.209    inst_svpwm/time_processor_inst/cordic_inst_T1/pipeline[2][pip_theta][12]_i_7_n_0
    SLICE_X38Y97         CARRY4 (Prop_carry4_S[0]_CO[3])
                                                      0.145    -0.064 r  inst_svpwm/time_processor_inst/cordic_inst_T1/pipeline_reg[2][pip_theta][12]_i_1/CO[3]
                         net (fo=1, routed)           0.000    -0.064    inst_svpwm/time_processor_inst/cordic_inst_T1/pipeline_reg[2][pip_theta][12]_i_1_n_0
    SLICE_X38Y98         CARRY4 (Prop_carry4_CI_CO[3])
                                                      0.040    -0.024 r  inst_svpwm/time_processor_inst/cordic_inst_T1/pipeline_reg[2][pip_theta][16]_i_1/CO[3]
                         net (fo=1, routed)           0.000    -0.024    inst_svpwm/time_processor_inst/cordic_inst_T1/pipeline_reg[2][pip_theta][16]_i_1_n_0
    SLICE_X38Y99         CARRY4 (Prop_carry4_CI_CO[3])
                                                      0.040     0.016 r  inst_svpwm/time_processor_inst/cordic_inst_T1/pipeline_reg[2][pip_theta][20]_i_1/CO[3]
                         net (fo=1, routed)           0.001     0.017    inst_svpwm/time_processor_inst/cordic_inst_T1/pipeline_reg[2][pip_theta][20]_i_1_n_0
    SLICE_X38Y100        CARRY4 (Prop_carry4_CI_O[0])
                                                      0.053     0.070 r  inst_svpwm/time_processor_inst/cordic_inst_T1/pipeline_reg[2][pip_theta][24]_i_1/O[0]
                         net (fo=1, routed)           0.000     0.070    inst_svpwm/time_processor_inst/cordic_inst_T1/pipeline_reg[2][pip_theta][24]_i_1_n_7
    SLICE_X38Y100        FDCE                                         r  inst_svpwm/time_processor_inst/cordic_inst_T1/pipeline_reg[2][pip_theta][21]/D
  -------------------------------------------------------------------    -------------------

                         (clock clk_out1_clk_wiz_0 rise edge)
                                                      0.000     0.000 r  
    E3                                                0.000     0.000 r  clk (IN)
                         net (fo=0)                   0.000     0.000    pll_inst/inst/clk_in1
    E3                   IBUF (Prop_ibuf_I_O)         0.445     0.445 r  pll_inst/inst/clkin1_ibufg/O
                         net (fo=1, routed)           0.481     0.926    pll_inst/inst/clk_in1_clk_wiz_0
    PLLE2_ADV_X1Y1       PLLE2_ADV (Prop_plle2_adv_CLKIN1_CLKOUT0)
                                                     -2.634    -1.708 r  pll_inst/inst/plle2_adv_inst/CLKOUT0
                         net (fo=1, routed)           0.546    -1.163    pll_inst/inst/clk_out1_clk_wiz_0
    BUFGCTRL_X0Y16       BUFG (Prop_bufg_I_O)         0.029    -1.134 r  pll_inst/inst/clkout1_buf/O
                         net (fo=5373, routed)        0.915    -0.219    inst_svpwm/time_processor_inst/cordic_inst_T1/clk_out1
    SLICE_X38Y100        FDCE                                         r  inst_svpwm/time_processor_inst/cordic_inst_T1/pipeline_reg[2][pip_theta][21]/C
                         clock pessimism              0.034    -0.185    
    SLICE_X38Y100        FDCE (Hold_fdce_C_D)         0.134    -0.051    inst_svpwm/time_processor_inst/cordic_inst_T1/pipeline_reg[2][pip_theta][21]
  -------------------------------------------------------------------
                         required time                          0.051    
                         arrival time                           0.070    
  -------------------------------------------------------------------
                         slack                                  0.120    

Slack (MET) :             0.126ns  (arrival time - required time)
  Source:                 inst_svpwm/time_processor_inst/cordic_inst_T2/pipeline_reg[7][pip_sin][4]/C
                            (rising edge-triggered cell FDCE clocked by clk_out1_clk_wiz_0  {rise@0.000ns fall@10.000ns period=20.000ns})
  Destination:            inst_svpwm/time_processor_inst/cordic_inst_T2/pipeline_reg[8][pip_sin][23]/D
                            (rising edge-triggered cell FDCE clocked by clk_out1_clk_wiz_0  {rise@0.000ns fall@10.000ns period=20.000ns})
  Path Group:             clk_out1_clk_wiz_0
  Path Type:              Hold (Min at Fast Process Corner)
  Requirement:            0.000ns  (clk_out1_clk_wiz_0 rise@0.000ns - clk_out1_clk_wiz_0 rise@0.000ns)
  Data Path Delay:        0.613ns  (logic 0.504ns (82.198%)  route 0.109ns (17.802%))
  Logic Levels:           6  (CARRY4=6)
  Clock Path Skew:        0.353ns (DCD - SCD - CPR)
    Destination Clock Delay (DCD):    -0.185ns
    Source Clock Delay      (SCD):    -0.504ns
    Clock Pessimism Removal (CPR):    -0.034ns

    Location             Delay type                Incr(ns)  Path(ns)    Netlist Resource(s)
  -------------------------------------------------------------------    -------------------
                         (clock clk_out1_clk_wiz_0 rise edge)
                                                      0.000     0.000 r  
    E3                                                0.000     0.000 r  clk (IN)
                         net (fo=0)                   0.000     0.000    pll_inst/inst/clk_in1
    E3                   IBUF (Prop_ibuf_I_O)         0.257     0.257 r  pll_inst/inst/clkin1_ibufg/O
                         net (fo=1, routed)           0.440     0.697    pll_inst/inst/clk_in1_clk_wiz_0
    PLLE2_ADV_X1Y1       PLLE2_ADV (Prop_plle2_adv_CLKIN1_CLKOUT0)
                                                     -2.319    -1.622 r  pll_inst/inst/plle2_adv_inst/CLKOUT0
                         net (fo=1, routed)           0.501    -1.121    pll_inst/inst/clk_out1_clk_wiz_0
    BUFGCTRL_X0Y16       BUFG (Prop_bufg_I_O)         0.026    -1.095 r  pll_inst/inst/clkout1_buf/O
                         net (fo=5373, routed)        0.591    -0.504    inst_svpwm/time_processor_inst/cordic_inst_T2/clk_out1
    SLICE_X1Y94          FDCE                                         r  inst_svpwm/time_processor_inst/cordic_inst_T2/pipeline_reg[7][pip_sin][4]/C
  -------------------------------------------------------------------    -------------------
    SLICE_X1Y94          FDCE (Prop_fdce_C_Q)         0.141    -0.363 r  inst_svpwm/time_processor_inst/cordic_inst_T2/pipeline_reg[7][pip_sin][4]/Q
                         net (fo=2, routed)           0.108    -0.255    inst_svpwm/time_processor_inst/cordic_inst_T2/pipeline_reg[7][pip_sin][4]
    SLICE_X2Y95          CARRY4 (Prop_carry4_DI[1]_CO[3])
                                                      0.150    -0.105 r  inst_svpwm/time_processor_inst/cordic_inst_T2/pipeline_reg[8][pip_sin][6]_i_1/CO[3]
                         net (fo=1, routed)           0.000    -0.105    inst_svpwm/time_processor_inst/cordic_inst_T2/pipeline_reg[8][pip_sin][6]_i_1_n_0
    SLICE_X2Y96          CARRY4 (Prop_carry4_CI_CO[3])
                                                      0.040    -0.065 r  inst_svpwm/time_processor_inst/cordic_inst_T2/pipeline_reg[8][pip_sin][10]_i_1/CO[3]
                         net (fo=1, routed)           0.000    -0.065    inst_svpwm/time_processor_inst/cordic_inst_T2/pipeline_reg[8][pip_sin][10]_i_1_n_0
    SLICE_X2Y97          CARRY4 (Prop_carry4_CI_CO[3])
                                                      0.040    -0.025 r  inst_svpwm/time_processor_inst/cordic_inst_T2/pipeline_reg[8][pip_sin][14]_i_1/CO[3]
                         net (fo=1, routed)           0.000    -0.025    inst_svpwm/time_processor_inst/cordic_inst_T2/pipeline_reg[8][pip_sin][14]_i_1_n_0
    SLICE_X2Y98          CARRY4 (Prop_carry4_CI_CO[3])
                                                      0.040     0.015 r  inst_svpwm/time_processor_inst/cordic_inst_T2/pipeline_reg[8][pip_sin][18]_i_1/CO[3]
                         net (fo=1, routed)           0.000     0.015    inst_svpwm/time_processor_inst/cordic_inst_T2/pipeline_reg[8][pip_sin][18]_i_1_n_0
    SLICE_X2Y99          CARRY4 (Prop_carry4_CI_CO[3])
                                                      0.040     0.055 r  inst_svpwm/time_processor_inst/cordic_inst_T2/pipeline_reg[8][pip_sin][22]_i_1/CO[3]
                         net (fo=1, routed)           0.001     0.056    inst_svpwm/time_processor_inst/cordic_inst_T2/pipeline_reg[8][pip_sin][22]_i_1_n_0
    SLICE_X2Y100         CARRY4 (Prop_carry4_CI_O[0])
                                                      0.053     0.109 r  inst_svpwm/time_processor_inst/cordic_inst_T2/pipeline_reg[8][pip_sin][26]_i_1/O[0]
                         net (fo=1, routed)           0.000     0.109    inst_svpwm/time_processor_inst/cordic_inst_T2/pipeline_reg[8][pip_sin][26]_i_1_n_7
    SLICE_X2Y100         FDCE                                         r  inst_svpwm/time_processor_inst/cordic_inst_T2/pipeline_reg[8][pip_sin][23]/D
  -------------------------------------------------------------------    -------------------

                         (clock clk_out1_clk_wiz_0 rise edge)
                                                      0.000     0.000 r  
    E3                                                0.000     0.000 r  clk (IN)
                         net (fo=0)                   0.000     0.000    pll_inst/inst/clk_in1
    E3                   IBUF (Prop_ibuf_I_O)         0.445     0.445 r  pll_inst/inst/clkin1_ibufg/O
                         net (fo=1, routed)           0.481     0.926    pll_inst/inst/clk_in1_clk_wiz_0
    PLLE2_ADV_X1Y1       PLLE2_ADV (Prop_plle2_adv_CLKIN1_CLKOUT0)
                                                     -2.634    -1.708 r  pll_inst/inst/plle2_adv_inst/CLKOUT0
                         net (fo=1, routed)           0.546    -1.163    pll_inst/inst/clk_out1_clk_wiz_0
    BUFGCTRL_X0Y16       BUFG (Prop_bufg_I_O)         0.029    -1.134 r  pll_inst/inst/clkout1_buf/O
                         net (fo=5373, routed)        0.949    -0.185    inst_svpwm/time_processor_inst/cordic_inst_T2/clk_out1
    SLICE_X2Y100         FDCE                                         r  inst_svpwm/time_processor_inst/cordic_inst_T2/pipeline_reg[8][pip_sin][23]/C
                         clock pessimism              0.034    -0.151    
    SLICE_X2Y100         FDCE (Hold_fdce_C_D)         0.134    -0.017    inst_svpwm/time_processor_inst/cordic_inst_T2/pipeline_reg[8][pip_sin][23]
  -------------------------------------------------------------------
                         required time                          0.017    
                         arrival time                           0.109    
  -------------------------------------------------------------------
                         slack                                  0.126    

Slack (MET) :             0.133ns  (arrival time - required time)
  Source:                 inst_svpwm/time_processor_inst/cordic_inst_T1/pipeline_reg[2][pip_theta][21]/C
                            (rising edge-triggered cell FDCE clocked by clk_out1_clk_wiz_0  {rise@0.000ns fall@10.000ns period=20.000ns})
  Destination:            inst_svpwm/time_processor_inst/cordic_inst_T1/pipeline_reg[3][pip_theta][22]/D
                            (rising edge-triggered cell FDCE clocked by clk_out1_clk_wiz_0  {rise@0.000ns fall@10.000ns period=20.000ns})
  Path Group:             clk_out1_clk_wiz_0
  Path Type:              Hold (Min at Fast Process Corner)
  Requirement:            0.000ns  (clk_out1_clk_wiz_0 rise@0.000ns - clk_out1_clk_wiz_0 rise@0.000ns)
  Data Path Delay:        0.420ns  (logic 0.274ns (65.245%)  route 0.146ns (34.755%))
  Logic Levels:           2  (CARRY4=1 LUT2=1)
  Clock Path Skew:        0.182ns (DCD - SCD - CPR)
    Destination Clock Delay (DCD):    -0.305ns
    Source Clock Delay      (SCD):    -0.454ns
    Clock Pessimism Removal (CPR):    -0.034ns

    Location             Delay type                Incr(ns)  Path(ns)    Netlist Resource(s)
  -------------------------------------------------------------------    -------------------
                         (clock clk_out1_clk_wiz_0 rise edge)
                                                      0.000     0.000 r  
    E3                                                0.000     0.000 r  clk (IN)
                         net (fo=0)                   0.000     0.000    pll_inst/inst/clk_in1
    E3                   IBUF (Prop_ibuf_I_O)         0.257     0.257 r  pll_inst/inst/clkin1_ibufg/O
                         net (fo=1, routed)           0.440     0.697    pll_inst/inst/clk_in1_clk_wiz_0
    PLLE2_ADV_X1Y1       PLLE2_ADV (Prop_plle2_adv_CLKIN1_CLKOUT0)
                                                     -2.319    -1.622 r  pll_inst/inst/plle2_adv_inst/CLKOUT0
                         net (fo=1, routed)           0.501    -1.121    pll_inst/inst/clk_out1_clk_wiz_0
    BUFGCTRL_X0Y16       BUFG (Prop_bufg_I_O)         0.026    -1.095 r  pll_inst/inst/clkout1_buf/O
                         net (fo=5373, routed)        0.641    -0.454    inst_svpwm/time_processor_inst/cordic_inst_T1/clk_out1
    SLICE_X38Y100        FDCE                                         r  inst_svpwm/time_processor_inst/cordic_inst_T1/pipeline_reg[2][pip_theta][21]/C
  -------------------------------------------------------------------    -------------------
    SLICE_X38Y100        FDCE (Prop_fdce_C_Q)         0.164    -0.290 r  inst_svpwm/time_processor_inst/cordic_inst_T1/pipeline_reg[2][pip_theta][21]/Q
                         net (fo=3, routed)           0.146    -0.144    inst_svpwm/time_processor_inst/cordic_inst_T1/pipeline_reg[2][pip_theta][21]
    SLICE_X37Y99         LUT2 (Prop_lut2_I0_O)        0.045    -0.099 r  inst_svpwm/time_processor_inst/cordic_inst_T1/pipeline[3][pip_theta][24]_i_5/O
                         net (fo=1, routed)           0.000    -0.099    inst_svpwm/time_processor_inst/cordic_inst_T1/pipeline[3][pip_theta][24]_i_5_n_0
    SLICE_X37Y99         CARRY4 (Prop_carry4_S[1]_O[1])
                                                      0.065    -0.034 r  inst_svpwm/time_processor_inst/cordic_inst_T1/pipeline_reg[3][pip_theta][24]_i_1/O[1]
                         net (fo=1, routed)           0.000    -0.034    inst_svpwm/time_processor_inst/cordic_inst_T1/pipeline_reg[3][pip_theta][24]_i_1_n_6
    SLICE_X37Y99         FDCE                                         r  inst_svpwm/time_processor_inst/cordic_inst_T1/pipeline_reg[3][pip_theta][22]/D
  -------------------------------------------------------------------    -------------------

                         (clock clk_out1_clk_wiz_0 rise edge)
                                                      0.000     0.000 r  
    E3                                                0.000     0.000 r  clk (IN)
                         net (fo=0)                   0.000     0.000    pll_inst/inst/clk_in1
    E3                   IBUF (Prop_ibuf_I_O)         0.445     0.445 r  pll_inst/inst/clkin1_ibufg/O
                         net (fo=1, routed)           0.481     0.926    pll_inst/inst/clk_in1_clk_wiz_0
    PLLE2_ADV_X1Y1       PLLE2_ADV (Prop_plle2_adv_CLKIN1_CLKOUT0)
                                                     -2.634    -1.708 r  pll_inst/inst/plle2_adv_inst/CLKOUT0
                         net (fo=1, routed)           0.546    -1.163    pll_inst/inst/clk_out1_clk_wiz_0
    BUFGCTRL_X0Y16       BUFG (Prop_bufg_I_O)         0.029    -1.134 r  pll_inst/inst/clkout1_buf/O
                         net (fo=5373, routed)        0.828    -0.305    inst_svpwm/time_processor_inst/cordic_inst_T1/clk_out1
    SLICE_X37Y99         FDCE                                         r  inst_svpwm/time_processor_inst/cordic_inst_T1/pipeline_reg[3][pip_theta][22]/C
                         clock pessimism              0.034    -0.271    
    SLICE_X37Y99         FDCE (Hold_fdce_C_D)         0.105    -0.166    inst_svpwm/time_processor_inst/cordic_inst_T1/pipeline_reg[3][pip_theta][22]
  -------------------------------------------------------------------
                         required time                          0.166    
                         arrival time                          -0.034    
  -------------------------------------------------------------------
                         slack                                  0.133    

Slack (MET) :             0.133ns  (arrival time - required time)
  Source:                 inst_svpwm/time_processor_inst/cordic_inst_T1/pipeline_reg[1][pip_theta][9]/C
                            (rising edge-triggered cell FDCE clocked by clk_out1_clk_wiz_0  {rise@0.000ns fall@10.000ns period=20.000ns})
  Destination:            inst_svpwm/time_processor_inst/cordic_inst_T1/pipeline_reg[2][pip_theta][23]/D
                            (rising edge-triggered cell FDCE clocked by clk_out1_clk_wiz_0  {rise@0.000ns fall@10.000ns period=20.000ns})
  Path Group:             clk_out1_clk_wiz_0
  Path Type:              Hold (Min at Fast Process Corner)
  Requirement:            0.000ns  (clk_out1_clk_wiz_0 rise@0.000ns - clk_out1_clk_wiz_0 rise@0.000ns)
  Data Path Delay:        0.618ns  (logic 0.477ns (77.210%)  route 0.141ns (22.790%))
  Logic Levels:           5  (CARRY4=4 LUT2=1)
  Clock Path Skew:        0.350ns (DCD - SCD - CPR)
    Destination Clock Delay (DCD):    -0.219ns
    Source Clock Delay      (SCD):    -0.535ns
    Clock Pessimism Removal (CPR):    -0.034ns

    Location             Delay type                Incr(ns)  Path(ns)    Netlist Resource(s)
  -------------------------------------------------------------------    -------------------
                         (clock clk_out1_clk_wiz_0 rise edge)
                                                      0.000     0.000 r  
    E3                                                0.000     0.000 r  clk (IN)
                         net (fo=0)                   0.000     0.000    pll_inst/inst/clk_in1
    E3                   IBUF (Prop_ibuf_I_O)         0.257     0.257 r  pll_inst/inst/clkin1_ibufg/O
                         net (fo=1, routed)           0.440     0.697    pll_inst/inst/clk_in1_clk_wiz_0
    PLLE2_ADV_X1Y1       PLLE2_ADV (Prop_plle2_adv_CLKIN1_CLKOUT0)
                                                     -2.319    -1.622 r  pll_inst/inst/plle2_adv_inst/CLKOUT0
                         net (fo=1, routed)           0.501    -1.121    pll_inst/inst/clk_out1_clk_wiz_0
    BUFGCTRL_X0Y16       BUFG (Prop_bufg_I_O)         0.026    -1.095 r  pll_inst/inst/clkout1_buf/O
                         net (fo=5373, routed)        0.560    -0.535    inst_svpwm/time_processor_inst/cordic_inst_T1/clk_out1
    SLICE_X39Y97         FDCE                                         r  inst_svpwm/time_processor_inst/cordic_inst_T1/pipeline_reg[1][pip_theta][9]/C
  -------------------------------------------------------------------    -------------------
    SLICE_X39Y97         FDCE (Prop_fdce_C_Q)         0.141    -0.394 r  inst_svpwm/time_processor_inst/cordic_inst_T1/pipeline_reg[1][pip_theta][9]/Q
                         net (fo=1, routed)           0.140    -0.254    inst_svpwm/time_processor_inst/cordic_inst_T1/pipeline_reg[1][pip_theta][9]
    SLICE_X38Y97         LUT2 (Prop_lut2_I0_O)        0.045    -0.209 r  inst_svpwm/time_processor_inst/cordic_inst_T1/pipeline[2][pip_theta][12]_i_7/O
                         net (fo=1, routed)           0.000    -0.209    inst_svpwm/time_processor_inst/cordic_inst_T1/pipeline[2][pip_theta][12]_i_7_n_0
    SLICE_X38Y97         CARRY4 (Prop_carry4_S[0]_CO[3])
                                                      0.145    -0.064 r  inst_svpwm/time_processor_inst/cordic_inst_T1/pipeline_reg[2][pip_theta][12]_i_1/CO[3]
                         net (fo=1, routed)           0.000    -0.064    inst_svpwm/time_processor_inst/cordic_inst_T1/pipeline_reg[2][pip_theta][12]_i_1_n_0
    SLICE_X38Y98         CARRY4 (Prop_carry4_CI_CO[3])
                                                      0.040    -0.024 r  inst_svpwm/time_processor_inst/cordic_inst_T1/pipeline_reg[2][pip_theta][16]_i_1/CO[3]
                         net (fo=1, routed)           0.000    -0.024    inst_svpwm/time_processor_inst/cordic_inst_T1/pipeline_reg[2][pip_theta][16]_i_1_n_0
    SLICE_X38Y99         CARRY4 (Prop_carry4_CI_CO[3])
                                                      0.040     0.016 r  inst_svpwm/time_processor_inst/cordic_inst_T1/pipeline_reg[2][pip_theta][20]_i_1/CO[3]
                         net (fo=1, routed)           0.001     0.017    inst_svpwm/time_processor_inst/cordic_inst_T1/pipeline_reg[2][pip_theta][20]_i_1_n_0
    SLICE_X38Y100        CARRY4 (Prop_carry4_CI_O[2])
                                                      0.066     0.083 r  inst_svpwm/time_processor_inst/cordic_inst_T1/pipeline_reg[2][pip_theta][24]_i_1/O[2]
                         net (fo=1, routed)           0.000     0.083    inst_svpwm/time_processor_inst/cordic_inst_T1/pipeline_reg[2][pip_theta][24]_i_1_n_5
    SLICE_X38Y100        FDCE                                         r  inst_svpwm/time_processor_inst/cordic_inst_T1/pipeline_reg[2][pip_theta][23]/D
  -------------------------------------------------------------------    -------------------

                         (clock clk_out1_clk_wiz_0 rise edge)
                                                      0.000     0.000 r  
    E3                                                0.000     0.000 r  clk (IN)
                         net (fo=0)                   0.000     0.000    pll_inst/inst/clk_in1
    E3                   IBUF (Prop_ibuf_I_O)         0.445     0.445 r  pll_inst/inst/clkin1_ibufg/O
                         net (fo=1, routed)           0.481     0.926    pll_inst/inst/clk_in1_clk_wiz_0
    PLLE2_ADV_X1Y1       PLLE2_ADV (Prop_plle2_adv_CLKIN1_CLKOUT0)
                                                     -2.634    -1.708 r  pll_inst/inst/plle2_adv_inst/CLKOUT0
                         net (fo=1, routed)           0.546    -1.163    pll_inst/inst/clk_out1_clk_wiz_0
    BUFGCTRL_X0Y16       BUFG (Prop_bufg_I_O)         0.029    -1.134 r  pll_inst/inst/clkout1_buf/O
                         net (fo=5373, routed)        0.915    -0.219    inst_svpwm/time_processor_inst/cordic_inst_T1/clk_out1
    SLICE_X38Y100        FDCE                                         r  inst_svpwm/time_processor_inst/cordic_inst_T1/pipeline_reg[2][pip_theta][23]/C
                         clock pessimism              0.034    -0.185    
    SLICE_X38Y100        FDCE (Hold_fdce_C_D)         0.134    -0.051    inst_svpwm/time_processor_inst/cordic_inst_T1/pipeline_reg[2][pip_theta][23]
  -------------------------------------------------------------------
                         required time                          0.051    
                         arrival time                           0.083    
  -------------------------------------------------------------------
                         slack                                  0.133    

Slack (MET) :             0.134ns  (arrival time - required time)
  Source:                 inst_svpwm/vector_proc_inst/y_reg_reg[15]/C
                            (rising edge-triggered cell FDRE clocked by clk_out1_clk_wiz_0  {rise@0.000ns fall@10.000ns period=20.000ns})
  Destination:            inst_svpwm/vector_proc_inst/pipeline_reg[0][pip_y][15]/D
                            (rising edge-triggered cell FDRE clocked by clk_out1_clk_wiz_0  {rise@0.000ns fall@10.000ns period=20.000ns})
  Path Group:             clk_out1_clk_wiz_0
  Path Type:              Hold (Min at Fast Process Corner)
  Requirement:            0.000ns  (clk_out1_clk_wiz_0 rise@0.000ns - clk_out1_clk_wiz_0 rise@0.000ns)
  Data Path Delay:        0.230ns  (logic 0.141ns (61.277%)  route 0.089ns (38.723%))
  Logic Levels:           0  
  Clock Path Skew:        0.013ns (DCD - SCD - CPR)
    Destination Clock Delay (DCD):    -0.307ns
    Source Clock Delay      (SCD):    -0.537ns
    Clock Pessimism Removal (CPR):    0.217ns

    Location             Delay type                Incr(ns)  Path(ns)    Netlist Resource(s)
  -------------------------------------------------------------------    -------------------
                         (clock clk_out1_clk_wiz_0 rise edge)
                                                      0.000     0.000 r  
    E3                                                0.000     0.000 r  clk (IN)
                         net (fo=0)                   0.000     0.000    pll_inst/inst/clk_in1
    E3                   IBUF (Prop_ibuf_I_O)         0.257     0.257 r  pll_inst/inst/clkin1_ibufg/O
                         net (fo=1, routed)           0.440     0.697    pll_inst/inst/clk_in1_clk_wiz_0
    PLLE2_ADV_X1Y1       PLLE2_ADV (Prop_plle2_adv_CLKIN1_CLKOUT0)
                                                     -2.319    -1.622 r  pll_inst/inst/plle2_adv_inst/CLKOUT0
                         net (fo=1, routed)           0.501    -1.121    pll_inst/inst/clk_out1_clk_wiz_0
    BUFGCTRL_X0Y16       BUFG (Prop_bufg_I_O)         0.026    -1.095 r  pll_inst/inst/clkout1_buf/O
                         net (fo=5373, routed)        0.558    -0.537    inst_svpwm/vector_proc_inst/clk_out1
    SLICE_X55Y65         FDRE                                         r  inst_svpwm/vector_proc_inst/y_reg_reg[15]/C
  -------------------------------------------------------------------    -------------------
    SLICE_X55Y65         FDRE (Prop_fdre_C_Q)         0.141    -0.396 r  inst_svpwm/vector_proc_inst/y_reg_reg[15]/Q
                         net (fo=1, routed)           0.089    -0.307    inst_svpwm/vector_proc_inst/y_reg[15]
    SLICE_X54Y65         FDRE                                         r  inst_svpwm/vector_proc_inst/pipeline_reg[0][pip_y][15]/D
  -------------------------------------------------------------------    -------------------

                         (clock clk_out1_clk_wiz_0 rise edge)
                                                      0.000     0.000 r  
    E3                                                0.000     0.000 r  clk (IN)
                         net (fo=0)                   0.000     0.000    pll_inst/inst/clk_in1
    E3                   IBUF (Prop_ibuf_I_O)         0.445     0.445 r  pll_inst/inst/clkin1_ibufg/O
                         net (fo=1, routed)           0.481     0.926    pll_inst/inst/clk_in1_clk_wiz_0
    PLLE2_ADV_X1Y1       PLLE2_ADV (Prop_plle2_adv_CLKIN1_CLKOUT0)
                                                     -2.634    -1.708 r  pll_inst/inst/plle2_adv_inst/CLKOUT0
                         net (fo=1, routed)           0.546    -1.163    pll_inst/inst/clk_out1_clk_wiz_0
    BUFGCTRL_X0Y16       BUFG (Prop_bufg_I_O)         0.029    -1.134 r  pll_inst/inst/clkout1_buf/O
                         net (fo=5373, routed)        0.826    -0.307    inst_svpwm/vector_proc_inst/clk_out1
    SLICE_X54Y65         FDRE                                         r  inst_svpwm/vector_proc_inst/pipeline_reg[0][pip_y][15]/C
                         clock pessimism             -0.217    -0.524    
    SLICE_X54Y65         FDRE (Hold_fdre_C_D)         0.083    -0.441    inst_svpwm/vector_proc_inst/pipeline_reg[0][pip_y][15]
  -------------------------------------------------------------------
                         required time                          0.441    
                         arrival time                          -0.307    
  -------------------------------------------------------------------
                         slack                                  0.134    

Slack (MET) :             0.139ns  (arrival time - required time)
  Source:                 inst_svpwm/time_processor_inst/cordic_inst_T2/pipeline_reg[7][pip_sin][4]/C
                            (rising edge-triggered cell FDCE clocked by clk_out1_clk_wiz_0  {rise@0.000ns fall@10.000ns period=20.000ns})
  Destination:            inst_svpwm/time_processor_inst/cordic_inst_T2/pipeline_reg[8][pip_sin][25]/D
                            (rising edge-triggered cell FDCE clocked by clk_out1_clk_wiz_0  {rise@0.000ns fall@10.000ns period=20.000ns})
  Path Group:             clk_out1_clk_wiz_0
  Path Type:              Hold (Min at Fast Process Corner)
  Requirement:            0.000ns  (clk_out1_clk_wiz_0 rise@0.000ns - clk_out1_clk_wiz_0 rise@0.000ns)
  Data Path Delay:        0.626ns  (logic 0.517ns (82.568%)  route 0.109ns (17.432%))
  Logic Levels:           6  (CARRY4=6)
  Clock Path Skew:        0.353ns (DCD - SCD - CPR)
    Destination Clock Delay (DCD):    -0.185ns
    Source Clock Delay      (SCD):    -0.504ns
    Clock Pessimism Removal (CPR):    -0.034ns

    Location             Delay type                Incr(ns)  Path(ns)    Netlist Resource(s)
  -------------------------------------------------------------------    -------------------
                         (clock clk_out1_clk_wiz_0 rise edge)
                                                      0.000     0.000 r  
    E3                                                0.000     0.000 r  clk (IN)
                         net (fo=0)                   0.000     0.000    pll_inst/inst/clk_in1
    E3                   IBUF (Prop_ibuf_I_O)         0.257     0.257 r  pll_inst/inst/clkin1_ibufg/O
                         net (fo=1, routed)           0.440     0.697    pll_inst/inst/clk_in1_clk_wiz_0
    PLLE2_ADV_X1Y1       PLLE2_ADV (Prop_plle2_adv_CLKIN1_CLKOUT0)
                                                     -2.319    -1.622 r  pll_inst/inst/plle2_adv_inst/CLKOUT0
                         net (fo=1, routed)           0.501    -1.121    pll_inst/inst/clk_out1_clk_wiz_0
    BUFGCTRL_X0Y16       BUFG (Prop_bufg_I_O)         0.026    -1.095 r  pll_inst/inst/clkout1_buf/O
                         net (fo=5373, routed)        0.591    -0.504    inst_svpwm/time_processor_inst/cordic_inst_T2/clk_out1
    SLICE_X1Y94          FDCE                                         r  inst_svpwm/time_processor_inst/cordic_inst_T2/pipeline_reg[7][pip_sin][4]/C
  -------------------------------------------------------------------    -------------------
    SLICE_X1Y94          FDCE (Prop_fdce_C_Q)         0.141    -0.363 r  inst_svpwm/time_processor_inst/cordic_inst_T2/pipeline_reg[7][pip_sin][4]/Q
                         net (fo=2, routed)           0.108    -0.255    inst_svpwm/time_processor_inst/cordic_inst_T2/pipeline_reg[7][pip_sin][4]
    SLICE_X2Y95          CARRY4 (Prop_carry4_DI[1]_CO[3])
                                                      0.150    -0.105 r  inst_svpwm/time_processor_inst/cordic_inst_T2/pipeline_reg[8][pip_sin][6]_i_1/CO[3]
                         net (fo=1, routed)           0.000    -0.105    inst_svpwm/time_processor_inst/cordic_inst_T2/pipeline_reg[8][pip_sin][6]_i_1_n_0
    SLICE_X2Y96          CARRY4 (Prop_carry4_CI_CO[3])
                                                      0.040    -0.065 r  inst_svpwm/time_processor_inst/cordic_inst_T2/pipeline_reg[8][pip_sin][10]_i_1/CO[3]
                         net (fo=1, routed)           0.000    -0.065    inst_svpwm/time_processor_inst/cordic_inst_T2/pipeline_reg[8][pip_sin][10]_i_1_n_0
    SLICE_X2Y97          CARRY4 (Prop_carry4_CI_CO[3])
                                                      0.040    -0.025 r  inst_svpwm/time_processor_inst/cordic_inst_T2/pipeline_reg[8][pip_sin][14]_i_1/CO[3]
                         net (fo=1, routed)           0.000    -0.025    inst_svpwm/time_processor_inst/cordic_inst_T2/pipeline_reg[8][pip_sin][14]_i_1_n_0
    SLICE_X2Y98          CARRY4 (Prop_carry4_CI_CO[3])
                                                      0.040     0.015 r  inst_svpwm/time_processor_inst/cordic_inst_T2/pipeline_reg[8][pip_sin][18]_i_1/CO[3]
                         net (fo=1, routed)           0.000     0.015    inst_svpwm/time_processor_inst/cordic_inst_T2/pipeline_reg[8][pip_sin][18]_i_1_n_0
    SLICE_X2Y99          CARRY4 (Prop_carry4_CI_CO[3])
                                                      0.040     0.055 r  inst_svpwm/time_processor_inst/cordic_inst_T2/pipeline_reg[8][pip_sin][22]_i_1/CO[3]
                         net (fo=1, routed)           0.001     0.056    inst_svpwm/time_processor_inst/cordic_inst_T2/pipeline_reg[8][pip_sin][22]_i_1_n_0
    SLICE_X2Y100         CARRY4 (Prop_carry4_CI_O[2])
                                                      0.066     0.122 r  inst_svpwm/time_processor_inst/cordic_inst_T2/pipeline_reg[8][pip_sin][26]_i_1/O[2]
                         net (fo=1, routed)           0.000     0.122    inst_svpwm/time_processor_inst/cordic_inst_T2/pipeline_reg[8][pip_sin][26]_i_1_n_5
    SLICE_X2Y100         FDCE                                         r  inst_svpwm/time_processor_inst/cordic_inst_T2/pipeline_reg[8][pip_sin][25]/D
  -------------------------------------------------------------------    -------------------

                         (clock clk_out1_clk_wiz_0 rise edge)
                                                      0.000     0.000 r  
    E3                                                0.000     0.000 r  clk (IN)
                         net (fo=0)                   0.000     0.000    pll_inst/inst/clk_in1
    E3                   IBUF (Prop_ibuf_I_O)         0.445     0.445 r  pll_inst/inst/clkin1_ibufg/O
                         net (fo=1, routed)           0.481     0.926    pll_inst/inst/clk_in1_clk_wiz_0
    PLLE2_ADV_X1Y1       PLLE2_ADV (Prop_plle2_adv_CLKIN1_CLKOUT0)
                                                     -2.634    -1.708 r  pll_inst/inst/plle2_adv_inst/CLKOUT0
                         net (fo=1, routed)           0.546    -1.163    pll_inst/inst/clk_out1_clk_wiz_0
    BUFGCTRL_X0Y16       BUFG (Prop_bufg_I_O)         0.029    -1.134 r  pll_inst/inst/clkout1_buf/O
                         net (fo=5373, routed)        0.949    -0.185    inst_svpwm/time_processor_inst/cordic_inst_T2/clk_out1
    SLICE_X2Y100         FDCE                                         r  inst_svpwm/time_processor_inst/cordic_inst_T2/pipeline_reg[8][pip_sin][25]/C
                         clock pessimism              0.034    -0.151    
    SLICE_X2Y100         FDCE (Hold_fdce_C_D)         0.134    -0.017    inst_svpwm/time_processor_inst/cordic_inst_T2/pipeline_reg[8][pip_sin][25]
  -------------------------------------------------------------------
                         required time                          0.017    
                         arrival time                           0.122    
  -------------------------------------------------------------------
                         slack                                  0.139    

Slack (MET) :             0.145ns  (arrival time - required time)
  Source:                 inst_svpwm/time_processor_inst/cordic_inst_T1/pipeline_reg[3][pip_theta][19]/C
                            (rising edge-triggered cell FDCE clocked by clk_out1_clk_wiz_0  {rise@0.000ns fall@10.000ns period=20.000ns})
  Destination:            inst_svpwm/time_processor_inst/cordic_inst_T1/pipeline_reg[4][pip_theta][28]/D
                            (rising edge-triggered cell FDCE clocked by clk_out1_clk_wiz_0  {rise@0.000ns fall@10.000ns period=20.000ns})
  Path Group:             clk_out1_clk_wiz_0
  Path Type:              Hold (Min at Fast Process Corner)
  Requirement:            0.000ns  (clk_out1_clk_wiz_0 rise@0.000ns - clk_out1_clk_wiz_0 rise@0.000ns)
  Data Path Delay:        0.600ns  (logic 0.433ns (72.149%)  route 0.167ns (27.851%))
  Logic Levels:           5  (CARRY4=4 LUT2=1)
  Clock Path Skew:        0.350ns (DCD - SCD - CPR)
    Destination Clock Delay (DCD):    -0.219ns
    Source Clock Delay      (SCD):    -0.535ns
    Clock Pessimism Removal (CPR):    -0.034ns

    Location             Delay type                Incr(ns)  Path(ns)    Netlist Resource(s)
  -------------------------------------------------------------------    -------------------
                         (clock clk_out1_clk_wiz_0 rise edge)
                                                      0.000     0.000 r  
    E3                                                0.000     0.000 r  clk (IN)
                         net (fo=0)                   0.000     0.000    pll_inst/inst/clk_in1
    E3                   IBUF (Prop_ibuf_I_O)         0.257     0.257 r  pll_inst/inst/clkin1_ibufg/O
                         net (fo=1, routed)           0.440     0.697    pll_inst/inst/clk_in1_clk_wiz_0
    PLLE2_ADV_X1Y1       PLLE2_ADV (Prop_plle2_adv_CLKIN1_CLKOUT0)
                                                     -2.319    -1.622 r  pll_inst/inst/plle2_adv_inst/CLKOUT0
                         net (fo=1, routed)           0.501    -1.121    pll_inst/inst/clk_out1_clk_wiz_0
    BUFGCTRL_X0Y16       BUFG (Prop_bufg_I_O)         0.026    -1.095 r  pll_inst/inst/clkout1_buf/O
                         net (fo=5373, routed)        0.560    -0.535    inst_svpwm/time_processor_inst/cordic_inst_T1/clk_out1
    SLICE_X37Y98         FDCE                                         r  inst_svpwm/time_processor_inst/cordic_inst_T1/pipeline_reg[3][pip_theta][19]/C
  -------------------------------------------------------------------    -------------------
    SLICE_X37Y98         FDCE (Prop_fdce_C_Q)         0.141    -0.394 r  inst_svpwm/time_processor_inst/cordic_inst_T1/pipeline_reg[3][pip_theta][19]/Q
                         net (fo=3, routed)           0.166    -0.228    inst_svpwm/time_processor_inst/cordic_inst_T1/pipeline_reg[3][pip_theta][19]
    SLICE_X36Y97         LUT2 (Prop_lut2_I1_O)        0.045    -0.183 r  inst_svpwm/time_processor_inst/cordic_inst_T1/pipeline[4][pip_theta][19]_i_4/O
                         net (fo=1, routed)           0.000    -0.183    inst_svpwm/time_processor_inst/cordic_inst_T1/pipeline[4][pip_theta][19]_i_4_n_0
    SLICE_X36Y97         CARRY4 (Prop_carry4_S[3]_CO[3])
                                                      0.115    -0.068 r  inst_svpwm/time_processor_inst/cordic_inst_T1/pipeline_reg[4][pip_theta][19]_i_1/CO[3]
                         net (fo=1, routed)           0.000    -0.068    inst_svpwm/time_processor_inst/cordic_inst_T1/pipeline_reg[4][pip_theta][19]_i_1_n_0
    SLICE_X36Y98         CARRY4 (Prop_carry4_CI_CO[3])
                                                      0.039    -0.029 r  inst_svpwm/time_processor_inst/cordic_inst_T1/pipeline_reg[4][pip_theta][23]_i_1/CO[3]
                         net (fo=1, routed)           0.000    -0.029    inst_svpwm/time_processor_inst/cordic_inst_T1/pipeline_reg[4][pip_theta][23]_i_1_n_0
    SLICE_X36Y99         CARRY4 (Prop_carry4_CI_CO[3])
                                                      0.039     0.010 r  inst_svpwm/time_processor_inst/cordic_inst_T1/pipeline_reg[4][pip_theta][27]_i_1/CO[3]
                         net (fo=1, routed)           0.001     0.011    inst_svpwm/time_processor_inst/cordic_inst_T1/pipeline_reg[4][pip_theta][27]_i_1_n_0
    SLICE_X36Y100        CARRY4 (Prop_carry4_CI_O[0])
                                                      0.054     0.065 r  inst_svpwm/time_processor_inst/cordic_inst_T1/pipeline_reg[4][pip_theta][31]_i_1/O[0]
                         net (fo=1, routed)           0.000     0.065    inst_svpwm/time_processor_inst/cordic_inst_T1/pipeline_reg[4][pip_theta][31]_i_1_n_7
    SLICE_X36Y100        FDCE                                         r  inst_svpwm/time_processor_inst/cordic_inst_T1/pipeline_reg[4][pip_theta][28]/D
  -------------------------------------------------------------------    -------------------

                         (clock clk_out1_clk_wiz_0 rise edge)
                                                      0.000     0.000 r  
    E3                                                0.000     0.000 r  clk (IN)
                         net (fo=0)                   0.000     0.000    pll_inst/inst/clk_in1
    E3                   IBUF (Prop_ibuf_I_O)         0.445     0.445 r  pll_inst/inst/clkin1_ibufg/O
                         net (fo=1, routed)           0.481     0.926    pll_inst/inst/clk_in1_clk_wiz_0
    PLLE2_ADV_X1Y1       PLLE2_ADV (Prop_plle2_adv_CLKIN1_CLKOUT0)
                                                     -2.634    -1.708 r  pll_inst/inst/plle2_adv_inst/CLKOUT0
                         net (fo=1, routed)           0.546    -1.163    pll_inst/inst/clk_out1_clk_wiz_0
    BUFGCTRL_X0Y16       BUFG (Prop_bufg_I_O)         0.029    -1.134 r  pll_inst/inst/clkout1_buf/O
                         net (fo=5373, routed)        0.915    -0.219    inst_svpwm/time_processor_inst/cordic_inst_T1/clk_out1
    SLICE_X36Y100        FDCE                                         r  inst_svpwm/time_processor_inst/cordic_inst_T1/pipeline_reg[4][pip_theta][28]/C
                         clock pessimism              0.034    -0.185    
    SLICE_X36Y100        FDCE (Hold_fdce_C_D)         0.105    -0.080    inst_svpwm/time_processor_inst/cordic_inst_T1/pipeline_reg[4][pip_theta][28]
  -------------------------------------------------------------------
                         required time                          0.080    
                         arrival time                           0.065    
  -------------------------------------------------------------------
                         slack                                  0.145    

Slack (MET) :             0.146ns  (arrival time - required time)
  Source:                 inst_svpwm/vector_proc_inst/pipeline_reg[15][pip_x][32]/C
                            (rising edge-triggered cell FDRE clocked by clk_out1_clk_wiz_0  {rise@0.000ns fall@10.000ns period=20.000ns})
  Destination:            inst_svpwm/vector_proc_inst/shift_reg_reg[31]/D
                            (rising edge-triggered cell FDRE clocked by clk_out1_clk_wiz_0  {rise@0.000ns fall@10.000ns period=20.000ns})
  Path Group:             clk_out1_clk_wiz_0
  Path Type:              Hold (Min at Fast Process Corner)
  Requirement:            0.000ns  (clk_out1_clk_wiz_0 rise@0.000ns - clk_out1_clk_wiz_0 rise@0.000ns)
  Data Path Delay:        0.256ns  (logic 0.141ns (55.140%)  route 0.115ns (44.860%))
  Logic Levels:           0  
  Clock Path Skew:        0.032ns (DCD - SCD - CPR)
    Destination Clock Delay (DCD):    -0.313ns
    Source Clock Delay      (SCD):    -0.540ns
    Clock Pessimism Removal (CPR):    0.195ns

    Location             Delay type                Incr(ns)  Path(ns)    Netlist Resource(s)
  -------------------------------------------------------------------    -------------------
                         (clock clk_out1_clk_wiz_0 rise edge)
                                                      0.000     0.000 r  
    E3                                                0.000     0.000 r  clk (IN)
                         net (fo=0)                   0.000     0.000    pll_inst/inst/clk_in1
    E3                   IBUF (Prop_ibuf_I_O)         0.257     0.257 r  pll_inst/inst/clkin1_ibufg/O
                         net (fo=1, routed)           0.440     0.697    pll_inst/inst/clk_in1_clk_wiz_0
    PLLE2_ADV_X1Y1       PLLE2_ADV (Prop_plle2_adv_CLKIN1_CLKOUT0)
                                                     -2.319    -1.622 r  pll_inst/inst/plle2_adv_inst/CLKOUT0
                         net (fo=1, routed)           0.501    -1.121    pll_inst/inst/clk_out1_clk_wiz_0
    BUFGCTRL_X0Y16       BUFG (Prop_bufg_I_O)         0.026    -1.095 r  pll_inst/inst/clkout1_buf/O
                         net (fo=5373, routed)        0.555    -0.540    inst_svpwm/vector_proc_inst/clk_out1
    SLICE_X28Y84         FDRE                                         r  inst_svpwm/vector_proc_inst/pipeline_reg[15][pip_x][32]/C
  -------------------------------------------------------------------    -------------------
    SLICE_X28Y84         FDRE (Prop_fdre_C_Q)         0.141    -0.399 r  inst_svpwm/vector_proc_inst/pipeline_reg[15][pip_x][32]/Q
                         net (fo=1, routed)           0.115    -0.284    inst_svpwm/vector_proc_inst/pipeline_reg[15][pip_x_n_0_][32]
    SLICE_X31Y83         FDRE                                         r  inst_svpwm/vector_proc_inst/shift_reg_reg[31]/D
  -------------------------------------------------------------------    -------------------

                         (clock clk_out1_clk_wiz_0 rise edge)
                                                      0.000     0.000 r  
    E3                                                0.000     0.000 r  clk (IN)
                         net (fo=0)                   0.000     0.000    pll_inst/inst/clk_in1
    E3                   IBUF (Prop_ibuf_I_O)         0.445     0.445 r  pll_inst/inst/clkin1_ibufg/O
                         net (fo=1, routed)           0.481     0.926    pll_inst/inst/clk_in1_clk_wiz_0
    PLLE2_ADV_X1Y1       PLLE2_ADV (Prop_plle2_adv_CLKIN1_CLKOUT0)
                                                     -2.634    -1.708 r  pll_inst/inst/plle2_adv_inst/CLKOUT0
                         net (fo=1, routed)           0.546    -1.163    pll_inst/inst/clk_out1_clk_wiz_0
    BUFGCTRL_X0Y16       BUFG (Prop_bufg_I_O)         0.029    -1.134 r  pll_inst/inst/clkout1_buf/O
                         net (fo=5373, routed)        0.821    -0.313    inst_svpwm/vector_proc_inst/clk_out1
    SLICE_X31Y83         FDRE                                         r  inst_svpwm/vector_proc_inst/shift_reg_reg[31]/C
                         clock pessimism             -0.195    -0.508    
    SLICE_X31Y83         FDRE (Hold_fdre_C_D)         0.078    -0.430    inst_svpwm/vector_proc_inst/shift_reg_reg[31]
  -------------------------------------------------------------------
                         required time                          0.430    
                         arrival time                          -0.284    
  -------------------------------------------------------------------
                         slack                                  0.146    

Slack (MET) :             0.149ns  (arrival time - required time)
  Source:                 inst_svpwm/time_processor_inst/t1_shift_reg_reg[26]/C
                            (rising edge-triggered cell FDRE clocked by clk_out1_clk_wiz_0  {rise@0.000ns fall@10.000ns period=20.000ns})
  Destination:            inst_svpwm/time_processor_inst/t2_int_reg[26]/D
                            (rising edge-triggered cell FDRE clocked by clk_out1_clk_wiz_0  {rise@0.000ns fall@10.000ns period=20.000ns})
  Path Group:             clk_out1_clk_wiz_0
  Path Type:              Hold (Min at Fast Process Corner)
  Requirement:            0.000ns  (clk_out1_clk_wiz_0 rise@0.000ns - clk_out1_clk_wiz_0 rise@0.000ns)
  Data Path Delay:        0.255ns  (logic 0.141ns (55.287%)  route 0.114ns (44.713%))
  Logic Levels:           0  
  Clock Path Skew:        0.035ns (DCD - SCD - CPR)
    Destination Clock Delay (DCD):    -0.217ns
    Source Clock Delay      (SCD):    -0.451ns
    Clock Pessimism Removal (CPR):    0.199ns

    Location             Delay type                Incr(ns)  Path(ns)    Netlist Resource(s)
  -------------------------------------------------------------------    -------------------
                         (clock clk_out1_clk_wiz_0 rise edge)
                                                      0.000     0.000 r  
    E3                                                0.000     0.000 r  clk (IN)
                         net (fo=0)                   0.000     0.000    pll_inst/inst/clk_in1
    E3                   IBUF (Prop_ibuf_I_O)         0.257     0.257 r  pll_inst/inst/clkin1_ibufg/O
                         net (fo=1, routed)           0.440     0.697    pll_inst/inst/clk_in1_clk_wiz_0
    PLLE2_ADV_X1Y1       PLLE2_ADV (Prop_plle2_adv_CLKIN1_CLKOUT0)
                                                     -2.319    -1.622 r  pll_inst/inst/plle2_adv_inst/CLKOUT0
                         net (fo=1, routed)           0.501    -1.121    pll_inst/inst/clk_out1_clk_wiz_0
    BUFGCTRL_X0Y16       BUFG (Prop_bufg_I_O)         0.026    -1.095 r  pll_inst/inst/clkout1_buf/O
                         net (fo=5373, routed)        0.644    -0.451    inst_svpwm/time_processor_inst/clk_out1
    SLICE_X23Y101        FDRE                                         r  inst_svpwm/time_processor_inst/t1_shift_reg_reg[26]/C
  -------------------------------------------------------------------    -------------------
    SLICE_X23Y101        FDRE (Prop_fdre_C_Q)         0.141    -0.310 r  inst_svpwm/time_processor_inst/t1_shift_reg_reg[26]/Q
                         net (fo=1, routed)           0.114    -0.196    inst_svpwm/time_processor_inst/t1_shift_reg[26]
    SLICE_X24Y102        FDRE                                         r  inst_svpwm/time_processor_inst/t2_int_reg[26]/D
  -------------------------------------------------------------------    -------------------

                         (clock clk_out1_clk_wiz_0 rise edge)
                                                      0.000     0.000 r  
    E3                                                0.000     0.000 r  clk (IN)
                         net (fo=0)                   0.000     0.000    pll_inst/inst/clk_in1
    E3                   IBUF (Prop_ibuf_I_O)         0.445     0.445 r  pll_inst/inst/clkin1_ibufg/O
                         net (fo=1, routed)           0.481     0.926    pll_inst/inst/clk_in1_clk_wiz_0
    PLLE2_ADV_X1Y1       PLLE2_ADV (Prop_plle2_adv_CLKIN1_CLKOUT0)
                                                     -2.634    -1.708 r  pll_inst/inst/plle2_adv_inst/CLKOUT0
                         net (fo=1, routed)           0.546    -1.163    pll_inst/inst/clk_out1_clk_wiz_0
    BUFGCTRL_X0Y16       BUFG (Prop_bufg_I_O)         0.029    -1.134 r  pll_inst/inst/clkout1_buf/O
                         net (fo=5373, routed)        0.917    -0.217    inst_svpwm/time_processor_inst/clk_out1
    SLICE_X24Y102        FDRE                                         r  inst_svpwm/time_processor_inst/t2_int_reg[26]/C
                         clock pessimism             -0.199    -0.416    
    SLICE_X24Y102        FDRE (Hold_fdre_C_D)         0.071    -0.345    inst_svpwm/time_processor_inst/t2_int_reg[26]
  -------------------------------------------------------------------
                         required time                          0.345    
                         arrival time                          -0.196    
  -------------------------------------------------------------------
                         slack                                  0.149    

Slack (MET) :             0.150ns  (arrival time - required time)
  Source:                 inst_svpwm/vector_proc_inst/pipeline_reg[15][pip_x][25]/C
                            (rising edge-triggered cell FDRE clocked by clk_out1_clk_wiz_0  {rise@0.000ns fall@10.000ns period=20.000ns})
  Destination:            inst_svpwm/vector_proc_inst/shift_reg_reg[24]/D
                            (rising edge-triggered cell FDRE clocked by clk_out1_clk_wiz_0  {rise@0.000ns fall@10.000ns period=20.000ns})
  Path Group:             clk_out1_clk_wiz_0
  Path Type:              Hold (Min at Fast Process Corner)
  Requirement:            0.000ns  (clk_out1_clk_wiz_0 rise@0.000ns - clk_out1_clk_wiz_0 rise@0.000ns)
  Data Path Delay:        0.261ns  (logic 0.141ns (54.115%)  route 0.120ns (45.885%))
  Logic Levels:           0  
  Clock Path Skew:        0.033ns (DCD - SCD - CPR)
    Destination Clock Delay (DCD):    -0.314ns
    Source Clock Delay      (SCD):    -0.542ns
    Clock Pessimism Removal (CPR):    0.195ns

    Location             Delay type                Incr(ns)  Path(ns)    Netlist Resource(s)
  -------------------------------------------------------------------    -------------------
                         (clock clk_out1_clk_wiz_0 rise edge)
                                                      0.000     0.000 r  
    E3                                                0.000     0.000 r  clk (IN)
                         net (fo=0)                   0.000     0.000    pll_inst/inst/clk_in1
    E3                   IBUF (Prop_ibuf_I_O)         0.257     0.257 r  pll_inst/inst/clkin1_ibufg/O
                         net (fo=1, routed)           0.440     0.697    pll_inst/inst/clk_in1_clk_wiz_0
    PLLE2_ADV_X1Y1       PLLE2_ADV (Prop_plle2_adv_CLKIN1_CLKOUT0)
                                                     -2.319    -1.622 r  pll_inst/inst/plle2_adv_inst/CLKOUT0
                         net (fo=1, routed)           0.501    -1.121    pll_inst/inst/clk_out1_clk_wiz_0
    BUFGCTRL_X0Y16       BUFG (Prop_bufg_I_O)         0.026    -1.095 r  pll_inst/inst/clkout1_buf/O
                         net (fo=5373, routed)        0.553    -0.542    inst_svpwm/vector_proc_inst/clk_out1
    SLICE_X28Y82         FDRE                                         r  inst_svpwm/vector_proc_inst/pipeline_reg[15][pip_x][25]/C
  -------------------------------------------------------------------    -------------------
    SLICE_X28Y82         FDRE (Prop_fdre_C_Q)         0.141    -0.401 r  inst_svpwm/vector_proc_inst/pipeline_reg[15][pip_x][25]/Q
                         net (fo=1, routed)           0.120    -0.282    inst_svpwm/vector_proc_inst/pipeline_reg[15][pip_x_n_0_][25]
    SLICE_X31Y82         FDRE                                         r  inst_svpwm/vector_proc_inst/shift_reg_reg[24]/D
  -------------------------------------------------------------------    -------------------

                         (clock clk_out1_clk_wiz_0 rise edge)
                                                      0.000     0.000 r  
    E3                                                0.000     0.000 r  clk (IN)
                         net (fo=0)                   0.000     0.000    pll_inst/inst/clk_in1
    E3                   IBUF (Prop_ibuf_I_O)         0.445     0.445 r  pll_inst/inst/clkin1_ibufg/O
                         net (fo=1, routed)           0.481     0.926    pll_inst/inst/clk_in1_clk_wiz_0
    PLLE2_ADV_X1Y1       PLLE2_ADV (Prop_plle2_adv_CLKIN1_CLKOUT0)
                                                     -2.634    -1.708 r  pll_inst/inst/plle2_adv_inst/CLKOUT0
                         net (fo=1, routed)           0.546    -1.163    pll_inst/inst/clk_out1_clk_wiz_0
    BUFGCTRL_X0Y16       BUFG (Prop_bufg_I_O)         0.029    -1.134 r  pll_inst/inst/clkout1_buf/O
                         net (fo=5373, routed)        0.819    -0.314    inst_svpwm/vector_proc_inst/clk_out1
    SLICE_X31Y82         FDRE                                         r  inst_svpwm/vector_proc_inst/shift_reg_reg[24]/C
                         clock pessimism             -0.195    -0.509    
    SLICE_X31Y82         FDRE (Hold_fdre_C_D)         0.078    -0.431    inst_svpwm/vector_proc_inst/shift_reg_reg[24]
  -------------------------------------------------------------------
                         required time                          0.431    
                         arrival time                          -0.282    
  -------------------------------------------------------------------
                         slack                                  0.150    





Pulse Width Checks
--------------------------------------------------------------------------------------
Clock Name:         clk_out1_clk_wiz_0
Waveform(ns):       { 0.000 10.000 }
Period(ns):         20.000
Sources:            { pll_inst/inst/plle2_adv_inst/CLKOUT0 }

Check Type        Corner  Lib Pin            Reference Pin  Required(ns)  Actual(ns)  Slack(ns)  Location        Pin
Min Period        n/a     DSP48E1/CLK        n/a            3.884         20.000      16.116     DSP48_X0Y33     inst_svpwm/vector_proc_inst/mult_reg_reg/CLK
Min Period        n/a     DSP48E1/CLK        n/a            3.884         20.000      16.116     DSP48_X0Y31     inst_svpwm/vector_proc_inst/mult_reg_reg__0/CLK
Min Period        n/a     BUFG/I             n/a            2.155         20.000      17.845     BUFGCTRL_X0Y16  pll_inst/inst/clkout1_buf/I
Min Period        n/a     DSP48E1/CLK        n/a            2.154         20.000      17.846     DSP48_X1Y21     inst_svpwm/clarke_inst/mult_reg_1_reg/CLK
Min Period        n/a     DSP48E1/CLK        n/a            2.154         20.000      17.846     DSP48_X1Y24     inst_svpwm/clarke_inst/mult_reg_2_reg/CLK
Min Period        n/a     DSP48E1/CLK        n/a            2.154         20.000      17.846     DSP48_X1Y23     inst_svpwm/clarke_inst/mult_reg_3_reg/CLK
Min Period        n/a     DSP48E1/CLK        n/a            2.154         20.000      17.846     DSP48_X1Y25     inst_svpwm/clarke_inst/mult_reg_4_reg/CLK
Min Period        n/a     DSP48E1/CLK        n/a            2.154         20.000      17.846     DSP48_X1Y22     inst_svpwm/clarke_inst/v_alpha_reg/CLK
Min Period        n/a     DSP48E1/CLK        n/a            2.154         20.000      17.846     DSP48_X1Y26     inst_svpwm/clarke_inst/v_beta_reg/CLK
Min Period        n/a     DSP48E1/CLK        n/a            2.154         20.000      17.846     DSP48_X0Y39     inst_svpwm/time_processor_inst/t1_mult_reg_reg/CLK
Max Period        n/a     PLLE2_ADV/CLKOUT0  n/a            160.000       20.000      140.000    PLLE2_ADV_X1Y1  pll_inst/inst/plle2_adv_inst/CLKOUT0
Low Pulse Width   Slow    SRL16E/CLK         n/a            0.980         10.000      9.020      SLICE_X30Y100   inst_svpwm/time_processor_inst/cordic_inst_T1/pipeline_reg[11][pip_theta][14]_srl2_inst_svpwm_time_processor_inst_shift_reg_sector_sig_delay_line_reg_c_0/CLK
Low Pulse Width   Fast    SRL16E/CLK         n/a            0.980         10.000      9.020      SLICE_X30Y100   inst_svpwm/time_processor_inst/cordic_inst_T1/pipeline_reg[11][pip_theta][14]_srl2_inst_svpwm_time_processor_inst_shift_reg_sector_sig_delay_line_reg_c_0/CLK
Low Pulse Width   Slow    SRL16E/CLK         n/a            0.980         10.000      9.020      SLICE_X34Y100   inst_svpwm/time_processor_inst/cordic_inst_T1/pipeline_reg[13][pip_quadrant][1]_srl14_inst_svpwm_time_processor_inst_shift_reg_sector_sig_delay_line_reg_c_12/CLK
Low Pulse Width   Fast    SRL16E/CLK         n/a            0.980         10.000      9.020      SLICE_X34Y100   inst_svpwm/time_processor_inst/cordic_inst_T1/pipeline_reg[13][pip_quadrant][1]_srl14_inst_svpwm_time_processor_inst_shift_reg_sector_sig_delay_line_reg_c_12/CLK
Low Pulse Width   Slow    SRL16E/CLK         n/a            0.980         10.000      9.020      SLICE_X10Y89    inst_svpwm/time_processor_inst/cordic_inst_T2/pipeline_reg[11][pip_theta][14]_srl2_inst_svpwm_time_processor_inst_shift_reg_sector_sig_delay_line_reg_c_0/CLK
Low Pulse Width   Fast    SRL16E/CLK         n/a            0.980         10.000      9.020      SLICE_X10Y89    inst_svpwm/time_processor_inst/cordic_inst_T2/pipeline_reg[11][pip_theta][14]_srl2_inst_svpwm_time_processor_inst_shift_reg_sector_sig_delay_line_reg_c_0/CLK
Low Pulse Width   Slow    SRL16E/CLK         n/a            0.980         10.000      9.020      SLICE_X34Y100   inst_svpwm/time_processor_inst/cordic_inst_T2/pipeline_reg[13][pip_quadrant][1]_srl14_inst_svpwm_time_processor_inst_shift_reg_sector_sig_delay_line_reg_c_12/CLK
Low Pulse Width   Fast    SRL16E/CLK         n/a            0.980         10.000      9.020      SLICE_X34Y100   inst_svpwm/time_processor_inst/cordic_inst_T2/pipeline_reg[13][pip_quadrant][1]_srl14_inst_svpwm_time_processor_inst_shift_reg_sector_sig_delay_line_reg_c_12/CLK
Low Pulse Width   Slow    SRLC32E/CLK        n/a            0.980         10.000      9.020      SLICE_X42Y98    inst_svpwm/time_processor_inst/shift_reg_sector/sig_delay_line_reg[19][0]_srl20_inst_svpwm_time_processor_inst_shift_reg_sector_sig_delay_line_reg_c_18/CLK
Low Pulse Width   Fast    SRLC32E/CLK        n/a            0.980         10.000      9.020      SLICE_X42Y98    inst_svpwm/time_processor_inst/shift_reg_sector/sig_delay_line_reg[19][0]_srl20_inst_svpwm_time_processor_inst_shift_reg_sector_sig_delay_line_reg_c_18/CLK
High Pulse Width  Slow    SRL16E/CLK         n/a            0.980         10.000      9.020      SLICE_X30Y100   inst_svpwm/time_processor_inst/cordic_inst_T1/pipeline_reg[11][pip_theta][14]_srl2_inst_svpwm_time_processor_inst_shift_reg_sector_sig_delay_line_reg_c_0/CLK
High Pulse Width  Fast    SRL16E/CLK         n/a            0.980         10.000      9.020      SLICE_X30Y100   inst_svpwm/time_processor_inst/cordic_inst_T1/pipeline_reg[11][pip_theta][14]_srl2_inst_svpwm_time_processor_inst_shift_reg_sector_sig_delay_line_reg_c_0/CLK
High Pulse Width  Slow    SRL16E/CLK         n/a            0.980         10.000      9.020      SLICE_X34Y100   inst_svpwm/time_processor_inst/cordic_inst_T1/pipeline_reg[13][pip_quadrant][1]_srl14_inst_svpwm_time_processor_inst_shift_reg_sector_sig_delay_line_reg_c_12/CLK
High Pulse Width  Fast    SRL16E/CLK         n/a            0.980         10.000      9.020      SLICE_X34Y100   inst_svpwm/time_processor_inst/cordic_inst_T1/pipeline_reg[13][pip_quadrant][1]_srl14_inst_svpwm_time_processor_inst_shift_reg_sector_sig_delay_line_reg_c_12/CLK
High Pulse Width  Slow    SRL16E/CLK         n/a            0.980         10.000      9.020      SLICE_X10Y89    inst_svpwm/time_processor_inst/cordic_inst_T2/pipeline_reg[11][pip_theta][14]_srl2_inst_svpwm_time_processor_inst_shift_reg_sector_sig_delay_line_reg_c_0/CLK
High Pulse Width  Fast    SRL16E/CLK         n/a            0.980         10.000      9.020      SLICE_X10Y89    inst_svpwm/time_processor_inst/cordic_inst_T2/pipeline_reg[11][pip_theta][14]_srl2_inst_svpwm_time_processor_inst_shift_reg_sector_sig_delay_line_reg_c_0/CLK
High Pulse Width  Slow    SRL16E/CLK         n/a            0.980         10.000      9.020      SLICE_X34Y100   inst_svpwm/time_processor_inst/cordic_inst_T2/pipeline_reg[13][pip_quadrant][1]_srl14_inst_svpwm_time_processor_inst_shift_reg_sector_sig_delay_line_reg_c_12/CLK
High Pulse Width  Fast    SRL16E/CLK         n/a            0.980         10.000      9.020      SLICE_X34Y100   inst_svpwm/time_processor_inst/cordic_inst_T2/pipeline_reg[13][pip_quadrant][1]_srl14_inst_svpwm_time_processor_inst_shift_reg_sector_sig_delay_line_reg_c_12/CLK
High Pulse Width  Slow    SRLC32E/CLK        n/a            0.980         10.000      9.020      SLICE_X42Y98    inst_svpwm/time_processor_inst/shift_reg_sector/sig_delay_line_reg[19][0]_srl20_inst_svpwm_time_processor_inst_shift_reg_sector_sig_delay_line_reg_c_18/CLK
High Pulse Width  Fast    SRLC32E/CLK        n/a            0.980         10.000      9.020      SLICE_X42Y98    inst_svpwm/time_processor_inst/shift_reg_sector/sig_delay_line_reg[19][0]_srl20_inst_svpwm_time_processor_inst_shift_reg_sector_sig_delay_line_reg_c_18/CLK



---------------------------------------------------------------------------------------------------
From Clock:  clkfbout_clk_wiz_0
  To Clock:  clkfbout_clk_wiz_0

Setup :           NA  Failing Endpoints,  Worst Slack           NA  ,  Total Violation           NA
Hold  :           NA  Failing Endpoints,  Worst Slack           NA  ,  Total Violation           NA
PW    :            0  Failing Endpoints,  Worst Slack       17.845ns,  Total Violation        0.000ns
---------------------------------------------------------------------------------------------------


Pulse Width Checks
--------------------------------------------------------------------------------------
Clock Name:         clkfbout_clk_wiz_0
Waveform(ns):       { 0.000 10.000 }
Period(ns):         20.000
Sources:            { pll_inst/inst/plle2_adv_inst/CLKFBOUT }

Check Type  Corner  Lib Pin             Reference Pin  Required(ns)  Actual(ns)  Slack(ns)  Location        Pin
Min Period  n/a     BUFG/I              n/a            2.155         20.000      17.845     BUFGCTRL_X0Y17  pll_inst/inst/clkf_buf/I
Min Period  n/a     PLLE2_ADV/CLKFBOUT  n/a            1.249         20.000      18.751     PLLE2_ADV_X1Y1  pll_inst/inst/plle2_adv_inst/CLKFBOUT
Min Period  n/a     PLLE2_ADV/CLKFBIN   n/a            1.249         20.000      18.751     PLLE2_ADV_X1Y1  pll_inst/inst/plle2_adv_inst/CLKFBIN
Max Period  n/a     PLLE2_ADV/CLKFBIN   n/a            52.633        20.000      32.633     PLLE2_ADV_X1Y1  pll_inst/inst/plle2_adv_inst/CLKFBIN
Max Period  n/a     PLLE2_ADV/CLKFBOUT  n/a            160.000       20.000      140.000    PLLE2_ADV_X1Y1  pll_inst/inst/plle2_adv_inst/CLKFBOUT



---------------------------------------------------------------------------------------------------
From Clock:  sys_clk_pin
  To Clock:  sys_clk_pin

Setup :           NA  Failing Endpoints,  Worst Slack           NA  ,  Total Violation           NA
Hold  :           NA  Failing Endpoints,  Worst Slack           NA  ,  Total Violation           NA
PW    :            0  Failing Endpoints,  Worst Slack        3.000ns,  Total Violation        0.000ns
---------------------------------------------------------------------------------------------------


Pulse Width Checks
--------------------------------------------------------------------------------------
Clock Name:         sys_clk_pin
Waveform(ns):       { 0.000 5.000 }
Period(ns):         10.000
Sources:            { clk }

Check Type        Corner  Lib Pin           Reference Pin  Required(ns)  Actual(ns)  Slack(ns)  Location        Pin
Min Period        n/a     PLLE2_ADV/CLKIN1  n/a            1.249         10.000      8.751      PLLE2_ADV_X1Y1  pll_inst/inst/plle2_adv_inst/CLKIN1
Max Period        n/a     PLLE2_ADV/CLKIN1  n/a            52.633        10.000      42.633     PLLE2_ADV_X1Y1  pll_inst/inst/plle2_adv_inst/CLKIN1
Low Pulse Width   Slow    PLLE2_ADV/CLKIN1  n/a            2.000         5.000       3.000      PLLE2_ADV_X1Y1  pll_inst/inst/plle2_adv_inst/CLKIN1
Low Pulse Width   Fast    PLLE2_ADV/CLKIN1  n/a            2.000         5.000       3.000      PLLE2_ADV_X1Y1  pll_inst/inst/plle2_adv_inst/CLKIN1
High Pulse Width  Slow    PLLE2_ADV/CLKIN1  n/a            2.000         5.000       3.000      PLLE2_ADV_X1Y1  pll_inst/inst/plle2_adv_inst/CLKIN1
High Pulse Width  Fast    PLLE2_ADV/CLKIN1  n/a            2.000         5.000       3.000      PLLE2_ADV_X1Y1  pll_inst/inst/plle2_adv_inst/CLKIN1



---------------------------------------------------------------------------------------------------
From Clock:  clk_out1_clk_wiz_0_1
  To Clock:  clk_out1_clk_wiz_0_1

Setup :            0  Failing Endpoints,  Worst Slack        8.946ns,  Total Violation        0.000ns
Hold  :            0  Failing Endpoints,  Worst Slack        0.120ns,  Total Violation        0.000ns
PW    :            0  Failing Endpoints,  Worst Slack        9.020ns,  Total Violation        0.000ns
---------------------------------------------------------------------------------------------------


Max Delay Paths
--------------------------------------------------------------------------------------
Slack (MET) :             8.946ns  (required time - arrival time)
  Source:                 inst_svpwm/time_processor_inst/cordic_inst_T1/pipeline_reg[15][pip_sin][3]/C
                            (rising edge-triggered cell FDCE clocked by clk_out1_clk_wiz_0_1  {rise@0.000ns fall@10.000ns period=20.000ns})
  Destination:            inst_svpwm/time_processor_inst/t1_mult_reg_reg/PCIN[0]
                            (rising edge-triggered cell DSP48E1 clocked by clk_out1_clk_wiz_0_1  {rise@0.000ns fall@10.000ns period=20.000ns})
  Path Group:             clk_out1_clk_wiz_0_1
  Path Type:              Setup (Max at Slow Process Corner)
  Requirement:            20.000ns  (clk_out1_clk_wiz_0_1 rise@20.000ns - clk_out1_clk_wiz_0_1 rise@0.000ns)
  Data Path Delay:        9.359ns  (logic 6.060ns (64.752%)  route 3.299ns (35.248%))
  Logic Levels:           6  (CARRY4=3 DSP48E1=1 LUT1=1 LUT3=1)
  Clock Path Skew:        -0.192ns (DCD - SCD + CPR)
    Destination Clock Delay (DCD):    -1.941ns = ( 18.059 - 20.000 ) 
    Source Clock Delay      (SCD):    -2.246ns
    Clock Pessimism Removal (CPR):    -0.496ns
  Clock Uncertainty:      0.103ns  ((TSJ^2 + DJ^2)^1/2) / 2 + PE
    Total System Jitter     (TSJ):    0.071ns
    Discrete Jitter          (DJ):    0.193ns
    Phase Error              (PE):    0.000ns

    Location             Delay type                Incr(ns)  Path(ns)    Netlist Resource(s)
  -------------------------------------------------------------------    -------------------
                         (clock clk_out1_clk_wiz_0_1 rise edge)
                                                      0.000     0.000 r  
    E3                                                0.000     0.000 r  clk (IN)
                         net (fo=0)                   0.000     0.000    pll_inst/inst/clk_in1
    E3                   IBUF (Prop_ibuf_I_O)         1.489     1.489 r  pll_inst/inst/clkin1_ibufg/O
                         net (fo=1, routed)           1.253     2.742    pll_inst/inst/clk_in1_clk_wiz_0
    PLLE2_ADV_X1Y1       PLLE2_ADV (Prop_plle2_adv_CLKIN1_CLKOUT0)
                                                     -8.467    -5.725 r  pll_inst/inst/plle2_adv_inst/CLKOUT0
                         net (fo=1, routed)           1.655    -4.070    pll_inst/inst/clk_out1_clk_wiz_0
    BUFGCTRL_X0Y16       BUFG (Prop_bufg_I_O)         0.096    -3.974 r  pll_inst/inst/clkout1_buf/O
                         net (fo=5373, routed)        1.728    -2.246    inst_svpwm/time_processor_inst/cordic_inst_T1/clk_out1
    SLICE_X10Y118        FDCE                                         r  inst_svpwm/time_processor_inst/cordic_inst_T1/pipeline_reg[15][pip_sin][3]/C
  -------------------------------------------------------------------    -------------------
    SLICE_X10Y118        FDCE (Prop_fdce_C_Q)         0.518    -1.728 f  inst_svpwm/time_processor_inst/cordic_inst_T1/pipeline_reg[15][pip_sin][3]/Q
                         net (fo=2, routed)           1.811     0.084    inst_svpwm/time_processor_inst/cordic_inst_T1/pipeline_reg[15][pip_sin][3]
    SLICE_X13Y92         LUT1 (Prop_lut1_I0_O)        0.124     0.208 r  inst_svpwm/time_processor_inst/cordic_inst_T1/t1_mult_reg0_i_39/O
                         net (fo=1, routed)           0.000     0.208    inst_svpwm/time_processor_inst/cordic_inst_T1/t1_mult_reg0_i_39_n_0
    SLICE_X13Y92         CARRY4 (Prop_carry4_S[3]_CO[3])
                                                      0.401     0.609 r  inst_svpwm/time_processor_inst/cordic_inst_T1/t1_mult_reg0_i_22/CO[3]
                         net (fo=1, routed)           0.000     0.609    inst_svpwm/time_processor_inst/cordic_inst_T1/t1_mult_reg0_i_22_n_0
    SLICE_X13Y93         CARRY4 (Prop_carry4_CI_CO[3])
                                                      0.114     0.723 r  inst_svpwm/time_processor_inst/cordic_inst_T1/t1_mult_reg0_i_21/CO[3]
                         net (fo=1, routed)           0.000     0.723    inst_svpwm/time_processor_inst/cordic_inst_T1/t1_mult_reg0_i_21_n_0
    SLICE_X13Y94         CARRY4 (Prop_carry4_CI_O[1])
                                                      0.334     1.057 r  inst_svpwm/time_processor_inst/cordic_inst_T1/t1_mult_reg0_i_20/O[1]
                         net (fo=1, routed)           0.732     1.789    inst_svpwm/time_processor_inst/cordic_inst_T1/sin_value0[9]
    SLICE_X14Y94         LUT3 (Prop_lut3_I1_O)        0.329     2.118 r  inst_svpwm/time_processor_inst/cordic_inst_T1/t1_mult_reg0_i_8/O
                         net (fo=2, routed)           0.754     2.871    inst_svpwm/time_processor_inst/sin_value[9]
    DSP48_X0Y38          DSP48E1 (Prop_dsp48e1_A[9]_PCOUT[0])
                                                      4.240     7.111 r  inst_svpwm/time_processor_inst/t1_mult_reg0/PCOUT[0]
                         net (fo=1, routed)           0.002     7.113    inst_svpwm/time_processor_inst/t1_mult_reg0_n_153
    DSP48_X0Y39          DSP48E1                                      r  inst_svpwm/time_processor_inst/t1_mult_reg_reg/PCIN[0]
  -------------------------------------------------------------------    -------------------

                         (clock clk_out1_clk_wiz_0_1 rise edge)
                                                     20.000    20.000 r  
    E3                                                0.000    20.000 r  clk (IN)
                         net (fo=0)                   0.000    20.000    pll_inst/inst/clk_in1
    E3                   IBUF (Prop_ibuf_I_O)         1.418    21.418 r  pll_inst/inst/clkin1_ibufg/O
                         net (fo=1, routed)           1.181    22.599    pll_inst/inst/clk_in1_clk_wiz_0
    PLLE2_ADV_X1Y1       PLLE2_ADV (Prop_plle2_adv_CLKIN1_CLKOUT0)
                                                     -7.736    14.863 r  pll_inst/inst/plle2_adv_inst/CLKOUT0
                         net (fo=1, routed)           1.576    16.439    pll_inst/inst/clk_out1_clk_wiz_0
    BUFGCTRL_X0Y16       BUFG (Prop_bufg_I_O)         0.091    16.530 r  pll_inst/inst/clkout1_buf/O
                         net (fo=5373, routed)        1.528    18.059    inst_svpwm/time_processor_inst/clk_out1
    DSP48_X0Y39          DSP48E1                                      r  inst_svpwm/time_processor_inst/t1_mult_reg_reg/CLK
                         clock pessimism             -0.496    17.562    
                         clock uncertainty           -0.103    17.460    
    DSP48_X0Y39          DSP48E1 (Setup_dsp48e1_CLK_PCIN[0])
                                                     -1.400    16.060    inst_svpwm/time_processor_inst/t1_mult_reg_reg
  -------------------------------------------------------------------
                         required time                         16.060    
                         arrival time                          -7.113    
  -------------------------------------------------------------------
                         slack                                  8.946    

Slack (MET) :             8.946ns  (required time - arrival time)
  Source:                 inst_svpwm/time_processor_inst/cordic_inst_T1/pipeline_reg[15][pip_sin][3]/C
                            (rising edge-triggered cell FDCE clocked by clk_out1_clk_wiz_0_1  {rise@0.000ns fall@10.000ns period=20.000ns})
  Destination:            inst_svpwm/time_processor_inst/t1_mult_reg_reg/PCIN[10]
                            (rising edge-triggered cell DSP48E1 clocked by clk_out1_clk_wiz_0_1  {rise@0.000ns fall@10.000ns period=20.000ns})
  Path Group:             clk_out1_clk_wiz_0_1
  Path Type:              Setup (Max at Slow Process Corner)
  Requirement:            20.000ns  (clk_out1_clk_wiz_0_1 rise@20.000ns - clk_out1_clk_wiz_0_1 rise@0.000ns)
  Data Path Delay:        9.359ns  (logic 6.060ns (64.752%)  route 3.299ns (35.248%))
  Logic Levels:           6  (CARRY4=3 DSP48E1=1 LUT1=1 LUT3=1)
  Clock Path Skew:        -0.192ns (DCD - SCD + CPR)
    Destination Clock Delay (DCD):    -1.941ns = ( 18.059 - 20.000 ) 
    Source Clock Delay      (SCD):    -2.246ns
    Clock Pessimism Removal (CPR):    -0.496ns
  Clock Uncertainty:      0.103ns  ((TSJ^2 + DJ^2)^1/2) / 2 + PE
    Total System Jitter     (TSJ):    0.071ns
    Discrete Jitter          (DJ):    0.193ns
    Phase Error              (PE):    0.000ns

    Location             Delay type                Incr(ns)  Path(ns)    Netlist Resource(s)
  -------------------------------------------------------------------    -------------------
                         (clock clk_out1_clk_wiz_0_1 rise edge)
                                                      0.000     0.000 r  
    E3                                                0.000     0.000 r  clk (IN)
                         net (fo=0)                   0.000     0.000    pll_inst/inst/clk_in1
    E3                   IBUF (Prop_ibuf_I_O)         1.489     1.489 r  pll_inst/inst/clkin1_ibufg/O
                         net (fo=1, routed)           1.253     2.742    pll_inst/inst/clk_in1_clk_wiz_0
    PLLE2_ADV_X1Y1       PLLE2_ADV (Prop_plle2_adv_CLKIN1_CLKOUT0)
                                                     -8.467    -5.725 r  pll_inst/inst/plle2_adv_inst/CLKOUT0
                         net (fo=1, routed)           1.655    -4.070    pll_inst/inst/clk_out1_clk_wiz_0
    BUFGCTRL_X0Y16       BUFG (Prop_bufg_I_O)         0.096    -3.974 r  pll_inst/inst/clkout1_buf/O
                         net (fo=5373, routed)        1.728    -2.246    inst_svpwm/time_processor_inst/cordic_inst_T1/clk_out1
    SLICE_X10Y118        FDCE                                         r  inst_svpwm/time_processor_inst/cordic_inst_T1/pipeline_reg[15][pip_sin][3]/C
  -------------------------------------------------------------------    -------------------
    SLICE_X10Y118        FDCE (Prop_fdce_C_Q)         0.518    -1.728 f  inst_svpwm/time_processor_inst/cordic_inst_T1/pipeline_reg[15][pip_sin][3]/Q
                         net (fo=2, routed)           1.811     0.084    inst_svpwm/time_processor_inst/cordic_inst_T1/pipeline_reg[15][pip_sin][3]
    SLICE_X13Y92         LUT1 (Prop_lut1_I0_O)        0.124     0.208 r  inst_svpwm/time_processor_inst/cordic_inst_T1/t1_mult_reg0_i_39/O
                         net (fo=1, routed)           0.000     0.208    inst_svpwm/time_processor_inst/cordic_inst_T1/t1_mult_reg0_i_39_n_0
    SLICE_X13Y92         CARRY4 (Prop_carry4_S[3]_CO[3])
                                                      0.401     0.609 r  inst_svpwm/time_processor_inst/cordic_inst_T1/t1_mult_reg0_i_22/CO[3]
                         net (fo=1, routed)           0.000     0.609    inst_svpwm/time_processor_inst/cordic_inst_T1/t1_mult_reg0_i_22_n_0
    SLICE_X13Y93         CARRY4 (Prop_carry4_CI_CO[3])
                                                      0.114     0.723 r  inst_svpwm/time_processor_inst/cordic_inst_T1/t1_mult_reg0_i_21/CO[3]
                         net (fo=1, routed)           0.000     0.723    inst_svpwm/time_processor_inst/cordic_inst_T1/t1_mult_reg0_i_21_n_0
    SLICE_X13Y94         CARRY4 (Prop_carry4_CI_O[1])
                                                      0.334     1.057 r  inst_svpwm/time_processor_inst/cordic_inst_T1/t1_mult_reg0_i_20/O[1]
                         net (fo=1, routed)           0.732     1.789    inst_svpwm/time_processor_inst/cordic_inst_T1/sin_value0[9]
    SLICE_X14Y94         LUT3 (Prop_lut3_I1_O)        0.329     2.118 r  inst_svpwm/time_processor_inst/cordic_inst_T1/t1_mult_reg0_i_8/O
                         net (fo=2, routed)           0.754     2.871    inst_svpwm/time_processor_inst/sin_value[9]
    DSP48_X0Y38          DSP48E1 (Prop_dsp48e1_A[9]_PCOUT[10])
                                                      4.240     7.111 r  inst_svpwm/time_processor_inst/t1_mult_reg0/PCOUT[10]
                         net (fo=1, routed)           0.002     7.113    inst_svpwm/time_processor_inst/t1_mult_reg0_n_143
    DSP48_X0Y39          DSP48E1                                      r  inst_svpwm/time_processor_inst/t1_mult_reg_reg/PCIN[10]
  -------------------------------------------------------------------    -------------------

                         (clock clk_out1_clk_wiz_0_1 rise edge)
                                                     20.000    20.000 r  
    E3                                                0.000    20.000 r  clk (IN)
                         net (fo=0)                   0.000    20.000    pll_inst/inst/clk_in1
    E3                   IBUF (Prop_ibuf_I_O)         1.418    21.418 r  pll_inst/inst/clkin1_ibufg/O
                         net (fo=1, routed)           1.181    22.599    pll_inst/inst/clk_in1_clk_wiz_0
    PLLE2_ADV_X1Y1       PLLE2_ADV (Prop_plle2_adv_CLKIN1_CLKOUT0)
                                                     -7.736    14.863 r  pll_inst/inst/plle2_adv_inst/CLKOUT0
                         net (fo=1, routed)           1.576    16.439    pll_inst/inst/clk_out1_clk_wiz_0
    BUFGCTRL_X0Y16       BUFG (Prop_bufg_I_O)         0.091    16.530 r  pll_inst/inst/clkout1_buf/O
                         net (fo=5373, routed)        1.528    18.059    inst_svpwm/time_processor_inst/clk_out1
    DSP48_X0Y39          DSP48E1                                      r  inst_svpwm/time_processor_inst/t1_mult_reg_reg/CLK
                         clock pessimism             -0.496    17.562    
                         clock uncertainty           -0.103    17.460    
    DSP48_X0Y39          DSP48E1 (Setup_dsp48e1_CLK_PCIN[10])
                                                     -1.400    16.060    inst_svpwm/time_processor_inst/t1_mult_reg_reg
  -------------------------------------------------------------------
                         required time                         16.060    
                         arrival time                          -7.113    
  -------------------------------------------------------------------
                         slack                                  8.946    

Slack (MET) :             8.946ns  (required time - arrival time)
  Source:                 inst_svpwm/time_processor_inst/cordic_inst_T1/pipeline_reg[15][pip_sin][3]/C
                            (rising edge-triggered cell FDCE clocked by clk_out1_clk_wiz_0_1  {rise@0.000ns fall@10.000ns period=20.000ns})
  Destination:            inst_svpwm/time_processor_inst/t1_mult_reg_reg/PCIN[11]
                            (rising edge-triggered cell DSP48E1 clocked by clk_out1_clk_wiz_0_1  {rise@0.000ns fall@10.000ns period=20.000ns})
  Path Group:             clk_out1_clk_wiz_0_1
  Path Type:              Setup (Max at Slow Process Corner)
  Requirement:            20.000ns  (clk_out1_clk_wiz_0_1 rise@20.000ns - clk_out1_clk_wiz_0_1 rise@0.000ns)
  Data Path Delay:        9.359ns  (logic 6.060ns (64.752%)  route 3.299ns (35.248%))
  Logic Levels:           6  (CARRY4=3 DSP48E1=1 LUT1=1 LUT3=1)
  Clock Path Skew:        -0.192ns (DCD - SCD + CPR)
    Destination Clock Delay (DCD):    -1.941ns = ( 18.059 - 20.000 ) 
    Source Clock Delay      (SCD):    -2.246ns
    Clock Pessimism Removal (CPR):    -0.496ns
  Clock Uncertainty:      0.103ns  ((TSJ^2 + DJ^2)^1/2) / 2 + PE
    Total System Jitter     (TSJ):    0.071ns
    Discrete Jitter          (DJ):    0.193ns
    Phase Error              (PE):    0.000ns

    Location             Delay type                Incr(ns)  Path(ns)    Netlist Resource(s)
  -------------------------------------------------------------------    -------------------
                         (clock clk_out1_clk_wiz_0_1 rise edge)
                                                      0.000     0.000 r  
    E3                                                0.000     0.000 r  clk (IN)
                         net (fo=0)                   0.000     0.000    pll_inst/inst/clk_in1
    E3                   IBUF (Prop_ibuf_I_O)         1.489     1.489 r  pll_inst/inst/clkin1_ibufg/O
                         net (fo=1, routed)           1.253     2.742    pll_inst/inst/clk_in1_clk_wiz_0
    PLLE2_ADV_X1Y1       PLLE2_ADV (Prop_plle2_adv_CLKIN1_CLKOUT0)
                                                     -8.467    -5.725 r  pll_inst/inst/plle2_adv_inst/CLKOUT0
                         net (fo=1, routed)           1.655    -4.070    pll_inst/inst/clk_out1_clk_wiz_0
    BUFGCTRL_X0Y16       BUFG (Prop_bufg_I_O)         0.096    -3.974 r  pll_inst/inst/clkout1_buf/O
                         net (fo=5373, routed)        1.728    -2.246    inst_svpwm/time_processor_inst/cordic_inst_T1/clk_out1
    SLICE_X10Y118        FDCE                                         r  inst_svpwm/time_processor_inst/cordic_inst_T1/pipeline_reg[15][pip_sin][3]/C
  -------------------------------------------------------------------    -------------------
    SLICE_X10Y118        FDCE (Prop_fdce_C_Q)         0.518    -1.728 f  inst_svpwm/time_processor_inst/cordic_inst_T1/pipeline_reg[15][pip_sin][3]/Q
                         net (fo=2, routed)           1.811     0.084    inst_svpwm/time_processor_inst/cordic_inst_T1/pipeline_reg[15][pip_sin][3]
    SLICE_X13Y92         LUT1 (Prop_lut1_I0_O)        0.124     0.208 r  inst_svpwm/time_processor_inst/cordic_inst_T1/t1_mult_reg0_i_39/O
                         net (fo=1, routed)           0.000     0.208    inst_svpwm/time_processor_inst/cordic_inst_T1/t1_mult_reg0_i_39_n_0
    SLICE_X13Y92         CARRY4 (Prop_carry4_S[3]_CO[3])
                                                      0.401     0.609 r  inst_svpwm/time_processor_inst/cordic_inst_T1/t1_mult_reg0_i_22/CO[3]
                         net (fo=1, routed)           0.000     0.609    inst_svpwm/time_processor_inst/cordic_inst_T1/t1_mult_reg0_i_22_n_0
    SLICE_X13Y93         CARRY4 (Prop_carry4_CI_CO[3])
                                                      0.114     0.723 r  inst_svpwm/time_processor_inst/cordic_inst_T1/t1_mult_reg0_i_21/CO[3]
                         net (fo=1, routed)           0.000     0.723    inst_svpwm/time_processor_inst/cordic_inst_T1/t1_mult_reg0_i_21_n_0
    SLICE_X13Y94         CARRY4 (Prop_carry4_CI_O[1])
                                                      0.334     1.057 r  inst_svpwm/time_processor_inst/cordic_inst_T1/t1_mult_reg0_i_20/O[1]
                         net (fo=1, routed)           0.732     1.789    inst_svpwm/time_processor_inst/cordic_inst_T1/sin_value0[9]
    SLICE_X14Y94         LUT3 (Prop_lut3_I1_O)        0.329     2.118 r  inst_svpwm/time_processor_inst/cordic_inst_T1/t1_mult_reg0_i_8/O
                         net (fo=2, routed)           0.754     2.871    inst_svpwm/time_processor_inst/sin_value[9]
    DSP48_X0Y38          DSP48E1 (Prop_dsp48e1_A[9]_PCOUT[11])
                                                      4.240     7.111 r  inst_svpwm/time_processor_inst/t1_mult_reg0/PCOUT[11]
                         net (fo=1, routed)           0.002     7.113    inst_svpwm/time_processor_inst/t1_mult_reg0_n_142
    DSP48_X0Y39          DSP48E1                                      r  inst_svpwm/time_processor_inst/t1_mult_reg_reg/PCIN[11]
  -------------------------------------------------------------------    -------------------

                         (clock clk_out1_clk_wiz_0_1 rise edge)
                                                     20.000    20.000 r  
    E3                                                0.000    20.000 r  clk (IN)
                         net (fo=0)                   0.000    20.000    pll_inst/inst/clk_in1
    E3                   IBUF (Prop_ibuf_I_O)         1.418    21.418 r  pll_inst/inst/clkin1_ibufg/O
                         net (fo=1, routed)           1.181    22.599    pll_inst/inst/clk_in1_clk_wiz_0
    PLLE2_ADV_X1Y1       PLLE2_ADV (Prop_plle2_adv_CLKIN1_CLKOUT0)
                                                     -7.736    14.863 r  pll_inst/inst/plle2_adv_inst/CLKOUT0
                         net (fo=1, routed)           1.576    16.439    pll_inst/inst/clk_out1_clk_wiz_0
    BUFGCTRL_X0Y16       BUFG (Prop_bufg_I_O)         0.091    16.530 r  pll_inst/inst/clkout1_buf/O
                         net (fo=5373, routed)        1.528    18.059    inst_svpwm/time_processor_inst/clk_out1
    DSP48_X0Y39          DSP48E1                                      r  inst_svpwm/time_processor_inst/t1_mult_reg_reg/CLK
                         clock pessimism             -0.496    17.562    
                         clock uncertainty           -0.103    17.460    
    DSP48_X0Y39          DSP48E1 (Setup_dsp48e1_CLK_PCIN[11])
                                                     -1.400    16.060    inst_svpwm/time_processor_inst/t1_mult_reg_reg
  -------------------------------------------------------------------
                         required time                         16.060    
                         arrival time                          -7.113    
  -------------------------------------------------------------------
                         slack                                  8.946    

Slack (MET) :             8.946ns  (required time - arrival time)
  Source:                 inst_svpwm/time_processor_inst/cordic_inst_T1/pipeline_reg[15][pip_sin][3]/C
                            (rising edge-triggered cell FDCE clocked by clk_out1_clk_wiz_0_1  {rise@0.000ns fall@10.000ns period=20.000ns})
  Destination:            inst_svpwm/time_processor_inst/t1_mult_reg_reg/PCIN[12]
                            (rising edge-triggered cell DSP48E1 clocked by clk_out1_clk_wiz_0_1  {rise@0.000ns fall@10.000ns period=20.000ns})
  Path Group:             clk_out1_clk_wiz_0_1
  Path Type:              Setup (Max at Slow Process Corner)
  Requirement:            20.000ns  (clk_out1_clk_wiz_0_1 rise@20.000ns - clk_out1_clk_wiz_0_1 rise@0.000ns)
  Data Path Delay:        9.359ns  (logic 6.060ns (64.752%)  route 3.299ns (35.248%))
  Logic Levels:           6  (CARRY4=3 DSP48E1=1 LUT1=1 LUT3=1)
  Clock Path Skew:        -0.192ns (DCD - SCD + CPR)
    Destination Clock Delay (DCD):    -1.941ns = ( 18.059 - 20.000 ) 
    Source Clock Delay      (SCD):    -2.246ns
    Clock Pessimism Removal (CPR):    -0.496ns
  Clock Uncertainty:      0.103ns  ((TSJ^2 + DJ^2)^1/2) / 2 + PE
    Total System Jitter     (TSJ):    0.071ns
    Discrete Jitter          (DJ):    0.193ns
    Phase Error              (PE):    0.000ns

    Location             Delay type                Incr(ns)  Path(ns)    Netlist Resource(s)
  -------------------------------------------------------------------    -------------------
                         (clock clk_out1_clk_wiz_0_1 rise edge)
                                                      0.000     0.000 r  
    E3                                                0.000     0.000 r  clk (IN)
                         net (fo=0)                   0.000     0.000    pll_inst/inst/clk_in1
    E3                   IBUF (Prop_ibuf_I_O)         1.489     1.489 r  pll_inst/inst/clkin1_ibufg/O
                         net (fo=1, routed)           1.253     2.742    pll_inst/inst/clk_in1_clk_wiz_0
    PLLE2_ADV_X1Y1       PLLE2_ADV (Prop_plle2_adv_CLKIN1_CLKOUT0)
                                                     -8.467    -5.725 r  pll_inst/inst/plle2_adv_inst/CLKOUT0
                         net (fo=1, routed)           1.655    -4.070    pll_inst/inst/clk_out1_clk_wiz_0
    BUFGCTRL_X0Y16       BUFG (Prop_bufg_I_O)         0.096    -3.974 r  pll_inst/inst/clkout1_buf/O
                         net (fo=5373, routed)        1.728    -2.246    inst_svpwm/time_processor_inst/cordic_inst_T1/clk_out1
    SLICE_X10Y118        FDCE                                         r  inst_svpwm/time_processor_inst/cordic_inst_T1/pipeline_reg[15][pip_sin][3]/C
  -------------------------------------------------------------------    -------------------
    SLICE_X10Y118        FDCE (Prop_fdce_C_Q)         0.518    -1.728 f  inst_svpwm/time_processor_inst/cordic_inst_T1/pipeline_reg[15][pip_sin][3]/Q
                         net (fo=2, routed)           1.811     0.084    inst_svpwm/time_processor_inst/cordic_inst_T1/pipeline_reg[15][pip_sin][3]
    SLICE_X13Y92         LUT1 (Prop_lut1_I0_O)        0.124     0.208 r  inst_svpwm/time_processor_inst/cordic_inst_T1/t1_mult_reg0_i_39/O
                         net (fo=1, routed)           0.000     0.208    inst_svpwm/time_processor_inst/cordic_inst_T1/t1_mult_reg0_i_39_n_0
    SLICE_X13Y92         CARRY4 (Prop_carry4_S[3]_CO[3])
                                                      0.401     0.609 r  inst_svpwm/time_processor_inst/cordic_inst_T1/t1_mult_reg0_i_22/CO[3]
                         net (fo=1, routed)           0.000     0.609    inst_svpwm/time_processor_inst/cordic_inst_T1/t1_mult_reg0_i_22_n_0
    SLICE_X13Y93         CARRY4 (Prop_carry4_CI_CO[3])
                                                      0.114     0.723 r  inst_svpwm/time_processor_inst/cordic_inst_T1/t1_mult_reg0_i_21/CO[3]
                         net (fo=1, routed)           0.000     0.723    inst_svpwm/time_processor_inst/cordic_inst_T1/t1_mult_reg0_i_21_n_0
    SLICE_X13Y94         CARRY4 (Prop_carry4_CI_O[1])
                                                      0.334     1.057 r  inst_svpwm/time_processor_inst/cordic_inst_T1/t1_mult_reg0_i_20/O[1]
                         net (fo=1, routed)           0.732     1.789    inst_svpwm/time_processor_inst/cordic_inst_T1/sin_value0[9]
    SLICE_X14Y94         LUT3 (Prop_lut3_I1_O)        0.329     2.118 r  inst_svpwm/time_processor_inst/cordic_inst_T1/t1_mult_reg0_i_8/O
                         net (fo=2, routed)           0.754     2.871    inst_svpwm/time_processor_inst/sin_value[9]
    DSP48_X0Y38          DSP48E1 (Prop_dsp48e1_A[9]_PCOUT[12])
                                                      4.240     7.111 r  inst_svpwm/time_processor_inst/t1_mult_reg0/PCOUT[12]
                         net (fo=1, routed)           0.002     7.113    inst_svpwm/time_processor_inst/t1_mult_reg0_n_141
    DSP48_X0Y39          DSP48E1                                      r  inst_svpwm/time_processor_inst/t1_mult_reg_reg/PCIN[12]
  -------------------------------------------------------------------    -------------------

                         (clock clk_out1_clk_wiz_0_1 rise edge)
                                                     20.000    20.000 r  
    E3                                                0.000    20.000 r  clk (IN)
                         net (fo=0)                   0.000    20.000    pll_inst/inst/clk_in1
    E3                   IBUF (Prop_ibuf_I_O)         1.418    21.418 r  pll_inst/inst/clkin1_ibufg/O
                         net (fo=1, routed)           1.181    22.599    pll_inst/inst/clk_in1_clk_wiz_0
    PLLE2_ADV_X1Y1       PLLE2_ADV (Prop_plle2_adv_CLKIN1_CLKOUT0)
                                                     -7.736    14.863 r  pll_inst/inst/plle2_adv_inst/CLKOUT0
                         net (fo=1, routed)           1.576    16.439    pll_inst/inst/clk_out1_clk_wiz_0
    BUFGCTRL_X0Y16       BUFG (Prop_bufg_I_O)         0.091    16.530 r  pll_inst/inst/clkout1_buf/O
                         net (fo=5373, routed)        1.528    18.059    inst_svpwm/time_processor_inst/clk_out1
    DSP48_X0Y39          DSP48E1                                      r  inst_svpwm/time_processor_inst/t1_mult_reg_reg/CLK
                         clock pessimism             -0.496    17.562    
                         clock uncertainty           -0.103    17.460    
    DSP48_X0Y39          DSP48E1 (Setup_dsp48e1_CLK_PCIN[12])
                                                     -1.400    16.060    inst_svpwm/time_processor_inst/t1_mult_reg_reg
  -------------------------------------------------------------------
                         required time                         16.060    
                         arrival time                          -7.113    
  -------------------------------------------------------------------
                         slack                                  8.946    

Slack (MET) :             8.946ns  (required time - arrival time)
  Source:                 inst_svpwm/time_processor_inst/cordic_inst_T1/pipeline_reg[15][pip_sin][3]/C
                            (rising edge-triggered cell FDCE clocked by clk_out1_clk_wiz_0_1  {rise@0.000ns fall@10.000ns period=20.000ns})
  Destination:            inst_svpwm/time_processor_inst/t1_mult_reg_reg/PCIN[13]
                            (rising edge-triggered cell DSP48E1 clocked by clk_out1_clk_wiz_0_1  {rise@0.000ns fall@10.000ns period=20.000ns})
  Path Group:             clk_out1_clk_wiz_0_1
  Path Type:              Setup (Max at Slow Process Corner)
  Requirement:            20.000ns  (clk_out1_clk_wiz_0_1 rise@20.000ns - clk_out1_clk_wiz_0_1 rise@0.000ns)
  Data Path Delay:        9.359ns  (logic 6.060ns (64.752%)  route 3.299ns (35.248%))
  Logic Levels:           6  (CARRY4=3 DSP48E1=1 LUT1=1 LUT3=1)
  Clock Path Skew:        -0.192ns (DCD - SCD + CPR)
    Destination Clock Delay (DCD):    -1.941ns = ( 18.059 - 20.000 ) 
    Source Clock Delay      (SCD):    -2.246ns
    Clock Pessimism Removal (CPR):    -0.496ns
  Clock Uncertainty:      0.103ns  ((TSJ^2 + DJ^2)^1/2) / 2 + PE
    Total System Jitter     (TSJ):    0.071ns
    Discrete Jitter          (DJ):    0.193ns
    Phase Error              (PE):    0.000ns

    Location             Delay type                Incr(ns)  Path(ns)    Netlist Resource(s)
  -------------------------------------------------------------------    -------------------
                         (clock clk_out1_clk_wiz_0_1 rise edge)
                                                      0.000     0.000 r  
    E3                                                0.000     0.000 r  clk (IN)
                         net (fo=0)                   0.000     0.000    pll_inst/inst/clk_in1
    E3                   IBUF (Prop_ibuf_I_O)         1.489     1.489 r  pll_inst/inst/clkin1_ibufg/O
                         net (fo=1, routed)           1.253     2.742    pll_inst/inst/clk_in1_clk_wiz_0
    PLLE2_ADV_X1Y1       PLLE2_ADV (Prop_plle2_adv_CLKIN1_CLKOUT0)
                                                     -8.467    -5.725 r  pll_inst/inst/plle2_adv_inst/CLKOUT0
                         net (fo=1, routed)           1.655    -4.070    pll_inst/inst/clk_out1_clk_wiz_0
    BUFGCTRL_X0Y16       BUFG (Prop_bufg_I_O)         0.096    -3.974 r  pll_inst/inst/clkout1_buf/O
                         net (fo=5373, routed)        1.728    -2.246    inst_svpwm/time_processor_inst/cordic_inst_T1/clk_out1
    SLICE_X10Y118        FDCE                                         r  inst_svpwm/time_processor_inst/cordic_inst_T1/pipeline_reg[15][pip_sin][3]/C
  -------------------------------------------------------------------    -------------------
    SLICE_X10Y118        FDCE (Prop_fdce_C_Q)         0.518    -1.728 f  inst_svpwm/time_processor_inst/cordic_inst_T1/pipeline_reg[15][pip_sin][3]/Q
                         net (fo=2, routed)           1.811     0.084    inst_svpwm/time_processor_inst/cordic_inst_T1/pipeline_reg[15][pip_sin][3]
    SLICE_X13Y92         LUT1 (Prop_lut1_I0_O)        0.124     0.208 r  inst_svpwm/time_processor_inst/cordic_inst_T1/t1_mult_reg0_i_39/O
                         net (fo=1, routed)           0.000     0.208    inst_svpwm/time_processor_inst/cordic_inst_T1/t1_mult_reg0_i_39_n_0
    SLICE_X13Y92         CARRY4 (Prop_carry4_S[3]_CO[3])
                                                      0.401     0.609 r  inst_svpwm/time_processor_inst/cordic_inst_T1/t1_mult_reg0_i_22/CO[3]
                         net (fo=1, routed)           0.000     0.609    inst_svpwm/time_processor_inst/cordic_inst_T1/t1_mult_reg0_i_22_n_0
    SLICE_X13Y93         CARRY4 (Prop_carry4_CI_CO[3])
                                                      0.114     0.723 r  inst_svpwm/time_processor_inst/cordic_inst_T1/t1_mult_reg0_i_21/CO[3]
                         net (fo=1, routed)           0.000     0.723    inst_svpwm/time_processor_inst/cordic_inst_T1/t1_mult_reg0_i_21_n_0
    SLICE_X13Y94         CARRY4 (Prop_carry4_CI_O[1])
                                                      0.334     1.057 r  inst_svpwm/time_processor_inst/cordic_inst_T1/t1_mult_reg0_i_20/O[1]
                         net (fo=1, routed)           0.732     1.789    inst_svpwm/time_processor_inst/cordic_inst_T1/sin_value0[9]
    SLICE_X14Y94         LUT3 (Prop_lut3_I1_O)        0.329     2.118 r  inst_svpwm/time_processor_inst/cordic_inst_T1/t1_mult_reg0_i_8/O
                         net (fo=2, routed)           0.754     2.871    inst_svpwm/time_processor_inst/sin_value[9]
    DSP48_X0Y38          DSP48E1 (Prop_dsp48e1_A[9]_PCOUT[13])
                                                      4.240     7.111 r  inst_svpwm/time_processor_inst/t1_mult_reg0/PCOUT[13]
                         net (fo=1, routed)           0.002     7.113    inst_svpwm/time_processor_inst/t1_mult_reg0_n_140
    DSP48_X0Y39          DSP48E1                                      r  inst_svpwm/time_processor_inst/t1_mult_reg_reg/PCIN[13]
  -------------------------------------------------------------------    -------------------

                         (clock clk_out1_clk_wiz_0_1 rise edge)
                                                     20.000    20.000 r  
    E3                                                0.000    20.000 r  clk (IN)
                         net (fo=0)                   0.000    20.000    pll_inst/inst/clk_in1
    E3                   IBUF (Prop_ibuf_I_O)         1.418    21.418 r  pll_inst/inst/clkin1_ibufg/O
                         net (fo=1, routed)           1.181    22.599    pll_inst/inst/clk_in1_clk_wiz_0
    PLLE2_ADV_X1Y1       PLLE2_ADV (Prop_plle2_adv_CLKIN1_CLKOUT0)
                                                     -7.736    14.863 r  pll_inst/inst/plle2_adv_inst/CLKOUT0
                         net (fo=1, routed)           1.576    16.439    pll_inst/inst/clk_out1_clk_wiz_0
    BUFGCTRL_X0Y16       BUFG (Prop_bufg_I_O)         0.091    16.530 r  pll_inst/inst/clkout1_buf/O
                         net (fo=5373, routed)        1.528    18.059    inst_svpwm/time_processor_inst/clk_out1
    DSP48_X0Y39          DSP48E1                                      r  inst_svpwm/time_processor_inst/t1_mult_reg_reg/CLK
                         clock pessimism             -0.496    17.562    
                         clock uncertainty           -0.103    17.460    
    DSP48_X0Y39          DSP48E1 (Setup_dsp48e1_CLK_PCIN[13])
                                                     -1.400    16.060    inst_svpwm/time_processor_inst/t1_mult_reg_reg
  -------------------------------------------------------------------
                         required time                         16.060    
                         arrival time                          -7.113    
  -------------------------------------------------------------------
                         slack                                  8.946    

Slack (MET) :             8.946ns  (required time - arrival time)
  Source:                 inst_svpwm/time_processor_inst/cordic_inst_T1/pipeline_reg[15][pip_sin][3]/C
                            (rising edge-triggered cell FDCE clocked by clk_out1_clk_wiz_0_1  {rise@0.000ns fall@10.000ns period=20.000ns})
  Destination:            inst_svpwm/time_processor_inst/t1_mult_reg_reg/PCIN[14]
                            (rising edge-triggered cell DSP48E1 clocked by clk_out1_clk_wiz_0_1  {rise@0.000ns fall@10.000ns period=20.000ns})
  Path Group:             clk_out1_clk_wiz_0_1
  Path Type:              Setup (Max at Slow Process Corner)
  Requirement:            20.000ns  (clk_out1_clk_wiz_0_1 rise@20.000ns - clk_out1_clk_wiz_0_1 rise@0.000ns)
  Data Path Delay:        9.359ns  (logic 6.060ns (64.752%)  route 3.299ns (35.248%))
  Logic Levels:           6  (CARRY4=3 DSP48E1=1 LUT1=1 LUT3=1)
  Clock Path Skew:        -0.192ns (DCD - SCD + CPR)
    Destination Clock Delay (DCD):    -1.941ns = ( 18.059 - 20.000 ) 
    Source Clock Delay      (SCD):    -2.246ns
    Clock Pessimism Removal (CPR):    -0.496ns
  Clock Uncertainty:      0.103ns  ((TSJ^2 + DJ^2)^1/2) / 2 + PE
    Total System Jitter     (TSJ):    0.071ns
    Discrete Jitter          (DJ):    0.193ns
    Phase Error              (PE):    0.000ns

    Location             Delay type                Incr(ns)  Path(ns)    Netlist Resource(s)
  -------------------------------------------------------------------    -------------------
                         (clock clk_out1_clk_wiz_0_1 rise edge)
                                                      0.000     0.000 r  
    E3                                                0.000     0.000 r  clk (IN)
                         net (fo=0)                   0.000     0.000    pll_inst/inst/clk_in1
    E3                   IBUF (Prop_ibuf_I_O)         1.489     1.489 r  pll_inst/inst/clkin1_ibufg/O
                         net (fo=1, routed)           1.253     2.742    pll_inst/inst/clk_in1_clk_wiz_0
    PLLE2_ADV_X1Y1       PLLE2_ADV (Prop_plle2_adv_CLKIN1_CLKOUT0)
                                                     -8.467    -5.725 r  pll_inst/inst/plle2_adv_inst/CLKOUT0
                         net (fo=1, routed)           1.655    -4.070    pll_inst/inst/clk_out1_clk_wiz_0
    BUFGCTRL_X0Y16       BUFG (Prop_bufg_I_O)         0.096    -3.974 r  pll_inst/inst/clkout1_buf/O
                         net (fo=5373, routed)        1.728    -2.246    inst_svpwm/time_processor_inst/cordic_inst_T1/clk_out1
    SLICE_X10Y118        FDCE                                         r  inst_svpwm/time_processor_inst/cordic_inst_T1/pipeline_reg[15][pip_sin][3]/C
  -------------------------------------------------------------------    -------------------
    SLICE_X10Y118        FDCE (Prop_fdce_C_Q)         0.518    -1.728 f  inst_svpwm/time_processor_inst/cordic_inst_T1/pipeline_reg[15][pip_sin][3]/Q
                         net (fo=2, routed)           1.811     0.084    inst_svpwm/time_processor_inst/cordic_inst_T1/pipeline_reg[15][pip_sin][3]
    SLICE_X13Y92         LUT1 (Prop_lut1_I0_O)        0.124     0.208 r  inst_svpwm/time_processor_inst/cordic_inst_T1/t1_mult_reg0_i_39/O
                         net (fo=1, routed)           0.000     0.208    inst_svpwm/time_processor_inst/cordic_inst_T1/t1_mult_reg0_i_39_n_0
    SLICE_X13Y92         CARRY4 (Prop_carry4_S[3]_CO[3])
                                                      0.401     0.609 r  inst_svpwm/time_processor_inst/cordic_inst_T1/t1_mult_reg0_i_22/CO[3]
                         net (fo=1, routed)           0.000     0.609    inst_svpwm/time_processor_inst/cordic_inst_T1/t1_mult_reg0_i_22_n_0
    SLICE_X13Y93         CARRY4 (Prop_carry4_CI_CO[3])
                                                      0.114     0.723 r  inst_svpwm/time_processor_inst/cordic_inst_T1/t1_mult_reg0_i_21/CO[3]
                         net (fo=1, routed)           0.000     0.723    inst_svpwm/time_processor_inst/cordic_inst_T1/t1_mult_reg0_i_21_n_0
    SLICE_X13Y94         CARRY4 (Prop_carry4_CI_O[1])
                                                      0.334     1.057 r  inst_svpwm/time_processor_inst/cordic_inst_T1/t1_mult_reg0_i_20/O[1]
                         net (fo=1, routed)           0.732     1.789    inst_svpwm/time_processor_inst/cordic_inst_T1/sin_value0[9]
    SLICE_X14Y94         LUT3 (Prop_lut3_I1_O)        0.329     2.118 r  inst_svpwm/time_processor_inst/cordic_inst_T1/t1_mult_reg0_i_8/O
                         net (fo=2, routed)           0.754     2.871    inst_svpwm/time_processor_inst/sin_value[9]
    DSP48_X0Y38          DSP48E1 (Prop_dsp48e1_A[9]_PCOUT[14])
                                                      4.240     7.111 r  inst_svpwm/time_processor_inst/t1_mult_reg0/PCOUT[14]
                         net (fo=1, routed)           0.002     7.113    inst_svpwm/time_processor_inst/t1_mult_reg0_n_139
    DSP48_X0Y39          DSP48E1                                      r  inst_svpwm/time_processor_inst/t1_mult_reg_reg/PCIN[14]
  -------------------------------------------------------------------    -------------------

                         (clock clk_out1_clk_wiz_0_1 rise edge)
                                                     20.000    20.000 r  
    E3                                                0.000    20.000 r  clk (IN)
                         net (fo=0)                   0.000    20.000    pll_inst/inst/clk_in1
    E3                   IBUF (Prop_ibuf_I_O)         1.418    21.418 r  pll_inst/inst/clkin1_ibufg/O
                         net (fo=1, routed)           1.181    22.599    pll_inst/inst/clk_in1_clk_wiz_0
    PLLE2_ADV_X1Y1       PLLE2_ADV (Prop_plle2_adv_CLKIN1_CLKOUT0)
                                                     -7.736    14.863 r  pll_inst/inst/plle2_adv_inst/CLKOUT0
                         net (fo=1, routed)           1.576    16.439    pll_inst/inst/clk_out1_clk_wiz_0
    BUFGCTRL_X0Y16       BUFG (Prop_bufg_I_O)         0.091    16.530 r  pll_inst/inst/clkout1_buf/O
                         net (fo=5373, routed)        1.528    18.059    inst_svpwm/time_processor_inst/clk_out1
    DSP48_X0Y39          DSP48E1                                      r  inst_svpwm/time_processor_inst/t1_mult_reg_reg/CLK
                         clock pessimism             -0.496    17.562    
                         clock uncertainty           -0.103    17.460    
    DSP48_X0Y39          DSP48E1 (Setup_dsp48e1_CLK_PCIN[14])
                                                     -1.400    16.060    inst_svpwm/time_processor_inst/t1_mult_reg_reg
  -------------------------------------------------------------------
                         required time                         16.060    
                         arrival time                          -7.113    
  -------------------------------------------------------------------
                         slack                                  8.946    

Slack (MET) :             8.946ns  (required time - arrival time)
  Source:                 inst_svpwm/time_processor_inst/cordic_inst_T1/pipeline_reg[15][pip_sin][3]/C
                            (rising edge-triggered cell FDCE clocked by clk_out1_clk_wiz_0_1  {rise@0.000ns fall@10.000ns period=20.000ns})
  Destination:            inst_svpwm/time_processor_inst/t1_mult_reg_reg/PCIN[15]
                            (rising edge-triggered cell DSP48E1 clocked by clk_out1_clk_wiz_0_1  {rise@0.000ns fall@10.000ns period=20.000ns})
  Path Group:             clk_out1_clk_wiz_0_1
  Path Type:              Setup (Max at Slow Process Corner)
  Requirement:            20.000ns  (clk_out1_clk_wiz_0_1 rise@20.000ns - clk_out1_clk_wiz_0_1 rise@0.000ns)
  Data Path Delay:        9.359ns  (logic 6.060ns (64.752%)  route 3.299ns (35.248%))
  Logic Levels:           6  (CARRY4=3 DSP48E1=1 LUT1=1 LUT3=1)
  Clock Path Skew:        -0.192ns (DCD - SCD + CPR)
    Destination Clock Delay (DCD):    -1.941ns = ( 18.059 - 20.000 ) 
    Source Clock Delay      (SCD):    -2.246ns
    Clock Pessimism Removal (CPR):    -0.496ns
  Clock Uncertainty:      0.103ns  ((TSJ^2 + DJ^2)^1/2) / 2 + PE
    Total System Jitter     (TSJ):    0.071ns
    Discrete Jitter          (DJ):    0.193ns
    Phase Error              (PE):    0.000ns

    Location             Delay type                Incr(ns)  Path(ns)    Netlist Resource(s)
  -------------------------------------------------------------------    -------------------
                         (clock clk_out1_clk_wiz_0_1 rise edge)
                                                      0.000     0.000 r  
    E3                                                0.000     0.000 r  clk (IN)
                         net (fo=0)                   0.000     0.000    pll_inst/inst/clk_in1
    E3                   IBUF (Prop_ibuf_I_O)         1.489     1.489 r  pll_inst/inst/clkin1_ibufg/O
                         net (fo=1, routed)           1.253     2.742    pll_inst/inst/clk_in1_clk_wiz_0
    PLLE2_ADV_X1Y1       PLLE2_ADV (Prop_plle2_adv_CLKIN1_CLKOUT0)
                                                     -8.467    -5.725 r  pll_inst/inst/plle2_adv_inst/CLKOUT0
                         net (fo=1, routed)           1.655    -4.070    pll_inst/inst/clk_out1_clk_wiz_0
    BUFGCTRL_X0Y16       BUFG (Prop_bufg_I_O)         0.096    -3.974 r  pll_inst/inst/clkout1_buf/O
                         net (fo=5373, routed)        1.728    -2.246    inst_svpwm/time_processor_inst/cordic_inst_T1/clk_out1
    SLICE_X10Y118        FDCE                                         r  inst_svpwm/time_processor_inst/cordic_inst_T1/pipeline_reg[15][pip_sin][3]/C
  -------------------------------------------------------------------    -------------------
    SLICE_X10Y118        FDCE (Prop_fdce_C_Q)         0.518    -1.728 f  inst_svpwm/time_processor_inst/cordic_inst_T1/pipeline_reg[15][pip_sin][3]/Q
                         net (fo=2, routed)           1.811     0.084    inst_svpwm/time_processor_inst/cordic_inst_T1/pipeline_reg[15][pip_sin][3]
    SLICE_X13Y92         LUT1 (Prop_lut1_I0_O)        0.124     0.208 r  inst_svpwm/time_processor_inst/cordic_inst_T1/t1_mult_reg0_i_39/O
                         net (fo=1, routed)           0.000     0.208    inst_svpwm/time_processor_inst/cordic_inst_T1/t1_mult_reg0_i_39_n_0
    SLICE_X13Y92         CARRY4 (Prop_carry4_S[3]_CO[3])
                                                      0.401     0.609 r  inst_svpwm/time_processor_inst/cordic_inst_T1/t1_mult_reg0_i_22/CO[3]
                         net (fo=1, routed)           0.000     0.609    inst_svpwm/time_processor_inst/cordic_inst_T1/t1_mult_reg0_i_22_n_0
    SLICE_X13Y93         CARRY4 (Prop_carry4_CI_CO[3])
                                                      0.114     0.723 r  inst_svpwm/time_processor_inst/cordic_inst_T1/t1_mult_reg0_i_21/CO[3]
                         net (fo=1, routed)           0.000     0.723    inst_svpwm/time_processor_inst/cordic_inst_T1/t1_mult_reg0_i_21_n_0
    SLICE_X13Y94         CARRY4 (Prop_carry4_CI_O[1])
                                                      0.334     1.057 r  inst_svpwm/time_processor_inst/cordic_inst_T1/t1_mult_reg0_i_20/O[1]
                         net (fo=1, routed)           0.732     1.789    inst_svpwm/time_processor_inst/cordic_inst_T1/sin_value0[9]
    SLICE_X14Y94         LUT3 (Prop_lut3_I1_O)        0.329     2.118 r  inst_svpwm/time_processor_inst/cordic_inst_T1/t1_mult_reg0_i_8/O
                         net (fo=2, routed)           0.754     2.871    inst_svpwm/time_processor_inst/sin_value[9]
    DSP48_X0Y38          DSP48E1 (Prop_dsp48e1_A[9]_PCOUT[15])
                                                      4.240     7.111 r  inst_svpwm/time_processor_inst/t1_mult_reg0/PCOUT[15]
                         net (fo=1, routed)           0.002     7.113    inst_svpwm/time_processor_inst/t1_mult_reg0_n_138
    DSP48_X0Y39          DSP48E1                                      r  inst_svpwm/time_processor_inst/t1_mult_reg_reg/PCIN[15]
  -------------------------------------------------------------------    -------------------

                         (clock clk_out1_clk_wiz_0_1 rise edge)
                                                     20.000    20.000 r  
    E3                                                0.000    20.000 r  clk (IN)
                         net (fo=0)                   0.000    20.000    pll_inst/inst/clk_in1
    E3                   IBUF (Prop_ibuf_I_O)         1.418    21.418 r  pll_inst/inst/clkin1_ibufg/O
                         net (fo=1, routed)           1.181    22.599    pll_inst/inst/clk_in1_clk_wiz_0
    PLLE2_ADV_X1Y1       PLLE2_ADV (Prop_plle2_adv_CLKIN1_CLKOUT0)
                                                     -7.736    14.863 r  pll_inst/inst/plle2_adv_inst/CLKOUT0
                         net (fo=1, routed)           1.576    16.439    pll_inst/inst/clk_out1_clk_wiz_0
    BUFGCTRL_X0Y16       BUFG (Prop_bufg_I_O)         0.091    16.530 r  pll_inst/inst/clkout1_buf/O
                         net (fo=5373, routed)        1.528    18.059    inst_svpwm/time_processor_inst/clk_out1
    DSP48_X0Y39          DSP48E1                                      r  inst_svpwm/time_processor_inst/t1_mult_reg_reg/CLK
                         clock pessimism             -0.496    17.562    
                         clock uncertainty           -0.103    17.460    
    DSP48_X0Y39          DSP48E1 (Setup_dsp48e1_CLK_PCIN[15])
                                                     -1.400    16.060    inst_svpwm/time_processor_inst/t1_mult_reg_reg
  -------------------------------------------------------------------
                         required time                         16.060    
                         arrival time                          -7.113    
  -------------------------------------------------------------------
                         slack                                  8.946    

Slack (MET) :             8.946ns  (required time - arrival time)
  Source:                 inst_svpwm/time_processor_inst/cordic_inst_T1/pipeline_reg[15][pip_sin][3]/C
                            (rising edge-triggered cell FDCE clocked by clk_out1_clk_wiz_0_1  {rise@0.000ns fall@10.000ns period=20.000ns})
  Destination:            inst_svpwm/time_processor_inst/t1_mult_reg_reg/PCIN[16]
                            (rising edge-triggered cell DSP48E1 clocked by clk_out1_clk_wiz_0_1  {rise@0.000ns fall@10.000ns period=20.000ns})
  Path Group:             clk_out1_clk_wiz_0_1
  Path Type:              Setup (Max at Slow Process Corner)
  Requirement:            20.000ns  (clk_out1_clk_wiz_0_1 rise@20.000ns - clk_out1_clk_wiz_0_1 rise@0.000ns)
  Data Path Delay:        9.359ns  (logic 6.060ns (64.752%)  route 3.299ns (35.248%))
  Logic Levels:           6  (CARRY4=3 DSP48E1=1 LUT1=1 LUT3=1)
  Clock Path Skew:        -0.192ns (DCD - SCD + CPR)
    Destination Clock Delay (DCD):    -1.941ns = ( 18.059 - 20.000 ) 
    Source Clock Delay      (SCD):    -2.246ns
    Clock Pessimism Removal (CPR):    -0.496ns
  Clock Uncertainty:      0.103ns  ((TSJ^2 + DJ^2)^1/2) / 2 + PE
    Total System Jitter     (TSJ):    0.071ns
    Discrete Jitter          (DJ):    0.193ns
    Phase Error              (PE):    0.000ns

    Location             Delay type                Incr(ns)  Path(ns)    Netlist Resource(s)
  -------------------------------------------------------------------    -------------------
                         (clock clk_out1_clk_wiz_0_1 rise edge)
                                                      0.000     0.000 r  
    E3                                                0.000     0.000 r  clk (IN)
                         net (fo=0)                   0.000     0.000    pll_inst/inst/clk_in1
    E3                   IBUF (Prop_ibuf_I_O)         1.489     1.489 r  pll_inst/inst/clkin1_ibufg/O
                         net (fo=1, routed)           1.253     2.742    pll_inst/inst/clk_in1_clk_wiz_0
    PLLE2_ADV_X1Y1       PLLE2_ADV (Prop_plle2_adv_CLKIN1_CLKOUT0)
                                                     -8.467    -5.725 r  pll_inst/inst/plle2_adv_inst/CLKOUT0
                         net (fo=1, routed)           1.655    -4.070    pll_inst/inst/clk_out1_clk_wiz_0
    BUFGCTRL_X0Y16       BUFG (Prop_bufg_I_O)         0.096    -3.974 r  pll_inst/inst/clkout1_buf/O
                         net (fo=5373, routed)        1.728    -2.246    inst_svpwm/time_processor_inst/cordic_inst_T1/clk_out1
    SLICE_X10Y118        FDCE                                         r  inst_svpwm/time_processor_inst/cordic_inst_T1/pipeline_reg[15][pip_sin][3]/C
  -------------------------------------------------------------------    -------------------
    SLICE_X10Y118        FDCE (Prop_fdce_C_Q)         0.518    -1.728 f  inst_svpwm/time_processor_inst/cordic_inst_T1/pipeline_reg[15][pip_sin][3]/Q
                         net (fo=2, routed)           1.811     0.084    inst_svpwm/time_processor_inst/cordic_inst_T1/pipeline_reg[15][pip_sin][3]
    SLICE_X13Y92         LUT1 (Prop_lut1_I0_O)        0.124     0.208 r  inst_svpwm/time_processor_inst/cordic_inst_T1/t1_mult_reg0_i_39/O
                         net (fo=1, routed)           0.000     0.208    inst_svpwm/time_processor_inst/cordic_inst_T1/t1_mult_reg0_i_39_n_0
    SLICE_X13Y92         CARRY4 (Prop_carry4_S[3]_CO[3])
                                                      0.401     0.609 r  inst_svpwm/time_processor_inst/cordic_inst_T1/t1_mult_reg0_i_22/CO[3]
                         net (fo=1, routed)           0.000     0.609    inst_svpwm/time_processor_inst/cordic_inst_T1/t1_mult_reg0_i_22_n_0
    SLICE_X13Y93         CARRY4 (Prop_carry4_CI_CO[3])
                                                      0.114     0.723 r  inst_svpwm/time_processor_inst/cordic_inst_T1/t1_mult_reg0_i_21/CO[3]
                         net (fo=1, routed)           0.000     0.723    inst_svpwm/time_processor_inst/cordic_inst_T1/t1_mult_reg0_i_21_n_0
    SLICE_X13Y94         CARRY4 (Prop_carry4_CI_O[1])
                                                      0.334     1.057 r  inst_svpwm/time_processor_inst/cordic_inst_T1/t1_mult_reg0_i_20/O[1]
                         net (fo=1, routed)           0.732     1.789    inst_svpwm/time_processor_inst/cordic_inst_T1/sin_value0[9]
    SLICE_X14Y94         LUT3 (Prop_lut3_I1_O)        0.329     2.118 r  inst_svpwm/time_processor_inst/cordic_inst_T1/t1_mult_reg0_i_8/O
                         net (fo=2, routed)           0.754     2.871    inst_svpwm/time_processor_inst/sin_value[9]
    DSP48_X0Y38          DSP48E1 (Prop_dsp48e1_A[9]_PCOUT[16])
                                                      4.240     7.111 r  inst_svpwm/time_processor_inst/t1_mult_reg0/PCOUT[16]
                         net (fo=1, routed)           0.002     7.113    inst_svpwm/time_processor_inst/t1_mult_reg0_n_137
    DSP48_X0Y39          DSP48E1                                      r  inst_svpwm/time_processor_inst/t1_mult_reg_reg/PCIN[16]
  -------------------------------------------------------------------    -------------------

                         (clock clk_out1_clk_wiz_0_1 rise edge)
                                                     20.000    20.000 r  
    E3                                                0.000    20.000 r  clk (IN)
                         net (fo=0)                   0.000    20.000    pll_inst/inst/clk_in1
    E3                   IBUF (Prop_ibuf_I_O)         1.418    21.418 r  pll_inst/inst/clkin1_ibufg/O
                         net (fo=1, routed)           1.181    22.599    pll_inst/inst/clk_in1_clk_wiz_0
    PLLE2_ADV_X1Y1       PLLE2_ADV (Prop_plle2_adv_CLKIN1_CLKOUT0)
                                                     -7.736    14.863 r  pll_inst/inst/plle2_adv_inst/CLKOUT0
                         net (fo=1, routed)           1.576    16.439    pll_inst/inst/clk_out1_clk_wiz_0
    BUFGCTRL_X0Y16       BUFG (Prop_bufg_I_O)         0.091    16.530 r  pll_inst/inst/clkout1_buf/O
                         net (fo=5373, routed)        1.528    18.059    inst_svpwm/time_processor_inst/clk_out1
    DSP48_X0Y39          DSP48E1                                      r  inst_svpwm/time_processor_inst/t1_mult_reg_reg/CLK
                         clock pessimism             -0.496    17.562    
                         clock uncertainty           -0.103    17.460    
    DSP48_X0Y39          DSP48E1 (Setup_dsp48e1_CLK_PCIN[16])
                                                     -1.400    16.060    inst_svpwm/time_processor_inst/t1_mult_reg_reg
  -------------------------------------------------------------------
                         required time                         16.060    
                         arrival time                          -7.113    
  -------------------------------------------------------------------
                         slack                                  8.946    

Slack (MET) :             8.946ns  (required time - arrival time)
  Source:                 inst_svpwm/time_processor_inst/cordic_inst_T1/pipeline_reg[15][pip_sin][3]/C
                            (rising edge-triggered cell FDCE clocked by clk_out1_clk_wiz_0_1  {rise@0.000ns fall@10.000ns period=20.000ns})
  Destination:            inst_svpwm/time_processor_inst/t1_mult_reg_reg/PCIN[17]
                            (rising edge-triggered cell DSP48E1 clocked by clk_out1_clk_wiz_0_1  {rise@0.000ns fall@10.000ns period=20.000ns})
  Path Group:             clk_out1_clk_wiz_0_1
  Path Type:              Setup (Max at Slow Process Corner)
  Requirement:            20.000ns  (clk_out1_clk_wiz_0_1 rise@20.000ns - clk_out1_clk_wiz_0_1 rise@0.000ns)
  Data Path Delay:        9.359ns  (logic 6.060ns (64.752%)  route 3.299ns (35.248%))
  Logic Levels:           6  (CARRY4=3 DSP48E1=1 LUT1=1 LUT3=1)
  Clock Path Skew:        -0.192ns (DCD - SCD + CPR)
    Destination Clock Delay (DCD):    -1.941ns = ( 18.059 - 20.000 ) 
    Source Clock Delay      (SCD):    -2.246ns
    Clock Pessimism Removal (CPR):    -0.496ns
  Clock Uncertainty:      0.103ns  ((TSJ^2 + DJ^2)^1/2) / 2 + PE
    Total System Jitter     (TSJ):    0.071ns
    Discrete Jitter          (DJ):    0.193ns
    Phase Error              (PE):    0.000ns

    Location             Delay type                Incr(ns)  Path(ns)    Netlist Resource(s)
  -------------------------------------------------------------------    -------------------
                         (clock clk_out1_clk_wiz_0_1 rise edge)
                                                      0.000     0.000 r  
    E3                                                0.000     0.000 r  clk (IN)
                         net (fo=0)                   0.000     0.000    pll_inst/inst/clk_in1
    E3                   IBUF (Prop_ibuf_I_O)         1.489     1.489 r  pll_inst/inst/clkin1_ibufg/O
                         net (fo=1, routed)           1.253     2.742    pll_inst/inst/clk_in1_clk_wiz_0
    PLLE2_ADV_X1Y1       PLLE2_ADV (Prop_plle2_adv_CLKIN1_CLKOUT0)
                                                     -8.467    -5.725 r  pll_inst/inst/plle2_adv_inst/CLKOUT0
                         net (fo=1, routed)           1.655    -4.070    pll_inst/inst/clk_out1_clk_wiz_0
    BUFGCTRL_X0Y16       BUFG (Prop_bufg_I_O)         0.096    -3.974 r  pll_inst/inst/clkout1_buf/O
                         net (fo=5373, routed)        1.728    -2.246    inst_svpwm/time_processor_inst/cordic_inst_T1/clk_out1
    SLICE_X10Y118        FDCE                                         r  inst_svpwm/time_processor_inst/cordic_inst_T1/pipeline_reg[15][pip_sin][3]/C
  -------------------------------------------------------------------    -------------------
    SLICE_X10Y118        FDCE (Prop_fdce_C_Q)         0.518    -1.728 f  inst_svpwm/time_processor_inst/cordic_inst_T1/pipeline_reg[15][pip_sin][3]/Q
                         net (fo=2, routed)           1.811     0.084    inst_svpwm/time_processor_inst/cordic_inst_T1/pipeline_reg[15][pip_sin][3]
    SLICE_X13Y92         LUT1 (Prop_lut1_I0_O)        0.124     0.208 r  inst_svpwm/time_processor_inst/cordic_inst_T1/t1_mult_reg0_i_39/O
                         net (fo=1, routed)           0.000     0.208    inst_svpwm/time_processor_inst/cordic_inst_T1/t1_mult_reg0_i_39_n_0
    SLICE_X13Y92         CARRY4 (Prop_carry4_S[3]_CO[3])
                                                      0.401     0.609 r  inst_svpwm/time_processor_inst/cordic_inst_T1/t1_mult_reg0_i_22/CO[3]
                         net (fo=1, routed)           0.000     0.609    inst_svpwm/time_processor_inst/cordic_inst_T1/t1_mult_reg0_i_22_n_0
    SLICE_X13Y93         CARRY4 (Prop_carry4_CI_CO[3])
                                                      0.114     0.723 r  inst_svpwm/time_processor_inst/cordic_inst_T1/t1_mult_reg0_i_21/CO[3]
                         net (fo=1, routed)           0.000     0.723    inst_svpwm/time_processor_inst/cordic_inst_T1/t1_mult_reg0_i_21_n_0
    SLICE_X13Y94         CARRY4 (Prop_carry4_CI_O[1])
                                                      0.334     1.057 r  inst_svpwm/time_processor_inst/cordic_inst_T1/t1_mult_reg0_i_20/O[1]
                         net (fo=1, routed)           0.732     1.789    inst_svpwm/time_processor_inst/cordic_inst_T1/sin_value0[9]
    SLICE_X14Y94         LUT3 (Prop_lut3_I1_O)        0.329     2.118 r  inst_svpwm/time_processor_inst/cordic_inst_T1/t1_mult_reg0_i_8/O
                         net (fo=2, routed)           0.754     2.871    inst_svpwm/time_processor_inst/sin_value[9]
    DSP48_X0Y38          DSP48E1 (Prop_dsp48e1_A[9]_PCOUT[17])
                                                      4.240     7.111 r  inst_svpwm/time_processor_inst/t1_mult_reg0/PCOUT[17]
                         net (fo=1, routed)           0.002     7.113    inst_svpwm/time_processor_inst/t1_mult_reg0_n_136
    DSP48_X0Y39          DSP48E1                                      r  inst_svpwm/time_processor_inst/t1_mult_reg_reg/PCIN[17]
  -------------------------------------------------------------------    -------------------

                         (clock clk_out1_clk_wiz_0_1 rise edge)
                                                     20.000    20.000 r  
    E3                                                0.000    20.000 r  clk (IN)
                         net (fo=0)                   0.000    20.000    pll_inst/inst/clk_in1
    E3                   IBUF (Prop_ibuf_I_O)         1.418    21.418 r  pll_inst/inst/clkin1_ibufg/O
                         net (fo=1, routed)           1.181    22.599    pll_inst/inst/clk_in1_clk_wiz_0
    PLLE2_ADV_X1Y1       PLLE2_ADV (Prop_plle2_adv_CLKIN1_CLKOUT0)
                                                     -7.736    14.863 r  pll_inst/inst/plle2_adv_inst/CLKOUT0
                         net (fo=1, routed)           1.576    16.439    pll_inst/inst/clk_out1_clk_wiz_0
    BUFGCTRL_X0Y16       BUFG (Prop_bufg_I_O)         0.091    16.530 r  pll_inst/inst/clkout1_buf/O
                         net (fo=5373, routed)        1.528    18.059    inst_svpwm/time_processor_inst/clk_out1
    DSP48_X0Y39          DSP48E1                                      r  inst_svpwm/time_processor_inst/t1_mult_reg_reg/CLK
                         clock pessimism             -0.496    17.562    
                         clock uncertainty           -0.103    17.460    
    DSP48_X0Y39          DSP48E1 (Setup_dsp48e1_CLK_PCIN[17])
                                                     -1.400    16.060    inst_svpwm/time_processor_inst/t1_mult_reg_reg
  -------------------------------------------------------------------
                         required time                         16.060    
                         arrival time                          -7.113    
  -------------------------------------------------------------------
                         slack                                  8.946    

Slack (MET) :             8.946ns  (required time - arrival time)
  Source:                 inst_svpwm/time_processor_inst/cordic_inst_T1/pipeline_reg[15][pip_sin][3]/C
                            (rising edge-triggered cell FDCE clocked by clk_out1_clk_wiz_0_1  {rise@0.000ns fall@10.000ns period=20.000ns})
  Destination:            inst_svpwm/time_processor_inst/t1_mult_reg_reg/PCIN[18]
                            (rising edge-triggered cell DSP48E1 clocked by clk_out1_clk_wiz_0_1  {rise@0.000ns fall@10.000ns period=20.000ns})
  Path Group:             clk_out1_clk_wiz_0_1
  Path Type:              Setup (Max at Slow Process Corner)
  Requirement:            20.000ns  (clk_out1_clk_wiz_0_1 rise@20.000ns - clk_out1_clk_wiz_0_1 rise@0.000ns)
  Data Path Delay:        9.359ns  (logic 6.060ns (64.752%)  route 3.299ns (35.248%))
  Logic Levels:           6  (CARRY4=3 DSP48E1=1 LUT1=1 LUT3=1)
  Clock Path Skew:        -0.192ns (DCD - SCD + CPR)
    Destination Clock Delay (DCD):    -1.941ns = ( 18.059 - 20.000 ) 
    Source Clock Delay      (SCD):    -2.246ns
    Clock Pessimism Removal (CPR):    -0.496ns
  Clock Uncertainty:      0.103ns  ((TSJ^2 + DJ^2)^1/2) / 2 + PE
    Total System Jitter     (TSJ):    0.071ns
    Discrete Jitter          (DJ):    0.193ns
    Phase Error              (PE):    0.000ns

    Location             Delay type                Incr(ns)  Path(ns)    Netlist Resource(s)
  -------------------------------------------------------------------    -------------------
                         (clock clk_out1_clk_wiz_0_1 rise edge)
                                                      0.000     0.000 r  
    E3                                                0.000     0.000 r  clk (IN)
                         net (fo=0)                   0.000     0.000    pll_inst/inst/clk_in1
    E3                   IBUF (Prop_ibuf_I_O)         1.489     1.489 r  pll_inst/inst/clkin1_ibufg/O
                         net (fo=1, routed)           1.253     2.742    pll_inst/inst/clk_in1_clk_wiz_0
    PLLE2_ADV_X1Y1       PLLE2_ADV (Prop_plle2_adv_CLKIN1_CLKOUT0)
                                                     -8.467    -5.725 r  pll_inst/inst/plle2_adv_inst/CLKOUT0
                         net (fo=1, routed)           1.655    -4.070    pll_inst/inst/clk_out1_clk_wiz_0
    BUFGCTRL_X0Y16       BUFG (Prop_bufg_I_O)         0.096    -3.974 r  pll_inst/inst/clkout1_buf/O
                         net (fo=5373, routed)        1.728    -2.246    inst_svpwm/time_processor_inst/cordic_inst_T1/clk_out1
    SLICE_X10Y118        FDCE                                         r  inst_svpwm/time_processor_inst/cordic_inst_T1/pipeline_reg[15][pip_sin][3]/C
  -------------------------------------------------------------------    -------------------
    SLICE_X10Y118        FDCE (Prop_fdce_C_Q)         0.518    -1.728 f  inst_svpwm/time_processor_inst/cordic_inst_T1/pipeline_reg[15][pip_sin][3]/Q
                         net (fo=2, routed)           1.811     0.084    inst_svpwm/time_processor_inst/cordic_inst_T1/pipeline_reg[15][pip_sin][3]
    SLICE_X13Y92         LUT1 (Prop_lut1_I0_O)        0.124     0.208 r  inst_svpwm/time_processor_inst/cordic_inst_T1/t1_mult_reg0_i_39/O
                         net (fo=1, routed)           0.000     0.208    inst_svpwm/time_processor_inst/cordic_inst_T1/t1_mult_reg0_i_39_n_0
    SLICE_X13Y92         CARRY4 (Prop_carry4_S[3]_CO[3])
                                                      0.401     0.609 r  inst_svpwm/time_processor_inst/cordic_inst_T1/t1_mult_reg0_i_22/CO[3]
                         net (fo=1, routed)           0.000     0.609    inst_svpwm/time_processor_inst/cordic_inst_T1/t1_mult_reg0_i_22_n_0
    SLICE_X13Y93         CARRY4 (Prop_carry4_CI_CO[3])
                                                      0.114     0.723 r  inst_svpwm/time_processor_inst/cordic_inst_T1/t1_mult_reg0_i_21/CO[3]
                         net (fo=1, routed)           0.000     0.723    inst_svpwm/time_processor_inst/cordic_inst_T1/t1_mult_reg0_i_21_n_0
    SLICE_X13Y94         CARRY4 (Prop_carry4_CI_O[1])
                                                      0.334     1.057 r  inst_svpwm/time_processor_inst/cordic_inst_T1/t1_mult_reg0_i_20/O[1]
                         net (fo=1, routed)           0.732     1.789    inst_svpwm/time_processor_inst/cordic_inst_T1/sin_value0[9]
    SLICE_X14Y94         LUT3 (Prop_lut3_I1_O)        0.329     2.118 r  inst_svpwm/time_processor_inst/cordic_inst_T1/t1_mult_reg0_i_8/O
                         net (fo=2, routed)           0.754     2.871    inst_svpwm/time_processor_inst/sin_value[9]
    DSP48_X0Y38          DSP48E1 (Prop_dsp48e1_A[9]_PCOUT[18])
                                                      4.240     7.111 r  inst_svpwm/time_processor_inst/t1_mult_reg0/PCOUT[18]
                         net (fo=1, routed)           0.002     7.113    inst_svpwm/time_processor_inst/t1_mult_reg0_n_135
    DSP48_X0Y39          DSP48E1                                      r  inst_svpwm/time_processor_inst/t1_mult_reg_reg/PCIN[18]
  -------------------------------------------------------------------    -------------------

                         (clock clk_out1_clk_wiz_0_1 rise edge)
                                                     20.000    20.000 r  
    E3                                                0.000    20.000 r  clk (IN)
                         net (fo=0)                   0.000    20.000    pll_inst/inst/clk_in1
    E3                   IBUF (Prop_ibuf_I_O)         1.418    21.418 r  pll_inst/inst/clkin1_ibufg/O
                         net (fo=1, routed)           1.181    22.599    pll_inst/inst/clk_in1_clk_wiz_0
    PLLE2_ADV_X1Y1       PLLE2_ADV (Prop_plle2_adv_CLKIN1_CLKOUT0)
                                                     -7.736    14.863 r  pll_inst/inst/plle2_adv_inst/CLKOUT0
                         net (fo=1, routed)           1.576    16.439    pll_inst/inst/clk_out1_clk_wiz_0
    BUFGCTRL_X0Y16       BUFG (Prop_bufg_I_O)         0.091    16.530 r  pll_inst/inst/clkout1_buf/O
                         net (fo=5373, routed)        1.528    18.059    inst_svpwm/time_processor_inst/clk_out1
    DSP48_X0Y39          DSP48E1                                      r  inst_svpwm/time_processor_inst/t1_mult_reg_reg/CLK
                         clock pessimism             -0.496    17.562    
                         clock uncertainty           -0.103    17.460    
    DSP48_X0Y39          DSP48E1 (Setup_dsp48e1_CLK_PCIN[18])
                                                     -1.400    16.060    inst_svpwm/time_processor_inst/t1_mult_reg_reg
  -------------------------------------------------------------------
                         required time                         16.060    
                         arrival time                          -7.113    
  -------------------------------------------------------------------
                         slack                                  8.946    





Min Delay Paths
--------------------------------------------------------------------------------------
Slack (MET) :             0.120ns  (arrival time - required time)
  Source:                 inst_svpwm/time_processor_inst/cordic_inst_T1/pipeline_reg[1][pip_theta][9]/C
                            (rising edge-triggered cell FDCE clocked by clk_out1_clk_wiz_0_1  {rise@0.000ns fall@10.000ns period=20.000ns})
  Destination:            inst_svpwm/time_processor_inst/cordic_inst_T1/pipeline_reg[2][pip_theta][21]/D
                            (rising edge-triggered cell FDCE clocked by clk_out1_clk_wiz_0_1  {rise@0.000ns fall@10.000ns period=20.000ns})
  Path Group:             clk_out1_clk_wiz_0_1
  Path Type:              Hold (Min at Fast Process Corner)
  Requirement:            0.000ns  (clk_out1_clk_wiz_0_1 rise@0.000ns - clk_out1_clk_wiz_0_1 rise@0.000ns)
  Data Path Delay:        0.605ns  (logic 0.464ns (76.720%)  route 0.141ns (23.280%))
  Logic Levels:           5  (CARRY4=4 LUT2=1)
  Clock Path Skew:        0.350ns (DCD - SCD - CPR)
    Destination Clock Delay (DCD):    -0.219ns
    Source Clock Delay      (SCD):    -0.535ns
    Clock Pessimism Removal (CPR):    -0.034ns

    Location             Delay type                Incr(ns)  Path(ns)    Netlist Resource(s)
  -------------------------------------------------------------------    -------------------
                         (clock clk_out1_clk_wiz_0_1 rise edge)
                                                      0.000     0.000 r  
    E3                                                0.000     0.000 r  clk (IN)
                         net (fo=0)                   0.000     0.000    pll_inst/inst/clk_in1
    E3                   IBUF (Prop_ibuf_I_O)         0.257     0.257 r  pll_inst/inst/clkin1_ibufg/O
                         net (fo=1, routed)           0.440     0.697    pll_inst/inst/clk_in1_clk_wiz_0
    PLLE2_ADV_X1Y1       PLLE2_ADV (Prop_plle2_adv_CLKIN1_CLKOUT0)
                                                     -2.319    -1.622 r  pll_inst/inst/plle2_adv_inst/CLKOUT0
                         net (fo=1, routed)           0.501    -1.121    pll_inst/inst/clk_out1_clk_wiz_0
    BUFGCTRL_X0Y16       BUFG (Prop_bufg_I_O)         0.026    -1.095 r  pll_inst/inst/clkout1_buf/O
                         net (fo=5373, routed)        0.560    -0.535    inst_svpwm/time_processor_inst/cordic_inst_T1/clk_out1
    SLICE_X39Y97         FDCE                                         r  inst_svpwm/time_processor_inst/cordic_inst_T1/pipeline_reg[1][pip_theta][9]/C
  -------------------------------------------------------------------    -------------------
    SLICE_X39Y97         FDCE (Prop_fdce_C_Q)         0.141    -0.394 r  inst_svpwm/time_processor_inst/cordic_inst_T1/pipeline_reg[1][pip_theta][9]/Q
                         net (fo=1, routed)           0.140    -0.254    inst_svpwm/time_processor_inst/cordic_inst_T1/pipeline_reg[1][pip_theta][9]
    SLICE_X38Y97         LUT2 (Prop_lut2_I0_O)        0.045    -0.209 r  inst_svpwm/time_processor_inst/cordic_inst_T1/pipeline[2][pip_theta][12]_i_7/O
                         net (fo=1, routed)           0.000    -0.209    inst_svpwm/time_processor_inst/cordic_inst_T1/pipeline[2][pip_theta][12]_i_7_n_0
    SLICE_X38Y97         CARRY4 (Prop_carry4_S[0]_CO[3])
                                                      0.145    -0.064 r  inst_svpwm/time_processor_inst/cordic_inst_T1/pipeline_reg[2][pip_theta][12]_i_1/CO[3]
                         net (fo=1, routed)           0.000    -0.064    inst_svpwm/time_processor_inst/cordic_inst_T1/pipeline_reg[2][pip_theta][12]_i_1_n_0
    SLICE_X38Y98         CARRY4 (Prop_carry4_CI_CO[3])
                                                      0.040    -0.024 r  inst_svpwm/time_processor_inst/cordic_inst_T1/pipeline_reg[2][pip_theta][16]_i_1/CO[3]
                         net (fo=1, routed)           0.000    -0.024    inst_svpwm/time_processor_inst/cordic_inst_T1/pipeline_reg[2][pip_theta][16]_i_1_n_0
    SLICE_X38Y99         CARRY4 (Prop_carry4_CI_CO[3])
                                                      0.040     0.016 r  inst_svpwm/time_processor_inst/cordic_inst_T1/pipeline_reg[2][pip_theta][20]_i_1/CO[3]
                         net (fo=1, routed)           0.001     0.017    inst_svpwm/time_processor_inst/cordic_inst_T1/pipeline_reg[2][pip_theta][20]_i_1_n_0
    SLICE_X38Y100        CARRY4 (Prop_carry4_CI_O[0])
                                                      0.053     0.070 r  inst_svpwm/time_processor_inst/cordic_inst_T1/pipeline_reg[2][pip_theta][24]_i_1/O[0]
                         net (fo=1, routed)           0.000     0.070    inst_svpwm/time_processor_inst/cordic_inst_T1/pipeline_reg[2][pip_theta][24]_i_1_n_7
    SLICE_X38Y100        FDCE                                         r  inst_svpwm/time_processor_inst/cordic_inst_T1/pipeline_reg[2][pip_theta][21]/D
  -------------------------------------------------------------------    -------------------

                         (clock clk_out1_clk_wiz_0_1 rise edge)
                                                      0.000     0.000 r  
    E3                                                0.000     0.000 r  clk (IN)
                         net (fo=0)                   0.000     0.000    pll_inst/inst/clk_in1
    E3                   IBUF (Prop_ibuf_I_O)         0.445     0.445 r  pll_inst/inst/clkin1_ibufg/O
                         net (fo=1, routed)           0.481     0.926    pll_inst/inst/clk_in1_clk_wiz_0
    PLLE2_ADV_X1Y1       PLLE2_ADV (Prop_plle2_adv_CLKIN1_CLKOUT0)
                                                     -2.634    -1.708 r  pll_inst/inst/plle2_adv_inst/CLKOUT0
                         net (fo=1, routed)           0.546    -1.163    pll_inst/inst/clk_out1_clk_wiz_0
    BUFGCTRL_X0Y16       BUFG (Prop_bufg_I_O)         0.029    -1.134 r  pll_inst/inst/clkout1_buf/O
                         net (fo=5373, routed)        0.915    -0.219    inst_svpwm/time_processor_inst/cordic_inst_T1/clk_out1
    SLICE_X38Y100        FDCE                                         r  inst_svpwm/time_processor_inst/cordic_inst_T1/pipeline_reg[2][pip_theta][21]/C
                         clock pessimism              0.034    -0.185    
    SLICE_X38Y100        FDCE (Hold_fdce_C_D)         0.134    -0.051    inst_svpwm/time_processor_inst/cordic_inst_T1/pipeline_reg[2][pip_theta][21]
  -------------------------------------------------------------------
                         required time                          0.051    
                         arrival time                           0.070    
  -------------------------------------------------------------------
                         slack                                  0.120    

Slack (MET) :             0.126ns  (arrival time - required time)
  Source:                 inst_svpwm/time_processor_inst/cordic_inst_T2/pipeline_reg[7][pip_sin][4]/C
                            (rising edge-triggered cell FDCE clocked by clk_out1_clk_wiz_0_1  {rise@0.000ns fall@10.000ns period=20.000ns})
  Destination:            inst_svpwm/time_processor_inst/cordic_inst_T2/pipeline_reg[8][pip_sin][23]/D
                            (rising edge-triggered cell FDCE clocked by clk_out1_clk_wiz_0_1  {rise@0.000ns fall@10.000ns period=20.000ns})
  Path Group:             clk_out1_clk_wiz_0_1
  Path Type:              Hold (Min at Fast Process Corner)
  Requirement:            0.000ns  (clk_out1_clk_wiz_0_1 rise@0.000ns - clk_out1_clk_wiz_0_1 rise@0.000ns)
  Data Path Delay:        0.613ns  (logic 0.504ns (82.198%)  route 0.109ns (17.802%))
  Logic Levels:           6  (CARRY4=6)
  Clock Path Skew:        0.353ns (DCD - SCD - CPR)
    Destination Clock Delay (DCD):    -0.185ns
    Source Clock Delay      (SCD):    -0.504ns
    Clock Pessimism Removal (CPR):    -0.034ns

    Location             Delay type                Incr(ns)  Path(ns)    Netlist Resource(s)
  -------------------------------------------------------------------    -------------------
                         (clock clk_out1_clk_wiz_0_1 rise edge)
                                                      0.000     0.000 r  
    E3                                                0.000     0.000 r  clk (IN)
                         net (fo=0)                   0.000     0.000    pll_inst/inst/clk_in1
    E3                   IBUF (Prop_ibuf_I_O)         0.257     0.257 r  pll_inst/inst/clkin1_ibufg/O
                         net (fo=1, routed)           0.440     0.697    pll_inst/inst/clk_in1_clk_wiz_0
    PLLE2_ADV_X1Y1       PLLE2_ADV (Prop_plle2_adv_CLKIN1_CLKOUT0)
                                                     -2.319    -1.622 r  pll_inst/inst/plle2_adv_inst/CLKOUT0
                         net (fo=1, routed)           0.501    -1.121    pll_inst/inst/clk_out1_clk_wiz_0
    BUFGCTRL_X0Y16       BUFG (Prop_bufg_I_O)         0.026    -1.095 r  pll_inst/inst/clkout1_buf/O
                         net (fo=5373, routed)        0.591    -0.504    inst_svpwm/time_processor_inst/cordic_inst_T2/clk_out1
    SLICE_X1Y94          FDCE                                         r  inst_svpwm/time_processor_inst/cordic_inst_T2/pipeline_reg[7][pip_sin][4]/C
  -------------------------------------------------------------------    -------------------
    SLICE_X1Y94          FDCE (Prop_fdce_C_Q)         0.141    -0.363 r  inst_svpwm/time_processor_inst/cordic_inst_T2/pipeline_reg[7][pip_sin][4]/Q
                         net (fo=2, routed)           0.108    -0.255    inst_svpwm/time_processor_inst/cordic_inst_T2/pipeline_reg[7][pip_sin][4]
    SLICE_X2Y95          CARRY4 (Prop_carry4_DI[1]_CO[3])
                                                      0.150    -0.105 r  inst_svpwm/time_processor_inst/cordic_inst_T2/pipeline_reg[8][pip_sin][6]_i_1/CO[3]
                         net (fo=1, routed)           0.000    -0.105    inst_svpwm/time_processor_inst/cordic_inst_T2/pipeline_reg[8][pip_sin][6]_i_1_n_0
    SLICE_X2Y96          CARRY4 (Prop_carry4_CI_CO[3])
                                                      0.040    -0.065 r  inst_svpwm/time_processor_inst/cordic_inst_T2/pipeline_reg[8][pip_sin][10]_i_1/CO[3]
                         net (fo=1, routed)           0.000    -0.065    inst_svpwm/time_processor_inst/cordic_inst_T2/pipeline_reg[8][pip_sin][10]_i_1_n_0
    SLICE_X2Y97          CARRY4 (Prop_carry4_CI_CO[3])
                                                      0.040    -0.025 r  inst_svpwm/time_processor_inst/cordic_inst_T2/pipeline_reg[8][pip_sin][14]_i_1/CO[3]
                         net (fo=1, routed)           0.000    -0.025    inst_svpwm/time_processor_inst/cordic_inst_T2/pipeline_reg[8][pip_sin][14]_i_1_n_0
    SLICE_X2Y98          CARRY4 (Prop_carry4_CI_CO[3])
                                                      0.040     0.015 r  inst_svpwm/time_processor_inst/cordic_inst_T2/pipeline_reg[8][pip_sin][18]_i_1/CO[3]
                         net (fo=1, routed)           0.000     0.015    inst_svpwm/time_processor_inst/cordic_inst_T2/pipeline_reg[8][pip_sin][18]_i_1_n_0
    SLICE_X2Y99          CARRY4 (Prop_carry4_CI_CO[3])
                                                      0.040     0.055 r  inst_svpwm/time_processor_inst/cordic_inst_T2/pipeline_reg[8][pip_sin][22]_i_1/CO[3]
                         net (fo=1, routed)           0.001     0.056    inst_svpwm/time_processor_inst/cordic_inst_T2/pipeline_reg[8][pip_sin][22]_i_1_n_0
    SLICE_X2Y100         CARRY4 (Prop_carry4_CI_O[0])
                                                      0.053     0.109 r  inst_svpwm/time_processor_inst/cordic_inst_T2/pipeline_reg[8][pip_sin][26]_i_1/O[0]
                         net (fo=1, routed)           0.000     0.109    inst_svpwm/time_processor_inst/cordic_inst_T2/pipeline_reg[8][pip_sin][26]_i_1_n_7
    SLICE_X2Y100         FDCE                                         r  inst_svpwm/time_processor_inst/cordic_inst_T2/pipeline_reg[8][pip_sin][23]/D
  -------------------------------------------------------------------    -------------------

                         (clock clk_out1_clk_wiz_0_1 rise edge)
                                                      0.000     0.000 r  
    E3                                                0.000     0.000 r  clk (IN)
                         net (fo=0)                   0.000     0.000    pll_inst/inst/clk_in1
    E3                   IBUF (Prop_ibuf_I_O)         0.445     0.445 r  pll_inst/inst/clkin1_ibufg/O
                         net (fo=1, routed)           0.481     0.926    pll_inst/inst/clk_in1_clk_wiz_0
    PLLE2_ADV_X1Y1       PLLE2_ADV (Prop_plle2_adv_CLKIN1_CLKOUT0)
                                                     -2.634    -1.708 r  pll_inst/inst/plle2_adv_inst/CLKOUT0
                         net (fo=1, routed)           0.546    -1.163    pll_inst/inst/clk_out1_clk_wiz_0
    BUFGCTRL_X0Y16       BUFG (Prop_bufg_I_O)         0.029    -1.134 r  pll_inst/inst/clkout1_buf/O
                         net (fo=5373, routed)        0.949    -0.185    inst_svpwm/time_processor_inst/cordic_inst_T2/clk_out1
    SLICE_X2Y100         FDCE                                         r  inst_svpwm/time_processor_inst/cordic_inst_T2/pipeline_reg[8][pip_sin][23]/C
                         clock pessimism              0.034    -0.151    
    SLICE_X2Y100         FDCE (Hold_fdce_C_D)         0.134    -0.017    inst_svpwm/time_processor_inst/cordic_inst_T2/pipeline_reg[8][pip_sin][23]
  -------------------------------------------------------------------
                         required time                          0.017    
                         arrival time                           0.109    
  -------------------------------------------------------------------
                         slack                                  0.126    

Slack (MET) :             0.133ns  (arrival time - required time)
  Source:                 inst_svpwm/time_processor_inst/cordic_inst_T1/pipeline_reg[2][pip_theta][21]/C
                            (rising edge-triggered cell FDCE clocked by clk_out1_clk_wiz_0_1  {rise@0.000ns fall@10.000ns period=20.000ns})
  Destination:            inst_svpwm/time_processor_inst/cordic_inst_T1/pipeline_reg[3][pip_theta][22]/D
                            (rising edge-triggered cell FDCE clocked by clk_out1_clk_wiz_0_1  {rise@0.000ns fall@10.000ns period=20.000ns})
  Path Group:             clk_out1_clk_wiz_0_1
  Path Type:              Hold (Min at Fast Process Corner)
  Requirement:            0.000ns  (clk_out1_clk_wiz_0_1 rise@0.000ns - clk_out1_clk_wiz_0_1 rise@0.000ns)
  Data Path Delay:        0.420ns  (logic 0.274ns (65.245%)  route 0.146ns (34.755%))
  Logic Levels:           2  (CARRY4=1 LUT2=1)
  Clock Path Skew:        0.182ns (DCD - SCD - CPR)
    Destination Clock Delay (DCD):    -0.305ns
    Source Clock Delay      (SCD):    -0.454ns
    Clock Pessimism Removal (CPR):    -0.034ns

    Location             Delay type                Incr(ns)  Path(ns)    Netlist Resource(s)
  -------------------------------------------------------------------    -------------------
                         (clock clk_out1_clk_wiz_0_1 rise edge)
                                                      0.000     0.000 r  
    E3                                                0.000     0.000 r  clk (IN)
                         net (fo=0)                   0.000     0.000    pll_inst/inst/clk_in1
    E3                   IBUF (Prop_ibuf_I_O)         0.257     0.257 r  pll_inst/inst/clkin1_ibufg/O
                         net (fo=1, routed)           0.440     0.697    pll_inst/inst/clk_in1_clk_wiz_0
    PLLE2_ADV_X1Y1       PLLE2_ADV (Prop_plle2_adv_CLKIN1_CLKOUT0)
                                                     -2.319    -1.622 r  pll_inst/inst/plle2_adv_inst/CLKOUT0
                         net (fo=1, routed)           0.501    -1.121    pll_inst/inst/clk_out1_clk_wiz_0
    BUFGCTRL_X0Y16       BUFG (Prop_bufg_I_O)         0.026    -1.095 r  pll_inst/inst/clkout1_buf/O
                         net (fo=5373, routed)        0.641    -0.454    inst_svpwm/time_processor_inst/cordic_inst_T1/clk_out1
    SLICE_X38Y100        FDCE                                         r  inst_svpwm/time_processor_inst/cordic_inst_T1/pipeline_reg[2][pip_theta][21]/C
  -------------------------------------------------------------------    -------------------
    SLICE_X38Y100        FDCE (Prop_fdce_C_Q)         0.164    -0.290 r  inst_svpwm/time_processor_inst/cordic_inst_T1/pipeline_reg[2][pip_theta][21]/Q
                         net (fo=3, routed)           0.146    -0.144    inst_svpwm/time_processor_inst/cordic_inst_T1/pipeline_reg[2][pip_theta][21]
    SLICE_X37Y99         LUT2 (Prop_lut2_I0_O)        0.045    -0.099 r  inst_svpwm/time_processor_inst/cordic_inst_T1/pipeline[3][pip_theta][24]_i_5/O
                         net (fo=1, routed)           0.000    -0.099    inst_svpwm/time_processor_inst/cordic_inst_T1/pipeline[3][pip_theta][24]_i_5_n_0
    SLICE_X37Y99         CARRY4 (Prop_carry4_S[1]_O[1])
                                                      0.065    -0.034 r  inst_svpwm/time_processor_inst/cordic_inst_T1/pipeline_reg[3][pip_theta][24]_i_1/O[1]
                         net (fo=1, routed)           0.000    -0.034    inst_svpwm/time_processor_inst/cordic_inst_T1/pipeline_reg[3][pip_theta][24]_i_1_n_6
    SLICE_X37Y99         FDCE                                         r  inst_svpwm/time_processor_inst/cordic_inst_T1/pipeline_reg[3][pip_theta][22]/D
  -------------------------------------------------------------------    -------------------

                         (clock clk_out1_clk_wiz_0_1 rise edge)
                                                      0.000     0.000 r  
    E3                                                0.000     0.000 r  clk (IN)
                         net (fo=0)                   0.000     0.000    pll_inst/inst/clk_in1
    E3                   IBUF (Prop_ibuf_I_O)         0.445     0.445 r  pll_inst/inst/clkin1_ibufg/O
                         net (fo=1, routed)           0.481     0.926    pll_inst/inst/clk_in1_clk_wiz_0
    PLLE2_ADV_X1Y1       PLLE2_ADV (Prop_plle2_adv_CLKIN1_CLKOUT0)
                                                     -2.634    -1.708 r  pll_inst/inst/plle2_adv_inst/CLKOUT0
                         net (fo=1, routed)           0.546    -1.163    pll_inst/inst/clk_out1_clk_wiz_0
    BUFGCTRL_X0Y16       BUFG (Prop_bufg_I_O)         0.029    -1.134 r  pll_inst/inst/clkout1_buf/O
                         net (fo=5373, routed)        0.828    -0.305    inst_svpwm/time_processor_inst/cordic_inst_T1/clk_out1
    SLICE_X37Y99         FDCE                                         r  inst_svpwm/time_processor_inst/cordic_inst_T1/pipeline_reg[3][pip_theta][22]/C
                         clock pessimism              0.034    -0.271    
    SLICE_X37Y99         FDCE (Hold_fdce_C_D)         0.105    -0.166    inst_svpwm/time_processor_inst/cordic_inst_T1/pipeline_reg[3][pip_theta][22]
  -------------------------------------------------------------------
                         required time                          0.166    
                         arrival time                          -0.034    
  -------------------------------------------------------------------
                         slack                                  0.133    

Slack (MET) :             0.133ns  (arrival time - required time)
  Source:                 inst_svpwm/time_processor_inst/cordic_inst_T1/pipeline_reg[1][pip_theta][9]/C
                            (rising edge-triggered cell FDCE clocked by clk_out1_clk_wiz_0_1  {rise@0.000ns fall@10.000ns period=20.000ns})
  Destination:            inst_svpwm/time_processor_inst/cordic_inst_T1/pipeline_reg[2][pip_theta][23]/D
                            (rising edge-triggered cell FDCE clocked by clk_out1_clk_wiz_0_1  {rise@0.000ns fall@10.000ns period=20.000ns})
  Path Group:             clk_out1_clk_wiz_0_1
  Path Type:              Hold (Min at Fast Process Corner)
  Requirement:            0.000ns  (clk_out1_clk_wiz_0_1 rise@0.000ns - clk_out1_clk_wiz_0_1 rise@0.000ns)
  Data Path Delay:        0.618ns  (logic 0.477ns (77.210%)  route 0.141ns (22.790%))
  Logic Levels:           5  (CARRY4=4 LUT2=1)
  Clock Path Skew:        0.350ns (DCD - SCD - CPR)
    Destination Clock Delay (DCD):    -0.219ns
    Source Clock Delay      (SCD):    -0.535ns
    Clock Pessimism Removal (CPR):    -0.034ns

    Location             Delay type                Incr(ns)  Path(ns)    Netlist Resource(s)
  -------------------------------------------------------------------    -------------------
                         (clock clk_out1_clk_wiz_0_1 rise edge)
                                                      0.000     0.000 r  
    E3                                                0.000     0.000 r  clk (IN)
                         net (fo=0)                   0.000     0.000    pll_inst/inst/clk_in1
    E3                   IBUF (Prop_ibuf_I_O)         0.257     0.257 r  pll_inst/inst/clkin1_ibufg/O
                         net (fo=1, routed)           0.440     0.697    pll_inst/inst/clk_in1_clk_wiz_0
    PLLE2_ADV_X1Y1       PLLE2_ADV (Prop_plle2_adv_CLKIN1_CLKOUT0)
                                                     -2.319    -1.622 r  pll_inst/inst/plle2_adv_inst/CLKOUT0
                         net (fo=1, routed)           0.501    -1.121    pll_inst/inst/clk_out1_clk_wiz_0
    BUFGCTRL_X0Y16       BUFG (Prop_bufg_I_O)         0.026    -1.095 r  pll_inst/inst/clkout1_buf/O
                         net (fo=5373, routed)        0.560    -0.535    inst_svpwm/time_processor_inst/cordic_inst_T1/clk_out1
    SLICE_X39Y97         FDCE                                         r  inst_svpwm/time_processor_inst/cordic_inst_T1/pipeline_reg[1][pip_theta][9]/C
  -------------------------------------------------------------------    -------------------
    SLICE_X39Y97         FDCE (Prop_fdce_C_Q)         0.141    -0.394 r  inst_svpwm/time_processor_inst/cordic_inst_T1/pipeline_reg[1][pip_theta][9]/Q
                         net (fo=1, routed)           0.140    -0.254    inst_svpwm/time_processor_inst/cordic_inst_T1/pipeline_reg[1][pip_theta][9]
    SLICE_X38Y97         LUT2 (Prop_lut2_I0_O)        0.045    -0.209 r  inst_svpwm/time_processor_inst/cordic_inst_T1/pipeline[2][pip_theta][12]_i_7/O
                         net (fo=1, routed)           0.000    -0.209    inst_svpwm/time_processor_inst/cordic_inst_T1/pipeline[2][pip_theta][12]_i_7_n_0
    SLICE_X38Y97         CARRY4 (Prop_carry4_S[0]_CO[3])
                                                      0.145    -0.064 r  inst_svpwm/time_processor_inst/cordic_inst_T1/pipeline_reg[2][pip_theta][12]_i_1/CO[3]
                         net (fo=1, routed)           0.000    -0.064    inst_svpwm/time_processor_inst/cordic_inst_T1/pipeline_reg[2][pip_theta][12]_i_1_n_0
    SLICE_X38Y98         CARRY4 (Prop_carry4_CI_CO[3])
                                                      0.040    -0.024 r  inst_svpwm/time_processor_inst/cordic_inst_T1/pipeline_reg[2][pip_theta][16]_i_1/CO[3]
                         net (fo=1, routed)           0.000    -0.024    inst_svpwm/time_processor_inst/cordic_inst_T1/pipeline_reg[2][pip_theta][16]_i_1_n_0
    SLICE_X38Y99         CARRY4 (Prop_carry4_CI_CO[3])
                                                      0.040     0.016 r  inst_svpwm/time_processor_inst/cordic_inst_T1/pipeline_reg[2][pip_theta][20]_i_1/CO[3]
                         net (fo=1, routed)           0.001     0.017    inst_svpwm/time_processor_inst/cordic_inst_T1/pipeline_reg[2][pip_theta][20]_i_1_n_0
    SLICE_X38Y100        CARRY4 (Prop_carry4_CI_O[2])
                                                      0.066     0.083 r  inst_svpwm/time_processor_inst/cordic_inst_T1/pipeline_reg[2][pip_theta][24]_i_1/O[2]
                         net (fo=1, routed)           0.000     0.083    inst_svpwm/time_processor_inst/cordic_inst_T1/pipeline_reg[2][pip_theta][24]_i_1_n_5
    SLICE_X38Y100        FDCE                                         r  inst_svpwm/time_processor_inst/cordic_inst_T1/pipeline_reg[2][pip_theta][23]/D
  -------------------------------------------------------------------    -------------------

                         (clock clk_out1_clk_wiz_0_1 rise edge)
                                                      0.000     0.000 r  
    E3                                                0.000     0.000 r  clk (IN)
                         net (fo=0)                   0.000     0.000    pll_inst/inst/clk_in1
    E3                   IBUF (Prop_ibuf_I_O)         0.445     0.445 r  pll_inst/inst/clkin1_ibufg/O
                         net (fo=1, routed)           0.481     0.926    pll_inst/inst/clk_in1_clk_wiz_0
    PLLE2_ADV_X1Y1       PLLE2_ADV (Prop_plle2_adv_CLKIN1_CLKOUT0)
                                                     -2.634    -1.708 r  pll_inst/inst/plle2_adv_inst/CLKOUT0
                         net (fo=1, routed)           0.546    -1.163    pll_inst/inst/clk_out1_clk_wiz_0
    BUFGCTRL_X0Y16       BUFG (Prop_bufg_I_O)         0.029    -1.134 r  pll_inst/inst/clkout1_buf/O
                         net (fo=5373, routed)        0.915    -0.219    inst_svpwm/time_processor_inst/cordic_inst_T1/clk_out1
    SLICE_X38Y100        FDCE                                         r  inst_svpwm/time_processor_inst/cordic_inst_T1/pipeline_reg[2][pip_theta][23]/C
                         clock pessimism              0.034    -0.185    
    SLICE_X38Y100        FDCE (Hold_fdce_C_D)         0.134    -0.051    inst_svpwm/time_processor_inst/cordic_inst_T1/pipeline_reg[2][pip_theta][23]
  -------------------------------------------------------------------
                         required time                          0.051    
                         arrival time                           0.083    
  -------------------------------------------------------------------
                         slack                                  0.133    

Slack (MET) :             0.134ns  (arrival time - required time)
  Source:                 inst_svpwm/vector_proc_inst/y_reg_reg[15]/C
                            (rising edge-triggered cell FDRE clocked by clk_out1_clk_wiz_0_1  {rise@0.000ns fall@10.000ns period=20.000ns})
  Destination:            inst_svpwm/vector_proc_inst/pipeline_reg[0][pip_y][15]/D
                            (rising edge-triggered cell FDRE clocked by clk_out1_clk_wiz_0_1  {rise@0.000ns fall@10.000ns period=20.000ns})
  Path Group:             clk_out1_clk_wiz_0_1
  Path Type:              Hold (Min at Fast Process Corner)
  Requirement:            0.000ns  (clk_out1_clk_wiz_0_1 rise@0.000ns - clk_out1_clk_wiz_0_1 rise@0.000ns)
  Data Path Delay:        0.230ns  (logic 0.141ns (61.277%)  route 0.089ns (38.723%))
  Logic Levels:           0  
  Clock Path Skew:        0.013ns (DCD - SCD - CPR)
    Destination Clock Delay (DCD):    -0.307ns
    Source Clock Delay      (SCD):    -0.537ns
    Clock Pessimism Removal (CPR):    0.217ns

    Location             Delay type                Incr(ns)  Path(ns)    Netlist Resource(s)
  -------------------------------------------------------------------    -------------------
                         (clock clk_out1_clk_wiz_0_1 rise edge)
                                                      0.000     0.000 r  
    E3                                                0.000     0.000 r  clk (IN)
                         net (fo=0)                   0.000     0.000    pll_inst/inst/clk_in1
    E3                   IBUF (Prop_ibuf_I_O)         0.257     0.257 r  pll_inst/inst/clkin1_ibufg/O
                         net (fo=1, routed)           0.440     0.697    pll_inst/inst/clk_in1_clk_wiz_0
    PLLE2_ADV_X1Y1       PLLE2_ADV (Prop_plle2_adv_CLKIN1_CLKOUT0)
                                                     -2.319    -1.622 r  pll_inst/inst/plle2_adv_inst/CLKOUT0
                         net (fo=1, routed)           0.501    -1.121    pll_inst/inst/clk_out1_clk_wiz_0
    BUFGCTRL_X0Y16       BUFG (Prop_bufg_I_O)         0.026    -1.095 r  pll_inst/inst/clkout1_buf/O
                         net (fo=5373, routed)        0.558    -0.537    inst_svpwm/vector_proc_inst/clk_out1
    SLICE_X55Y65         FDRE                                         r  inst_svpwm/vector_proc_inst/y_reg_reg[15]/C
  -------------------------------------------------------------------    -------------------
    SLICE_X55Y65         FDRE (Prop_fdre_C_Q)         0.141    -0.396 r  inst_svpwm/vector_proc_inst/y_reg_reg[15]/Q
                         net (fo=1, routed)           0.089    -0.307    inst_svpwm/vector_proc_inst/y_reg[15]
    SLICE_X54Y65         FDRE                                         r  inst_svpwm/vector_proc_inst/pipeline_reg[0][pip_y][15]/D
  -------------------------------------------------------------------    -------------------

                         (clock clk_out1_clk_wiz_0_1 rise edge)
                                                      0.000     0.000 r  
    E3                                                0.000     0.000 r  clk (IN)
                         net (fo=0)                   0.000     0.000    pll_inst/inst/clk_in1
    E3                   IBUF (Prop_ibuf_I_O)         0.445     0.445 r  pll_inst/inst/clkin1_ibufg/O
                         net (fo=1, routed)           0.481     0.926    pll_inst/inst/clk_in1_clk_wiz_0
    PLLE2_ADV_X1Y1       PLLE2_ADV (Prop_plle2_adv_CLKIN1_CLKOUT0)
                                                     -2.634    -1.708 r  pll_inst/inst/plle2_adv_inst/CLKOUT0
                         net (fo=1, routed)           0.546    -1.163    pll_inst/inst/clk_out1_clk_wiz_0
    BUFGCTRL_X0Y16       BUFG (Prop_bufg_I_O)         0.029    -1.134 r  pll_inst/inst/clkout1_buf/O
                         net (fo=5373, routed)        0.826    -0.307    inst_svpwm/vector_proc_inst/clk_out1
    SLICE_X54Y65         FDRE                                         r  inst_svpwm/vector_proc_inst/pipeline_reg[0][pip_y][15]/C
                         clock pessimism             -0.217    -0.524    
    SLICE_X54Y65         FDRE (Hold_fdre_C_D)         0.083    -0.441    inst_svpwm/vector_proc_inst/pipeline_reg[0][pip_y][15]
  -------------------------------------------------------------------
                         required time                          0.441    
                         arrival time                          -0.307    
  -------------------------------------------------------------------
                         slack                                  0.134    

Slack (MET) :             0.139ns  (arrival time - required time)
  Source:                 inst_svpwm/time_processor_inst/cordic_inst_T2/pipeline_reg[7][pip_sin][4]/C
                            (rising edge-triggered cell FDCE clocked by clk_out1_clk_wiz_0_1  {rise@0.000ns fall@10.000ns period=20.000ns})
  Destination:            inst_svpwm/time_processor_inst/cordic_inst_T2/pipeline_reg[8][pip_sin][25]/D
                            (rising edge-triggered cell FDCE clocked by clk_out1_clk_wiz_0_1  {rise@0.000ns fall@10.000ns period=20.000ns})
  Path Group:             clk_out1_clk_wiz_0_1
  Path Type:              Hold (Min at Fast Process Corner)
  Requirement:            0.000ns  (clk_out1_clk_wiz_0_1 rise@0.000ns - clk_out1_clk_wiz_0_1 rise@0.000ns)
  Data Path Delay:        0.626ns  (logic 0.517ns (82.568%)  route 0.109ns (17.432%))
  Logic Levels:           6  (CARRY4=6)
  Clock Path Skew:        0.353ns (DCD - SCD - CPR)
    Destination Clock Delay (DCD):    -0.185ns
    Source Clock Delay      (SCD):    -0.504ns
    Clock Pessimism Removal (CPR):    -0.034ns

    Location             Delay type                Incr(ns)  Path(ns)    Netlist Resource(s)
  -------------------------------------------------------------------    -------------------
                         (clock clk_out1_clk_wiz_0_1 rise edge)
                                                      0.000     0.000 r  
    E3                                                0.000     0.000 r  clk (IN)
                         net (fo=0)                   0.000     0.000    pll_inst/inst/clk_in1
    E3                   IBUF (Prop_ibuf_I_O)         0.257     0.257 r  pll_inst/inst/clkin1_ibufg/O
                         net (fo=1, routed)           0.440     0.697    pll_inst/inst/clk_in1_clk_wiz_0
    PLLE2_ADV_X1Y1       PLLE2_ADV (Prop_plle2_adv_CLKIN1_CLKOUT0)
                                                     -2.319    -1.622 r  pll_inst/inst/plle2_adv_inst/CLKOUT0
                         net (fo=1, routed)           0.501    -1.121    pll_inst/inst/clk_out1_clk_wiz_0
    BUFGCTRL_X0Y16       BUFG (Prop_bufg_I_O)         0.026    -1.095 r  pll_inst/inst/clkout1_buf/O
                         net (fo=5373, routed)        0.591    -0.504    inst_svpwm/time_processor_inst/cordic_inst_T2/clk_out1
    SLICE_X1Y94          FDCE                                         r  inst_svpwm/time_processor_inst/cordic_inst_T2/pipeline_reg[7][pip_sin][4]/C
  -------------------------------------------------------------------    -------------------
    SLICE_X1Y94          FDCE (Prop_fdce_C_Q)         0.141    -0.363 r  inst_svpwm/time_processor_inst/cordic_inst_T2/pipeline_reg[7][pip_sin][4]/Q
                         net (fo=2, routed)           0.108    -0.255    inst_svpwm/time_processor_inst/cordic_inst_T2/pipeline_reg[7][pip_sin][4]
    SLICE_X2Y95          CARRY4 (Prop_carry4_DI[1]_CO[3])
                                                      0.150    -0.105 r  inst_svpwm/time_processor_inst/cordic_inst_T2/pipeline_reg[8][pip_sin][6]_i_1/CO[3]
                         net (fo=1, routed)           0.000    -0.105    inst_svpwm/time_processor_inst/cordic_inst_T2/pipeline_reg[8][pip_sin][6]_i_1_n_0
    SLICE_X2Y96          CARRY4 (Prop_carry4_CI_CO[3])
                                                      0.040    -0.065 r  inst_svpwm/time_processor_inst/cordic_inst_T2/pipeline_reg[8][pip_sin][10]_i_1/CO[3]
                         net (fo=1, routed)           0.000    -0.065    inst_svpwm/time_processor_inst/cordic_inst_T2/pipeline_reg[8][pip_sin][10]_i_1_n_0
    SLICE_X2Y97          CARRY4 (Prop_carry4_CI_CO[3])
                                                      0.040    -0.025 r  inst_svpwm/time_processor_inst/cordic_inst_T2/pipeline_reg[8][pip_sin][14]_i_1/CO[3]
                         net (fo=1, routed)           0.000    -0.025    inst_svpwm/time_processor_inst/cordic_inst_T2/pipeline_reg[8][pip_sin][14]_i_1_n_0
    SLICE_X2Y98          CARRY4 (Prop_carry4_CI_CO[3])
                                                      0.040     0.015 r  inst_svpwm/time_processor_inst/cordic_inst_T2/pipeline_reg[8][pip_sin][18]_i_1/CO[3]
                         net (fo=1, routed)           0.000     0.015    inst_svpwm/time_processor_inst/cordic_inst_T2/pipeline_reg[8][pip_sin][18]_i_1_n_0
    SLICE_X2Y99          CARRY4 (Prop_carry4_CI_CO[3])
                                                      0.040     0.055 r  inst_svpwm/time_processor_inst/cordic_inst_T2/pipeline_reg[8][pip_sin][22]_i_1/CO[3]
                         net (fo=1, routed)           0.001     0.056    inst_svpwm/time_processor_inst/cordic_inst_T2/pipeline_reg[8][pip_sin][22]_i_1_n_0
    SLICE_X2Y100         CARRY4 (Prop_carry4_CI_O[2])
                                                      0.066     0.122 r  inst_svpwm/time_processor_inst/cordic_inst_T2/pipeline_reg[8][pip_sin][26]_i_1/O[2]
                         net (fo=1, routed)           0.000     0.122    inst_svpwm/time_processor_inst/cordic_inst_T2/pipeline_reg[8][pip_sin][26]_i_1_n_5
    SLICE_X2Y100         FDCE                                         r  inst_svpwm/time_processor_inst/cordic_inst_T2/pipeline_reg[8][pip_sin][25]/D
  -------------------------------------------------------------------    -------------------

                         (clock clk_out1_clk_wiz_0_1 rise edge)
                                                      0.000     0.000 r  
    E3                                                0.000     0.000 r  clk (IN)
                         net (fo=0)                   0.000     0.000    pll_inst/inst/clk_in1
    E3                   IBUF (Prop_ibuf_I_O)         0.445     0.445 r  pll_inst/inst/clkin1_ibufg/O
                         net (fo=1, routed)           0.481     0.926    pll_inst/inst/clk_in1_clk_wiz_0
    PLLE2_ADV_X1Y1       PLLE2_ADV (Prop_plle2_adv_CLKIN1_CLKOUT0)
                                                     -2.634    -1.708 r  pll_inst/inst/plle2_adv_inst/CLKOUT0
                         net (fo=1, routed)           0.546    -1.163    pll_inst/inst/clk_out1_clk_wiz_0
    BUFGCTRL_X0Y16       BUFG (Prop_bufg_I_O)         0.029    -1.134 r  pll_inst/inst/clkout1_buf/O
                         net (fo=5373, routed)        0.949    -0.185    inst_svpwm/time_processor_inst/cordic_inst_T2/clk_out1
    SLICE_X2Y100         FDCE                                         r  inst_svpwm/time_processor_inst/cordic_inst_T2/pipeline_reg[8][pip_sin][25]/C
                         clock pessimism              0.034    -0.151    
    SLICE_X2Y100         FDCE (Hold_fdce_C_D)         0.134    -0.017    inst_svpwm/time_processor_inst/cordic_inst_T2/pipeline_reg[8][pip_sin][25]
  -------------------------------------------------------------------
                         required time                          0.017    
                         arrival time                           0.122    
  -------------------------------------------------------------------
                         slack                                  0.139    

Slack (MET) :             0.145ns  (arrival time - required time)
  Source:                 inst_svpwm/time_processor_inst/cordic_inst_T1/pipeline_reg[3][pip_theta][19]/C
                            (rising edge-triggered cell FDCE clocked by clk_out1_clk_wiz_0_1  {rise@0.000ns fall@10.000ns period=20.000ns})
  Destination:            inst_svpwm/time_processor_inst/cordic_inst_T1/pipeline_reg[4][pip_theta][28]/D
                            (rising edge-triggered cell FDCE clocked by clk_out1_clk_wiz_0_1  {rise@0.000ns fall@10.000ns period=20.000ns})
  Path Group:             clk_out1_clk_wiz_0_1
  Path Type:              Hold (Min at Fast Process Corner)
  Requirement:            0.000ns  (clk_out1_clk_wiz_0_1 rise@0.000ns - clk_out1_clk_wiz_0_1 rise@0.000ns)
  Data Path Delay:        0.600ns  (logic 0.433ns (72.149%)  route 0.167ns (27.851%))
  Logic Levels:           5  (CARRY4=4 LUT2=1)
  Clock Path Skew:        0.350ns (DCD - SCD - CPR)
    Destination Clock Delay (DCD):    -0.219ns
    Source Clock Delay      (SCD):    -0.535ns
    Clock Pessimism Removal (CPR):    -0.034ns

    Location             Delay type                Incr(ns)  Path(ns)    Netlist Resource(s)
  -------------------------------------------------------------------    -------------------
                         (clock clk_out1_clk_wiz_0_1 rise edge)
                                                      0.000     0.000 r  
    E3                                                0.000     0.000 r  clk (IN)
                         net (fo=0)                   0.000     0.000    pll_inst/inst/clk_in1
    E3                   IBUF (Prop_ibuf_I_O)         0.257     0.257 r  pll_inst/inst/clkin1_ibufg/O
                         net (fo=1, routed)           0.440     0.697    pll_inst/inst/clk_in1_clk_wiz_0
    PLLE2_ADV_X1Y1       PLLE2_ADV (Prop_plle2_adv_CLKIN1_CLKOUT0)
                                                     -2.319    -1.622 r  pll_inst/inst/plle2_adv_inst/CLKOUT0
                         net (fo=1, routed)           0.501    -1.121    pll_inst/inst/clk_out1_clk_wiz_0
    BUFGCTRL_X0Y16       BUFG (Prop_bufg_I_O)         0.026    -1.095 r  pll_inst/inst/clkout1_buf/O
                         net (fo=5373, routed)        0.560    -0.535    inst_svpwm/time_processor_inst/cordic_inst_T1/clk_out1
    SLICE_X37Y98         FDCE                                         r  inst_svpwm/time_processor_inst/cordic_inst_T1/pipeline_reg[3][pip_theta][19]/C
  -------------------------------------------------------------------    -------------------
    SLICE_X37Y98         FDCE (Prop_fdce_C_Q)         0.141    -0.394 r  inst_svpwm/time_processor_inst/cordic_inst_T1/pipeline_reg[3][pip_theta][19]/Q
                         net (fo=3, routed)           0.166    -0.228    inst_svpwm/time_processor_inst/cordic_inst_T1/pipeline_reg[3][pip_theta][19]
    SLICE_X36Y97         LUT2 (Prop_lut2_I1_O)        0.045    -0.183 r  inst_svpwm/time_processor_inst/cordic_inst_T1/pipeline[4][pip_theta][19]_i_4/O
                         net (fo=1, routed)           0.000    -0.183    inst_svpwm/time_processor_inst/cordic_inst_T1/pipeline[4][pip_theta][19]_i_4_n_0
    SLICE_X36Y97         CARRY4 (Prop_carry4_S[3]_CO[3])
                                                      0.115    -0.068 r  inst_svpwm/time_processor_inst/cordic_inst_T1/pipeline_reg[4][pip_theta][19]_i_1/CO[3]
                         net (fo=1, routed)           0.000    -0.068    inst_svpwm/time_processor_inst/cordic_inst_T1/pipeline_reg[4][pip_theta][19]_i_1_n_0
    SLICE_X36Y98         CARRY4 (Prop_carry4_CI_CO[3])
                                                      0.039    -0.029 r  inst_svpwm/time_processor_inst/cordic_inst_T1/pipeline_reg[4][pip_theta][23]_i_1/CO[3]
                         net (fo=1, routed)           0.000    -0.029    inst_svpwm/time_processor_inst/cordic_inst_T1/pipeline_reg[4][pip_theta][23]_i_1_n_0
    SLICE_X36Y99         CARRY4 (Prop_carry4_CI_CO[3])
                                                      0.039     0.010 r  inst_svpwm/time_processor_inst/cordic_inst_T1/pipeline_reg[4][pip_theta][27]_i_1/CO[3]
                         net (fo=1, routed)           0.001     0.011    inst_svpwm/time_processor_inst/cordic_inst_T1/pipeline_reg[4][pip_theta][27]_i_1_n_0
    SLICE_X36Y100        CARRY4 (Prop_carry4_CI_O[0])
                                                      0.054     0.065 r  inst_svpwm/time_processor_inst/cordic_inst_T1/pipeline_reg[4][pip_theta][31]_i_1/O[0]
                         net (fo=1, routed)           0.000     0.065    inst_svpwm/time_processor_inst/cordic_inst_T1/pipeline_reg[4][pip_theta][31]_i_1_n_7
    SLICE_X36Y100        FDCE                                         r  inst_svpwm/time_processor_inst/cordic_inst_T1/pipeline_reg[4][pip_theta][28]/D
  -------------------------------------------------------------------    -------------------

                         (clock clk_out1_clk_wiz_0_1 rise edge)
                                                      0.000     0.000 r  
    E3                                                0.000     0.000 r  clk (IN)
                         net (fo=0)                   0.000     0.000    pll_inst/inst/clk_in1
    E3                   IBUF (Prop_ibuf_I_O)         0.445     0.445 r  pll_inst/inst/clkin1_ibufg/O
                         net (fo=1, routed)           0.481     0.926    pll_inst/inst/clk_in1_clk_wiz_0
    PLLE2_ADV_X1Y1       PLLE2_ADV (Prop_plle2_adv_CLKIN1_CLKOUT0)
                                                     -2.634    -1.708 r  pll_inst/inst/plle2_adv_inst/CLKOUT0
                         net (fo=1, routed)           0.546    -1.163    pll_inst/inst/clk_out1_clk_wiz_0
    BUFGCTRL_X0Y16       BUFG (Prop_bufg_I_O)         0.029    -1.134 r  pll_inst/inst/clkout1_buf/O
                         net (fo=5373, routed)        0.915    -0.219    inst_svpwm/time_processor_inst/cordic_inst_T1/clk_out1
    SLICE_X36Y100        FDCE                                         r  inst_svpwm/time_processor_inst/cordic_inst_T1/pipeline_reg[4][pip_theta][28]/C
                         clock pessimism              0.034    -0.185    
    SLICE_X36Y100        FDCE (Hold_fdce_C_D)         0.105    -0.080    inst_svpwm/time_processor_inst/cordic_inst_T1/pipeline_reg[4][pip_theta][28]
  -------------------------------------------------------------------
                         required time                          0.080    
                         arrival time                           0.065    
  -------------------------------------------------------------------
                         slack                                  0.145    

Slack (MET) :             0.146ns  (arrival time - required time)
  Source:                 inst_svpwm/vector_proc_inst/pipeline_reg[15][pip_x][32]/C
                            (rising edge-triggered cell FDRE clocked by clk_out1_clk_wiz_0_1  {rise@0.000ns fall@10.000ns period=20.000ns})
  Destination:            inst_svpwm/vector_proc_inst/shift_reg_reg[31]/D
                            (rising edge-triggered cell FDRE clocked by clk_out1_clk_wiz_0_1  {rise@0.000ns fall@10.000ns period=20.000ns})
  Path Group:             clk_out1_clk_wiz_0_1
  Path Type:              Hold (Min at Fast Process Corner)
  Requirement:            0.000ns  (clk_out1_clk_wiz_0_1 rise@0.000ns - clk_out1_clk_wiz_0_1 rise@0.000ns)
  Data Path Delay:        0.256ns  (logic 0.141ns (55.140%)  route 0.115ns (44.860%))
  Logic Levels:           0  
  Clock Path Skew:        0.032ns (DCD - SCD - CPR)
    Destination Clock Delay (DCD):    -0.313ns
    Source Clock Delay      (SCD):    -0.540ns
    Clock Pessimism Removal (CPR):    0.195ns

    Location             Delay type                Incr(ns)  Path(ns)    Netlist Resource(s)
  -------------------------------------------------------------------    -------------------
                         (clock clk_out1_clk_wiz_0_1 rise edge)
                                                      0.000     0.000 r  
    E3                                                0.000     0.000 r  clk (IN)
                         net (fo=0)                   0.000     0.000    pll_inst/inst/clk_in1
    E3                   IBUF (Prop_ibuf_I_O)         0.257     0.257 r  pll_inst/inst/clkin1_ibufg/O
                         net (fo=1, routed)           0.440     0.697    pll_inst/inst/clk_in1_clk_wiz_0
    PLLE2_ADV_X1Y1       PLLE2_ADV (Prop_plle2_adv_CLKIN1_CLKOUT0)
                                                     -2.319    -1.622 r  pll_inst/inst/plle2_adv_inst/CLKOUT0
                         net (fo=1, routed)           0.501    -1.121    pll_inst/inst/clk_out1_clk_wiz_0
    BUFGCTRL_X0Y16       BUFG (Prop_bufg_I_O)         0.026    -1.095 r  pll_inst/inst/clkout1_buf/O
                         net (fo=5373, routed)        0.555    -0.540    inst_svpwm/vector_proc_inst/clk_out1
    SLICE_X28Y84         FDRE                                         r  inst_svpwm/vector_proc_inst/pipeline_reg[15][pip_x][32]/C
  -------------------------------------------------------------------    -------------------
    SLICE_X28Y84         FDRE (Prop_fdre_C_Q)         0.141    -0.399 r  inst_svpwm/vector_proc_inst/pipeline_reg[15][pip_x][32]/Q
                         net (fo=1, routed)           0.115    -0.284    inst_svpwm/vector_proc_inst/pipeline_reg[15][pip_x_n_0_][32]
    SLICE_X31Y83         FDRE                                         r  inst_svpwm/vector_proc_inst/shift_reg_reg[31]/D
  -------------------------------------------------------------------    -------------------

                         (clock clk_out1_clk_wiz_0_1 rise edge)
                                                      0.000     0.000 r  
    E3                                                0.000     0.000 r  clk (IN)
                         net (fo=0)                   0.000     0.000    pll_inst/inst/clk_in1
    E3                   IBUF (Prop_ibuf_I_O)         0.445     0.445 r  pll_inst/inst/clkin1_ibufg/O
                         net (fo=1, routed)           0.481     0.926    pll_inst/inst/clk_in1_clk_wiz_0
    PLLE2_ADV_X1Y1       PLLE2_ADV (Prop_plle2_adv_CLKIN1_CLKOUT0)
                                                     -2.634    -1.708 r  pll_inst/inst/plle2_adv_inst/CLKOUT0
                         net (fo=1, routed)           0.546    -1.163    pll_inst/inst/clk_out1_clk_wiz_0
    BUFGCTRL_X0Y16       BUFG (Prop_bufg_I_O)         0.029    -1.134 r  pll_inst/inst/clkout1_buf/O
                         net (fo=5373, routed)        0.821    -0.313    inst_svpwm/vector_proc_inst/clk_out1
    SLICE_X31Y83         FDRE                                         r  inst_svpwm/vector_proc_inst/shift_reg_reg[31]/C
                         clock pessimism             -0.195    -0.508    
    SLICE_X31Y83         FDRE (Hold_fdre_C_D)         0.078    -0.430    inst_svpwm/vector_proc_inst/shift_reg_reg[31]
  -------------------------------------------------------------------
                         required time                          0.430    
                         arrival time                          -0.284    
  -------------------------------------------------------------------
                         slack                                  0.146    

Slack (MET) :             0.149ns  (arrival time - required time)
  Source:                 inst_svpwm/time_processor_inst/t1_shift_reg_reg[26]/C
                            (rising edge-triggered cell FDRE clocked by clk_out1_clk_wiz_0_1  {rise@0.000ns fall@10.000ns period=20.000ns})
  Destination:            inst_svpwm/time_processor_inst/t2_int_reg[26]/D
                            (rising edge-triggered cell FDRE clocked by clk_out1_clk_wiz_0_1  {rise@0.000ns fall@10.000ns period=20.000ns})
  Path Group:             clk_out1_clk_wiz_0_1
  Path Type:              Hold (Min at Fast Process Corner)
  Requirement:            0.000ns  (clk_out1_clk_wiz_0_1 rise@0.000ns - clk_out1_clk_wiz_0_1 rise@0.000ns)
  Data Path Delay:        0.255ns  (logic 0.141ns (55.287%)  route 0.114ns (44.713%))
  Logic Levels:           0  
  Clock Path Skew:        0.035ns (DCD - SCD - CPR)
    Destination Clock Delay (DCD):    -0.217ns
    Source Clock Delay      (SCD):    -0.451ns
    Clock Pessimism Removal (CPR):    0.199ns

    Location             Delay type                Incr(ns)  Path(ns)    Netlist Resource(s)
  -------------------------------------------------------------------    -------------------
                         (clock clk_out1_clk_wiz_0_1 rise edge)
                                                      0.000     0.000 r  
    E3                                                0.000     0.000 r  clk (IN)
                         net (fo=0)                   0.000     0.000    pll_inst/inst/clk_in1
    E3                   IBUF (Prop_ibuf_I_O)         0.257     0.257 r  pll_inst/inst/clkin1_ibufg/O
                         net (fo=1, routed)           0.440     0.697    pll_inst/inst/clk_in1_clk_wiz_0
    PLLE2_ADV_X1Y1       PLLE2_ADV (Prop_plle2_adv_CLKIN1_CLKOUT0)
                                                     -2.319    -1.622 r  pll_inst/inst/plle2_adv_inst/CLKOUT0
                         net (fo=1, routed)           0.501    -1.121    pll_inst/inst/clk_out1_clk_wiz_0
    BUFGCTRL_X0Y16       BUFG (Prop_bufg_I_O)         0.026    -1.095 r  pll_inst/inst/clkout1_buf/O
                         net (fo=5373, routed)        0.644    -0.451    inst_svpwm/time_processor_inst/clk_out1
    SLICE_X23Y101        FDRE                                         r  inst_svpwm/time_processor_inst/t1_shift_reg_reg[26]/C
  -------------------------------------------------------------------    -------------------
    SLICE_X23Y101        FDRE (Prop_fdre_C_Q)         0.141    -0.310 r  inst_svpwm/time_processor_inst/t1_shift_reg_reg[26]/Q
                         net (fo=1, routed)           0.114    -0.196    inst_svpwm/time_processor_inst/t1_shift_reg[26]
    SLICE_X24Y102        FDRE                                         r  inst_svpwm/time_processor_inst/t2_int_reg[26]/D
  -------------------------------------------------------------------    -------------------

                         (clock clk_out1_clk_wiz_0_1 rise edge)
                                                      0.000     0.000 r  
    E3                                                0.000     0.000 r  clk (IN)
                         net (fo=0)                   0.000     0.000    pll_inst/inst/clk_in1
    E3                   IBUF (Prop_ibuf_I_O)         0.445     0.445 r  pll_inst/inst/clkin1_ibufg/O
                         net (fo=1, routed)           0.481     0.926    pll_inst/inst/clk_in1_clk_wiz_0
    PLLE2_ADV_X1Y1       PLLE2_ADV (Prop_plle2_adv_CLKIN1_CLKOUT0)
                                                     -2.634    -1.708 r  pll_inst/inst/plle2_adv_inst/CLKOUT0
                         net (fo=1, routed)           0.546    -1.163    pll_inst/inst/clk_out1_clk_wiz_0
    BUFGCTRL_X0Y16       BUFG (Prop_bufg_I_O)         0.029    -1.134 r  pll_inst/inst/clkout1_buf/O
                         net (fo=5373, routed)        0.917    -0.217    inst_svpwm/time_processor_inst/clk_out1
    SLICE_X24Y102        FDRE                                         r  inst_svpwm/time_processor_inst/t2_int_reg[26]/C
                         clock pessimism             -0.199    -0.416    
    SLICE_X24Y102        FDRE (Hold_fdre_C_D)         0.071    -0.345    inst_svpwm/time_processor_inst/t2_int_reg[26]
  -------------------------------------------------------------------
                         required time                          0.345    
                         arrival time                          -0.196    
  -------------------------------------------------------------------
                         slack                                  0.149    

Slack (MET) :             0.150ns  (arrival time - required time)
  Source:                 inst_svpwm/vector_proc_inst/pipeline_reg[15][pip_x][25]/C
                            (rising edge-triggered cell FDRE clocked by clk_out1_clk_wiz_0_1  {rise@0.000ns fall@10.000ns period=20.000ns})
  Destination:            inst_svpwm/vector_proc_inst/shift_reg_reg[24]/D
                            (rising edge-triggered cell FDRE clocked by clk_out1_clk_wiz_0_1  {rise@0.000ns fall@10.000ns period=20.000ns})
  Path Group:             clk_out1_clk_wiz_0_1
  Path Type:              Hold (Min at Fast Process Corner)
  Requirement:            0.000ns  (clk_out1_clk_wiz_0_1 rise@0.000ns - clk_out1_clk_wiz_0_1 rise@0.000ns)
  Data Path Delay:        0.261ns  (logic 0.141ns (54.115%)  route 0.120ns (45.885%))
  Logic Levels:           0  
  Clock Path Skew:        0.033ns (DCD - SCD - CPR)
    Destination Clock Delay (DCD):    -0.314ns
    Source Clock Delay      (SCD):    -0.542ns
    Clock Pessimism Removal (CPR):    0.195ns

    Location             Delay type                Incr(ns)  Path(ns)    Netlist Resource(s)
  -------------------------------------------------------------------    -------------------
                         (clock clk_out1_clk_wiz_0_1 rise edge)
                                                      0.000     0.000 r  
    E3                                                0.000     0.000 r  clk (IN)
                         net (fo=0)                   0.000     0.000    pll_inst/inst/clk_in1
    E3                   IBUF (Prop_ibuf_I_O)         0.257     0.257 r  pll_inst/inst/clkin1_ibufg/O
                         net (fo=1, routed)           0.440     0.697    pll_inst/inst/clk_in1_clk_wiz_0
    PLLE2_ADV_X1Y1       PLLE2_ADV (Prop_plle2_adv_CLKIN1_CLKOUT0)
                                                     -2.319    -1.622 r  pll_inst/inst/plle2_adv_inst/CLKOUT0
                         net (fo=1, routed)           0.501    -1.121    pll_inst/inst/clk_out1_clk_wiz_0
    BUFGCTRL_X0Y16       BUFG (Prop_bufg_I_O)         0.026    -1.095 r  pll_inst/inst/clkout1_buf/O
                         net (fo=5373, routed)        0.553    -0.542    inst_svpwm/vector_proc_inst/clk_out1
    SLICE_X28Y82         FDRE                                         r  inst_svpwm/vector_proc_inst/pipeline_reg[15][pip_x][25]/C
  -------------------------------------------------------------------    -------------------
    SLICE_X28Y82         FDRE (Prop_fdre_C_Q)         0.141    -0.401 r  inst_svpwm/vector_proc_inst/pipeline_reg[15][pip_x][25]/Q
                         net (fo=1, routed)           0.120    -0.282    inst_svpwm/vector_proc_inst/pipeline_reg[15][pip_x_n_0_][25]
    SLICE_X31Y82         FDRE                                         r  inst_svpwm/vector_proc_inst/shift_reg_reg[24]/D
  -------------------------------------------------------------------    -------------------

                         (clock clk_out1_clk_wiz_0_1 rise edge)
                                                      0.000     0.000 r  
    E3                                                0.000     0.000 r  clk (IN)
                         net (fo=0)                   0.000     0.000    pll_inst/inst/clk_in1
    E3                   IBUF (Prop_ibuf_I_O)         0.445     0.445 r  pll_inst/inst/clkin1_ibufg/O
                         net (fo=1, routed)           0.481     0.926    pll_inst/inst/clk_in1_clk_wiz_0
    PLLE2_ADV_X1Y1       PLLE2_ADV (Prop_plle2_adv_CLKIN1_CLKOUT0)
                                                     -2.634    -1.708 r  pll_inst/inst/plle2_adv_inst/CLKOUT0
                         net (fo=1, routed)           0.546    -1.163    pll_inst/inst/clk_out1_clk_wiz_0
    BUFGCTRL_X0Y16       BUFG (Prop_bufg_I_O)         0.029    -1.134 r  pll_inst/inst/clkout1_buf/O
                         net (fo=5373, routed)        0.819    -0.314    inst_svpwm/vector_proc_inst/clk_out1
    SLICE_X31Y82         FDRE                                         r  inst_svpwm/vector_proc_inst/shift_reg_reg[24]/C
                         clock pessimism             -0.195    -0.509    
    SLICE_X31Y82         FDRE (Hold_fdre_C_D)         0.078    -0.431    inst_svpwm/vector_proc_inst/shift_reg_reg[24]
  -------------------------------------------------------------------
                         required time                          0.431    
                         arrival time                          -0.282    
  -------------------------------------------------------------------
                         slack                                  0.150    





Pulse Width Checks
--------------------------------------------------------------------------------------
Clock Name:         clk_out1_clk_wiz_0_1
Waveform(ns):       { 0.000 10.000 }
Period(ns):         20.000
Sources:            { pll_inst/inst/plle2_adv_inst/CLKOUT0 }

Check Type        Corner  Lib Pin            Reference Pin  Required(ns)  Actual(ns)  Slack(ns)  Location        Pin
Min Period        n/a     DSP48E1/CLK        n/a            3.884         20.000      16.116     DSP48_X0Y33     inst_svpwm/vector_proc_inst/mult_reg_reg/CLK
Min Period        n/a     DSP48E1/CLK        n/a            3.884         20.000      16.116     DSP48_X0Y31     inst_svpwm/vector_proc_inst/mult_reg_reg__0/CLK
Min Period        n/a     BUFG/I             n/a            2.155         20.000      17.845     BUFGCTRL_X0Y16  pll_inst/inst/clkout1_buf/I
Min Period        n/a     DSP48E1/CLK        n/a            2.154         20.000      17.846     DSP48_X1Y21     inst_svpwm/clarke_inst/mult_reg_1_reg/CLK
Min Period        n/a     DSP48E1/CLK        n/a            2.154         20.000      17.846     DSP48_X1Y24     inst_svpwm/clarke_inst/mult_reg_2_reg/CLK
Min Period        n/a     DSP48E1/CLK        n/a            2.154         20.000      17.846     DSP48_X1Y23     inst_svpwm/clarke_inst/mult_reg_3_reg/CLK
Min Period        n/a     DSP48E1/CLK        n/a            2.154         20.000      17.846     DSP48_X1Y25     inst_svpwm/clarke_inst/mult_reg_4_reg/CLK
Min Period        n/a     DSP48E1/CLK        n/a            2.154         20.000      17.846     DSP48_X1Y22     inst_svpwm/clarke_inst/v_alpha_reg/CLK
Min Period        n/a     DSP48E1/CLK        n/a            2.154         20.000      17.846     DSP48_X1Y26     inst_svpwm/clarke_inst/v_beta_reg/CLK
Min Period        n/a     DSP48E1/CLK        n/a            2.154         20.000      17.846     DSP48_X0Y39     inst_svpwm/time_processor_inst/t1_mult_reg_reg/CLK
Max Period        n/a     PLLE2_ADV/CLKOUT0  n/a            160.000       20.000      140.000    PLLE2_ADV_X1Y1  pll_inst/inst/plle2_adv_inst/CLKOUT0
Low Pulse Width   Slow    SRL16E/CLK         n/a            0.980         10.000      9.020      SLICE_X30Y100   inst_svpwm/time_processor_inst/cordic_inst_T1/pipeline_reg[11][pip_theta][14]_srl2_inst_svpwm_time_processor_inst_shift_reg_sector_sig_delay_line_reg_c_0/CLK
Low Pulse Width   Fast    SRL16E/CLK         n/a            0.980         10.000      9.020      SLICE_X30Y100   inst_svpwm/time_processor_inst/cordic_inst_T1/pipeline_reg[11][pip_theta][14]_srl2_inst_svpwm_time_processor_inst_shift_reg_sector_sig_delay_line_reg_c_0/CLK
Low Pulse Width   Slow    SRL16E/CLK         n/a            0.980         10.000      9.020      SLICE_X34Y100   inst_svpwm/time_processor_inst/cordic_inst_T1/pipeline_reg[13][pip_quadrant][1]_srl14_inst_svpwm_time_processor_inst_shift_reg_sector_sig_delay_line_reg_c_12/CLK
Low Pulse Width   Fast    SRL16E/CLK         n/a            0.980         10.000      9.020      SLICE_X34Y100   inst_svpwm/time_processor_inst/cordic_inst_T1/pipeline_reg[13][pip_quadrant][1]_srl14_inst_svpwm_time_processor_inst_shift_reg_sector_sig_delay_line_reg_c_12/CLK
Low Pulse Width   Slow    SRL16E/CLK         n/a            0.980         10.000      9.020      SLICE_X10Y89    inst_svpwm/time_processor_inst/cordic_inst_T2/pipeline_reg[11][pip_theta][14]_srl2_inst_svpwm_time_processor_inst_shift_reg_sector_sig_delay_line_reg_c_0/CLK
Low Pulse Width   Fast    SRL16E/CLK         n/a            0.980         10.000      9.020      SLICE_X10Y89    inst_svpwm/time_processor_inst/cordic_inst_T2/pipeline_reg[11][pip_theta][14]_srl2_inst_svpwm_time_processor_inst_shift_reg_sector_sig_delay_line_reg_c_0/CLK
Low Pulse Width   Slow    SRL16E/CLK         n/a            0.980         10.000      9.020      SLICE_X34Y100   inst_svpwm/time_processor_inst/cordic_inst_T2/pipeline_reg[13][pip_quadrant][1]_srl14_inst_svpwm_time_processor_inst_shift_reg_sector_sig_delay_line_reg_c_12/CLK
Low Pulse Width   Fast    SRL16E/CLK         n/a            0.980         10.000      9.020      SLICE_X34Y100   inst_svpwm/time_processor_inst/cordic_inst_T2/pipeline_reg[13][pip_quadrant][1]_srl14_inst_svpwm_time_processor_inst_shift_reg_sector_sig_delay_line_reg_c_12/CLK
Low Pulse Width   Slow    SRLC32E/CLK        n/a            0.980         10.000      9.020      SLICE_X42Y98    inst_svpwm/time_processor_inst/shift_reg_sector/sig_delay_line_reg[19][0]_srl20_inst_svpwm_time_processor_inst_shift_reg_sector_sig_delay_line_reg_c_18/CLK
Low Pulse Width   Fast    SRLC32E/CLK        n/a            0.980         10.000      9.020      SLICE_X42Y98    inst_svpwm/time_processor_inst/shift_reg_sector/sig_delay_line_reg[19][0]_srl20_inst_svpwm_time_processor_inst_shift_reg_sector_sig_delay_line_reg_c_18/CLK
High Pulse Width  Slow    SRL16E/CLK         n/a            0.980         10.000      9.020      SLICE_X30Y100   inst_svpwm/time_processor_inst/cordic_inst_T1/pipeline_reg[11][pip_theta][14]_srl2_inst_svpwm_time_processor_inst_shift_reg_sector_sig_delay_line_reg_c_0/CLK
High Pulse Width  Fast    SRL16E/CLK         n/a            0.980         10.000      9.020      SLICE_X30Y100   inst_svpwm/time_processor_inst/cordic_inst_T1/pipeline_reg[11][pip_theta][14]_srl2_inst_svpwm_time_processor_inst_shift_reg_sector_sig_delay_line_reg_c_0/CLK
High Pulse Width  Slow    SRL16E/CLK         n/a            0.980         10.000      9.020      SLICE_X34Y100   inst_svpwm/time_processor_inst/cordic_inst_T1/pipeline_reg[13][pip_quadrant][1]_srl14_inst_svpwm_time_processor_inst_shift_reg_sector_sig_delay_line_reg_c_12/CLK
High Pulse Width  Fast    SRL16E/CLK         n/a            0.980         10.000      9.020      SLICE_X34Y100   inst_svpwm/time_processor_inst/cordic_inst_T1/pipeline_reg[13][pip_quadrant][1]_srl14_inst_svpwm_time_processor_inst_shift_reg_sector_sig_delay_line_reg_c_12/CLK
High Pulse Width  Slow    SRL16E/CLK         n/a            0.980         10.000      9.020      SLICE_X10Y89    inst_svpwm/time_processor_inst/cordic_inst_T2/pipeline_reg[11][pip_theta][14]_srl2_inst_svpwm_time_processor_inst_shift_reg_sector_sig_delay_line_reg_c_0/CLK
High Pulse Width  Fast    SRL16E/CLK         n/a            0.980         10.000      9.020      SLICE_X10Y89    inst_svpwm/time_processor_inst/cordic_inst_T2/pipeline_reg[11][pip_theta][14]_srl2_inst_svpwm_time_processor_inst_shift_reg_sector_sig_delay_line_reg_c_0/CLK
High Pulse Width  Slow    SRL16E/CLK         n/a            0.980         10.000      9.020      SLICE_X34Y100   inst_svpwm/time_processor_inst/cordic_inst_T2/pipeline_reg[13][pip_quadrant][1]_srl14_inst_svpwm_time_processor_inst_shift_reg_sector_sig_delay_line_reg_c_12/CLK
High Pulse Width  Fast    SRL16E/CLK         n/a            0.980         10.000      9.020      SLICE_X34Y100   inst_svpwm/time_processor_inst/cordic_inst_T2/pipeline_reg[13][pip_quadrant][1]_srl14_inst_svpwm_time_processor_inst_shift_reg_sector_sig_delay_line_reg_c_12/CLK
High Pulse Width  Slow    SRLC32E/CLK        n/a            0.980         10.000      9.020      SLICE_X42Y98    inst_svpwm/time_processor_inst/shift_reg_sector/sig_delay_line_reg[19][0]_srl20_inst_svpwm_time_processor_inst_shift_reg_sector_sig_delay_line_reg_c_18/CLK
High Pulse Width  Fast    SRLC32E/CLK        n/a            0.980         10.000      9.020      SLICE_X42Y98    inst_svpwm/time_processor_inst/shift_reg_sector/sig_delay_line_reg[19][0]_srl20_inst_svpwm_time_processor_inst_shift_reg_sector_sig_delay_line_reg_c_18/CLK



---------------------------------------------------------------------------------------------------
From Clock:  clkfbout_clk_wiz_0_1
  To Clock:  clkfbout_clk_wiz_0_1

Setup :           NA  Failing Endpoints,  Worst Slack           NA  ,  Total Violation           NA
Hold  :           NA  Failing Endpoints,  Worst Slack           NA  ,  Total Violation           NA
PW    :            0  Failing Endpoints,  Worst Slack       17.845ns,  Total Violation        0.000ns
---------------------------------------------------------------------------------------------------


Pulse Width Checks
--------------------------------------------------------------------------------------
Clock Name:         clkfbout_clk_wiz_0_1
Waveform(ns):       { 0.000 10.000 }
Period(ns):         20.000
Sources:            { pll_inst/inst/plle2_adv_inst/CLKFBOUT }

Check Type  Corner  Lib Pin             Reference Pin  Required(ns)  Actual(ns)  Slack(ns)  Location        Pin
Min Period  n/a     BUFG/I              n/a            2.155         20.000      17.845     BUFGCTRL_X0Y17  pll_inst/inst/clkf_buf/I
Min Period  n/a     PLLE2_ADV/CLKFBOUT  n/a            1.249         20.000      18.751     PLLE2_ADV_X1Y1  pll_inst/inst/plle2_adv_inst/CLKFBOUT
Min Period  n/a     PLLE2_ADV/CLKFBIN   n/a            1.249         20.000      18.751     PLLE2_ADV_X1Y1  pll_inst/inst/plle2_adv_inst/CLKFBIN
Max Period  n/a     PLLE2_ADV/CLKFBIN   n/a            52.633        20.000      32.633     PLLE2_ADV_X1Y1  pll_inst/inst/plle2_adv_inst/CLKFBIN
Max Period  n/a     PLLE2_ADV/CLKFBOUT  n/a            160.000       20.000      140.000    PLLE2_ADV_X1Y1  pll_inst/inst/plle2_adv_inst/CLKFBOUT



---------------------------------------------------------------------------------------------------
From Clock:  clk_out1_clk_wiz_0_1
  To Clock:  clk_out1_clk_wiz_0

Setup :            0  Failing Endpoints,  Worst Slack        8.941ns,  Total Violation        0.000ns
Hold  :            0  Failing Endpoints,  Worst Slack        0.013ns,  Total Violation        0.000ns
---------------------------------------------------------------------------------------------------


Max Delay Paths
--------------------------------------------------------------------------------------
Slack (MET) :             8.941ns  (required time - arrival time)
  Source:                 inst_svpwm/time_processor_inst/cordic_inst_T1/pipeline_reg[15][pip_sin][3]/C
                            (rising edge-triggered cell FDCE clocked by clk_out1_clk_wiz_0_1  {rise@0.000ns fall@10.000ns period=20.000ns})
  Destination:            inst_svpwm/time_processor_inst/t1_mult_reg_reg/PCIN[0]
                            (rising edge-triggered cell DSP48E1 clocked by clk_out1_clk_wiz_0  {rise@0.000ns fall@10.000ns period=20.000ns})
  Path Group:             clk_out1_clk_wiz_0
  Path Type:              Setup (Max at Slow Process Corner)
  Requirement:            20.000ns  (clk_out1_clk_wiz_0 rise@20.000ns - clk_out1_clk_wiz_0_1 rise@0.000ns)
  Data Path Delay:        9.359ns  (logic 6.060ns (64.752%)  route 3.299ns (35.248%))
  Logic Levels:           6  (CARRY4=3 DSP48E1=1 LUT1=1 LUT3=1)
  Clock Path Skew:        -0.192ns (DCD - SCD + CPR)
    Destination Clock Delay (DCD):    -1.941ns = ( 18.059 - 20.000 ) 
    Source Clock Delay      (SCD):    -2.246ns
    Clock Pessimism Removal (CPR):    -0.496ns
  Clock Uncertainty:      0.108ns  ((TSJ^2 + DJ^2)^1/2) / 2 + PE
    Total System Jitter     (TSJ):    0.071ns
    Discrete Jitter          (DJ):    0.203ns
    Phase Error              (PE):    0.000ns
  Clock Domain Crossing:  Inter clock paths are considered valid unless explicitly excluded by timing constraints such as set_clock_groups or set_false_path.

    Location             Delay type                Incr(ns)  Path(ns)    Netlist Resource(s)
  -------------------------------------------------------------------    -------------------
                         (clock clk_out1_clk_wiz_0_1 rise edge)
                                                      0.000     0.000 r  
    E3                                                0.000     0.000 r  clk (IN)
                         net (fo=0)                   0.000     0.000    pll_inst/inst/clk_in1
    E3                   IBUF (Prop_ibuf_I_O)         1.489     1.489 r  pll_inst/inst/clkin1_ibufg/O
                         net (fo=1, routed)           1.253     2.742    pll_inst/inst/clk_in1_clk_wiz_0
    PLLE2_ADV_X1Y1       PLLE2_ADV (Prop_plle2_adv_CLKIN1_CLKOUT0)
                                                     -8.467    -5.725 r  pll_inst/inst/plle2_adv_inst/CLKOUT0
                         net (fo=1, routed)           1.655    -4.070    pll_inst/inst/clk_out1_clk_wiz_0
    BUFGCTRL_X0Y16       BUFG (Prop_bufg_I_O)         0.096    -3.974 r  pll_inst/inst/clkout1_buf/O
                         net (fo=5373, routed)        1.728    -2.246    inst_svpwm/time_processor_inst/cordic_inst_T1/clk_out1
    SLICE_X10Y118        FDCE                                         r  inst_svpwm/time_processor_inst/cordic_inst_T1/pipeline_reg[15][pip_sin][3]/C
  -------------------------------------------------------------------    -------------------
    SLICE_X10Y118        FDCE (Prop_fdce_C_Q)         0.518    -1.728 f  inst_svpwm/time_processor_inst/cordic_inst_T1/pipeline_reg[15][pip_sin][3]/Q
                         net (fo=2, routed)           1.811     0.084    inst_svpwm/time_processor_inst/cordic_inst_T1/pipeline_reg[15][pip_sin][3]
    SLICE_X13Y92         LUT1 (Prop_lut1_I0_O)        0.124     0.208 r  inst_svpwm/time_processor_inst/cordic_inst_T1/t1_mult_reg0_i_39/O
                         net (fo=1, routed)           0.000     0.208    inst_svpwm/time_processor_inst/cordic_inst_T1/t1_mult_reg0_i_39_n_0
    SLICE_X13Y92         CARRY4 (Prop_carry4_S[3]_CO[3])
                                                      0.401     0.609 r  inst_svpwm/time_processor_inst/cordic_inst_T1/t1_mult_reg0_i_22/CO[3]
                         net (fo=1, routed)           0.000     0.609    inst_svpwm/time_processor_inst/cordic_inst_T1/t1_mult_reg0_i_22_n_0
    SLICE_X13Y93         CARRY4 (Prop_carry4_CI_CO[3])
                                                      0.114     0.723 r  inst_svpwm/time_processor_inst/cordic_inst_T1/t1_mult_reg0_i_21/CO[3]
                         net (fo=1, routed)           0.000     0.723    inst_svpwm/time_processor_inst/cordic_inst_T1/t1_mult_reg0_i_21_n_0
    SLICE_X13Y94         CARRY4 (Prop_carry4_CI_O[1])
                                                      0.334     1.057 r  inst_svpwm/time_processor_inst/cordic_inst_T1/t1_mult_reg0_i_20/O[1]
                         net (fo=1, routed)           0.732     1.789    inst_svpwm/time_processor_inst/cordic_inst_T1/sin_value0[9]
    SLICE_X14Y94         LUT3 (Prop_lut3_I1_O)        0.329     2.118 r  inst_svpwm/time_processor_inst/cordic_inst_T1/t1_mult_reg0_i_8/O
                         net (fo=2, routed)           0.754     2.871    inst_svpwm/time_processor_inst/sin_value[9]
    DSP48_X0Y38          DSP48E1 (Prop_dsp48e1_A[9]_PCOUT[0])
                                                      4.240     7.111 r  inst_svpwm/time_processor_inst/t1_mult_reg0/PCOUT[0]
                         net (fo=1, routed)           0.002     7.113    inst_svpwm/time_processor_inst/t1_mult_reg0_n_153
    DSP48_X0Y39          DSP48E1                                      r  inst_svpwm/time_processor_inst/t1_mult_reg_reg/PCIN[0]
  -------------------------------------------------------------------    -------------------

                         (clock clk_out1_clk_wiz_0 rise edge)
                                                     20.000    20.000 r  
    E3                                                0.000    20.000 r  clk (IN)
                         net (fo=0)                   0.000    20.000    pll_inst/inst/clk_in1
    E3                   IBUF (Prop_ibuf_I_O)         1.418    21.418 r  pll_inst/inst/clkin1_ibufg/O
                         net (fo=1, routed)           1.181    22.599    pll_inst/inst/clk_in1_clk_wiz_0
    PLLE2_ADV_X1Y1       PLLE2_ADV (Prop_plle2_adv_CLKIN1_CLKOUT0)
                                                     -7.736    14.863 r  pll_inst/inst/plle2_adv_inst/CLKOUT0
                         net (fo=1, routed)           1.576    16.439    pll_inst/inst/clk_out1_clk_wiz_0
    BUFGCTRL_X0Y16       BUFG (Prop_bufg_I_O)         0.091    16.530 r  pll_inst/inst/clkout1_buf/O
                         net (fo=5373, routed)        1.528    18.059    inst_svpwm/time_processor_inst/clk_out1
    DSP48_X0Y39          DSP48E1                                      r  inst_svpwm/time_processor_inst/t1_mult_reg_reg/CLK
                         clock pessimism             -0.496    17.562    
                         clock uncertainty           -0.108    17.455    
    DSP48_X0Y39          DSP48E1 (Setup_dsp48e1_CLK_PCIN[0])
                                                     -1.400    16.055    inst_svpwm/time_processor_inst/t1_mult_reg_reg
  -------------------------------------------------------------------
                         required time                         16.055    
                         arrival time                          -7.113    
  -------------------------------------------------------------------
                         slack                                  8.941    

Slack (MET) :             8.941ns  (required time - arrival time)
  Source:                 inst_svpwm/time_processor_inst/cordic_inst_T1/pipeline_reg[15][pip_sin][3]/C
                            (rising edge-triggered cell FDCE clocked by clk_out1_clk_wiz_0_1  {rise@0.000ns fall@10.000ns period=20.000ns})
  Destination:            inst_svpwm/time_processor_inst/t1_mult_reg_reg/PCIN[10]
                            (rising edge-triggered cell DSP48E1 clocked by clk_out1_clk_wiz_0  {rise@0.000ns fall@10.000ns period=20.000ns})
  Path Group:             clk_out1_clk_wiz_0
  Path Type:              Setup (Max at Slow Process Corner)
  Requirement:            20.000ns  (clk_out1_clk_wiz_0 rise@20.000ns - clk_out1_clk_wiz_0_1 rise@0.000ns)
  Data Path Delay:        9.359ns  (logic 6.060ns (64.752%)  route 3.299ns (35.248%))
  Logic Levels:           6  (CARRY4=3 DSP48E1=1 LUT1=1 LUT3=1)
  Clock Path Skew:        -0.192ns (DCD - SCD + CPR)
    Destination Clock Delay (DCD):    -1.941ns = ( 18.059 - 20.000 ) 
    Source Clock Delay      (SCD):    -2.246ns
    Clock Pessimism Removal (CPR):    -0.496ns
  Clock Uncertainty:      0.108ns  ((TSJ^2 + DJ^2)^1/2) / 2 + PE
    Total System Jitter     (TSJ):    0.071ns
    Discrete Jitter          (DJ):    0.203ns
    Phase Error              (PE):    0.000ns
  Clock Domain Crossing:  Inter clock paths are considered valid unless explicitly excluded by timing constraints such as set_clock_groups or set_false_path.

    Location             Delay type                Incr(ns)  Path(ns)    Netlist Resource(s)
  -------------------------------------------------------------------    -------------------
                         (clock clk_out1_clk_wiz_0_1 rise edge)
                                                      0.000     0.000 r  
    E3                                                0.000     0.000 r  clk (IN)
                         net (fo=0)                   0.000     0.000    pll_inst/inst/clk_in1
    E3                   IBUF (Prop_ibuf_I_O)         1.489     1.489 r  pll_inst/inst/clkin1_ibufg/O
                         net (fo=1, routed)           1.253     2.742    pll_inst/inst/clk_in1_clk_wiz_0
    PLLE2_ADV_X1Y1       PLLE2_ADV (Prop_plle2_adv_CLKIN1_CLKOUT0)
                                                     -8.467    -5.725 r  pll_inst/inst/plle2_adv_inst/CLKOUT0
                         net (fo=1, routed)           1.655    -4.070    pll_inst/inst/clk_out1_clk_wiz_0
    BUFGCTRL_X0Y16       BUFG (Prop_bufg_I_O)         0.096    -3.974 r  pll_inst/inst/clkout1_buf/O
                         net (fo=5373, routed)        1.728    -2.246    inst_svpwm/time_processor_inst/cordic_inst_T1/clk_out1
    SLICE_X10Y118        FDCE                                         r  inst_svpwm/time_processor_inst/cordic_inst_T1/pipeline_reg[15][pip_sin][3]/C
  -------------------------------------------------------------------    -------------------
    SLICE_X10Y118        FDCE (Prop_fdce_C_Q)         0.518    -1.728 f  inst_svpwm/time_processor_inst/cordic_inst_T1/pipeline_reg[15][pip_sin][3]/Q
                         net (fo=2, routed)           1.811     0.084    inst_svpwm/time_processor_inst/cordic_inst_T1/pipeline_reg[15][pip_sin][3]
    SLICE_X13Y92         LUT1 (Prop_lut1_I0_O)        0.124     0.208 r  inst_svpwm/time_processor_inst/cordic_inst_T1/t1_mult_reg0_i_39/O
                         net (fo=1, routed)           0.000     0.208    inst_svpwm/time_processor_inst/cordic_inst_T1/t1_mult_reg0_i_39_n_0
    SLICE_X13Y92         CARRY4 (Prop_carry4_S[3]_CO[3])
                                                      0.401     0.609 r  inst_svpwm/time_processor_inst/cordic_inst_T1/t1_mult_reg0_i_22/CO[3]
                         net (fo=1, routed)           0.000     0.609    inst_svpwm/time_processor_inst/cordic_inst_T1/t1_mult_reg0_i_22_n_0
    SLICE_X13Y93         CARRY4 (Prop_carry4_CI_CO[3])
                                                      0.114     0.723 r  inst_svpwm/time_processor_inst/cordic_inst_T1/t1_mult_reg0_i_21/CO[3]
                         net (fo=1, routed)           0.000     0.723    inst_svpwm/time_processor_inst/cordic_inst_T1/t1_mult_reg0_i_21_n_0
    SLICE_X13Y94         CARRY4 (Prop_carry4_CI_O[1])
                                                      0.334     1.057 r  inst_svpwm/time_processor_inst/cordic_inst_T1/t1_mult_reg0_i_20/O[1]
                         net (fo=1, routed)           0.732     1.789    inst_svpwm/time_processor_inst/cordic_inst_T1/sin_value0[9]
    SLICE_X14Y94         LUT3 (Prop_lut3_I1_O)        0.329     2.118 r  inst_svpwm/time_processor_inst/cordic_inst_T1/t1_mult_reg0_i_8/O
                         net (fo=2, routed)           0.754     2.871    inst_svpwm/time_processor_inst/sin_value[9]
    DSP48_X0Y38          DSP48E1 (Prop_dsp48e1_A[9]_PCOUT[10])
                                                      4.240     7.111 r  inst_svpwm/time_processor_inst/t1_mult_reg0/PCOUT[10]
                         net (fo=1, routed)           0.002     7.113    inst_svpwm/time_processor_inst/t1_mult_reg0_n_143
    DSP48_X0Y39          DSP48E1                                      r  inst_svpwm/time_processor_inst/t1_mult_reg_reg/PCIN[10]
  -------------------------------------------------------------------    -------------------

                         (clock clk_out1_clk_wiz_0 rise edge)
                                                     20.000    20.000 r  
    E3                                                0.000    20.000 r  clk (IN)
                         net (fo=0)                   0.000    20.000    pll_inst/inst/clk_in1
    E3                   IBUF (Prop_ibuf_I_O)         1.418    21.418 r  pll_inst/inst/clkin1_ibufg/O
                         net (fo=1, routed)           1.181    22.599    pll_inst/inst/clk_in1_clk_wiz_0
    PLLE2_ADV_X1Y1       PLLE2_ADV (Prop_plle2_adv_CLKIN1_CLKOUT0)
                                                     -7.736    14.863 r  pll_inst/inst/plle2_adv_inst/CLKOUT0
                         net (fo=1, routed)           1.576    16.439    pll_inst/inst/clk_out1_clk_wiz_0
    BUFGCTRL_X0Y16       BUFG (Prop_bufg_I_O)         0.091    16.530 r  pll_inst/inst/clkout1_buf/O
                         net (fo=5373, routed)        1.528    18.059    inst_svpwm/time_processor_inst/clk_out1
    DSP48_X0Y39          DSP48E1                                      r  inst_svpwm/time_processor_inst/t1_mult_reg_reg/CLK
                         clock pessimism             -0.496    17.562    
                         clock uncertainty           -0.108    17.455    
    DSP48_X0Y39          DSP48E1 (Setup_dsp48e1_CLK_PCIN[10])
                                                     -1.400    16.055    inst_svpwm/time_processor_inst/t1_mult_reg_reg
  -------------------------------------------------------------------
                         required time                         16.055    
                         arrival time                          -7.113    
  -------------------------------------------------------------------
                         slack                                  8.941    

Slack (MET) :             8.941ns  (required time - arrival time)
  Source:                 inst_svpwm/time_processor_inst/cordic_inst_T1/pipeline_reg[15][pip_sin][3]/C
                            (rising edge-triggered cell FDCE clocked by clk_out1_clk_wiz_0_1  {rise@0.000ns fall@10.000ns period=20.000ns})
  Destination:            inst_svpwm/time_processor_inst/t1_mult_reg_reg/PCIN[11]
                            (rising edge-triggered cell DSP48E1 clocked by clk_out1_clk_wiz_0  {rise@0.000ns fall@10.000ns period=20.000ns})
  Path Group:             clk_out1_clk_wiz_0
  Path Type:              Setup (Max at Slow Process Corner)
  Requirement:            20.000ns  (clk_out1_clk_wiz_0 rise@20.000ns - clk_out1_clk_wiz_0_1 rise@0.000ns)
  Data Path Delay:        9.359ns  (logic 6.060ns (64.752%)  route 3.299ns (35.248%))
  Logic Levels:           6  (CARRY4=3 DSP48E1=1 LUT1=1 LUT3=1)
  Clock Path Skew:        -0.192ns (DCD - SCD + CPR)
    Destination Clock Delay (DCD):    -1.941ns = ( 18.059 - 20.000 ) 
    Source Clock Delay      (SCD):    -2.246ns
    Clock Pessimism Removal (CPR):    -0.496ns
  Clock Uncertainty:      0.108ns  ((TSJ^2 + DJ^2)^1/2) / 2 + PE
    Total System Jitter     (TSJ):    0.071ns
    Discrete Jitter          (DJ):    0.203ns
    Phase Error              (PE):    0.000ns
  Clock Domain Crossing:  Inter clock paths are considered valid unless explicitly excluded by timing constraints such as set_clock_groups or set_false_path.

    Location             Delay type                Incr(ns)  Path(ns)    Netlist Resource(s)
  -------------------------------------------------------------------    -------------------
                         (clock clk_out1_clk_wiz_0_1 rise edge)
                                                      0.000     0.000 r  
    E3                                                0.000     0.000 r  clk (IN)
                         net (fo=0)                   0.000     0.000    pll_inst/inst/clk_in1
    E3                   IBUF (Prop_ibuf_I_O)         1.489     1.489 r  pll_inst/inst/clkin1_ibufg/O
                         net (fo=1, routed)           1.253     2.742    pll_inst/inst/clk_in1_clk_wiz_0
    PLLE2_ADV_X1Y1       PLLE2_ADV (Prop_plle2_adv_CLKIN1_CLKOUT0)
                                                     -8.467    -5.725 r  pll_inst/inst/plle2_adv_inst/CLKOUT0
                         net (fo=1, routed)           1.655    -4.070    pll_inst/inst/clk_out1_clk_wiz_0
    BUFGCTRL_X0Y16       BUFG (Prop_bufg_I_O)         0.096    -3.974 r  pll_inst/inst/clkout1_buf/O
                         net (fo=5373, routed)        1.728    -2.246    inst_svpwm/time_processor_inst/cordic_inst_T1/clk_out1
    SLICE_X10Y118        FDCE                                         r  inst_svpwm/time_processor_inst/cordic_inst_T1/pipeline_reg[15][pip_sin][3]/C
  -------------------------------------------------------------------    -------------------
    SLICE_X10Y118        FDCE (Prop_fdce_C_Q)         0.518    -1.728 f  inst_svpwm/time_processor_inst/cordic_inst_T1/pipeline_reg[15][pip_sin][3]/Q
                         net (fo=2, routed)           1.811     0.084    inst_svpwm/time_processor_inst/cordic_inst_T1/pipeline_reg[15][pip_sin][3]
    SLICE_X13Y92         LUT1 (Prop_lut1_I0_O)        0.124     0.208 r  inst_svpwm/time_processor_inst/cordic_inst_T1/t1_mult_reg0_i_39/O
                         net (fo=1, routed)           0.000     0.208    inst_svpwm/time_processor_inst/cordic_inst_T1/t1_mult_reg0_i_39_n_0
    SLICE_X13Y92         CARRY4 (Prop_carry4_S[3]_CO[3])
                                                      0.401     0.609 r  inst_svpwm/time_processor_inst/cordic_inst_T1/t1_mult_reg0_i_22/CO[3]
                         net (fo=1, routed)           0.000     0.609    inst_svpwm/time_processor_inst/cordic_inst_T1/t1_mult_reg0_i_22_n_0
    SLICE_X13Y93         CARRY4 (Prop_carry4_CI_CO[3])
                                                      0.114     0.723 r  inst_svpwm/time_processor_inst/cordic_inst_T1/t1_mult_reg0_i_21/CO[3]
                         net (fo=1, routed)           0.000     0.723    inst_svpwm/time_processor_inst/cordic_inst_T1/t1_mult_reg0_i_21_n_0
    SLICE_X13Y94         CARRY4 (Prop_carry4_CI_O[1])
                                                      0.334     1.057 r  inst_svpwm/time_processor_inst/cordic_inst_T1/t1_mult_reg0_i_20/O[1]
                         net (fo=1, routed)           0.732     1.789    inst_svpwm/time_processor_inst/cordic_inst_T1/sin_value0[9]
    SLICE_X14Y94         LUT3 (Prop_lut3_I1_O)        0.329     2.118 r  inst_svpwm/time_processor_inst/cordic_inst_T1/t1_mult_reg0_i_8/O
                         net (fo=2, routed)           0.754     2.871    inst_svpwm/time_processor_inst/sin_value[9]
    DSP48_X0Y38          DSP48E1 (Prop_dsp48e1_A[9]_PCOUT[11])
                                                      4.240     7.111 r  inst_svpwm/time_processor_inst/t1_mult_reg0/PCOUT[11]
                         net (fo=1, routed)           0.002     7.113    inst_svpwm/time_processor_inst/t1_mult_reg0_n_142
    DSP48_X0Y39          DSP48E1                                      r  inst_svpwm/time_processor_inst/t1_mult_reg_reg/PCIN[11]
  -------------------------------------------------------------------    -------------------

                         (clock clk_out1_clk_wiz_0 rise edge)
                                                     20.000    20.000 r  
    E3                                                0.000    20.000 r  clk (IN)
                         net (fo=0)                   0.000    20.000    pll_inst/inst/clk_in1
    E3                   IBUF (Prop_ibuf_I_O)         1.418    21.418 r  pll_inst/inst/clkin1_ibufg/O
                         net (fo=1, routed)           1.181    22.599    pll_inst/inst/clk_in1_clk_wiz_0
    PLLE2_ADV_X1Y1       PLLE2_ADV (Prop_plle2_adv_CLKIN1_CLKOUT0)
                                                     -7.736    14.863 r  pll_inst/inst/plle2_adv_inst/CLKOUT0
                         net (fo=1, routed)           1.576    16.439    pll_inst/inst/clk_out1_clk_wiz_0
    BUFGCTRL_X0Y16       BUFG (Prop_bufg_I_O)         0.091    16.530 r  pll_inst/inst/clkout1_buf/O
                         net (fo=5373, routed)        1.528    18.059    inst_svpwm/time_processor_inst/clk_out1
    DSP48_X0Y39          DSP48E1                                      r  inst_svpwm/time_processor_inst/t1_mult_reg_reg/CLK
                         clock pessimism             -0.496    17.562    
                         clock uncertainty           -0.108    17.455    
    DSP48_X0Y39          DSP48E1 (Setup_dsp48e1_CLK_PCIN[11])
                                                     -1.400    16.055    inst_svpwm/time_processor_inst/t1_mult_reg_reg
  -------------------------------------------------------------------
                         required time                         16.055    
                         arrival time                          -7.113    
  -------------------------------------------------------------------
                         slack                                  8.941    

Slack (MET) :             8.941ns  (required time - arrival time)
  Source:                 inst_svpwm/time_processor_inst/cordic_inst_T1/pipeline_reg[15][pip_sin][3]/C
                            (rising edge-triggered cell FDCE clocked by clk_out1_clk_wiz_0_1  {rise@0.000ns fall@10.000ns period=20.000ns})
  Destination:            inst_svpwm/time_processor_inst/t1_mult_reg_reg/PCIN[12]
                            (rising edge-triggered cell DSP48E1 clocked by clk_out1_clk_wiz_0  {rise@0.000ns fall@10.000ns period=20.000ns})
  Path Group:             clk_out1_clk_wiz_0
  Path Type:              Setup (Max at Slow Process Corner)
  Requirement:            20.000ns  (clk_out1_clk_wiz_0 rise@20.000ns - clk_out1_clk_wiz_0_1 rise@0.000ns)
  Data Path Delay:        9.359ns  (logic 6.060ns (64.752%)  route 3.299ns (35.248%))
  Logic Levels:           6  (CARRY4=3 DSP48E1=1 LUT1=1 LUT3=1)
  Clock Path Skew:        -0.192ns (DCD - SCD + CPR)
    Destination Clock Delay (DCD):    -1.941ns = ( 18.059 - 20.000 ) 
    Source Clock Delay      (SCD):    -2.246ns
    Clock Pessimism Removal (CPR):    -0.496ns
  Clock Uncertainty:      0.108ns  ((TSJ^2 + DJ^2)^1/2) / 2 + PE
    Total System Jitter     (TSJ):    0.071ns
    Discrete Jitter          (DJ):    0.203ns
    Phase Error              (PE):    0.000ns
  Clock Domain Crossing:  Inter clock paths are considered valid unless explicitly excluded by timing constraints such as set_clock_groups or set_false_path.

    Location             Delay type                Incr(ns)  Path(ns)    Netlist Resource(s)
  -------------------------------------------------------------------    -------------------
                         (clock clk_out1_clk_wiz_0_1 rise edge)
                                                      0.000     0.000 r  
    E3                                                0.000     0.000 r  clk (IN)
                         net (fo=0)                   0.000     0.000    pll_inst/inst/clk_in1
    E3                   IBUF (Prop_ibuf_I_O)         1.489     1.489 r  pll_inst/inst/clkin1_ibufg/O
                         net (fo=1, routed)           1.253     2.742    pll_inst/inst/clk_in1_clk_wiz_0
    PLLE2_ADV_X1Y1       PLLE2_ADV (Prop_plle2_adv_CLKIN1_CLKOUT0)
                                                     -8.467    -5.725 r  pll_inst/inst/plle2_adv_inst/CLKOUT0
                         net (fo=1, routed)           1.655    -4.070    pll_inst/inst/clk_out1_clk_wiz_0
    BUFGCTRL_X0Y16       BUFG (Prop_bufg_I_O)         0.096    -3.974 r  pll_inst/inst/clkout1_buf/O
                         net (fo=5373, routed)        1.728    -2.246    inst_svpwm/time_processor_inst/cordic_inst_T1/clk_out1
    SLICE_X10Y118        FDCE                                         r  inst_svpwm/time_processor_inst/cordic_inst_T1/pipeline_reg[15][pip_sin][3]/C
  -------------------------------------------------------------------    -------------------
    SLICE_X10Y118        FDCE (Prop_fdce_C_Q)         0.518    -1.728 f  inst_svpwm/time_processor_inst/cordic_inst_T1/pipeline_reg[15][pip_sin][3]/Q
                         net (fo=2, routed)           1.811     0.084    inst_svpwm/time_processor_inst/cordic_inst_T1/pipeline_reg[15][pip_sin][3]
    SLICE_X13Y92         LUT1 (Prop_lut1_I0_O)        0.124     0.208 r  inst_svpwm/time_processor_inst/cordic_inst_T1/t1_mult_reg0_i_39/O
                         net (fo=1, routed)           0.000     0.208    inst_svpwm/time_processor_inst/cordic_inst_T1/t1_mult_reg0_i_39_n_0
    SLICE_X13Y92         CARRY4 (Prop_carry4_S[3]_CO[3])
                                                      0.401     0.609 r  inst_svpwm/time_processor_inst/cordic_inst_T1/t1_mult_reg0_i_22/CO[3]
                         net (fo=1, routed)           0.000     0.609    inst_svpwm/time_processor_inst/cordic_inst_T1/t1_mult_reg0_i_22_n_0
    SLICE_X13Y93         CARRY4 (Prop_carry4_CI_CO[3])
                                                      0.114     0.723 r  inst_svpwm/time_processor_inst/cordic_inst_T1/t1_mult_reg0_i_21/CO[3]
                         net (fo=1, routed)           0.000     0.723    inst_svpwm/time_processor_inst/cordic_inst_T1/t1_mult_reg0_i_21_n_0
    SLICE_X13Y94         CARRY4 (Prop_carry4_CI_O[1])
                                                      0.334     1.057 r  inst_svpwm/time_processor_inst/cordic_inst_T1/t1_mult_reg0_i_20/O[1]
                         net (fo=1, routed)           0.732     1.789    inst_svpwm/time_processor_inst/cordic_inst_T1/sin_value0[9]
    SLICE_X14Y94         LUT3 (Prop_lut3_I1_O)        0.329     2.118 r  inst_svpwm/time_processor_inst/cordic_inst_T1/t1_mult_reg0_i_8/O
                         net (fo=2, routed)           0.754     2.871    inst_svpwm/time_processor_inst/sin_value[9]
    DSP48_X0Y38          DSP48E1 (Prop_dsp48e1_A[9]_PCOUT[12])
                                                      4.240     7.111 r  inst_svpwm/time_processor_inst/t1_mult_reg0/PCOUT[12]
                         net (fo=1, routed)           0.002     7.113    inst_svpwm/time_processor_inst/t1_mult_reg0_n_141
    DSP48_X0Y39          DSP48E1                                      r  inst_svpwm/time_processor_inst/t1_mult_reg_reg/PCIN[12]
  -------------------------------------------------------------------    -------------------

                         (clock clk_out1_clk_wiz_0 rise edge)
                                                     20.000    20.000 r  
    E3                                                0.000    20.000 r  clk (IN)
                         net (fo=0)                   0.000    20.000    pll_inst/inst/clk_in1
    E3                   IBUF (Prop_ibuf_I_O)         1.418    21.418 r  pll_inst/inst/clkin1_ibufg/O
                         net (fo=1, routed)           1.181    22.599    pll_inst/inst/clk_in1_clk_wiz_0
    PLLE2_ADV_X1Y1       PLLE2_ADV (Prop_plle2_adv_CLKIN1_CLKOUT0)
                                                     -7.736    14.863 r  pll_inst/inst/plle2_adv_inst/CLKOUT0
                         net (fo=1, routed)           1.576    16.439    pll_inst/inst/clk_out1_clk_wiz_0
    BUFGCTRL_X0Y16       BUFG (Prop_bufg_I_O)         0.091    16.530 r  pll_inst/inst/clkout1_buf/O
                         net (fo=5373, routed)        1.528    18.059    inst_svpwm/time_processor_inst/clk_out1
    DSP48_X0Y39          DSP48E1                                      r  inst_svpwm/time_processor_inst/t1_mult_reg_reg/CLK
                         clock pessimism             -0.496    17.562    
                         clock uncertainty           -0.108    17.455    
    DSP48_X0Y39          DSP48E1 (Setup_dsp48e1_CLK_PCIN[12])
                                                     -1.400    16.055    inst_svpwm/time_processor_inst/t1_mult_reg_reg
  -------------------------------------------------------------------
                         required time                         16.055    
                         arrival time                          -7.113    
  -------------------------------------------------------------------
                         slack                                  8.941    

Slack (MET) :             8.941ns  (required time - arrival time)
  Source:                 inst_svpwm/time_processor_inst/cordic_inst_T1/pipeline_reg[15][pip_sin][3]/C
                            (rising edge-triggered cell FDCE clocked by clk_out1_clk_wiz_0_1  {rise@0.000ns fall@10.000ns period=20.000ns})
  Destination:            inst_svpwm/time_processor_inst/t1_mult_reg_reg/PCIN[13]
                            (rising edge-triggered cell DSP48E1 clocked by clk_out1_clk_wiz_0  {rise@0.000ns fall@10.000ns period=20.000ns})
  Path Group:             clk_out1_clk_wiz_0
  Path Type:              Setup (Max at Slow Process Corner)
  Requirement:            20.000ns  (clk_out1_clk_wiz_0 rise@20.000ns - clk_out1_clk_wiz_0_1 rise@0.000ns)
  Data Path Delay:        9.359ns  (logic 6.060ns (64.752%)  route 3.299ns (35.248%))
  Logic Levels:           6  (CARRY4=3 DSP48E1=1 LUT1=1 LUT3=1)
  Clock Path Skew:        -0.192ns (DCD - SCD + CPR)
    Destination Clock Delay (DCD):    -1.941ns = ( 18.059 - 20.000 ) 
    Source Clock Delay      (SCD):    -2.246ns
    Clock Pessimism Removal (CPR):    -0.496ns
  Clock Uncertainty:      0.108ns  ((TSJ^2 + DJ^2)^1/2) / 2 + PE
    Total System Jitter     (TSJ):    0.071ns
    Discrete Jitter          (DJ):    0.203ns
    Phase Error              (PE):    0.000ns
  Clock Domain Crossing:  Inter clock paths are considered valid unless explicitly excluded by timing constraints such as set_clock_groups or set_false_path.

    Location             Delay type                Incr(ns)  Path(ns)    Netlist Resource(s)
  -------------------------------------------------------------------    -------------------
                         (clock clk_out1_clk_wiz_0_1 rise edge)
                                                      0.000     0.000 r  
    E3                                                0.000     0.000 r  clk (IN)
                         net (fo=0)                   0.000     0.000    pll_inst/inst/clk_in1
    E3                   IBUF (Prop_ibuf_I_O)         1.489     1.489 r  pll_inst/inst/clkin1_ibufg/O
                         net (fo=1, routed)           1.253     2.742    pll_inst/inst/clk_in1_clk_wiz_0
    PLLE2_ADV_X1Y1       PLLE2_ADV (Prop_plle2_adv_CLKIN1_CLKOUT0)
                                                     -8.467    -5.725 r  pll_inst/inst/plle2_adv_inst/CLKOUT0
                         net (fo=1, routed)           1.655    -4.070    pll_inst/inst/clk_out1_clk_wiz_0
    BUFGCTRL_X0Y16       BUFG (Prop_bufg_I_O)         0.096    -3.974 r  pll_inst/inst/clkout1_buf/O
                         net (fo=5373, routed)        1.728    -2.246    inst_svpwm/time_processor_inst/cordic_inst_T1/clk_out1
    SLICE_X10Y118        FDCE                                         r  inst_svpwm/time_processor_inst/cordic_inst_T1/pipeline_reg[15][pip_sin][3]/C
  -------------------------------------------------------------------    -------------------
    SLICE_X10Y118        FDCE (Prop_fdce_C_Q)         0.518    -1.728 f  inst_svpwm/time_processor_inst/cordic_inst_T1/pipeline_reg[15][pip_sin][3]/Q
                         net (fo=2, routed)           1.811     0.084    inst_svpwm/time_processor_inst/cordic_inst_T1/pipeline_reg[15][pip_sin][3]
    SLICE_X13Y92         LUT1 (Prop_lut1_I0_O)        0.124     0.208 r  inst_svpwm/time_processor_inst/cordic_inst_T1/t1_mult_reg0_i_39/O
                         net (fo=1, routed)           0.000     0.208    inst_svpwm/time_processor_inst/cordic_inst_T1/t1_mult_reg0_i_39_n_0
    SLICE_X13Y92         CARRY4 (Prop_carry4_S[3]_CO[3])
                                                      0.401     0.609 r  inst_svpwm/time_processor_inst/cordic_inst_T1/t1_mult_reg0_i_22/CO[3]
                         net (fo=1, routed)           0.000     0.609    inst_svpwm/time_processor_inst/cordic_inst_T1/t1_mult_reg0_i_22_n_0
    SLICE_X13Y93         CARRY4 (Prop_carry4_CI_CO[3])
                                                      0.114     0.723 r  inst_svpwm/time_processor_inst/cordic_inst_T1/t1_mult_reg0_i_21/CO[3]
                         net (fo=1, routed)           0.000     0.723    inst_svpwm/time_processor_inst/cordic_inst_T1/t1_mult_reg0_i_21_n_0
    SLICE_X13Y94         CARRY4 (Prop_carry4_CI_O[1])
                                                      0.334     1.057 r  inst_svpwm/time_processor_inst/cordic_inst_T1/t1_mult_reg0_i_20/O[1]
                         net (fo=1, routed)           0.732     1.789    inst_svpwm/time_processor_inst/cordic_inst_T1/sin_value0[9]
    SLICE_X14Y94         LUT3 (Prop_lut3_I1_O)        0.329     2.118 r  inst_svpwm/time_processor_inst/cordic_inst_T1/t1_mult_reg0_i_8/O
                         net (fo=2, routed)           0.754     2.871    inst_svpwm/time_processor_inst/sin_value[9]
    DSP48_X0Y38          DSP48E1 (Prop_dsp48e1_A[9]_PCOUT[13])
                                                      4.240     7.111 r  inst_svpwm/time_processor_inst/t1_mult_reg0/PCOUT[13]
                         net (fo=1, routed)           0.002     7.113    inst_svpwm/time_processor_inst/t1_mult_reg0_n_140
    DSP48_X0Y39          DSP48E1                                      r  inst_svpwm/time_processor_inst/t1_mult_reg_reg/PCIN[13]
  -------------------------------------------------------------------    -------------------

                         (clock clk_out1_clk_wiz_0 rise edge)
                                                     20.000    20.000 r  
    E3                                                0.000    20.000 r  clk (IN)
                         net (fo=0)                   0.000    20.000    pll_inst/inst/clk_in1
    E3                   IBUF (Prop_ibuf_I_O)         1.418    21.418 r  pll_inst/inst/clkin1_ibufg/O
                         net (fo=1, routed)           1.181    22.599    pll_inst/inst/clk_in1_clk_wiz_0
    PLLE2_ADV_X1Y1       PLLE2_ADV (Prop_plle2_adv_CLKIN1_CLKOUT0)
                                                     -7.736    14.863 r  pll_inst/inst/plle2_adv_inst/CLKOUT0
                         net (fo=1, routed)           1.576    16.439    pll_inst/inst/clk_out1_clk_wiz_0
    BUFGCTRL_X0Y16       BUFG (Prop_bufg_I_O)         0.091    16.530 r  pll_inst/inst/clkout1_buf/O
                         net (fo=5373, routed)        1.528    18.059    inst_svpwm/time_processor_inst/clk_out1
    DSP48_X0Y39          DSP48E1                                      r  inst_svpwm/time_processor_inst/t1_mult_reg_reg/CLK
                         clock pessimism             -0.496    17.562    
                         clock uncertainty           -0.108    17.455    
    DSP48_X0Y39          DSP48E1 (Setup_dsp48e1_CLK_PCIN[13])
                                                     -1.400    16.055    inst_svpwm/time_processor_inst/t1_mult_reg_reg
  -------------------------------------------------------------------
                         required time                         16.055    
                         arrival time                          -7.113    
  -------------------------------------------------------------------
                         slack                                  8.941    

Slack (MET) :             8.941ns  (required time - arrival time)
  Source:                 inst_svpwm/time_processor_inst/cordic_inst_T1/pipeline_reg[15][pip_sin][3]/C
                            (rising edge-triggered cell FDCE clocked by clk_out1_clk_wiz_0_1  {rise@0.000ns fall@10.000ns period=20.000ns})
  Destination:            inst_svpwm/time_processor_inst/t1_mult_reg_reg/PCIN[14]
                            (rising edge-triggered cell DSP48E1 clocked by clk_out1_clk_wiz_0  {rise@0.000ns fall@10.000ns period=20.000ns})
  Path Group:             clk_out1_clk_wiz_0
  Path Type:              Setup (Max at Slow Process Corner)
  Requirement:            20.000ns  (clk_out1_clk_wiz_0 rise@20.000ns - clk_out1_clk_wiz_0_1 rise@0.000ns)
  Data Path Delay:        9.359ns  (logic 6.060ns (64.752%)  route 3.299ns (35.248%))
  Logic Levels:           6  (CARRY4=3 DSP48E1=1 LUT1=1 LUT3=1)
  Clock Path Skew:        -0.192ns (DCD - SCD + CPR)
    Destination Clock Delay (DCD):    -1.941ns = ( 18.059 - 20.000 ) 
    Source Clock Delay      (SCD):    -2.246ns
    Clock Pessimism Removal (CPR):    -0.496ns
  Clock Uncertainty:      0.108ns  ((TSJ^2 + DJ^2)^1/2) / 2 + PE
    Total System Jitter     (TSJ):    0.071ns
    Discrete Jitter          (DJ):    0.203ns
    Phase Error              (PE):    0.000ns
  Clock Domain Crossing:  Inter clock paths are considered valid unless explicitly excluded by timing constraints such as set_clock_groups or set_false_path.

    Location             Delay type                Incr(ns)  Path(ns)    Netlist Resource(s)
  -------------------------------------------------------------------    -------------------
                         (clock clk_out1_clk_wiz_0_1 rise edge)
                                                      0.000     0.000 r  
    E3                                                0.000     0.000 r  clk (IN)
                         net (fo=0)                   0.000     0.000    pll_inst/inst/clk_in1
    E3                   IBUF (Prop_ibuf_I_O)         1.489     1.489 r  pll_inst/inst/clkin1_ibufg/O
                         net (fo=1, routed)           1.253     2.742    pll_inst/inst/clk_in1_clk_wiz_0
    PLLE2_ADV_X1Y1       PLLE2_ADV (Prop_plle2_adv_CLKIN1_CLKOUT0)
                                                     -8.467    -5.725 r  pll_inst/inst/plle2_adv_inst/CLKOUT0
                         net (fo=1, routed)           1.655    -4.070    pll_inst/inst/clk_out1_clk_wiz_0
    BUFGCTRL_X0Y16       BUFG (Prop_bufg_I_O)         0.096    -3.974 r  pll_inst/inst/clkout1_buf/O
                         net (fo=5373, routed)        1.728    -2.246    inst_svpwm/time_processor_inst/cordic_inst_T1/clk_out1
    SLICE_X10Y118        FDCE                                         r  inst_svpwm/time_processor_inst/cordic_inst_T1/pipeline_reg[15][pip_sin][3]/C
  -------------------------------------------------------------------    -------------------
    SLICE_X10Y118        FDCE (Prop_fdce_C_Q)         0.518    -1.728 f  inst_svpwm/time_processor_inst/cordic_inst_T1/pipeline_reg[15][pip_sin][3]/Q
                         net (fo=2, routed)           1.811     0.084    inst_svpwm/time_processor_inst/cordic_inst_T1/pipeline_reg[15][pip_sin][3]
    SLICE_X13Y92         LUT1 (Prop_lut1_I0_O)        0.124     0.208 r  inst_svpwm/time_processor_inst/cordic_inst_T1/t1_mult_reg0_i_39/O
                         net (fo=1, routed)           0.000     0.208    inst_svpwm/time_processor_inst/cordic_inst_T1/t1_mult_reg0_i_39_n_0
    SLICE_X13Y92         CARRY4 (Prop_carry4_S[3]_CO[3])
                                                      0.401     0.609 r  inst_svpwm/time_processor_inst/cordic_inst_T1/t1_mult_reg0_i_22/CO[3]
                         net (fo=1, routed)           0.000     0.609    inst_svpwm/time_processor_inst/cordic_inst_T1/t1_mult_reg0_i_22_n_0
    SLICE_X13Y93         CARRY4 (Prop_carry4_CI_CO[3])
                                                      0.114     0.723 r  inst_svpwm/time_processor_inst/cordic_inst_T1/t1_mult_reg0_i_21/CO[3]
                         net (fo=1, routed)           0.000     0.723    inst_svpwm/time_processor_inst/cordic_inst_T1/t1_mult_reg0_i_21_n_0
    SLICE_X13Y94         CARRY4 (Prop_carry4_CI_O[1])
                                                      0.334     1.057 r  inst_svpwm/time_processor_inst/cordic_inst_T1/t1_mult_reg0_i_20/O[1]
                         net (fo=1, routed)           0.732     1.789    inst_svpwm/time_processor_inst/cordic_inst_T1/sin_value0[9]
    SLICE_X14Y94         LUT3 (Prop_lut3_I1_O)        0.329     2.118 r  inst_svpwm/time_processor_inst/cordic_inst_T1/t1_mult_reg0_i_8/O
                         net (fo=2, routed)           0.754     2.871    inst_svpwm/time_processor_inst/sin_value[9]
    DSP48_X0Y38          DSP48E1 (Prop_dsp48e1_A[9]_PCOUT[14])
                                                      4.240     7.111 r  inst_svpwm/time_processor_inst/t1_mult_reg0/PCOUT[14]
                         net (fo=1, routed)           0.002     7.113    inst_svpwm/time_processor_inst/t1_mult_reg0_n_139
    DSP48_X0Y39          DSP48E1                                      r  inst_svpwm/time_processor_inst/t1_mult_reg_reg/PCIN[14]
  -------------------------------------------------------------------    -------------------

                         (clock clk_out1_clk_wiz_0 rise edge)
                                                     20.000    20.000 r  
    E3                                                0.000    20.000 r  clk (IN)
                         net (fo=0)                   0.000    20.000    pll_inst/inst/clk_in1
    E3                   IBUF (Prop_ibuf_I_O)         1.418    21.418 r  pll_inst/inst/clkin1_ibufg/O
                         net (fo=1, routed)           1.181    22.599    pll_inst/inst/clk_in1_clk_wiz_0
    PLLE2_ADV_X1Y1       PLLE2_ADV (Prop_plle2_adv_CLKIN1_CLKOUT0)
                                                     -7.736    14.863 r  pll_inst/inst/plle2_adv_inst/CLKOUT0
                         net (fo=1, routed)           1.576    16.439    pll_inst/inst/clk_out1_clk_wiz_0
    BUFGCTRL_X0Y16       BUFG (Prop_bufg_I_O)         0.091    16.530 r  pll_inst/inst/clkout1_buf/O
                         net (fo=5373, routed)        1.528    18.059    inst_svpwm/time_processor_inst/clk_out1
    DSP48_X0Y39          DSP48E1                                      r  inst_svpwm/time_processor_inst/t1_mult_reg_reg/CLK
                         clock pessimism             -0.496    17.562    
                         clock uncertainty           -0.108    17.455    
    DSP48_X0Y39          DSP48E1 (Setup_dsp48e1_CLK_PCIN[14])
                                                     -1.400    16.055    inst_svpwm/time_processor_inst/t1_mult_reg_reg
  -------------------------------------------------------------------
                         required time                         16.055    
                         arrival time                          -7.113    
  -------------------------------------------------------------------
                         slack                                  8.941    

Slack (MET) :             8.941ns  (required time - arrival time)
  Source:                 inst_svpwm/time_processor_inst/cordic_inst_T1/pipeline_reg[15][pip_sin][3]/C
                            (rising edge-triggered cell FDCE clocked by clk_out1_clk_wiz_0_1  {rise@0.000ns fall@10.000ns period=20.000ns})
  Destination:            inst_svpwm/time_processor_inst/t1_mult_reg_reg/PCIN[15]
                            (rising edge-triggered cell DSP48E1 clocked by clk_out1_clk_wiz_0  {rise@0.000ns fall@10.000ns period=20.000ns})
  Path Group:             clk_out1_clk_wiz_0
  Path Type:              Setup (Max at Slow Process Corner)
  Requirement:            20.000ns  (clk_out1_clk_wiz_0 rise@20.000ns - clk_out1_clk_wiz_0_1 rise@0.000ns)
  Data Path Delay:        9.359ns  (logic 6.060ns (64.752%)  route 3.299ns (35.248%))
  Logic Levels:           6  (CARRY4=3 DSP48E1=1 LUT1=1 LUT3=1)
  Clock Path Skew:        -0.192ns (DCD - SCD + CPR)
    Destination Clock Delay (DCD):    -1.941ns = ( 18.059 - 20.000 ) 
    Source Clock Delay      (SCD):    -2.246ns
    Clock Pessimism Removal (CPR):    -0.496ns
  Clock Uncertainty:      0.108ns  ((TSJ^2 + DJ^2)^1/2) / 2 + PE
    Total System Jitter     (TSJ):    0.071ns
    Discrete Jitter          (DJ):    0.203ns
    Phase Error              (PE):    0.000ns
  Clock Domain Crossing:  Inter clock paths are considered valid unless explicitly excluded by timing constraints such as set_clock_groups or set_false_path.

    Location             Delay type                Incr(ns)  Path(ns)    Netlist Resource(s)
  -------------------------------------------------------------------    -------------------
                         (clock clk_out1_clk_wiz_0_1 rise edge)
                                                      0.000     0.000 r  
    E3                                                0.000     0.000 r  clk (IN)
                         net (fo=0)                   0.000     0.000    pll_inst/inst/clk_in1
    E3                   IBUF (Prop_ibuf_I_O)         1.489     1.489 r  pll_inst/inst/clkin1_ibufg/O
                         net (fo=1, routed)           1.253     2.742    pll_inst/inst/clk_in1_clk_wiz_0
    PLLE2_ADV_X1Y1       PLLE2_ADV (Prop_plle2_adv_CLKIN1_CLKOUT0)
                                                     -8.467    -5.725 r  pll_inst/inst/plle2_adv_inst/CLKOUT0
                         net (fo=1, routed)           1.655    -4.070    pll_inst/inst/clk_out1_clk_wiz_0
    BUFGCTRL_X0Y16       BUFG (Prop_bufg_I_O)         0.096    -3.974 r  pll_inst/inst/clkout1_buf/O
                         net (fo=5373, routed)        1.728    -2.246    inst_svpwm/time_processor_inst/cordic_inst_T1/clk_out1
    SLICE_X10Y118        FDCE                                         r  inst_svpwm/time_processor_inst/cordic_inst_T1/pipeline_reg[15][pip_sin][3]/C
  -------------------------------------------------------------------    -------------------
    SLICE_X10Y118        FDCE (Prop_fdce_C_Q)         0.518    -1.728 f  inst_svpwm/time_processor_inst/cordic_inst_T1/pipeline_reg[15][pip_sin][3]/Q
                         net (fo=2, routed)           1.811     0.084    inst_svpwm/time_processor_inst/cordic_inst_T1/pipeline_reg[15][pip_sin][3]
    SLICE_X13Y92         LUT1 (Prop_lut1_I0_O)        0.124     0.208 r  inst_svpwm/time_processor_inst/cordic_inst_T1/t1_mult_reg0_i_39/O
                         net (fo=1, routed)           0.000     0.208    inst_svpwm/time_processor_inst/cordic_inst_T1/t1_mult_reg0_i_39_n_0
    SLICE_X13Y92         CARRY4 (Prop_carry4_S[3]_CO[3])
                                                      0.401     0.609 r  inst_svpwm/time_processor_inst/cordic_inst_T1/t1_mult_reg0_i_22/CO[3]
                         net (fo=1, routed)           0.000     0.609    inst_svpwm/time_processor_inst/cordic_inst_T1/t1_mult_reg0_i_22_n_0
    SLICE_X13Y93         CARRY4 (Prop_carry4_CI_CO[3])
                                                      0.114     0.723 r  inst_svpwm/time_processor_inst/cordic_inst_T1/t1_mult_reg0_i_21/CO[3]
                         net (fo=1, routed)           0.000     0.723    inst_svpwm/time_processor_inst/cordic_inst_T1/t1_mult_reg0_i_21_n_0
    SLICE_X13Y94         CARRY4 (Prop_carry4_CI_O[1])
                                                      0.334     1.057 r  inst_svpwm/time_processor_inst/cordic_inst_T1/t1_mult_reg0_i_20/O[1]
                         net (fo=1, routed)           0.732     1.789    inst_svpwm/time_processor_inst/cordic_inst_T1/sin_value0[9]
    SLICE_X14Y94         LUT3 (Prop_lut3_I1_O)        0.329     2.118 r  inst_svpwm/time_processor_inst/cordic_inst_T1/t1_mult_reg0_i_8/O
                         net (fo=2, routed)           0.754     2.871    inst_svpwm/time_processor_inst/sin_value[9]
    DSP48_X0Y38          DSP48E1 (Prop_dsp48e1_A[9]_PCOUT[15])
                                                      4.240     7.111 r  inst_svpwm/time_processor_inst/t1_mult_reg0/PCOUT[15]
                         net (fo=1, routed)           0.002     7.113    inst_svpwm/time_processor_inst/t1_mult_reg0_n_138
    DSP48_X0Y39          DSP48E1                                      r  inst_svpwm/time_processor_inst/t1_mult_reg_reg/PCIN[15]
  -------------------------------------------------------------------    -------------------

                         (clock clk_out1_clk_wiz_0 rise edge)
                                                     20.000    20.000 r  
    E3                                                0.000    20.000 r  clk (IN)
                         net (fo=0)                   0.000    20.000    pll_inst/inst/clk_in1
    E3                   IBUF (Prop_ibuf_I_O)         1.418    21.418 r  pll_inst/inst/clkin1_ibufg/O
                         net (fo=1, routed)           1.181    22.599    pll_inst/inst/clk_in1_clk_wiz_0
    PLLE2_ADV_X1Y1       PLLE2_ADV (Prop_plle2_adv_CLKIN1_CLKOUT0)
                                                     -7.736    14.863 r  pll_inst/inst/plle2_adv_inst/CLKOUT0
                         net (fo=1, routed)           1.576    16.439    pll_inst/inst/clk_out1_clk_wiz_0
    BUFGCTRL_X0Y16       BUFG (Prop_bufg_I_O)         0.091    16.530 r  pll_inst/inst/clkout1_buf/O
                         net (fo=5373, routed)        1.528    18.059    inst_svpwm/time_processor_inst/clk_out1
    DSP48_X0Y39          DSP48E1                                      r  inst_svpwm/time_processor_inst/t1_mult_reg_reg/CLK
                         clock pessimism             -0.496    17.562    
                         clock uncertainty           -0.108    17.455    
    DSP48_X0Y39          DSP48E1 (Setup_dsp48e1_CLK_PCIN[15])
                                                     -1.400    16.055    inst_svpwm/time_processor_inst/t1_mult_reg_reg
  -------------------------------------------------------------------
                         required time                         16.055    
                         arrival time                          -7.113    
  -------------------------------------------------------------------
                         slack                                  8.941    

Slack (MET) :             8.941ns  (required time - arrival time)
  Source:                 inst_svpwm/time_processor_inst/cordic_inst_T1/pipeline_reg[15][pip_sin][3]/C
                            (rising edge-triggered cell FDCE clocked by clk_out1_clk_wiz_0_1  {rise@0.000ns fall@10.000ns period=20.000ns})
  Destination:            inst_svpwm/time_processor_inst/t1_mult_reg_reg/PCIN[16]
                            (rising edge-triggered cell DSP48E1 clocked by clk_out1_clk_wiz_0  {rise@0.000ns fall@10.000ns period=20.000ns})
  Path Group:             clk_out1_clk_wiz_0
  Path Type:              Setup (Max at Slow Process Corner)
  Requirement:            20.000ns  (clk_out1_clk_wiz_0 rise@20.000ns - clk_out1_clk_wiz_0_1 rise@0.000ns)
  Data Path Delay:        9.359ns  (logic 6.060ns (64.752%)  route 3.299ns (35.248%))
  Logic Levels:           6  (CARRY4=3 DSP48E1=1 LUT1=1 LUT3=1)
  Clock Path Skew:        -0.192ns (DCD - SCD + CPR)
    Destination Clock Delay (DCD):    -1.941ns = ( 18.059 - 20.000 ) 
    Source Clock Delay      (SCD):    -2.246ns
    Clock Pessimism Removal (CPR):    -0.496ns
  Clock Uncertainty:      0.108ns  ((TSJ^2 + DJ^2)^1/2) / 2 + PE
    Total System Jitter     (TSJ):    0.071ns
    Discrete Jitter          (DJ):    0.203ns
    Phase Error              (PE):    0.000ns
  Clock Domain Crossing:  Inter clock paths are considered valid unless explicitly excluded by timing constraints such as set_clock_groups or set_false_path.

    Location             Delay type                Incr(ns)  Path(ns)    Netlist Resource(s)
  -------------------------------------------------------------------    -------------------
                         (clock clk_out1_clk_wiz_0_1 rise edge)
                                                      0.000     0.000 r  
    E3                                                0.000     0.000 r  clk (IN)
                         net (fo=0)                   0.000     0.000    pll_inst/inst/clk_in1
    E3                   IBUF (Prop_ibuf_I_O)         1.489     1.489 r  pll_inst/inst/clkin1_ibufg/O
                         net (fo=1, routed)           1.253     2.742    pll_inst/inst/clk_in1_clk_wiz_0
    PLLE2_ADV_X1Y1       PLLE2_ADV (Prop_plle2_adv_CLKIN1_CLKOUT0)
                                                     -8.467    -5.725 r  pll_inst/inst/plle2_adv_inst/CLKOUT0
                         net (fo=1, routed)           1.655    -4.070    pll_inst/inst/clk_out1_clk_wiz_0
    BUFGCTRL_X0Y16       BUFG (Prop_bufg_I_O)         0.096    -3.974 r  pll_inst/inst/clkout1_buf/O
                         net (fo=5373, routed)        1.728    -2.246    inst_svpwm/time_processor_inst/cordic_inst_T1/clk_out1
    SLICE_X10Y118        FDCE                                         r  inst_svpwm/time_processor_inst/cordic_inst_T1/pipeline_reg[15][pip_sin][3]/C
  -------------------------------------------------------------------    -------------------
    SLICE_X10Y118        FDCE (Prop_fdce_C_Q)         0.518    -1.728 f  inst_svpwm/time_processor_inst/cordic_inst_T1/pipeline_reg[15][pip_sin][3]/Q
                         net (fo=2, routed)           1.811     0.084    inst_svpwm/time_processor_inst/cordic_inst_T1/pipeline_reg[15][pip_sin][3]
    SLICE_X13Y92         LUT1 (Prop_lut1_I0_O)        0.124     0.208 r  inst_svpwm/time_processor_inst/cordic_inst_T1/t1_mult_reg0_i_39/O
                         net (fo=1, routed)           0.000     0.208    inst_svpwm/time_processor_inst/cordic_inst_T1/t1_mult_reg0_i_39_n_0
    SLICE_X13Y92         CARRY4 (Prop_carry4_S[3]_CO[3])
                                                      0.401     0.609 r  inst_svpwm/time_processor_inst/cordic_inst_T1/t1_mult_reg0_i_22/CO[3]
                         net (fo=1, routed)           0.000     0.609    inst_svpwm/time_processor_inst/cordic_inst_T1/t1_mult_reg0_i_22_n_0
    SLICE_X13Y93         CARRY4 (Prop_carry4_CI_CO[3])
                                                      0.114     0.723 r  inst_svpwm/time_processor_inst/cordic_inst_T1/t1_mult_reg0_i_21/CO[3]
                         net (fo=1, routed)           0.000     0.723    inst_svpwm/time_processor_inst/cordic_inst_T1/t1_mult_reg0_i_21_n_0
    SLICE_X13Y94         CARRY4 (Prop_carry4_CI_O[1])
                                                      0.334     1.057 r  inst_svpwm/time_processor_inst/cordic_inst_T1/t1_mult_reg0_i_20/O[1]
                         net (fo=1, routed)           0.732     1.789    inst_svpwm/time_processor_inst/cordic_inst_T1/sin_value0[9]
    SLICE_X14Y94         LUT3 (Prop_lut3_I1_O)        0.329     2.118 r  inst_svpwm/time_processor_inst/cordic_inst_T1/t1_mult_reg0_i_8/O
                         net (fo=2, routed)           0.754     2.871    inst_svpwm/time_processor_inst/sin_value[9]
    DSP48_X0Y38          DSP48E1 (Prop_dsp48e1_A[9]_PCOUT[16])
                                                      4.240     7.111 r  inst_svpwm/time_processor_inst/t1_mult_reg0/PCOUT[16]
                         net (fo=1, routed)           0.002     7.113    inst_svpwm/time_processor_inst/t1_mult_reg0_n_137
    DSP48_X0Y39          DSP48E1                                      r  inst_svpwm/time_processor_inst/t1_mult_reg_reg/PCIN[16]
  -------------------------------------------------------------------    -------------------

                         (clock clk_out1_clk_wiz_0 rise edge)
                                                     20.000    20.000 r  
    E3                                                0.000    20.000 r  clk (IN)
                         net (fo=0)                   0.000    20.000    pll_inst/inst/clk_in1
    E3                   IBUF (Prop_ibuf_I_O)         1.418    21.418 r  pll_inst/inst/clkin1_ibufg/O
                         net (fo=1, routed)           1.181    22.599    pll_inst/inst/clk_in1_clk_wiz_0
    PLLE2_ADV_X1Y1       PLLE2_ADV (Prop_plle2_adv_CLKIN1_CLKOUT0)
                                                     -7.736    14.863 r  pll_inst/inst/plle2_adv_inst/CLKOUT0
                         net (fo=1, routed)           1.576    16.439    pll_inst/inst/clk_out1_clk_wiz_0
    BUFGCTRL_X0Y16       BUFG (Prop_bufg_I_O)         0.091    16.530 r  pll_inst/inst/clkout1_buf/O
                         net (fo=5373, routed)        1.528    18.059    inst_svpwm/time_processor_inst/clk_out1
    DSP48_X0Y39          DSP48E1                                      r  inst_svpwm/time_processor_inst/t1_mult_reg_reg/CLK
                         clock pessimism             -0.496    17.562    
                         clock uncertainty           -0.108    17.455    
    DSP48_X0Y39          DSP48E1 (Setup_dsp48e1_CLK_PCIN[16])
                                                     -1.400    16.055    inst_svpwm/time_processor_inst/t1_mult_reg_reg
  -------------------------------------------------------------------
                         required time                         16.055    
                         arrival time                          -7.113    
  -------------------------------------------------------------------
                         slack                                  8.941    

Slack (MET) :             8.941ns  (required time - arrival time)
  Source:                 inst_svpwm/time_processor_inst/cordic_inst_T1/pipeline_reg[15][pip_sin][3]/C
                            (rising edge-triggered cell FDCE clocked by clk_out1_clk_wiz_0_1  {rise@0.000ns fall@10.000ns period=20.000ns})
  Destination:            inst_svpwm/time_processor_inst/t1_mult_reg_reg/PCIN[17]
                            (rising edge-triggered cell DSP48E1 clocked by clk_out1_clk_wiz_0  {rise@0.000ns fall@10.000ns period=20.000ns})
  Path Group:             clk_out1_clk_wiz_0
  Path Type:              Setup (Max at Slow Process Corner)
  Requirement:            20.000ns  (clk_out1_clk_wiz_0 rise@20.000ns - clk_out1_clk_wiz_0_1 rise@0.000ns)
  Data Path Delay:        9.359ns  (logic 6.060ns (64.752%)  route 3.299ns (35.248%))
  Logic Levels:           6  (CARRY4=3 DSP48E1=1 LUT1=1 LUT3=1)
  Clock Path Skew:        -0.192ns (DCD - SCD + CPR)
    Destination Clock Delay (DCD):    -1.941ns = ( 18.059 - 20.000 ) 
    Source Clock Delay      (SCD):    -2.246ns
    Clock Pessimism Removal (CPR):    -0.496ns
  Clock Uncertainty:      0.108ns  ((TSJ^2 + DJ^2)^1/2) / 2 + PE
    Total System Jitter     (TSJ):    0.071ns
    Discrete Jitter          (DJ):    0.203ns
    Phase Error              (PE):    0.000ns
  Clock Domain Crossing:  Inter clock paths are considered valid unless explicitly excluded by timing constraints such as set_clock_groups or set_false_path.

    Location             Delay type                Incr(ns)  Path(ns)    Netlist Resource(s)
  -------------------------------------------------------------------    -------------------
                         (clock clk_out1_clk_wiz_0_1 rise edge)
                                                      0.000     0.000 r  
    E3                                                0.000     0.000 r  clk (IN)
                         net (fo=0)                   0.000     0.000    pll_inst/inst/clk_in1
    E3                   IBUF (Prop_ibuf_I_O)         1.489     1.489 r  pll_inst/inst/clkin1_ibufg/O
                         net (fo=1, routed)           1.253     2.742    pll_inst/inst/clk_in1_clk_wiz_0
    PLLE2_ADV_X1Y1       PLLE2_ADV (Prop_plle2_adv_CLKIN1_CLKOUT0)
                                                     -8.467    -5.725 r  pll_inst/inst/plle2_adv_inst/CLKOUT0
                         net (fo=1, routed)           1.655    -4.070    pll_inst/inst/clk_out1_clk_wiz_0
    BUFGCTRL_X0Y16       BUFG (Prop_bufg_I_O)         0.096    -3.974 r  pll_inst/inst/clkout1_buf/O
                         net (fo=5373, routed)        1.728    -2.246    inst_svpwm/time_processor_inst/cordic_inst_T1/clk_out1
    SLICE_X10Y118        FDCE                                         r  inst_svpwm/time_processor_inst/cordic_inst_T1/pipeline_reg[15][pip_sin][3]/C
  -------------------------------------------------------------------    -------------------
    SLICE_X10Y118        FDCE (Prop_fdce_C_Q)         0.518    -1.728 f  inst_svpwm/time_processor_inst/cordic_inst_T1/pipeline_reg[15][pip_sin][3]/Q
                         net (fo=2, routed)           1.811     0.084    inst_svpwm/time_processor_inst/cordic_inst_T1/pipeline_reg[15][pip_sin][3]
    SLICE_X13Y92         LUT1 (Prop_lut1_I0_O)        0.124     0.208 r  inst_svpwm/time_processor_inst/cordic_inst_T1/t1_mult_reg0_i_39/O
                         net (fo=1, routed)           0.000     0.208    inst_svpwm/time_processor_inst/cordic_inst_T1/t1_mult_reg0_i_39_n_0
    SLICE_X13Y92         CARRY4 (Prop_carry4_S[3]_CO[3])
                                                      0.401     0.609 r  inst_svpwm/time_processor_inst/cordic_inst_T1/t1_mult_reg0_i_22/CO[3]
                         net (fo=1, routed)           0.000     0.609    inst_svpwm/time_processor_inst/cordic_inst_T1/t1_mult_reg0_i_22_n_0
    SLICE_X13Y93         CARRY4 (Prop_carry4_CI_CO[3])
                                                      0.114     0.723 r  inst_svpwm/time_processor_inst/cordic_inst_T1/t1_mult_reg0_i_21/CO[3]
                         net (fo=1, routed)           0.000     0.723    inst_svpwm/time_processor_inst/cordic_inst_T1/t1_mult_reg0_i_21_n_0
    SLICE_X13Y94         CARRY4 (Prop_carry4_CI_O[1])
                                                      0.334     1.057 r  inst_svpwm/time_processor_inst/cordic_inst_T1/t1_mult_reg0_i_20/O[1]
                         net (fo=1, routed)           0.732     1.789    inst_svpwm/time_processor_inst/cordic_inst_T1/sin_value0[9]
    SLICE_X14Y94         LUT3 (Prop_lut3_I1_O)        0.329     2.118 r  inst_svpwm/time_processor_inst/cordic_inst_T1/t1_mult_reg0_i_8/O
                         net (fo=2, routed)           0.754     2.871    inst_svpwm/time_processor_inst/sin_value[9]
    DSP48_X0Y38          DSP48E1 (Prop_dsp48e1_A[9]_PCOUT[17])
                                                      4.240     7.111 r  inst_svpwm/time_processor_inst/t1_mult_reg0/PCOUT[17]
                         net (fo=1, routed)           0.002     7.113    inst_svpwm/time_processor_inst/t1_mult_reg0_n_136
    DSP48_X0Y39          DSP48E1                                      r  inst_svpwm/time_processor_inst/t1_mult_reg_reg/PCIN[17]
  -------------------------------------------------------------------    -------------------

                         (clock clk_out1_clk_wiz_0 rise edge)
                                                     20.000    20.000 r  
    E3                                                0.000    20.000 r  clk (IN)
                         net (fo=0)                   0.000    20.000    pll_inst/inst/clk_in1
    E3                   IBUF (Prop_ibuf_I_O)         1.418    21.418 r  pll_inst/inst/clkin1_ibufg/O
                         net (fo=1, routed)           1.181    22.599    pll_inst/inst/clk_in1_clk_wiz_0
    PLLE2_ADV_X1Y1       PLLE2_ADV (Prop_plle2_adv_CLKIN1_CLKOUT0)
                                                     -7.736    14.863 r  pll_inst/inst/plle2_adv_inst/CLKOUT0
                         net (fo=1, routed)           1.576    16.439    pll_inst/inst/clk_out1_clk_wiz_0
    BUFGCTRL_X0Y16       BUFG (Prop_bufg_I_O)         0.091    16.530 r  pll_inst/inst/clkout1_buf/O
                         net (fo=5373, routed)        1.528    18.059    inst_svpwm/time_processor_inst/clk_out1
    DSP48_X0Y39          DSP48E1                                      r  inst_svpwm/time_processor_inst/t1_mult_reg_reg/CLK
                         clock pessimism             -0.496    17.562    
                         clock uncertainty           -0.108    17.455    
    DSP48_X0Y39          DSP48E1 (Setup_dsp48e1_CLK_PCIN[17])
                                                     -1.400    16.055    inst_svpwm/time_processor_inst/t1_mult_reg_reg
  -------------------------------------------------------------------
                         required time                         16.055    
                         arrival time                          -7.113    
  -------------------------------------------------------------------
                         slack                                  8.941    

Slack (MET) :             8.941ns  (required time - arrival time)
  Source:                 inst_svpwm/time_processor_inst/cordic_inst_T1/pipeline_reg[15][pip_sin][3]/C
                            (rising edge-triggered cell FDCE clocked by clk_out1_clk_wiz_0_1  {rise@0.000ns fall@10.000ns period=20.000ns})
  Destination:            inst_svpwm/time_processor_inst/t1_mult_reg_reg/PCIN[18]
                            (rising edge-triggered cell DSP48E1 clocked by clk_out1_clk_wiz_0  {rise@0.000ns fall@10.000ns period=20.000ns})
  Path Group:             clk_out1_clk_wiz_0
  Path Type:              Setup (Max at Slow Process Corner)
  Requirement:            20.000ns  (clk_out1_clk_wiz_0 rise@20.000ns - clk_out1_clk_wiz_0_1 rise@0.000ns)
  Data Path Delay:        9.359ns  (logic 6.060ns (64.752%)  route 3.299ns (35.248%))
  Logic Levels:           6  (CARRY4=3 DSP48E1=1 LUT1=1 LUT3=1)
  Clock Path Skew:        -0.192ns (DCD - SCD + CPR)
    Destination Clock Delay (DCD):    -1.941ns = ( 18.059 - 20.000 ) 
    Source Clock Delay      (SCD):    -2.246ns
    Clock Pessimism Removal (CPR):    -0.496ns
  Clock Uncertainty:      0.108ns  ((TSJ^2 + DJ^2)^1/2) / 2 + PE
    Total System Jitter     (TSJ):    0.071ns
    Discrete Jitter          (DJ):    0.203ns
    Phase Error              (PE):    0.000ns
  Clock Domain Crossing:  Inter clock paths are considered valid unless explicitly excluded by timing constraints such as set_clock_groups or set_false_path.

    Location             Delay type                Incr(ns)  Path(ns)    Netlist Resource(s)
  -------------------------------------------------------------------    -------------------
                         (clock clk_out1_clk_wiz_0_1 rise edge)
                                                      0.000     0.000 r  
    E3                                                0.000     0.000 r  clk (IN)
                         net (fo=0)                   0.000     0.000    pll_inst/inst/clk_in1
    E3                   IBUF (Prop_ibuf_I_O)         1.489     1.489 r  pll_inst/inst/clkin1_ibufg/O
                         net (fo=1, routed)           1.253     2.742    pll_inst/inst/clk_in1_clk_wiz_0
    PLLE2_ADV_X1Y1       PLLE2_ADV (Prop_plle2_adv_CLKIN1_CLKOUT0)
                                                     -8.467    -5.725 r  pll_inst/inst/plle2_adv_inst/CLKOUT0
                         net (fo=1, routed)           1.655    -4.070    pll_inst/inst/clk_out1_clk_wiz_0
    BUFGCTRL_X0Y16       BUFG (Prop_bufg_I_O)         0.096    -3.974 r  pll_inst/inst/clkout1_buf/O
                         net (fo=5373, routed)        1.728    -2.246    inst_svpwm/time_processor_inst/cordic_inst_T1/clk_out1
    SLICE_X10Y118        FDCE                                         r  inst_svpwm/time_processor_inst/cordic_inst_T1/pipeline_reg[15][pip_sin][3]/C
  -------------------------------------------------------------------    -------------------
    SLICE_X10Y118        FDCE (Prop_fdce_C_Q)         0.518    -1.728 f  inst_svpwm/time_processor_inst/cordic_inst_T1/pipeline_reg[15][pip_sin][3]/Q
                         net (fo=2, routed)           1.811     0.084    inst_svpwm/time_processor_inst/cordic_inst_T1/pipeline_reg[15][pip_sin][3]
    SLICE_X13Y92         LUT1 (Prop_lut1_I0_O)        0.124     0.208 r  inst_svpwm/time_processor_inst/cordic_inst_T1/t1_mult_reg0_i_39/O
                         net (fo=1, routed)           0.000     0.208    inst_svpwm/time_processor_inst/cordic_inst_T1/t1_mult_reg0_i_39_n_0
    SLICE_X13Y92         CARRY4 (Prop_carry4_S[3]_CO[3])
                                                      0.401     0.609 r  inst_svpwm/time_processor_inst/cordic_inst_T1/t1_mult_reg0_i_22/CO[3]
                         net (fo=1, routed)           0.000     0.609    inst_svpwm/time_processor_inst/cordic_inst_T1/t1_mult_reg0_i_22_n_0
    SLICE_X13Y93         CARRY4 (Prop_carry4_CI_CO[3])
                                                      0.114     0.723 r  inst_svpwm/time_processor_inst/cordic_inst_T1/t1_mult_reg0_i_21/CO[3]
                         net (fo=1, routed)           0.000     0.723    inst_svpwm/time_processor_inst/cordic_inst_T1/t1_mult_reg0_i_21_n_0
    SLICE_X13Y94         CARRY4 (Prop_carry4_CI_O[1])
                                                      0.334     1.057 r  inst_svpwm/time_processor_inst/cordic_inst_T1/t1_mult_reg0_i_20/O[1]
                         net (fo=1, routed)           0.732     1.789    inst_svpwm/time_processor_inst/cordic_inst_T1/sin_value0[9]
    SLICE_X14Y94         LUT3 (Prop_lut3_I1_O)        0.329     2.118 r  inst_svpwm/time_processor_inst/cordic_inst_T1/t1_mult_reg0_i_8/O
                         net (fo=2, routed)           0.754     2.871    inst_svpwm/time_processor_inst/sin_value[9]
    DSP48_X0Y38          DSP48E1 (Prop_dsp48e1_A[9]_PCOUT[18])
                                                      4.240     7.111 r  inst_svpwm/time_processor_inst/t1_mult_reg0/PCOUT[18]
                         net (fo=1, routed)           0.002     7.113    inst_svpwm/time_processor_inst/t1_mult_reg0_n_135
    DSP48_X0Y39          DSP48E1                                      r  inst_svpwm/time_processor_inst/t1_mult_reg_reg/PCIN[18]
  -------------------------------------------------------------------    -------------------

                         (clock clk_out1_clk_wiz_0 rise edge)
                                                     20.000    20.000 r  
    E3                                                0.000    20.000 r  clk (IN)
                         net (fo=0)                   0.000    20.000    pll_inst/inst/clk_in1
    E3                   IBUF (Prop_ibuf_I_O)         1.418    21.418 r  pll_inst/inst/clkin1_ibufg/O
                         net (fo=1, routed)           1.181    22.599    pll_inst/inst/clk_in1_clk_wiz_0
    PLLE2_ADV_X1Y1       PLLE2_ADV (Prop_plle2_adv_CLKIN1_CLKOUT0)
                                                     -7.736    14.863 r  pll_inst/inst/plle2_adv_inst/CLKOUT0
                         net (fo=1, routed)           1.576    16.439    pll_inst/inst/clk_out1_clk_wiz_0
    BUFGCTRL_X0Y16       BUFG (Prop_bufg_I_O)         0.091    16.530 r  pll_inst/inst/clkout1_buf/O
                         net (fo=5373, routed)        1.528    18.059    inst_svpwm/time_processor_inst/clk_out1
    DSP48_X0Y39          DSP48E1                                      r  inst_svpwm/time_processor_inst/t1_mult_reg_reg/CLK
                         clock pessimism             -0.496    17.562    
                         clock uncertainty           -0.108    17.455    
    DSP48_X0Y39          DSP48E1 (Setup_dsp48e1_CLK_PCIN[18])
                                                     -1.400    16.055    inst_svpwm/time_processor_inst/t1_mult_reg_reg
  -------------------------------------------------------------------
                         required time                         16.055    
                         arrival time                          -7.113    
  -------------------------------------------------------------------
                         slack                                  8.941    





Min Delay Paths
--------------------------------------------------------------------------------------
Slack (MET) :             0.013ns  (arrival time - required time)
  Source:                 inst_svpwm/time_processor_inst/cordic_inst_T1/pipeline_reg[1][pip_theta][9]/C
                            (rising edge-triggered cell FDCE clocked by clk_out1_clk_wiz_0_1  {rise@0.000ns fall@10.000ns period=20.000ns})
  Destination:            inst_svpwm/time_processor_inst/cordic_inst_T1/pipeline_reg[2][pip_theta][21]/D
                            (rising edge-triggered cell FDCE clocked by clk_out1_clk_wiz_0  {rise@0.000ns fall@10.000ns period=20.000ns})
  Path Group:             clk_out1_clk_wiz_0
  Path Type:              Hold (Min at Fast Process Corner)
  Requirement:            0.000ns  (clk_out1_clk_wiz_0 rise@0.000ns - clk_out1_clk_wiz_0_1 rise@0.000ns)
  Data Path Delay:        0.605ns  (logic 0.464ns (76.720%)  route 0.141ns (23.280%))
  Logic Levels:           5  (CARRY4=4 LUT2=1)
  Clock Path Skew:        0.350ns (DCD - SCD - CPR)
    Destination Clock Delay (DCD):    -0.219ns
    Source Clock Delay      (SCD):    -0.535ns
    Clock Pessimism Removal (CPR):    -0.034ns
  Clock Uncertainty:      0.108ns  ((TSJ^2 + DJ^2)^1/2) / 2 + PE
    Total System Jitter     (TSJ):    0.071ns
    Discrete Jitter          (DJ):    0.203ns
    Phase Error              (PE):    0.000ns
  Clock Domain Crossing:  Inter clock paths are considered valid unless explicitly excluded by timing constraints such as set_clock_groups or set_false_path.

    Location             Delay type                Incr(ns)  Path(ns)    Netlist Resource(s)
  -------------------------------------------------------------------    -------------------
                         (clock clk_out1_clk_wiz_0_1 rise edge)
                                                      0.000     0.000 r  
    E3                                                0.000     0.000 r  clk (IN)
                         net (fo=0)                   0.000     0.000    pll_inst/inst/clk_in1
    E3                   IBUF (Prop_ibuf_I_O)         0.257     0.257 r  pll_inst/inst/clkin1_ibufg/O
                         net (fo=1, routed)           0.440     0.697    pll_inst/inst/clk_in1_clk_wiz_0
    PLLE2_ADV_X1Y1       PLLE2_ADV (Prop_plle2_adv_CLKIN1_CLKOUT0)
                                                     -2.319    -1.622 r  pll_inst/inst/plle2_adv_inst/CLKOUT0
                         net (fo=1, routed)           0.501    -1.121    pll_inst/inst/clk_out1_clk_wiz_0
    BUFGCTRL_X0Y16       BUFG (Prop_bufg_I_O)         0.026    -1.095 r  pll_inst/inst/clkout1_buf/O
                         net (fo=5373, routed)        0.560    -0.535    inst_svpwm/time_processor_inst/cordic_inst_T1/clk_out1
    SLICE_X39Y97         FDCE                                         r  inst_svpwm/time_processor_inst/cordic_inst_T1/pipeline_reg[1][pip_theta][9]/C
  -------------------------------------------------------------------    -------------------
    SLICE_X39Y97         FDCE (Prop_fdce_C_Q)         0.141    -0.394 r  inst_svpwm/time_processor_inst/cordic_inst_T1/pipeline_reg[1][pip_theta][9]/Q
                         net (fo=1, routed)           0.140    -0.254    inst_svpwm/time_processor_inst/cordic_inst_T1/pipeline_reg[1][pip_theta][9]
    SLICE_X38Y97         LUT2 (Prop_lut2_I0_O)        0.045    -0.209 r  inst_svpwm/time_processor_inst/cordic_inst_T1/pipeline[2][pip_theta][12]_i_7/O
                         net (fo=1, routed)           0.000    -0.209    inst_svpwm/time_processor_inst/cordic_inst_T1/pipeline[2][pip_theta][12]_i_7_n_0
    SLICE_X38Y97         CARRY4 (Prop_carry4_S[0]_CO[3])
                                                      0.145    -0.064 r  inst_svpwm/time_processor_inst/cordic_inst_T1/pipeline_reg[2][pip_theta][12]_i_1/CO[3]
                         net (fo=1, routed)           0.000    -0.064    inst_svpwm/time_processor_inst/cordic_inst_T1/pipeline_reg[2][pip_theta][12]_i_1_n_0
    SLICE_X38Y98         CARRY4 (Prop_carry4_CI_CO[3])
                                                      0.040    -0.024 r  inst_svpwm/time_processor_inst/cordic_inst_T1/pipeline_reg[2][pip_theta][16]_i_1/CO[3]
                         net (fo=1, routed)           0.000    -0.024    inst_svpwm/time_processor_inst/cordic_inst_T1/pipeline_reg[2][pip_theta][16]_i_1_n_0
    SLICE_X38Y99         CARRY4 (Prop_carry4_CI_CO[3])
                                                      0.040     0.016 r  inst_svpwm/time_processor_inst/cordic_inst_T1/pipeline_reg[2][pip_theta][20]_i_1/CO[3]
                         net (fo=1, routed)           0.001     0.017    inst_svpwm/time_processor_inst/cordic_inst_T1/pipeline_reg[2][pip_theta][20]_i_1_n_0
    SLICE_X38Y100        CARRY4 (Prop_carry4_CI_O[0])
                                                      0.053     0.070 r  inst_svpwm/time_processor_inst/cordic_inst_T1/pipeline_reg[2][pip_theta][24]_i_1/O[0]
                         net (fo=1, routed)           0.000     0.070    inst_svpwm/time_processor_inst/cordic_inst_T1/pipeline_reg[2][pip_theta][24]_i_1_n_7
    SLICE_X38Y100        FDCE                                         r  inst_svpwm/time_processor_inst/cordic_inst_T1/pipeline_reg[2][pip_theta][21]/D
  -------------------------------------------------------------------    -------------------

                         (clock clk_out1_clk_wiz_0 rise edge)
                                                      0.000     0.000 r  
    E3                                                0.000     0.000 r  clk (IN)
                         net (fo=0)                   0.000     0.000    pll_inst/inst/clk_in1
    E3                   IBUF (Prop_ibuf_I_O)         0.445     0.445 r  pll_inst/inst/clkin1_ibufg/O
                         net (fo=1, routed)           0.481     0.926    pll_inst/inst/clk_in1_clk_wiz_0
    PLLE2_ADV_X1Y1       PLLE2_ADV (Prop_plle2_adv_CLKIN1_CLKOUT0)
                                                     -2.634    -1.708 r  pll_inst/inst/plle2_adv_inst/CLKOUT0
                         net (fo=1, routed)           0.546    -1.163    pll_inst/inst/clk_out1_clk_wiz_0
    BUFGCTRL_X0Y16       BUFG (Prop_bufg_I_O)         0.029    -1.134 r  pll_inst/inst/clkout1_buf/O
                         net (fo=5373, routed)        0.915    -0.219    inst_svpwm/time_processor_inst/cordic_inst_T1/clk_out1
    SLICE_X38Y100        FDCE                                         r  inst_svpwm/time_processor_inst/cordic_inst_T1/pipeline_reg[2][pip_theta][21]/C
                         clock pessimism              0.034    -0.185    
                         clock uncertainty            0.108    -0.077    
    SLICE_X38Y100        FDCE (Hold_fdce_C_D)         0.134     0.057    inst_svpwm/time_processor_inst/cordic_inst_T1/pipeline_reg[2][pip_theta][21]
  -------------------------------------------------------------------
                         required time                         -0.057    
                         arrival time                           0.070    
  -------------------------------------------------------------------
                         slack                                  0.013    

Slack (MET) :             0.018ns  (arrival time - required time)
  Source:                 inst_svpwm/time_processor_inst/cordic_inst_T2/pipeline_reg[7][pip_sin][4]/C
                            (rising edge-triggered cell FDCE clocked by clk_out1_clk_wiz_0_1  {rise@0.000ns fall@10.000ns period=20.000ns})
  Destination:            inst_svpwm/time_processor_inst/cordic_inst_T2/pipeline_reg[8][pip_sin][23]/D
                            (rising edge-triggered cell FDCE clocked by clk_out1_clk_wiz_0  {rise@0.000ns fall@10.000ns period=20.000ns})
  Path Group:             clk_out1_clk_wiz_0
  Path Type:              Hold (Min at Fast Process Corner)
  Requirement:            0.000ns  (clk_out1_clk_wiz_0 rise@0.000ns - clk_out1_clk_wiz_0_1 rise@0.000ns)
  Data Path Delay:        0.613ns  (logic 0.504ns (82.198%)  route 0.109ns (17.802%))
  Logic Levels:           6  (CARRY4=6)
  Clock Path Skew:        0.353ns (DCD - SCD - CPR)
    Destination Clock Delay (DCD):    -0.185ns
    Source Clock Delay      (SCD):    -0.504ns
    Clock Pessimism Removal (CPR):    -0.034ns
  Clock Uncertainty:      0.108ns  ((TSJ^2 + DJ^2)^1/2) / 2 + PE
    Total System Jitter     (TSJ):    0.071ns
    Discrete Jitter          (DJ):    0.203ns
    Phase Error              (PE):    0.000ns
  Clock Domain Crossing:  Inter clock paths are considered valid unless explicitly excluded by timing constraints such as set_clock_groups or set_false_path.

    Location             Delay type                Incr(ns)  Path(ns)    Netlist Resource(s)
  -------------------------------------------------------------------    -------------------
                         (clock clk_out1_clk_wiz_0_1 rise edge)
                                                      0.000     0.000 r  
    E3                                                0.000     0.000 r  clk (IN)
                         net (fo=0)                   0.000     0.000    pll_inst/inst/clk_in1
    E3                   IBUF (Prop_ibuf_I_O)         0.257     0.257 r  pll_inst/inst/clkin1_ibufg/O
                         net (fo=1, routed)           0.440     0.697    pll_inst/inst/clk_in1_clk_wiz_0
    PLLE2_ADV_X1Y1       PLLE2_ADV (Prop_plle2_adv_CLKIN1_CLKOUT0)
                                                     -2.319    -1.622 r  pll_inst/inst/plle2_adv_inst/CLKOUT0
                         net (fo=1, routed)           0.501    -1.121    pll_inst/inst/clk_out1_clk_wiz_0
    BUFGCTRL_X0Y16       BUFG (Prop_bufg_I_O)         0.026    -1.095 r  pll_inst/inst/clkout1_buf/O
                         net (fo=5373, routed)        0.591    -0.504    inst_svpwm/time_processor_inst/cordic_inst_T2/clk_out1
    SLICE_X1Y94          FDCE                                         r  inst_svpwm/time_processor_inst/cordic_inst_T2/pipeline_reg[7][pip_sin][4]/C
  -------------------------------------------------------------------    -------------------
    SLICE_X1Y94          FDCE (Prop_fdce_C_Q)         0.141    -0.363 r  inst_svpwm/time_processor_inst/cordic_inst_T2/pipeline_reg[7][pip_sin][4]/Q
                         net (fo=2, routed)           0.108    -0.255    inst_svpwm/time_processor_inst/cordic_inst_T2/pipeline_reg[7][pip_sin][4]
    SLICE_X2Y95          CARRY4 (Prop_carry4_DI[1]_CO[3])
                                                      0.150    -0.105 r  inst_svpwm/time_processor_inst/cordic_inst_T2/pipeline_reg[8][pip_sin][6]_i_1/CO[3]
                         net (fo=1, routed)           0.000    -0.105    inst_svpwm/time_processor_inst/cordic_inst_T2/pipeline_reg[8][pip_sin][6]_i_1_n_0
    SLICE_X2Y96          CARRY4 (Prop_carry4_CI_CO[3])
                                                      0.040    -0.065 r  inst_svpwm/time_processor_inst/cordic_inst_T2/pipeline_reg[8][pip_sin][10]_i_1/CO[3]
                         net (fo=1, routed)           0.000    -0.065    inst_svpwm/time_processor_inst/cordic_inst_T2/pipeline_reg[8][pip_sin][10]_i_1_n_0
    SLICE_X2Y97          CARRY4 (Prop_carry4_CI_CO[3])
                                                      0.040    -0.025 r  inst_svpwm/time_processor_inst/cordic_inst_T2/pipeline_reg[8][pip_sin][14]_i_1/CO[3]
                         net (fo=1, routed)           0.000    -0.025    inst_svpwm/time_processor_inst/cordic_inst_T2/pipeline_reg[8][pip_sin][14]_i_1_n_0
    SLICE_X2Y98          CARRY4 (Prop_carry4_CI_CO[3])
                                                      0.040     0.015 r  inst_svpwm/time_processor_inst/cordic_inst_T2/pipeline_reg[8][pip_sin][18]_i_1/CO[3]
                         net (fo=1, routed)           0.000     0.015    inst_svpwm/time_processor_inst/cordic_inst_T2/pipeline_reg[8][pip_sin][18]_i_1_n_0
    SLICE_X2Y99          CARRY4 (Prop_carry4_CI_CO[3])
                                                      0.040     0.055 r  inst_svpwm/time_processor_inst/cordic_inst_T2/pipeline_reg[8][pip_sin][22]_i_1/CO[3]
                         net (fo=1, routed)           0.001     0.056    inst_svpwm/time_processor_inst/cordic_inst_T2/pipeline_reg[8][pip_sin][22]_i_1_n_0
    SLICE_X2Y100         CARRY4 (Prop_carry4_CI_O[0])
                                                      0.053     0.109 r  inst_svpwm/time_processor_inst/cordic_inst_T2/pipeline_reg[8][pip_sin][26]_i_1/O[0]
                         net (fo=1, routed)           0.000     0.109    inst_svpwm/time_processor_inst/cordic_inst_T2/pipeline_reg[8][pip_sin][26]_i_1_n_7
    SLICE_X2Y100         FDCE                                         r  inst_svpwm/time_processor_inst/cordic_inst_T2/pipeline_reg[8][pip_sin][23]/D
  -------------------------------------------------------------------    -------------------

                         (clock clk_out1_clk_wiz_0 rise edge)
                                                      0.000     0.000 r  
    E3                                                0.000     0.000 r  clk (IN)
                         net (fo=0)                   0.000     0.000    pll_inst/inst/clk_in1
    E3                   IBUF (Prop_ibuf_I_O)         0.445     0.445 r  pll_inst/inst/clkin1_ibufg/O
                         net (fo=1, routed)           0.481     0.926    pll_inst/inst/clk_in1_clk_wiz_0
    PLLE2_ADV_X1Y1       PLLE2_ADV (Prop_plle2_adv_CLKIN1_CLKOUT0)
                                                     -2.634    -1.708 r  pll_inst/inst/plle2_adv_inst/CLKOUT0
                         net (fo=1, routed)           0.546    -1.163    pll_inst/inst/clk_out1_clk_wiz_0
    BUFGCTRL_X0Y16       BUFG (Prop_bufg_I_O)         0.029    -1.134 r  pll_inst/inst/clkout1_buf/O
                         net (fo=5373, routed)        0.949    -0.185    inst_svpwm/time_processor_inst/cordic_inst_T2/clk_out1
    SLICE_X2Y100         FDCE                                         r  inst_svpwm/time_processor_inst/cordic_inst_T2/pipeline_reg[8][pip_sin][23]/C
                         clock pessimism              0.034    -0.151    
                         clock uncertainty            0.108    -0.043    
    SLICE_X2Y100         FDCE (Hold_fdce_C_D)         0.134     0.091    inst_svpwm/time_processor_inst/cordic_inst_T2/pipeline_reg[8][pip_sin][23]
  -------------------------------------------------------------------
                         required time                         -0.091    
                         arrival time                           0.109    
  -------------------------------------------------------------------
                         slack                                  0.018    

Slack (MET) :             0.025ns  (arrival time - required time)
  Source:                 inst_svpwm/time_processor_inst/cordic_inst_T1/pipeline_reg[2][pip_theta][21]/C
                            (rising edge-triggered cell FDCE clocked by clk_out1_clk_wiz_0_1  {rise@0.000ns fall@10.000ns period=20.000ns})
  Destination:            inst_svpwm/time_processor_inst/cordic_inst_T1/pipeline_reg[3][pip_theta][22]/D
                            (rising edge-triggered cell FDCE clocked by clk_out1_clk_wiz_0  {rise@0.000ns fall@10.000ns period=20.000ns})
  Path Group:             clk_out1_clk_wiz_0
  Path Type:              Hold (Min at Fast Process Corner)
  Requirement:            0.000ns  (clk_out1_clk_wiz_0 rise@0.000ns - clk_out1_clk_wiz_0_1 rise@0.000ns)
  Data Path Delay:        0.420ns  (logic 0.274ns (65.245%)  route 0.146ns (34.755%))
  Logic Levels:           2  (CARRY4=1 LUT2=1)
  Clock Path Skew:        0.182ns (DCD - SCD - CPR)
    Destination Clock Delay (DCD):    -0.305ns
    Source Clock Delay      (SCD):    -0.454ns
    Clock Pessimism Removal (CPR):    -0.034ns
  Clock Uncertainty:      0.108ns  ((TSJ^2 + DJ^2)^1/2) / 2 + PE
    Total System Jitter     (TSJ):    0.071ns
    Discrete Jitter          (DJ):    0.203ns
    Phase Error              (PE):    0.000ns
  Clock Domain Crossing:  Inter clock paths are considered valid unless explicitly excluded by timing constraints such as set_clock_groups or set_false_path.

    Location             Delay type                Incr(ns)  Path(ns)    Netlist Resource(s)
  -------------------------------------------------------------------    -------------------
                         (clock clk_out1_clk_wiz_0_1 rise edge)
                                                      0.000     0.000 r  
    E3                                                0.000     0.000 r  clk (IN)
                         net (fo=0)                   0.000     0.000    pll_inst/inst/clk_in1
    E3                   IBUF (Prop_ibuf_I_O)         0.257     0.257 r  pll_inst/inst/clkin1_ibufg/O
                         net (fo=1, routed)           0.440     0.697    pll_inst/inst/clk_in1_clk_wiz_0
    PLLE2_ADV_X1Y1       PLLE2_ADV (Prop_plle2_adv_CLKIN1_CLKOUT0)
                                                     -2.319    -1.622 r  pll_inst/inst/plle2_adv_inst/CLKOUT0
                         net (fo=1, routed)           0.501    -1.121    pll_inst/inst/clk_out1_clk_wiz_0
    BUFGCTRL_X0Y16       BUFG (Prop_bufg_I_O)         0.026    -1.095 r  pll_inst/inst/clkout1_buf/O
                         net (fo=5373, routed)        0.641    -0.454    inst_svpwm/time_processor_inst/cordic_inst_T1/clk_out1
    SLICE_X38Y100        FDCE                                         r  inst_svpwm/time_processor_inst/cordic_inst_T1/pipeline_reg[2][pip_theta][21]/C
  -------------------------------------------------------------------    -------------------
    SLICE_X38Y100        FDCE (Prop_fdce_C_Q)         0.164    -0.290 r  inst_svpwm/time_processor_inst/cordic_inst_T1/pipeline_reg[2][pip_theta][21]/Q
                         net (fo=3, routed)           0.146    -0.144    inst_svpwm/time_processor_inst/cordic_inst_T1/pipeline_reg[2][pip_theta][21]
    SLICE_X37Y99         LUT2 (Prop_lut2_I0_O)        0.045    -0.099 r  inst_svpwm/time_processor_inst/cordic_inst_T1/pipeline[3][pip_theta][24]_i_5/O
                         net (fo=1, routed)           0.000    -0.099    inst_svpwm/time_processor_inst/cordic_inst_T1/pipeline[3][pip_theta][24]_i_5_n_0
    SLICE_X37Y99         CARRY4 (Prop_carry4_S[1]_O[1])
                                                      0.065    -0.034 r  inst_svpwm/time_processor_inst/cordic_inst_T1/pipeline_reg[3][pip_theta][24]_i_1/O[1]
                         net (fo=1, routed)           0.000    -0.034    inst_svpwm/time_processor_inst/cordic_inst_T1/pipeline_reg[3][pip_theta][24]_i_1_n_6
    SLICE_X37Y99         FDCE                                         r  inst_svpwm/time_processor_inst/cordic_inst_T1/pipeline_reg[3][pip_theta][22]/D
  -------------------------------------------------------------------    -------------------

                         (clock clk_out1_clk_wiz_0 rise edge)
                                                      0.000     0.000 r  
    E3                                                0.000     0.000 r  clk (IN)
                         net (fo=0)                   0.000     0.000    pll_inst/inst/clk_in1
    E3                   IBUF (Prop_ibuf_I_O)         0.445     0.445 r  pll_inst/inst/clkin1_ibufg/O
                         net (fo=1, routed)           0.481     0.926    pll_inst/inst/clk_in1_clk_wiz_0
    PLLE2_ADV_X1Y1       PLLE2_ADV (Prop_plle2_adv_CLKIN1_CLKOUT0)
                                                     -2.634    -1.708 r  pll_inst/inst/plle2_adv_inst/CLKOUT0
                         net (fo=1, routed)           0.546    -1.163    pll_inst/inst/clk_out1_clk_wiz_0
    BUFGCTRL_X0Y16       BUFG (Prop_bufg_I_O)         0.029    -1.134 r  pll_inst/inst/clkout1_buf/O
                         net (fo=5373, routed)        0.828    -0.305    inst_svpwm/time_processor_inst/cordic_inst_T1/clk_out1
    SLICE_X37Y99         FDCE                                         r  inst_svpwm/time_processor_inst/cordic_inst_T1/pipeline_reg[3][pip_theta][22]/C
                         clock pessimism              0.034    -0.271    
                         clock uncertainty            0.108    -0.164    
    SLICE_X37Y99         FDCE (Hold_fdce_C_D)         0.105    -0.059    inst_svpwm/time_processor_inst/cordic_inst_T1/pipeline_reg[3][pip_theta][22]
  -------------------------------------------------------------------
                         required time                          0.059    
                         arrival time                          -0.034    
  -------------------------------------------------------------------
                         slack                                  0.025    

Slack (MET) :             0.026ns  (arrival time - required time)
  Source:                 inst_svpwm/time_processor_inst/cordic_inst_T1/pipeline_reg[1][pip_theta][9]/C
                            (rising edge-triggered cell FDCE clocked by clk_out1_clk_wiz_0_1  {rise@0.000ns fall@10.000ns period=20.000ns})
  Destination:            inst_svpwm/time_processor_inst/cordic_inst_T1/pipeline_reg[2][pip_theta][23]/D
                            (rising edge-triggered cell FDCE clocked by clk_out1_clk_wiz_0  {rise@0.000ns fall@10.000ns period=20.000ns})
  Path Group:             clk_out1_clk_wiz_0
  Path Type:              Hold (Min at Fast Process Corner)
  Requirement:            0.000ns  (clk_out1_clk_wiz_0 rise@0.000ns - clk_out1_clk_wiz_0_1 rise@0.000ns)
  Data Path Delay:        0.618ns  (logic 0.477ns (77.210%)  route 0.141ns (22.790%))
  Logic Levels:           5  (CARRY4=4 LUT2=1)
  Clock Path Skew:        0.350ns (DCD - SCD - CPR)
    Destination Clock Delay (DCD):    -0.219ns
    Source Clock Delay      (SCD):    -0.535ns
    Clock Pessimism Removal (CPR):    -0.034ns
  Clock Uncertainty:      0.108ns  ((TSJ^2 + DJ^2)^1/2) / 2 + PE
    Total System Jitter     (TSJ):    0.071ns
    Discrete Jitter          (DJ):    0.203ns
    Phase Error              (PE):    0.000ns
  Clock Domain Crossing:  Inter clock paths are considered valid unless explicitly excluded by timing constraints such as set_clock_groups or set_false_path.

    Location             Delay type                Incr(ns)  Path(ns)    Netlist Resource(s)
  -------------------------------------------------------------------    -------------------
                         (clock clk_out1_clk_wiz_0_1 rise edge)
                                                      0.000     0.000 r  
    E3                                                0.000     0.000 r  clk (IN)
                         net (fo=0)                   0.000     0.000    pll_inst/inst/clk_in1
    E3                   IBUF (Prop_ibuf_I_O)         0.257     0.257 r  pll_inst/inst/clkin1_ibufg/O
                         net (fo=1, routed)           0.440     0.697    pll_inst/inst/clk_in1_clk_wiz_0
    PLLE2_ADV_X1Y1       PLLE2_ADV (Prop_plle2_adv_CLKIN1_CLKOUT0)
                                                     -2.319    -1.622 r  pll_inst/inst/plle2_adv_inst/CLKOUT0
                         net (fo=1, routed)           0.501    -1.121    pll_inst/inst/clk_out1_clk_wiz_0
    BUFGCTRL_X0Y16       BUFG (Prop_bufg_I_O)         0.026    -1.095 r  pll_inst/inst/clkout1_buf/O
                         net (fo=5373, routed)        0.560    -0.535    inst_svpwm/time_processor_inst/cordic_inst_T1/clk_out1
    SLICE_X39Y97         FDCE                                         r  inst_svpwm/time_processor_inst/cordic_inst_T1/pipeline_reg[1][pip_theta][9]/C
  -------------------------------------------------------------------    -------------------
    SLICE_X39Y97         FDCE (Prop_fdce_C_Q)         0.141    -0.394 r  inst_svpwm/time_processor_inst/cordic_inst_T1/pipeline_reg[1][pip_theta][9]/Q
                         net (fo=1, routed)           0.140    -0.254    inst_svpwm/time_processor_inst/cordic_inst_T1/pipeline_reg[1][pip_theta][9]
    SLICE_X38Y97         LUT2 (Prop_lut2_I0_O)        0.045    -0.209 r  inst_svpwm/time_processor_inst/cordic_inst_T1/pipeline[2][pip_theta][12]_i_7/O
                         net (fo=1, routed)           0.000    -0.209    inst_svpwm/time_processor_inst/cordic_inst_T1/pipeline[2][pip_theta][12]_i_7_n_0
    SLICE_X38Y97         CARRY4 (Prop_carry4_S[0]_CO[3])
                                                      0.145    -0.064 r  inst_svpwm/time_processor_inst/cordic_inst_T1/pipeline_reg[2][pip_theta][12]_i_1/CO[3]
                         net (fo=1, routed)           0.000    -0.064    inst_svpwm/time_processor_inst/cordic_inst_T1/pipeline_reg[2][pip_theta][12]_i_1_n_0
    SLICE_X38Y98         CARRY4 (Prop_carry4_CI_CO[3])
                                                      0.040    -0.024 r  inst_svpwm/time_processor_inst/cordic_inst_T1/pipeline_reg[2][pip_theta][16]_i_1/CO[3]
                         net (fo=1, routed)           0.000    -0.024    inst_svpwm/time_processor_inst/cordic_inst_T1/pipeline_reg[2][pip_theta][16]_i_1_n_0
    SLICE_X38Y99         CARRY4 (Prop_carry4_CI_CO[3])
                                                      0.040     0.016 r  inst_svpwm/time_processor_inst/cordic_inst_T1/pipeline_reg[2][pip_theta][20]_i_1/CO[3]
                         net (fo=1, routed)           0.001     0.017    inst_svpwm/time_processor_inst/cordic_inst_T1/pipeline_reg[2][pip_theta][20]_i_1_n_0
    SLICE_X38Y100        CARRY4 (Prop_carry4_CI_O[2])
                                                      0.066     0.083 r  inst_svpwm/time_processor_inst/cordic_inst_T1/pipeline_reg[2][pip_theta][24]_i_1/O[2]
                         net (fo=1, routed)           0.000     0.083    inst_svpwm/time_processor_inst/cordic_inst_T1/pipeline_reg[2][pip_theta][24]_i_1_n_5
    SLICE_X38Y100        FDCE                                         r  inst_svpwm/time_processor_inst/cordic_inst_T1/pipeline_reg[2][pip_theta][23]/D
  -------------------------------------------------------------------    -------------------

                         (clock clk_out1_clk_wiz_0 rise edge)
                                                      0.000     0.000 r  
    E3                                                0.000     0.000 r  clk (IN)
                         net (fo=0)                   0.000     0.000    pll_inst/inst/clk_in1
    E3                   IBUF (Prop_ibuf_I_O)         0.445     0.445 r  pll_inst/inst/clkin1_ibufg/O
                         net (fo=1, routed)           0.481     0.926    pll_inst/inst/clk_in1_clk_wiz_0
    PLLE2_ADV_X1Y1       PLLE2_ADV (Prop_plle2_adv_CLKIN1_CLKOUT0)
                                                     -2.634    -1.708 r  pll_inst/inst/plle2_adv_inst/CLKOUT0
                         net (fo=1, routed)           0.546    -1.163    pll_inst/inst/clk_out1_clk_wiz_0
    BUFGCTRL_X0Y16       BUFG (Prop_bufg_I_O)         0.029    -1.134 r  pll_inst/inst/clkout1_buf/O
                         net (fo=5373, routed)        0.915    -0.219    inst_svpwm/time_processor_inst/cordic_inst_T1/clk_out1
    SLICE_X38Y100        FDCE                                         r  inst_svpwm/time_processor_inst/cordic_inst_T1/pipeline_reg[2][pip_theta][23]/C
                         clock pessimism              0.034    -0.185    
                         clock uncertainty            0.108    -0.077    
    SLICE_X38Y100        FDCE (Hold_fdce_C_D)         0.134     0.057    inst_svpwm/time_processor_inst/cordic_inst_T1/pipeline_reg[2][pip_theta][23]
  -------------------------------------------------------------------
                         required time                         -0.057    
                         arrival time                           0.083    
  -------------------------------------------------------------------
                         slack                                  0.026    

Slack (MET) :             0.026ns  (arrival time - required time)
  Source:                 inst_svpwm/vector_proc_inst/y_reg_reg[15]/C
                            (rising edge-triggered cell FDRE clocked by clk_out1_clk_wiz_0_1  {rise@0.000ns fall@10.000ns period=20.000ns})
  Destination:            inst_svpwm/vector_proc_inst/pipeline_reg[0][pip_y][15]/D
                            (rising edge-triggered cell FDRE clocked by clk_out1_clk_wiz_0  {rise@0.000ns fall@10.000ns period=20.000ns})
  Path Group:             clk_out1_clk_wiz_0
  Path Type:              Hold (Min at Fast Process Corner)
  Requirement:            0.000ns  (clk_out1_clk_wiz_0 rise@0.000ns - clk_out1_clk_wiz_0_1 rise@0.000ns)
  Data Path Delay:        0.230ns  (logic 0.141ns (61.277%)  route 0.089ns (38.723%))
  Logic Levels:           0  
  Clock Path Skew:        0.013ns (DCD - SCD - CPR)
    Destination Clock Delay (DCD):    -0.307ns
    Source Clock Delay      (SCD):    -0.537ns
    Clock Pessimism Removal (CPR):    0.217ns
  Clock Uncertainty:      0.108ns  ((TSJ^2 + DJ^2)^1/2) / 2 + PE
    Total System Jitter     (TSJ):    0.071ns
    Discrete Jitter          (DJ):    0.203ns
    Phase Error              (PE):    0.000ns
  Clock Domain Crossing:  Inter clock paths are considered valid unless explicitly excluded by timing constraints such as set_clock_groups or set_false_path.

    Location             Delay type                Incr(ns)  Path(ns)    Netlist Resource(s)
  -------------------------------------------------------------------    -------------------
                         (clock clk_out1_clk_wiz_0_1 rise edge)
                                                      0.000     0.000 r  
    E3                                                0.000     0.000 r  clk (IN)
                         net (fo=0)                   0.000     0.000    pll_inst/inst/clk_in1
    E3                   IBUF (Prop_ibuf_I_O)         0.257     0.257 r  pll_inst/inst/clkin1_ibufg/O
                         net (fo=1, routed)           0.440     0.697    pll_inst/inst/clk_in1_clk_wiz_0
    PLLE2_ADV_X1Y1       PLLE2_ADV (Prop_plle2_adv_CLKIN1_CLKOUT0)
                                                     -2.319    -1.622 r  pll_inst/inst/plle2_adv_inst/CLKOUT0
                         net (fo=1, routed)           0.501    -1.121    pll_inst/inst/clk_out1_clk_wiz_0
    BUFGCTRL_X0Y16       BUFG (Prop_bufg_I_O)         0.026    -1.095 r  pll_inst/inst/clkout1_buf/O
                         net (fo=5373, routed)        0.558    -0.537    inst_svpwm/vector_proc_inst/clk_out1
    SLICE_X55Y65         FDRE                                         r  inst_svpwm/vector_proc_inst/y_reg_reg[15]/C
  -------------------------------------------------------------------    -------------------
    SLICE_X55Y65         FDRE (Prop_fdre_C_Q)         0.141    -0.396 r  inst_svpwm/vector_proc_inst/y_reg_reg[15]/Q
                         net (fo=1, routed)           0.089    -0.307    inst_svpwm/vector_proc_inst/y_reg[15]
    SLICE_X54Y65         FDRE                                         r  inst_svpwm/vector_proc_inst/pipeline_reg[0][pip_y][15]/D
  -------------------------------------------------------------------    -------------------

                         (clock clk_out1_clk_wiz_0 rise edge)
                                                      0.000     0.000 r  
    E3                                                0.000     0.000 r  clk (IN)
                         net (fo=0)                   0.000     0.000    pll_inst/inst/clk_in1
    E3                   IBUF (Prop_ibuf_I_O)         0.445     0.445 r  pll_inst/inst/clkin1_ibufg/O
                         net (fo=1, routed)           0.481     0.926    pll_inst/inst/clk_in1_clk_wiz_0
    PLLE2_ADV_X1Y1       PLLE2_ADV (Prop_plle2_adv_CLKIN1_CLKOUT0)
                                                     -2.634    -1.708 r  pll_inst/inst/plle2_adv_inst/CLKOUT0
                         net (fo=1, routed)           0.546    -1.163    pll_inst/inst/clk_out1_clk_wiz_0
    BUFGCTRL_X0Y16       BUFG (Prop_bufg_I_O)         0.029    -1.134 r  pll_inst/inst/clkout1_buf/O
                         net (fo=5373, routed)        0.826    -0.307    inst_svpwm/vector_proc_inst/clk_out1
    SLICE_X54Y65         FDRE                                         r  inst_svpwm/vector_proc_inst/pipeline_reg[0][pip_y][15]/C
                         clock pessimism             -0.217    -0.524    
                         clock uncertainty            0.108    -0.416    
    SLICE_X54Y65         FDRE (Hold_fdre_C_D)         0.083    -0.333    inst_svpwm/vector_proc_inst/pipeline_reg[0][pip_y][15]
  -------------------------------------------------------------------
                         required time                          0.333    
                         arrival time                          -0.307    
  -------------------------------------------------------------------
                         slack                                  0.026    

Slack (MET) :             0.031ns  (arrival time - required time)
  Source:                 inst_svpwm/time_processor_inst/cordic_inst_T2/pipeline_reg[7][pip_sin][4]/C
                            (rising edge-triggered cell FDCE clocked by clk_out1_clk_wiz_0_1  {rise@0.000ns fall@10.000ns period=20.000ns})
  Destination:            inst_svpwm/time_processor_inst/cordic_inst_T2/pipeline_reg[8][pip_sin][25]/D
                            (rising edge-triggered cell FDCE clocked by clk_out1_clk_wiz_0  {rise@0.000ns fall@10.000ns period=20.000ns})
  Path Group:             clk_out1_clk_wiz_0
  Path Type:              Hold (Min at Fast Process Corner)
  Requirement:            0.000ns  (clk_out1_clk_wiz_0 rise@0.000ns - clk_out1_clk_wiz_0_1 rise@0.000ns)
  Data Path Delay:        0.626ns  (logic 0.517ns (82.568%)  route 0.109ns (17.432%))
  Logic Levels:           6  (CARRY4=6)
  Clock Path Skew:        0.353ns (DCD - SCD - CPR)
    Destination Clock Delay (DCD):    -0.185ns
    Source Clock Delay      (SCD):    -0.504ns
    Clock Pessimism Removal (CPR):    -0.034ns
  Clock Uncertainty:      0.108ns  ((TSJ^2 + DJ^2)^1/2) / 2 + PE
    Total System Jitter     (TSJ):    0.071ns
    Discrete Jitter          (DJ):    0.203ns
    Phase Error              (PE):    0.000ns
  Clock Domain Crossing:  Inter clock paths are considered valid unless explicitly excluded by timing constraints such as set_clock_groups or set_false_path.

    Location             Delay type                Incr(ns)  Path(ns)    Netlist Resource(s)
  -------------------------------------------------------------------    -------------------
                         (clock clk_out1_clk_wiz_0_1 rise edge)
                                                      0.000     0.000 r  
    E3                                                0.000     0.000 r  clk (IN)
                         net (fo=0)                   0.000     0.000    pll_inst/inst/clk_in1
    E3                   IBUF (Prop_ibuf_I_O)         0.257     0.257 r  pll_inst/inst/clkin1_ibufg/O
                         net (fo=1, routed)           0.440     0.697    pll_inst/inst/clk_in1_clk_wiz_0
    PLLE2_ADV_X1Y1       PLLE2_ADV (Prop_plle2_adv_CLKIN1_CLKOUT0)
                                                     -2.319    -1.622 r  pll_inst/inst/plle2_adv_inst/CLKOUT0
                         net (fo=1, routed)           0.501    -1.121    pll_inst/inst/clk_out1_clk_wiz_0
    BUFGCTRL_X0Y16       BUFG (Prop_bufg_I_O)         0.026    -1.095 r  pll_inst/inst/clkout1_buf/O
                         net (fo=5373, routed)        0.591    -0.504    inst_svpwm/time_processor_inst/cordic_inst_T2/clk_out1
    SLICE_X1Y94          FDCE                                         r  inst_svpwm/time_processor_inst/cordic_inst_T2/pipeline_reg[7][pip_sin][4]/C
  -------------------------------------------------------------------    -------------------
    SLICE_X1Y94          FDCE (Prop_fdce_C_Q)         0.141    -0.363 r  inst_svpwm/time_processor_inst/cordic_inst_T2/pipeline_reg[7][pip_sin][4]/Q
                         net (fo=2, routed)           0.108    -0.255    inst_svpwm/time_processor_inst/cordic_inst_T2/pipeline_reg[7][pip_sin][4]
    SLICE_X2Y95          CARRY4 (Prop_carry4_DI[1]_CO[3])
                                                      0.150    -0.105 r  inst_svpwm/time_processor_inst/cordic_inst_T2/pipeline_reg[8][pip_sin][6]_i_1/CO[3]
                         net (fo=1, routed)           0.000    -0.105    inst_svpwm/time_processor_inst/cordic_inst_T2/pipeline_reg[8][pip_sin][6]_i_1_n_0
    SLICE_X2Y96          CARRY4 (Prop_carry4_CI_CO[3])
                                                      0.040    -0.065 r  inst_svpwm/time_processor_inst/cordic_inst_T2/pipeline_reg[8][pip_sin][10]_i_1/CO[3]
                         net (fo=1, routed)           0.000    -0.065    inst_svpwm/time_processor_inst/cordic_inst_T2/pipeline_reg[8][pip_sin][10]_i_1_n_0
    SLICE_X2Y97          CARRY4 (Prop_carry4_CI_CO[3])
                                                      0.040    -0.025 r  inst_svpwm/time_processor_inst/cordic_inst_T2/pipeline_reg[8][pip_sin][14]_i_1/CO[3]
                         net (fo=1, routed)           0.000    -0.025    inst_svpwm/time_processor_inst/cordic_inst_T2/pipeline_reg[8][pip_sin][14]_i_1_n_0
    SLICE_X2Y98          CARRY4 (Prop_carry4_CI_CO[3])
                                                      0.040     0.015 r  inst_svpwm/time_processor_inst/cordic_inst_T2/pipeline_reg[8][pip_sin][18]_i_1/CO[3]
                         net (fo=1, routed)           0.000     0.015    inst_svpwm/time_processor_inst/cordic_inst_T2/pipeline_reg[8][pip_sin][18]_i_1_n_0
    SLICE_X2Y99          CARRY4 (Prop_carry4_CI_CO[3])
                                                      0.040     0.055 r  inst_svpwm/time_processor_inst/cordic_inst_T2/pipeline_reg[8][pip_sin][22]_i_1/CO[3]
                         net (fo=1, routed)           0.001     0.056    inst_svpwm/time_processor_inst/cordic_inst_T2/pipeline_reg[8][pip_sin][22]_i_1_n_0
    SLICE_X2Y100         CARRY4 (Prop_carry4_CI_O[2])
                                                      0.066     0.122 r  inst_svpwm/time_processor_inst/cordic_inst_T2/pipeline_reg[8][pip_sin][26]_i_1/O[2]
                         net (fo=1, routed)           0.000     0.122    inst_svpwm/time_processor_inst/cordic_inst_T2/pipeline_reg[8][pip_sin][26]_i_1_n_5
    SLICE_X2Y100         FDCE                                         r  inst_svpwm/time_processor_inst/cordic_inst_T2/pipeline_reg[8][pip_sin][25]/D
  -------------------------------------------------------------------    -------------------

                         (clock clk_out1_clk_wiz_0 rise edge)
                                                      0.000     0.000 r  
    E3                                                0.000     0.000 r  clk (IN)
                         net (fo=0)                   0.000     0.000    pll_inst/inst/clk_in1
    E3                   IBUF (Prop_ibuf_I_O)         0.445     0.445 r  pll_inst/inst/clkin1_ibufg/O
                         net (fo=1, routed)           0.481     0.926    pll_inst/inst/clk_in1_clk_wiz_0
    PLLE2_ADV_X1Y1       PLLE2_ADV (Prop_plle2_adv_CLKIN1_CLKOUT0)
                                                     -2.634    -1.708 r  pll_inst/inst/plle2_adv_inst/CLKOUT0
                         net (fo=1, routed)           0.546    -1.163    pll_inst/inst/clk_out1_clk_wiz_0
    BUFGCTRL_X0Y16       BUFG (Prop_bufg_I_O)         0.029    -1.134 r  pll_inst/inst/clkout1_buf/O
                         net (fo=5373, routed)        0.949    -0.185    inst_svpwm/time_processor_inst/cordic_inst_T2/clk_out1
    SLICE_X2Y100         FDCE                                         r  inst_svpwm/time_processor_inst/cordic_inst_T2/pipeline_reg[8][pip_sin][25]/C
                         clock pessimism              0.034    -0.151    
                         clock uncertainty            0.108    -0.043    
    SLICE_X2Y100         FDCE (Hold_fdce_C_D)         0.134     0.091    inst_svpwm/time_processor_inst/cordic_inst_T2/pipeline_reg[8][pip_sin][25]
  -------------------------------------------------------------------
                         required time                         -0.091    
                         arrival time                           0.122    
  -------------------------------------------------------------------
                         slack                                  0.031    

Slack (MET) :             0.037ns  (arrival time - required time)
  Source:                 inst_svpwm/time_processor_inst/cordic_inst_T1/pipeline_reg[3][pip_theta][19]/C
                            (rising edge-triggered cell FDCE clocked by clk_out1_clk_wiz_0_1  {rise@0.000ns fall@10.000ns period=20.000ns})
  Destination:            inst_svpwm/time_processor_inst/cordic_inst_T1/pipeline_reg[4][pip_theta][28]/D
                            (rising edge-triggered cell FDCE clocked by clk_out1_clk_wiz_0  {rise@0.000ns fall@10.000ns period=20.000ns})
  Path Group:             clk_out1_clk_wiz_0
  Path Type:              Hold (Min at Fast Process Corner)
  Requirement:            0.000ns  (clk_out1_clk_wiz_0 rise@0.000ns - clk_out1_clk_wiz_0_1 rise@0.000ns)
  Data Path Delay:        0.600ns  (logic 0.433ns (72.149%)  route 0.167ns (27.851%))
  Logic Levels:           5  (CARRY4=4 LUT2=1)
  Clock Path Skew:        0.350ns (DCD - SCD - CPR)
    Destination Clock Delay (DCD):    -0.219ns
    Source Clock Delay      (SCD):    -0.535ns
    Clock Pessimism Removal (CPR):    -0.034ns
  Clock Uncertainty:      0.108ns  ((TSJ^2 + DJ^2)^1/2) / 2 + PE
    Total System Jitter     (TSJ):    0.071ns
    Discrete Jitter          (DJ):    0.203ns
    Phase Error              (PE):    0.000ns
  Clock Domain Crossing:  Inter clock paths are considered valid unless explicitly excluded by timing constraints such as set_clock_groups or set_false_path.

    Location             Delay type                Incr(ns)  Path(ns)    Netlist Resource(s)
  -------------------------------------------------------------------    -------------------
                         (clock clk_out1_clk_wiz_0_1 rise edge)
                                                      0.000     0.000 r  
    E3                                                0.000     0.000 r  clk (IN)
                         net (fo=0)                   0.000     0.000    pll_inst/inst/clk_in1
    E3                   IBUF (Prop_ibuf_I_O)         0.257     0.257 r  pll_inst/inst/clkin1_ibufg/O
                         net (fo=1, routed)           0.440     0.697    pll_inst/inst/clk_in1_clk_wiz_0
    PLLE2_ADV_X1Y1       PLLE2_ADV (Prop_plle2_adv_CLKIN1_CLKOUT0)
                                                     -2.319    -1.622 r  pll_inst/inst/plle2_adv_inst/CLKOUT0
                         net (fo=1, routed)           0.501    -1.121    pll_inst/inst/clk_out1_clk_wiz_0
    BUFGCTRL_X0Y16       BUFG (Prop_bufg_I_O)         0.026    -1.095 r  pll_inst/inst/clkout1_buf/O
                         net (fo=5373, routed)        0.560    -0.535    inst_svpwm/time_processor_inst/cordic_inst_T1/clk_out1
    SLICE_X37Y98         FDCE                                         r  inst_svpwm/time_processor_inst/cordic_inst_T1/pipeline_reg[3][pip_theta][19]/C
  -------------------------------------------------------------------    -------------------
    SLICE_X37Y98         FDCE (Prop_fdce_C_Q)         0.141    -0.394 r  inst_svpwm/time_processor_inst/cordic_inst_T1/pipeline_reg[3][pip_theta][19]/Q
                         net (fo=3, routed)           0.166    -0.228    inst_svpwm/time_processor_inst/cordic_inst_T1/pipeline_reg[3][pip_theta][19]
    SLICE_X36Y97         LUT2 (Prop_lut2_I1_O)        0.045    -0.183 r  inst_svpwm/time_processor_inst/cordic_inst_T1/pipeline[4][pip_theta][19]_i_4/O
                         net (fo=1, routed)           0.000    -0.183    inst_svpwm/time_processor_inst/cordic_inst_T1/pipeline[4][pip_theta][19]_i_4_n_0
    SLICE_X36Y97         CARRY4 (Prop_carry4_S[3]_CO[3])
                                                      0.115    -0.068 r  inst_svpwm/time_processor_inst/cordic_inst_T1/pipeline_reg[4][pip_theta][19]_i_1/CO[3]
                         net (fo=1, routed)           0.000    -0.068    inst_svpwm/time_processor_inst/cordic_inst_T1/pipeline_reg[4][pip_theta][19]_i_1_n_0
    SLICE_X36Y98         CARRY4 (Prop_carry4_CI_CO[3])
                                                      0.039    -0.029 r  inst_svpwm/time_processor_inst/cordic_inst_T1/pipeline_reg[4][pip_theta][23]_i_1/CO[3]
                         net (fo=1, routed)           0.000    -0.029    inst_svpwm/time_processor_inst/cordic_inst_T1/pipeline_reg[4][pip_theta][23]_i_1_n_0
    SLICE_X36Y99         CARRY4 (Prop_carry4_CI_CO[3])
                                                      0.039     0.010 r  inst_svpwm/time_processor_inst/cordic_inst_T1/pipeline_reg[4][pip_theta][27]_i_1/CO[3]
                         net (fo=1, routed)           0.001     0.011    inst_svpwm/time_processor_inst/cordic_inst_T1/pipeline_reg[4][pip_theta][27]_i_1_n_0
    SLICE_X36Y100        CARRY4 (Prop_carry4_CI_O[0])
                                                      0.054     0.065 r  inst_svpwm/time_processor_inst/cordic_inst_T1/pipeline_reg[4][pip_theta][31]_i_1/O[0]
                         net (fo=1, routed)           0.000     0.065    inst_svpwm/time_processor_inst/cordic_inst_T1/pipeline_reg[4][pip_theta][31]_i_1_n_7
    SLICE_X36Y100        FDCE                                         r  inst_svpwm/time_processor_inst/cordic_inst_T1/pipeline_reg[4][pip_theta][28]/D
  -------------------------------------------------------------------    -------------------

                         (clock clk_out1_clk_wiz_0 rise edge)
                                                      0.000     0.000 r  
    E3                                                0.000     0.000 r  clk (IN)
                         net (fo=0)                   0.000     0.000    pll_inst/inst/clk_in1
    E3                   IBUF (Prop_ibuf_I_O)         0.445     0.445 r  pll_inst/inst/clkin1_ibufg/O
                         net (fo=1, routed)           0.481     0.926    pll_inst/inst/clk_in1_clk_wiz_0
    PLLE2_ADV_X1Y1       PLLE2_ADV (Prop_plle2_adv_CLKIN1_CLKOUT0)
                                                     -2.634    -1.708 r  pll_inst/inst/plle2_adv_inst/CLKOUT0
                         net (fo=1, routed)           0.546    -1.163    pll_inst/inst/clk_out1_clk_wiz_0
    BUFGCTRL_X0Y16       BUFG (Prop_bufg_I_O)         0.029    -1.134 r  pll_inst/inst/clkout1_buf/O
                         net (fo=5373, routed)        0.915    -0.219    inst_svpwm/time_processor_inst/cordic_inst_T1/clk_out1
    SLICE_X36Y100        FDCE                                         r  inst_svpwm/time_processor_inst/cordic_inst_T1/pipeline_reg[4][pip_theta][28]/C
                         clock pessimism              0.034    -0.185    
                         clock uncertainty            0.108    -0.077    
    SLICE_X36Y100        FDCE (Hold_fdce_C_D)         0.105     0.028    inst_svpwm/time_processor_inst/cordic_inst_T1/pipeline_reg[4][pip_theta][28]
  -------------------------------------------------------------------
                         required time                         -0.028    
                         arrival time                           0.065    
  -------------------------------------------------------------------
                         slack                                  0.037    

Slack (MET) :             0.038ns  (arrival time - required time)
  Source:                 inst_svpwm/vector_proc_inst/pipeline_reg[15][pip_x][32]/C
                            (rising edge-triggered cell FDRE clocked by clk_out1_clk_wiz_0_1  {rise@0.000ns fall@10.000ns period=20.000ns})
  Destination:            inst_svpwm/vector_proc_inst/shift_reg_reg[31]/D
                            (rising edge-triggered cell FDRE clocked by clk_out1_clk_wiz_0  {rise@0.000ns fall@10.000ns period=20.000ns})
  Path Group:             clk_out1_clk_wiz_0
  Path Type:              Hold (Min at Fast Process Corner)
  Requirement:            0.000ns  (clk_out1_clk_wiz_0 rise@0.000ns - clk_out1_clk_wiz_0_1 rise@0.000ns)
  Data Path Delay:        0.256ns  (logic 0.141ns (55.140%)  route 0.115ns (44.860%))
  Logic Levels:           0  
  Clock Path Skew:        0.032ns (DCD - SCD - CPR)
    Destination Clock Delay (DCD):    -0.313ns
    Source Clock Delay      (SCD):    -0.540ns
    Clock Pessimism Removal (CPR):    0.195ns
  Clock Uncertainty:      0.108ns  ((TSJ^2 + DJ^2)^1/2) / 2 + PE
    Total System Jitter     (TSJ):    0.071ns
    Discrete Jitter          (DJ):    0.203ns
    Phase Error              (PE):    0.000ns
  Clock Domain Crossing:  Inter clock paths are considered valid unless explicitly excluded by timing constraints such as set_clock_groups or set_false_path.

    Location             Delay type                Incr(ns)  Path(ns)    Netlist Resource(s)
  -------------------------------------------------------------------    -------------------
                         (clock clk_out1_clk_wiz_0_1 rise edge)
                                                      0.000     0.000 r  
    E3                                                0.000     0.000 r  clk (IN)
                         net (fo=0)                   0.000     0.000    pll_inst/inst/clk_in1
    E3                   IBUF (Prop_ibuf_I_O)         0.257     0.257 r  pll_inst/inst/clkin1_ibufg/O
                         net (fo=1, routed)           0.440     0.697    pll_inst/inst/clk_in1_clk_wiz_0
    PLLE2_ADV_X1Y1       PLLE2_ADV (Prop_plle2_adv_CLKIN1_CLKOUT0)
                                                     -2.319    -1.622 r  pll_inst/inst/plle2_adv_inst/CLKOUT0
                         net (fo=1, routed)           0.501    -1.121    pll_inst/inst/clk_out1_clk_wiz_0
    BUFGCTRL_X0Y16       BUFG (Prop_bufg_I_O)         0.026    -1.095 r  pll_inst/inst/clkout1_buf/O
                         net (fo=5373, routed)        0.555    -0.540    inst_svpwm/vector_proc_inst/clk_out1
    SLICE_X28Y84         FDRE                                         r  inst_svpwm/vector_proc_inst/pipeline_reg[15][pip_x][32]/C
  -------------------------------------------------------------------    -------------------
    SLICE_X28Y84         FDRE (Prop_fdre_C_Q)         0.141    -0.399 r  inst_svpwm/vector_proc_inst/pipeline_reg[15][pip_x][32]/Q
                         net (fo=1, routed)           0.115    -0.284    inst_svpwm/vector_proc_inst/pipeline_reg[15][pip_x_n_0_][32]
    SLICE_X31Y83         FDRE                                         r  inst_svpwm/vector_proc_inst/shift_reg_reg[31]/D
  -------------------------------------------------------------------    -------------------

                         (clock clk_out1_clk_wiz_0 rise edge)
                                                      0.000     0.000 r  
    E3                                                0.000     0.000 r  clk (IN)
                         net (fo=0)                   0.000     0.000    pll_inst/inst/clk_in1
    E3                   IBUF (Prop_ibuf_I_O)         0.445     0.445 r  pll_inst/inst/clkin1_ibufg/O
                         net (fo=1, routed)           0.481     0.926    pll_inst/inst/clk_in1_clk_wiz_0
    PLLE2_ADV_X1Y1       PLLE2_ADV (Prop_plle2_adv_CLKIN1_CLKOUT0)
                                                     -2.634    -1.708 r  pll_inst/inst/plle2_adv_inst/CLKOUT0
                         net (fo=1, routed)           0.546    -1.163    pll_inst/inst/clk_out1_clk_wiz_0
    BUFGCTRL_X0Y16       BUFG (Prop_bufg_I_O)         0.029    -1.134 r  pll_inst/inst/clkout1_buf/O
                         net (fo=5373, routed)        0.821    -0.313    inst_svpwm/vector_proc_inst/clk_out1
    SLICE_X31Y83         FDRE                                         r  inst_svpwm/vector_proc_inst/shift_reg_reg[31]/C
                         clock pessimism             -0.195    -0.508    
                         clock uncertainty            0.108    -0.400    
    SLICE_X31Y83         FDRE (Hold_fdre_C_D)         0.078    -0.322    inst_svpwm/vector_proc_inst/shift_reg_reg[31]
  -------------------------------------------------------------------
                         required time                          0.322    
                         arrival time                          -0.284    
  -------------------------------------------------------------------
                         slack                                  0.038    

Slack (MET) :             0.041ns  (arrival time - required time)
  Source:                 inst_svpwm/time_processor_inst/t1_shift_reg_reg[26]/C
                            (rising edge-triggered cell FDRE clocked by clk_out1_clk_wiz_0_1  {rise@0.000ns fall@10.000ns period=20.000ns})
  Destination:            inst_svpwm/time_processor_inst/t2_int_reg[26]/D
                            (rising edge-triggered cell FDRE clocked by clk_out1_clk_wiz_0  {rise@0.000ns fall@10.000ns period=20.000ns})
  Path Group:             clk_out1_clk_wiz_0
  Path Type:              Hold (Min at Fast Process Corner)
  Requirement:            0.000ns  (clk_out1_clk_wiz_0 rise@0.000ns - clk_out1_clk_wiz_0_1 rise@0.000ns)
  Data Path Delay:        0.255ns  (logic 0.141ns (55.287%)  route 0.114ns (44.713%))
  Logic Levels:           0  
  Clock Path Skew:        0.035ns (DCD - SCD - CPR)
    Destination Clock Delay (DCD):    -0.217ns
    Source Clock Delay      (SCD):    -0.451ns
    Clock Pessimism Removal (CPR):    0.199ns
  Clock Uncertainty:      0.108ns  ((TSJ^2 + DJ^2)^1/2) / 2 + PE
    Total System Jitter     (TSJ):    0.071ns
    Discrete Jitter          (DJ):    0.203ns
    Phase Error              (PE):    0.000ns
  Clock Domain Crossing:  Inter clock paths are considered valid unless explicitly excluded by timing constraints such as set_clock_groups or set_false_path.

    Location             Delay type                Incr(ns)  Path(ns)    Netlist Resource(s)
  -------------------------------------------------------------------    -------------------
                         (clock clk_out1_clk_wiz_0_1 rise edge)
                                                      0.000     0.000 r  
    E3                                                0.000     0.000 r  clk (IN)
                         net (fo=0)                   0.000     0.000    pll_inst/inst/clk_in1
    E3                   IBUF (Prop_ibuf_I_O)         0.257     0.257 r  pll_inst/inst/clkin1_ibufg/O
                         net (fo=1, routed)           0.440     0.697    pll_inst/inst/clk_in1_clk_wiz_0
    PLLE2_ADV_X1Y1       PLLE2_ADV (Prop_plle2_adv_CLKIN1_CLKOUT0)
                                                     -2.319    -1.622 r  pll_inst/inst/plle2_adv_inst/CLKOUT0
                         net (fo=1, routed)           0.501    -1.121    pll_inst/inst/clk_out1_clk_wiz_0
    BUFGCTRL_X0Y16       BUFG (Prop_bufg_I_O)         0.026    -1.095 r  pll_inst/inst/clkout1_buf/O
                         net (fo=5373, routed)        0.644    -0.451    inst_svpwm/time_processor_inst/clk_out1
    SLICE_X23Y101        FDRE                                         r  inst_svpwm/time_processor_inst/t1_shift_reg_reg[26]/C
  -------------------------------------------------------------------    -------------------
    SLICE_X23Y101        FDRE (Prop_fdre_C_Q)         0.141    -0.310 r  inst_svpwm/time_processor_inst/t1_shift_reg_reg[26]/Q
                         net (fo=1, routed)           0.114    -0.196    inst_svpwm/time_processor_inst/t1_shift_reg[26]
    SLICE_X24Y102        FDRE                                         r  inst_svpwm/time_processor_inst/t2_int_reg[26]/D
  -------------------------------------------------------------------    -------------------

                         (clock clk_out1_clk_wiz_0 rise edge)
                                                      0.000     0.000 r  
    E3                                                0.000     0.000 r  clk (IN)
                         net (fo=0)                   0.000     0.000    pll_inst/inst/clk_in1
    E3                   IBUF (Prop_ibuf_I_O)         0.445     0.445 r  pll_inst/inst/clkin1_ibufg/O
                         net (fo=1, routed)           0.481     0.926    pll_inst/inst/clk_in1_clk_wiz_0
    PLLE2_ADV_X1Y1       PLLE2_ADV (Prop_plle2_adv_CLKIN1_CLKOUT0)
                                                     -2.634    -1.708 r  pll_inst/inst/plle2_adv_inst/CLKOUT0
                         net (fo=1, routed)           0.546    -1.163    pll_inst/inst/clk_out1_clk_wiz_0
    BUFGCTRL_X0Y16       BUFG (Prop_bufg_I_O)         0.029    -1.134 r  pll_inst/inst/clkout1_buf/O
                         net (fo=5373, routed)        0.917    -0.217    inst_svpwm/time_processor_inst/clk_out1
    SLICE_X24Y102        FDRE                                         r  inst_svpwm/time_processor_inst/t2_int_reg[26]/C
                         clock pessimism             -0.199    -0.416    
                         clock uncertainty            0.108    -0.308    
    SLICE_X24Y102        FDRE (Hold_fdre_C_D)         0.071    -0.237    inst_svpwm/time_processor_inst/t2_int_reg[26]
  -------------------------------------------------------------------
                         required time                          0.237    
                         arrival time                          -0.196    
  -------------------------------------------------------------------
                         slack                                  0.041    

Slack (MET) :             0.042ns  (arrival time - required time)
  Source:                 inst_svpwm/vector_proc_inst/pipeline_reg[15][pip_x][25]/C
                            (rising edge-triggered cell FDRE clocked by clk_out1_clk_wiz_0_1  {rise@0.000ns fall@10.000ns period=20.000ns})
  Destination:            inst_svpwm/vector_proc_inst/shift_reg_reg[24]/D
                            (rising edge-triggered cell FDRE clocked by clk_out1_clk_wiz_0  {rise@0.000ns fall@10.000ns period=20.000ns})
  Path Group:             clk_out1_clk_wiz_0
  Path Type:              Hold (Min at Fast Process Corner)
  Requirement:            0.000ns  (clk_out1_clk_wiz_0 rise@0.000ns - clk_out1_clk_wiz_0_1 rise@0.000ns)
  Data Path Delay:        0.261ns  (logic 0.141ns (54.115%)  route 0.120ns (45.885%))
  Logic Levels:           0  
  Clock Path Skew:        0.033ns (DCD - SCD - CPR)
    Destination Clock Delay (DCD):    -0.314ns
    Source Clock Delay      (SCD):    -0.542ns
    Clock Pessimism Removal (CPR):    0.195ns
  Clock Uncertainty:      0.108ns  ((TSJ^2 + DJ^2)^1/2) / 2 + PE
    Total System Jitter     (TSJ):    0.071ns
    Discrete Jitter          (DJ):    0.203ns
    Phase Error              (PE):    0.000ns
  Clock Domain Crossing:  Inter clock paths are considered valid unless explicitly excluded by timing constraints such as set_clock_groups or set_false_path.

    Location             Delay type                Incr(ns)  Path(ns)    Netlist Resource(s)
  -------------------------------------------------------------------    -------------------
                         (clock clk_out1_clk_wiz_0_1 rise edge)
                                                      0.000     0.000 r  
    E3                                                0.000     0.000 r  clk (IN)
                         net (fo=0)                   0.000     0.000    pll_inst/inst/clk_in1
    E3                   IBUF (Prop_ibuf_I_O)         0.257     0.257 r  pll_inst/inst/clkin1_ibufg/O
                         net (fo=1, routed)           0.440     0.697    pll_inst/inst/clk_in1_clk_wiz_0
    PLLE2_ADV_X1Y1       PLLE2_ADV (Prop_plle2_adv_CLKIN1_CLKOUT0)
                                                     -2.319    -1.622 r  pll_inst/inst/plle2_adv_inst/CLKOUT0
                         net (fo=1, routed)           0.501    -1.121    pll_inst/inst/clk_out1_clk_wiz_0
    BUFGCTRL_X0Y16       BUFG (Prop_bufg_I_O)         0.026    -1.095 r  pll_inst/inst/clkout1_buf/O
                         net (fo=5373, routed)        0.553    -0.542    inst_svpwm/vector_proc_inst/clk_out1
    SLICE_X28Y82         FDRE                                         r  inst_svpwm/vector_proc_inst/pipeline_reg[15][pip_x][25]/C
  -------------------------------------------------------------------    -------------------
    SLICE_X28Y82         FDRE (Prop_fdre_C_Q)         0.141    -0.401 r  inst_svpwm/vector_proc_inst/pipeline_reg[15][pip_x][25]/Q
                         net (fo=1, routed)           0.120    -0.282    inst_svpwm/vector_proc_inst/pipeline_reg[15][pip_x_n_0_][25]
    SLICE_X31Y82         FDRE                                         r  inst_svpwm/vector_proc_inst/shift_reg_reg[24]/D
  -------------------------------------------------------------------    -------------------

                         (clock clk_out1_clk_wiz_0 rise edge)
                                                      0.000     0.000 r  
    E3                                                0.000     0.000 r  clk (IN)
                         net (fo=0)                   0.000     0.000    pll_inst/inst/clk_in1
    E3                   IBUF (Prop_ibuf_I_O)         0.445     0.445 r  pll_inst/inst/clkin1_ibufg/O
                         net (fo=1, routed)           0.481     0.926    pll_inst/inst/clk_in1_clk_wiz_0
    PLLE2_ADV_X1Y1       PLLE2_ADV (Prop_plle2_adv_CLKIN1_CLKOUT0)
                                                     -2.634    -1.708 r  pll_inst/inst/plle2_adv_inst/CLKOUT0
                         net (fo=1, routed)           0.546    -1.163    pll_inst/inst/clk_out1_clk_wiz_0
    BUFGCTRL_X0Y16       BUFG (Prop_bufg_I_O)         0.029    -1.134 r  pll_inst/inst/clkout1_buf/O
                         net (fo=5373, routed)        0.819    -0.314    inst_svpwm/vector_proc_inst/clk_out1
    SLICE_X31Y82         FDRE                                         r  inst_svpwm/vector_proc_inst/shift_reg_reg[24]/C
                         clock pessimism             -0.195    -0.509    
                         clock uncertainty            0.108    -0.401    
    SLICE_X31Y82         FDRE (Hold_fdre_C_D)         0.078    -0.323    inst_svpwm/vector_proc_inst/shift_reg_reg[24]
  -------------------------------------------------------------------
                         required time                          0.323    
                         arrival time                          -0.282    
  -------------------------------------------------------------------
                         slack                                  0.042    





---------------------------------------------------------------------------------------------------
From Clock:  clk_out1_clk_wiz_0
  To Clock:  clk_out1_clk_wiz_0_1

Setup :            0  Failing Endpoints,  Worst Slack        8.941ns,  Total Violation        0.000ns
Hold  :            0  Failing Endpoints,  Worst Slack        0.013ns,  Total Violation        0.000ns
---------------------------------------------------------------------------------------------------


Max Delay Paths
--------------------------------------------------------------------------------------
Slack (MET) :             8.941ns  (required time - arrival time)
  Source:                 inst_svpwm/time_processor_inst/cordic_inst_T1/pipeline_reg[15][pip_sin][3]/C
                            (rising edge-triggered cell FDCE clocked by clk_out1_clk_wiz_0  {rise@0.000ns fall@10.000ns period=20.000ns})
  Destination:            inst_svpwm/time_processor_inst/t1_mult_reg_reg/PCIN[0]
                            (rising edge-triggered cell DSP48E1 clocked by clk_out1_clk_wiz_0_1  {rise@0.000ns fall@10.000ns period=20.000ns})
  Path Group:             clk_out1_clk_wiz_0_1
  Path Type:              Setup (Max at Slow Process Corner)
  Requirement:            20.000ns  (clk_out1_clk_wiz_0_1 rise@20.000ns - clk_out1_clk_wiz_0 rise@0.000ns)
  Data Path Delay:        9.359ns  (logic 6.060ns (64.752%)  route 3.299ns (35.248%))
  Logic Levels:           6  (CARRY4=3 DSP48E1=1 LUT1=1 LUT3=1)
  Clock Path Skew:        -0.192ns (DCD - SCD + CPR)
    Destination Clock Delay (DCD):    -1.941ns = ( 18.059 - 20.000 ) 
    Source Clock Delay      (SCD):    -2.246ns
    Clock Pessimism Removal (CPR):    -0.496ns
  Clock Uncertainty:      0.108ns  ((TSJ^2 + DJ^2)^1/2) / 2 + PE
    Total System Jitter     (TSJ):    0.071ns
    Discrete Jitter          (DJ):    0.203ns
    Phase Error              (PE):    0.000ns
  Clock Domain Crossing:  Inter clock paths are considered valid unless explicitly excluded by timing constraints such as set_clock_groups or set_false_path.

    Location             Delay type                Incr(ns)  Path(ns)    Netlist Resource(s)
  -------------------------------------------------------------------    -------------------
                         (clock clk_out1_clk_wiz_0 rise edge)
                                                      0.000     0.000 r  
    E3                                                0.000     0.000 r  clk (IN)
                         net (fo=0)                   0.000     0.000    pll_inst/inst/clk_in1
    E3                   IBUF (Prop_ibuf_I_O)         1.489     1.489 r  pll_inst/inst/clkin1_ibufg/O
                         net (fo=1, routed)           1.253     2.742    pll_inst/inst/clk_in1_clk_wiz_0
    PLLE2_ADV_X1Y1       PLLE2_ADV (Prop_plle2_adv_CLKIN1_CLKOUT0)
                                                     -8.467    -5.725 r  pll_inst/inst/plle2_adv_inst/CLKOUT0
                         net (fo=1, routed)           1.655    -4.070    pll_inst/inst/clk_out1_clk_wiz_0
    BUFGCTRL_X0Y16       BUFG (Prop_bufg_I_O)         0.096    -3.974 r  pll_inst/inst/clkout1_buf/O
                         net (fo=5373, routed)        1.728    -2.246    inst_svpwm/time_processor_inst/cordic_inst_T1/clk_out1
    SLICE_X10Y118        FDCE                                         r  inst_svpwm/time_processor_inst/cordic_inst_T1/pipeline_reg[15][pip_sin][3]/C
  -------------------------------------------------------------------    -------------------
    SLICE_X10Y118        FDCE (Prop_fdce_C_Q)         0.518    -1.728 f  inst_svpwm/time_processor_inst/cordic_inst_T1/pipeline_reg[15][pip_sin][3]/Q
                         net (fo=2, routed)           1.811     0.084    inst_svpwm/time_processor_inst/cordic_inst_T1/pipeline_reg[15][pip_sin][3]
    SLICE_X13Y92         LUT1 (Prop_lut1_I0_O)        0.124     0.208 r  inst_svpwm/time_processor_inst/cordic_inst_T1/t1_mult_reg0_i_39/O
                         net (fo=1, routed)           0.000     0.208    inst_svpwm/time_processor_inst/cordic_inst_T1/t1_mult_reg0_i_39_n_0
    SLICE_X13Y92         CARRY4 (Prop_carry4_S[3]_CO[3])
                                                      0.401     0.609 r  inst_svpwm/time_processor_inst/cordic_inst_T1/t1_mult_reg0_i_22/CO[3]
                         net (fo=1, routed)           0.000     0.609    inst_svpwm/time_processor_inst/cordic_inst_T1/t1_mult_reg0_i_22_n_0
    SLICE_X13Y93         CARRY4 (Prop_carry4_CI_CO[3])
                                                      0.114     0.723 r  inst_svpwm/time_processor_inst/cordic_inst_T1/t1_mult_reg0_i_21/CO[3]
                         net (fo=1, routed)           0.000     0.723    inst_svpwm/time_processor_inst/cordic_inst_T1/t1_mult_reg0_i_21_n_0
    SLICE_X13Y94         CARRY4 (Prop_carry4_CI_O[1])
                                                      0.334     1.057 r  inst_svpwm/time_processor_inst/cordic_inst_T1/t1_mult_reg0_i_20/O[1]
                         net (fo=1, routed)           0.732     1.789    inst_svpwm/time_processor_inst/cordic_inst_T1/sin_value0[9]
    SLICE_X14Y94         LUT3 (Prop_lut3_I1_O)        0.329     2.118 r  inst_svpwm/time_processor_inst/cordic_inst_T1/t1_mult_reg0_i_8/O
                         net (fo=2, routed)           0.754     2.871    inst_svpwm/time_processor_inst/sin_value[9]
    DSP48_X0Y38          DSP48E1 (Prop_dsp48e1_A[9]_PCOUT[0])
                                                      4.240     7.111 r  inst_svpwm/time_processor_inst/t1_mult_reg0/PCOUT[0]
                         net (fo=1, routed)           0.002     7.113    inst_svpwm/time_processor_inst/t1_mult_reg0_n_153
    DSP48_X0Y39          DSP48E1                                      r  inst_svpwm/time_processor_inst/t1_mult_reg_reg/PCIN[0]
  -------------------------------------------------------------------    -------------------

                         (clock clk_out1_clk_wiz_0_1 rise edge)
                                                     20.000    20.000 r  
    E3                                                0.000    20.000 r  clk (IN)
                         net (fo=0)                   0.000    20.000    pll_inst/inst/clk_in1
    E3                   IBUF (Prop_ibuf_I_O)         1.418    21.418 r  pll_inst/inst/clkin1_ibufg/O
                         net (fo=1, routed)           1.181    22.599    pll_inst/inst/clk_in1_clk_wiz_0
    PLLE2_ADV_X1Y1       PLLE2_ADV (Prop_plle2_adv_CLKIN1_CLKOUT0)
                                                     -7.736    14.863 r  pll_inst/inst/plle2_adv_inst/CLKOUT0
                         net (fo=1, routed)           1.576    16.439    pll_inst/inst/clk_out1_clk_wiz_0
    BUFGCTRL_X0Y16       BUFG (Prop_bufg_I_O)         0.091    16.530 r  pll_inst/inst/clkout1_buf/O
                         net (fo=5373, routed)        1.528    18.059    inst_svpwm/time_processor_inst/clk_out1
    DSP48_X0Y39          DSP48E1                                      r  inst_svpwm/time_processor_inst/t1_mult_reg_reg/CLK
                         clock pessimism             -0.496    17.562    
                         clock uncertainty           -0.108    17.455    
    DSP48_X0Y39          DSP48E1 (Setup_dsp48e1_CLK_PCIN[0])
                                                     -1.400    16.055    inst_svpwm/time_processor_inst/t1_mult_reg_reg
  -------------------------------------------------------------------
                         required time                         16.055    
                         arrival time                          -7.113    
  -------------------------------------------------------------------
                         slack                                  8.941    

Slack (MET) :             8.941ns  (required time - arrival time)
  Source:                 inst_svpwm/time_processor_inst/cordic_inst_T1/pipeline_reg[15][pip_sin][3]/C
                            (rising edge-triggered cell FDCE clocked by clk_out1_clk_wiz_0  {rise@0.000ns fall@10.000ns period=20.000ns})
  Destination:            inst_svpwm/time_processor_inst/t1_mult_reg_reg/PCIN[10]
                            (rising edge-triggered cell DSP48E1 clocked by clk_out1_clk_wiz_0_1  {rise@0.000ns fall@10.000ns period=20.000ns})
  Path Group:             clk_out1_clk_wiz_0_1
  Path Type:              Setup (Max at Slow Process Corner)
  Requirement:            20.000ns  (clk_out1_clk_wiz_0_1 rise@20.000ns - clk_out1_clk_wiz_0 rise@0.000ns)
  Data Path Delay:        9.359ns  (logic 6.060ns (64.752%)  route 3.299ns (35.248%))
  Logic Levels:           6  (CARRY4=3 DSP48E1=1 LUT1=1 LUT3=1)
  Clock Path Skew:        -0.192ns (DCD - SCD + CPR)
    Destination Clock Delay (DCD):    -1.941ns = ( 18.059 - 20.000 ) 
    Source Clock Delay      (SCD):    -2.246ns
    Clock Pessimism Removal (CPR):    -0.496ns
  Clock Uncertainty:      0.108ns  ((TSJ^2 + DJ^2)^1/2) / 2 + PE
    Total System Jitter     (TSJ):    0.071ns
    Discrete Jitter          (DJ):    0.203ns
    Phase Error              (PE):    0.000ns
  Clock Domain Crossing:  Inter clock paths are considered valid unless explicitly excluded by timing constraints such as set_clock_groups or set_false_path.

    Location             Delay type                Incr(ns)  Path(ns)    Netlist Resource(s)
  -------------------------------------------------------------------    -------------------
                         (clock clk_out1_clk_wiz_0 rise edge)
                                                      0.000     0.000 r  
    E3                                                0.000     0.000 r  clk (IN)
                         net (fo=0)                   0.000     0.000    pll_inst/inst/clk_in1
    E3                   IBUF (Prop_ibuf_I_O)         1.489     1.489 r  pll_inst/inst/clkin1_ibufg/O
                         net (fo=1, routed)           1.253     2.742    pll_inst/inst/clk_in1_clk_wiz_0
    PLLE2_ADV_X1Y1       PLLE2_ADV (Prop_plle2_adv_CLKIN1_CLKOUT0)
                                                     -8.467    -5.725 r  pll_inst/inst/plle2_adv_inst/CLKOUT0
                         net (fo=1, routed)           1.655    -4.070    pll_inst/inst/clk_out1_clk_wiz_0
    BUFGCTRL_X0Y16       BUFG (Prop_bufg_I_O)         0.096    -3.974 r  pll_inst/inst/clkout1_buf/O
                         net (fo=5373, routed)        1.728    -2.246    inst_svpwm/time_processor_inst/cordic_inst_T1/clk_out1
    SLICE_X10Y118        FDCE                                         r  inst_svpwm/time_processor_inst/cordic_inst_T1/pipeline_reg[15][pip_sin][3]/C
  -------------------------------------------------------------------    -------------------
    SLICE_X10Y118        FDCE (Prop_fdce_C_Q)         0.518    -1.728 f  inst_svpwm/time_processor_inst/cordic_inst_T1/pipeline_reg[15][pip_sin][3]/Q
                         net (fo=2, routed)           1.811     0.084    inst_svpwm/time_processor_inst/cordic_inst_T1/pipeline_reg[15][pip_sin][3]
    SLICE_X13Y92         LUT1 (Prop_lut1_I0_O)        0.124     0.208 r  inst_svpwm/time_processor_inst/cordic_inst_T1/t1_mult_reg0_i_39/O
                         net (fo=1, routed)           0.000     0.208    inst_svpwm/time_processor_inst/cordic_inst_T1/t1_mult_reg0_i_39_n_0
    SLICE_X13Y92         CARRY4 (Prop_carry4_S[3]_CO[3])
                                                      0.401     0.609 r  inst_svpwm/time_processor_inst/cordic_inst_T1/t1_mult_reg0_i_22/CO[3]
                         net (fo=1, routed)           0.000     0.609    inst_svpwm/time_processor_inst/cordic_inst_T1/t1_mult_reg0_i_22_n_0
    SLICE_X13Y93         CARRY4 (Prop_carry4_CI_CO[3])
                                                      0.114     0.723 r  inst_svpwm/time_processor_inst/cordic_inst_T1/t1_mult_reg0_i_21/CO[3]
                         net (fo=1, routed)           0.000     0.723    inst_svpwm/time_processor_inst/cordic_inst_T1/t1_mult_reg0_i_21_n_0
    SLICE_X13Y94         CARRY4 (Prop_carry4_CI_O[1])
                                                      0.334     1.057 r  inst_svpwm/time_processor_inst/cordic_inst_T1/t1_mult_reg0_i_20/O[1]
                         net (fo=1, routed)           0.732     1.789    inst_svpwm/time_processor_inst/cordic_inst_T1/sin_value0[9]
    SLICE_X14Y94         LUT3 (Prop_lut3_I1_O)        0.329     2.118 r  inst_svpwm/time_processor_inst/cordic_inst_T1/t1_mult_reg0_i_8/O
                         net (fo=2, routed)           0.754     2.871    inst_svpwm/time_processor_inst/sin_value[9]
    DSP48_X0Y38          DSP48E1 (Prop_dsp48e1_A[9]_PCOUT[10])
                                                      4.240     7.111 r  inst_svpwm/time_processor_inst/t1_mult_reg0/PCOUT[10]
                         net (fo=1, routed)           0.002     7.113    inst_svpwm/time_processor_inst/t1_mult_reg0_n_143
    DSP48_X0Y39          DSP48E1                                      r  inst_svpwm/time_processor_inst/t1_mult_reg_reg/PCIN[10]
  -------------------------------------------------------------------    -------------------

                         (clock clk_out1_clk_wiz_0_1 rise edge)
                                                     20.000    20.000 r  
    E3                                                0.000    20.000 r  clk (IN)
                         net (fo=0)                   0.000    20.000    pll_inst/inst/clk_in1
    E3                   IBUF (Prop_ibuf_I_O)         1.418    21.418 r  pll_inst/inst/clkin1_ibufg/O
                         net (fo=1, routed)           1.181    22.599    pll_inst/inst/clk_in1_clk_wiz_0
    PLLE2_ADV_X1Y1       PLLE2_ADV (Prop_plle2_adv_CLKIN1_CLKOUT0)
                                                     -7.736    14.863 r  pll_inst/inst/plle2_adv_inst/CLKOUT0
                         net (fo=1, routed)           1.576    16.439    pll_inst/inst/clk_out1_clk_wiz_0
    BUFGCTRL_X0Y16       BUFG (Prop_bufg_I_O)         0.091    16.530 r  pll_inst/inst/clkout1_buf/O
                         net (fo=5373, routed)        1.528    18.059    inst_svpwm/time_processor_inst/clk_out1
    DSP48_X0Y39          DSP48E1                                      r  inst_svpwm/time_processor_inst/t1_mult_reg_reg/CLK
                         clock pessimism             -0.496    17.562    
                         clock uncertainty           -0.108    17.455    
    DSP48_X0Y39          DSP48E1 (Setup_dsp48e1_CLK_PCIN[10])
                                                     -1.400    16.055    inst_svpwm/time_processor_inst/t1_mult_reg_reg
  -------------------------------------------------------------------
                         required time                         16.055    
                         arrival time                          -7.113    
  -------------------------------------------------------------------
                         slack                                  8.941    

Slack (MET) :             8.941ns  (required time - arrival time)
  Source:                 inst_svpwm/time_processor_inst/cordic_inst_T1/pipeline_reg[15][pip_sin][3]/C
                            (rising edge-triggered cell FDCE clocked by clk_out1_clk_wiz_0  {rise@0.000ns fall@10.000ns period=20.000ns})
  Destination:            inst_svpwm/time_processor_inst/t1_mult_reg_reg/PCIN[11]
                            (rising edge-triggered cell DSP48E1 clocked by clk_out1_clk_wiz_0_1  {rise@0.000ns fall@10.000ns period=20.000ns})
  Path Group:             clk_out1_clk_wiz_0_1
  Path Type:              Setup (Max at Slow Process Corner)
  Requirement:            20.000ns  (clk_out1_clk_wiz_0_1 rise@20.000ns - clk_out1_clk_wiz_0 rise@0.000ns)
  Data Path Delay:        9.359ns  (logic 6.060ns (64.752%)  route 3.299ns (35.248%))
  Logic Levels:           6  (CARRY4=3 DSP48E1=1 LUT1=1 LUT3=1)
  Clock Path Skew:        -0.192ns (DCD - SCD + CPR)
    Destination Clock Delay (DCD):    -1.941ns = ( 18.059 - 20.000 ) 
    Source Clock Delay      (SCD):    -2.246ns
    Clock Pessimism Removal (CPR):    -0.496ns
  Clock Uncertainty:      0.108ns  ((TSJ^2 + DJ^2)^1/2) / 2 + PE
    Total System Jitter     (TSJ):    0.071ns
    Discrete Jitter          (DJ):    0.203ns
    Phase Error              (PE):    0.000ns
  Clock Domain Crossing:  Inter clock paths are considered valid unless explicitly excluded by timing constraints such as set_clock_groups or set_false_path.

    Location             Delay type                Incr(ns)  Path(ns)    Netlist Resource(s)
  -------------------------------------------------------------------    -------------------
                         (clock clk_out1_clk_wiz_0 rise edge)
                                                      0.000     0.000 r  
    E3                                                0.000     0.000 r  clk (IN)
                         net (fo=0)                   0.000     0.000    pll_inst/inst/clk_in1
    E3                   IBUF (Prop_ibuf_I_O)         1.489     1.489 r  pll_inst/inst/clkin1_ibufg/O
                         net (fo=1, routed)           1.253     2.742    pll_inst/inst/clk_in1_clk_wiz_0
    PLLE2_ADV_X1Y1       PLLE2_ADV (Prop_plle2_adv_CLKIN1_CLKOUT0)
                                                     -8.467    -5.725 r  pll_inst/inst/plle2_adv_inst/CLKOUT0
                         net (fo=1, routed)           1.655    -4.070    pll_inst/inst/clk_out1_clk_wiz_0
    BUFGCTRL_X0Y16       BUFG (Prop_bufg_I_O)         0.096    -3.974 r  pll_inst/inst/clkout1_buf/O
                         net (fo=5373, routed)        1.728    -2.246    inst_svpwm/time_processor_inst/cordic_inst_T1/clk_out1
    SLICE_X10Y118        FDCE                                         r  inst_svpwm/time_processor_inst/cordic_inst_T1/pipeline_reg[15][pip_sin][3]/C
  -------------------------------------------------------------------    -------------------
    SLICE_X10Y118        FDCE (Prop_fdce_C_Q)         0.518    -1.728 f  inst_svpwm/time_processor_inst/cordic_inst_T1/pipeline_reg[15][pip_sin][3]/Q
                         net (fo=2, routed)           1.811     0.084    inst_svpwm/time_processor_inst/cordic_inst_T1/pipeline_reg[15][pip_sin][3]
    SLICE_X13Y92         LUT1 (Prop_lut1_I0_O)        0.124     0.208 r  inst_svpwm/time_processor_inst/cordic_inst_T1/t1_mult_reg0_i_39/O
                         net (fo=1, routed)           0.000     0.208    inst_svpwm/time_processor_inst/cordic_inst_T1/t1_mult_reg0_i_39_n_0
    SLICE_X13Y92         CARRY4 (Prop_carry4_S[3]_CO[3])
                                                      0.401     0.609 r  inst_svpwm/time_processor_inst/cordic_inst_T1/t1_mult_reg0_i_22/CO[3]
                         net (fo=1, routed)           0.000     0.609    inst_svpwm/time_processor_inst/cordic_inst_T1/t1_mult_reg0_i_22_n_0
    SLICE_X13Y93         CARRY4 (Prop_carry4_CI_CO[3])
                                                      0.114     0.723 r  inst_svpwm/time_processor_inst/cordic_inst_T1/t1_mult_reg0_i_21/CO[3]
                         net (fo=1, routed)           0.000     0.723    inst_svpwm/time_processor_inst/cordic_inst_T1/t1_mult_reg0_i_21_n_0
    SLICE_X13Y94         CARRY4 (Prop_carry4_CI_O[1])
                                                      0.334     1.057 r  inst_svpwm/time_processor_inst/cordic_inst_T1/t1_mult_reg0_i_20/O[1]
                         net (fo=1, routed)           0.732     1.789    inst_svpwm/time_processor_inst/cordic_inst_T1/sin_value0[9]
    SLICE_X14Y94         LUT3 (Prop_lut3_I1_O)        0.329     2.118 r  inst_svpwm/time_processor_inst/cordic_inst_T1/t1_mult_reg0_i_8/O
                         net (fo=2, routed)           0.754     2.871    inst_svpwm/time_processor_inst/sin_value[9]
    DSP48_X0Y38          DSP48E1 (Prop_dsp48e1_A[9]_PCOUT[11])
                                                      4.240     7.111 r  inst_svpwm/time_processor_inst/t1_mult_reg0/PCOUT[11]
                         net (fo=1, routed)           0.002     7.113    inst_svpwm/time_processor_inst/t1_mult_reg0_n_142
    DSP48_X0Y39          DSP48E1                                      r  inst_svpwm/time_processor_inst/t1_mult_reg_reg/PCIN[11]
  -------------------------------------------------------------------    -------------------

                         (clock clk_out1_clk_wiz_0_1 rise edge)
                                                     20.000    20.000 r  
    E3                                                0.000    20.000 r  clk (IN)
                         net (fo=0)                   0.000    20.000    pll_inst/inst/clk_in1
    E3                   IBUF (Prop_ibuf_I_O)         1.418    21.418 r  pll_inst/inst/clkin1_ibufg/O
                         net (fo=1, routed)           1.181    22.599    pll_inst/inst/clk_in1_clk_wiz_0
    PLLE2_ADV_X1Y1       PLLE2_ADV (Prop_plle2_adv_CLKIN1_CLKOUT0)
                                                     -7.736    14.863 r  pll_inst/inst/plle2_adv_inst/CLKOUT0
                         net (fo=1, routed)           1.576    16.439    pll_inst/inst/clk_out1_clk_wiz_0
    BUFGCTRL_X0Y16       BUFG (Prop_bufg_I_O)         0.091    16.530 r  pll_inst/inst/clkout1_buf/O
                         net (fo=5373, routed)        1.528    18.059    inst_svpwm/time_processor_inst/clk_out1
    DSP48_X0Y39          DSP48E1                                      r  inst_svpwm/time_processor_inst/t1_mult_reg_reg/CLK
                         clock pessimism             -0.496    17.562    
                         clock uncertainty           -0.108    17.455    
    DSP48_X0Y39          DSP48E1 (Setup_dsp48e1_CLK_PCIN[11])
                                                     -1.400    16.055    inst_svpwm/time_processor_inst/t1_mult_reg_reg
  -------------------------------------------------------------------
                         required time                         16.055    
                         arrival time                          -7.113    
  -------------------------------------------------------------------
                         slack                                  8.941    

Slack (MET) :             8.941ns  (required time - arrival time)
  Source:                 inst_svpwm/time_processor_inst/cordic_inst_T1/pipeline_reg[15][pip_sin][3]/C
                            (rising edge-triggered cell FDCE clocked by clk_out1_clk_wiz_0  {rise@0.000ns fall@10.000ns period=20.000ns})
  Destination:            inst_svpwm/time_processor_inst/t1_mult_reg_reg/PCIN[12]
                            (rising edge-triggered cell DSP48E1 clocked by clk_out1_clk_wiz_0_1  {rise@0.000ns fall@10.000ns period=20.000ns})
  Path Group:             clk_out1_clk_wiz_0_1
  Path Type:              Setup (Max at Slow Process Corner)
  Requirement:            20.000ns  (clk_out1_clk_wiz_0_1 rise@20.000ns - clk_out1_clk_wiz_0 rise@0.000ns)
  Data Path Delay:        9.359ns  (logic 6.060ns (64.752%)  route 3.299ns (35.248%))
  Logic Levels:           6  (CARRY4=3 DSP48E1=1 LUT1=1 LUT3=1)
  Clock Path Skew:        -0.192ns (DCD - SCD + CPR)
    Destination Clock Delay (DCD):    -1.941ns = ( 18.059 - 20.000 ) 
    Source Clock Delay      (SCD):    -2.246ns
    Clock Pessimism Removal (CPR):    -0.496ns
  Clock Uncertainty:      0.108ns  ((TSJ^2 + DJ^2)^1/2) / 2 + PE
    Total System Jitter     (TSJ):    0.071ns
    Discrete Jitter          (DJ):    0.203ns
    Phase Error              (PE):    0.000ns
  Clock Domain Crossing:  Inter clock paths are considered valid unless explicitly excluded by timing constraints such as set_clock_groups or set_false_path.

    Location             Delay type                Incr(ns)  Path(ns)    Netlist Resource(s)
  -------------------------------------------------------------------    -------------------
                         (clock clk_out1_clk_wiz_0 rise edge)
                                                      0.000     0.000 r  
    E3                                                0.000     0.000 r  clk (IN)
                         net (fo=0)                   0.000     0.000    pll_inst/inst/clk_in1
    E3                   IBUF (Prop_ibuf_I_O)         1.489     1.489 r  pll_inst/inst/clkin1_ibufg/O
                         net (fo=1, routed)           1.253     2.742    pll_inst/inst/clk_in1_clk_wiz_0
    PLLE2_ADV_X1Y1       PLLE2_ADV (Prop_plle2_adv_CLKIN1_CLKOUT0)
                                                     -8.467    -5.725 r  pll_inst/inst/plle2_adv_inst/CLKOUT0
                         net (fo=1, routed)           1.655    -4.070    pll_inst/inst/clk_out1_clk_wiz_0
    BUFGCTRL_X0Y16       BUFG (Prop_bufg_I_O)         0.096    -3.974 r  pll_inst/inst/clkout1_buf/O
                         net (fo=5373, routed)        1.728    -2.246    inst_svpwm/time_processor_inst/cordic_inst_T1/clk_out1
    SLICE_X10Y118        FDCE                                         r  inst_svpwm/time_processor_inst/cordic_inst_T1/pipeline_reg[15][pip_sin][3]/C
  -------------------------------------------------------------------    -------------------
    SLICE_X10Y118        FDCE (Prop_fdce_C_Q)         0.518    -1.728 f  inst_svpwm/time_processor_inst/cordic_inst_T1/pipeline_reg[15][pip_sin][3]/Q
                         net (fo=2, routed)           1.811     0.084    inst_svpwm/time_processor_inst/cordic_inst_T1/pipeline_reg[15][pip_sin][3]
    SLICE_X13Y92         LUT1 (Prop_lut1_I0_O)        0.124     0.208 r  inst_svpwm/time_processor_inst/cordic_inst_T1/t1_mult_reg0_i_39/O
                         net (fo=1, routed)           0.000     0.208    inst_svpwm/time_processor_inst/cordic_inst_T1/t1_mult_reg0_i_39_n_0
    SLICE_X13Y92         CARRY4 (Prop_carry4_S[3]_CO[3])
                                                      0.401     0.609 r  inst_svpwm/time_processor_inst/cordic_inst_T1/t1_mult_reg0_i_22/CO[3]
                         net (fo=1, routed)           0.000     0.609    inst_svpwm/time_processor_inst/cordic_inst_T1/t1_mult_reg0_i_22_n_0
    SLICE_X13Y93         CARRY4 (Prop_carry4_CI_CO[3])
                                                      0.114     0.723 r  inst_svpwm/time_processor_inst/cordic_inst_T1/t1_mult_reg0_i_21/CO[3]
                         net (fo=1, routed)           0.000     0.723    inst_svpwm/time_processor_inst/cordic_inst_T1/t1_mult_reg0_i_21_n_0
    SLICE_X13Y94         CARRY4 (Prop_carry4_CI_O[1])
                                                      0.334     1.057 r  inst_svpwm/time_processor_inst/cordic_inst_T1/t1_mult_reg0_i_20/O[1]
                         net (fo=1, routed)           0.732     1.789    inst_svpwm/time_processor_inst/cordic_inst_T1/sin_value0[9]
    SLICE_X14Y94         LUT3 (Prop_lut3_I1_O)        0.329     2.118 r  inst_svpwm/time_processor_inst/cordic_inst_T1/t1_mult_reg0_i_8/O
                         net (fo=2, routed)           0.754     2.871    inst_svpwm/time_processor_inst/sin_value[9]
    DSP48_X0Y38          DSP48E1 (Prop_dsp48e1_A[9]_PCOUT[12])
                                                      4.240     7.111 r  inst_svpwm/time_processor_inst/t1_mult_reg0/PCOUT[12]
                         net (fo=1, routed)           0.002     7.113    inst_svpwm/time_processor_inst/t1_mult_reg0_n_141
    DSP48_X0Y39          DSP48E1                                      r  inst_svpwm/time_processor_inst/t1_mult_reg_reg/PCIN[12]
  -------------------------------------------------------------------    -------------------

                         (clock clk_out1_clk_wiz_0_1 rise edge)
                                                     20.000    20.000 r  
    E3                                                0.000    20.000 r  clk (IN)
                         net (fo=0)                   0.000    20.000    pll_inst/inst/clk_in1
    E3                   IBUF (Prop_ibuf_I_O)         1.418    21.418 r  pll_inst/inst/clkin1_ibufg/O
                         net (fo=1, routed)           1.181    22.599    pll_inst/inst/clk_in1_clk_wiz_0
    PLLE2_ADV_X1Y1       PLLE2_ADV (Prop_plle2_adv_CLKIN1_CLKOUT0)
                                                     -7.736    14.863 r  pll_inst/inst/plle2_adv_inst/CLKOUT0
                         net (fo=1, routed)           1.576    16.439    pll_inst/inst/clk_out1_clk_wiz_0
    BUFGCTRL_X0Y16       BUFG (Prop_bufg_I_O)         0.091    16.530 r  pll_inst/inst/clkout1_buf/O
                         net (fo=5373, routed)        1.528    18.059    inst_svpwm/time_processor_inst/clk_out1
    DSP48_X0Y39          DSP48E1                                      r  inst_svpwm/time_processor_inst/t1_mult_reg_reg/CLK
                         clock pessimism             -0.496    17.562    
                         clock uncertainty           -0.108    17.455    
    DSP48_X0Y39          DSP48E1 (Setup_dsp48e1_CLK_PCIN[12])
                                                     -1.400    16.055    inst_svpwm/time_processor_inst/t1_mult_reg_reg
  -------------------------------------------------------------------
                         required time                         16.055    
                         arrival time                          -7.113    
  -------------------------------------------------------------------
                         slack                                  8.941    

Slack (MET) :             8.941ns  (required time - arrival time)
  Source:                 inst_svpwm/time_processor_inst/cordic_inst_T1/pipeline_reg[15][pip_sin][3]/C
                            (rising edge-triggered cell FDCE clocked by clk_out1_clk_wiz_0  {rise@0.000ns fall@10.000ns period=20.000ns})
  Destination:            inst_svpwm/time_processor_inst/t1_mult_reg_reg/PCIN[13]
                            (rising edge-triggered cell DSP48E1 clocked by clk_out1_clk_wiz_0_1  {rise@0.000ns fall@10.000ns period=20.000ns})
  Path Group:             clk_out1_clk_wiz_0_1
  Path Type:              Setup (Max at Slow Process Corner)
  Requirement:            20.000ns  (clk_out1_clk_wiz_0_1 rise@20.000ns - clk_out1_clk_wiz_0 rise@0.000ns)
  Data Path Delay:        9.359ns  (logic 6.060ns (64.752%)  route 3.299ns (35.248%))
  Logic Levels:           6  (CARRY4=3 DSP48E1=1 LUT1=1 LUT3=1)
  Clock Path Skew:        -0.192ns (DCD - SCD + CPR)
    Destination Clock Delay (DCD):    -1.941ns = ( 18.059 - 20.000 ) 
    Source Clock Delay      (SCD):    -2.246ns
    Clock Pessimism Removal (CPR):    -0.496ns
  Clock Uncertainty:      0.108ns  ((TSJ^2 + DJ^2)^1/2) / 2 + PE
    Total System Jitter     (TSJ):    0.071ns
    Discrete Jitter          (DJ):    0.203ns
    Phase Error              (PE):    0.000ns
  Clock Domain Crossing:  Inter clock paths are considered valid unless explicitly excluded by timing constraints such as set_clock_groups or set_false_path.

    Location             Delay type                Incr(ns)  Path(ns)    Netlist Resource(s)
  -------------------------------------------------------------------    -------------------
                         (clock clk_out1_clk_wiz_0 rise edge)
                                                      0.000     0.000 r  
    E3                                                0.000     0.000 r  clk (IN)
                         net (fo=0)                   0.000     0.000    pll_inst/inst/clk_in1
    E3                   IBUF (Prop_ibuf_I_O)         1.489     1.489 r  pll_inst/inst/clkin1_ibufg/O
                         net (fo=1, routed)           1.253     2.742    pll_inst/inst/clk_in1_clk_wiz_0
    PLLE2_ADV_X1Y1       PLLE2_ADV (Prop_plle2_adv_CLKIN1_CLKOUT0)
                                                     -8.467    -5.725 r  pll_inst/inst/plle2_adv_inst/CLKOUT0
                         net (fo=1, routed)           1.655    -4.070    pll_inst/inst/clk_out1_clk_wiz_0
    BUFGCTRL_X0Y16       BUFG (Prop_bufg_I_O)         0.096    -3.974 r  pll_inst/inst/clkout1_buf/O
                         net (fo=5373, routed)        1.728    -2.246    inst_svpwm/time_processor_inst/cordic_inst_T1/clk_out1
    SLICE_X10Y118        FDCE                                         r  inst_svpwm/time_processor_inst/cordic_inst_T1/pipeline_reg[15][pip_sin][3]/C
  -------------------------------------------------------------------    -------------------
    SLICE_X10Y118        FDCE (Prop_fdce_C_Q)         0.518    -1.728 f  inst_svpwm/time_processor_inst/cordic_inst_T1/pipeline_reg[15][pip_sin][3]/Q
                         net (fo=2, routed)           1.811     0.084    inst_svpwm/time_processor_inst/cordic_inst_T1/pipeline_reg[15][pip_sin][3]
    SLICE_X13Y92         LUT1 (Prop_lut1_I0_O)        0.124     0.208 r  inst_svpwm/time_processor_inst/cordic_inst_T1/t1_mult_reg0_i_39/O
                         net (fo=1, routed)           0.000     0.208    inst_svpwm/time_processor_inst/cordic_inst_T1/t1_mult_reg0_i_39_n_0
    SLICE_X13Y92         CARRY4 (Prop_carry4_S[3]_CO[3])
                                                      0.401     0.609 r  inst_svpwm/time_processor_inst/cordic_inst_T1/t1_mult_reg0_i_22/CO[3]
                         net (fo=1, routed)           0.000     0.609    inst_svpwm/time_processor_inst/cordic_inst_T1/t1_mult_reg0_i_22_n_0
    SLICE_X13Y93         CARRY4 (Prop_carry4_CI_CO[3])
                                                      0.114     0.723 r  inst_svpwm/time_processor_inst/cordic_inst_T1/t1_mult_reg0_i_21/CO[3]
                         net (fo=1, routed)           0.000     0.723    inst_svpwm/time_processor_inst/cordic_inst_T1/t1_mult_reg0_i_21_n_0
    SLICE_X13Y94         CARRY4 (Prop_carry4_CI_O[1])
                                                      0.334     1.057 r  inst_svpwm/time_processor_inst/cordic_inst_T1/t1_mult_reg0_i_20/O[1]
                         net (fo=1, routed)           0.732     1.789    inst_svpwm/time_processor_inst/cordic_inst_T1/sin_value0[9]
    SLICE_X14Y94         LUT3 (Prop_lut3_I1_O)        0.329     2.118 r  inst_svpwm/time_processor_inst/cordic_inst_T1/t1_mult_reg0_i_8/O
                         net (fo=2, routed)           0.754     2.871    inst_svpwm/time_processor_inst/sin_value[9]
    DSP48_X0Y38          DSP48E1 (Prop_dsp48e1_A[9]_PCOUT[13])
                                                      4.240     7.111 r  inst_svpwm/time_processor_inst/t1_mult_reg0/PCOUT[13]
                         net (fo=1, routed)           0.002     7.113    inst_svpwm/time_processor_inst/t1_mult_reg0_n_140
    DSP48_X0Y39          DSP48E1                                      r  inst_svpwm/time_processor_inst/t1_mult_reg_reg/PCIN[13]
  -------------------------------------------------------------------    -------------------

                         (clock clk_out1_clk_wiz_0_1 rise edge)
                                                     20.000    20.000 r  
    E3                                                0.000    20.000 r  clk (IN)
                         net (fo=0)                   0.000    20.000    pll_inst/inst/clk_in1
    E3                   IBUF (Prop_ibuf_I_O)         1.418    21.418 r  pll_inst/inst/clkin1_ibufg/O
                         net (fo=1, routed)           1.181    22.599    pll_inst/inst/clk_in1_clk_wiz_0
    PLLE2_ADV_X1Y1       PLLE2_ADV (Prop_plle2_adv_CLKIN1_CLKOUT0)
                                                     -7.736    14.863 r  pll_inst/inst/plle2_adv_inst/CLKOUT0
                         net (fo=1, routed)           1.576    16.439    pll_inst/inst/clk_out1_clk_wiz_0
    BUFGCTRL_X0Y16       BUFG (Prop_bufg_I_O)         0.091    16.530 r  pll_inst/inst/clkout1_buf/O
                         net (fo=5373, routed)        1.528    18.059    inst_svpwm/time_processor_inst/clk_out1
    DSP48_X0Y39          DSP48E1                                      r  inst_svpwm/time_processor_inst/t1_mult_reg_reg/CLK
                         clock pessimism             -0.496    17.562    
                         clock uncertainty           -0.108    17.455    
    DSP48_X0Y39          DSP48E1 (Setup_dsp48e1_CLK_PCIN[13])
                                                     -1.400    16.055    inst_svpwm/time_processor_inst/t1_mult_reg_reg
  -------------------------------------------------------------------
                         required time                         16.055    
                         arrival time                          -7.113    
  -------------------------------------------------------------------
                         slack                                  8.941    

Slack (MET) :             8.941ns  (required time - arrival time)
  Source:                 inst_svpwm/time_processor_inst/cordic_inst_T1/pipeline_reg[15][pip_sin][3]/C
                            (rising edge-triggered cell FDCE clocked by clk_out1_clk_wiz_0  {rise@0.000ns fall@10.000ns period=20.000ns})
  Destination:            inst_svpwm/time_processor_inst/t1_mult_reg_reg/PCIN[14]
                            (rising edge-triggered cell DSP48E1 clocked by clk_out1_clk_wiz_0_1  {rise@0.000ns fall@10.000ns period=20.000ns})
  Path Group:             clk_out1_clk_wiz_0_1
  Path Type:              Setup (Max at Slow Process Corner)
  Requirement:            20.000ns  (clk_out1_clk_wiz_0_1 rise@20.000ns - clk_out1_clk_wiz_0 rise@0.000ns)
  Data Path Delay:        9.359ns  (logic 6.060ns (64.752%)  route 3.299ns (35.248%))
  Logic Levels:           6  (CARRY4=3 DSP48E1=1 LUT1=1 LUT3=1)
  Clock Path Skew:        -0.192ns (DCD - SCD + CPR)
    Destination Clock Delay (DCD):    -1.941ns = ( 18.059 - 20.000 ) 
    Source Clock Delay      (SCD):    -2.246ns
    Clock Pessimism Removal (CPR):    -0.496ns
  Clock Uncertainty:      0.108ns  ((TSJ^2 + DJ^2)^1/2) / 2 + PE
    Total System Jitter     (TSJ):    0.071ns
    Discrete Jitter          (DJ):    0.203ns
    Phase Error              (PE):    0.000ns
  Clock Domain Crossing:  Inter clock paths are considered valid unless explicitly excluded by timing constraints such as set_clock_groups or set_false_path.

    Location             Delay type                Incr(ns)  Path(ns)    Netlist Resource(s)
  -------------------------------------------------------------------    -------------------
                         (clock clk_out1_clk_wiz_0 rise edge)
                                                      0.000     0.000 r  
    E3                                                0.000     0.000 r  clk (IN)
                         net (fo=0)                   0.000     0.000    pll_inst/inst/clk_in1
    E3                   IBUF (Prop_ibuf_I_O)         1.489     1.489 r  pll_inst/inst/clkin1_ibufg/O
                         net (fo=1, routed)           1.253     2.742    pll_inst/inst/clk_in1_clk_wiz_0
    PLLE2_ADV_X1Y1       PLLE2_ADV (Prop_plle2_adv_CLKIN1_CLKOUT0)
                                                     -8.467    -5.725 r  pll_inst/inst/plle2_adv_inst/CLKOUT0
                         net (fo=1, routed)           1.655    -4.070    pll_inst/inst/clk_out1_clk_wiz_0
    BUFGCTRL_X0Y16       BUFG (Prop_bufg_I_O)         0.096    -3.974 r  pll_inst/inst/clkout1_buf/O
                         net (fo=5373, routed)        1.728    -2.246    inst_svpwm/time_processor_inst/cordic_inst_T1/clk_out1
    SLICE_X10Y118        FDCE                                         r  inst_svpwm/time_processor_inst/cordic_inst_T1/pipeline_reg[15][pip_sin][3]/C
  -------------------------------------------------------------------    -------------------
    SLICE_X10Y118        FDCE (Prop_fdce_C_Q)         0.518    -1.728 f  inst_svpwm/time_processor_inst/cordic_inst_T1/pipeline_reg[15][pip_sin][3]/Q
                         net (fo=2, routed)           1.811     0.084    inst_svpwm/time_processor_inst/cordic_inst_T1/pipeline_reg[15][pip_sin][3]
    SLICE_X13Y92         LUT1 (Prop_lut1_I0_O)        0.124     0.208 r  inst_svpwm/time_processor_inst/cordic_inst_T1/t1_mult_reg0_i_39/O
                         net (fo=1, routed)           0.000     0.208    inst_svpwm/time_processor_inst/cordic_inst_T1/t1_mult_reg0_i_39_n_0
    SLICE_X13Y92         CARRY4 (Prop_carry4_S[3]_CO[3])
                                                      0.401     0.609 r  inst_svpwm/time_processor_inst/cordic_inst_T1/t1_mult_reg0_i_22/CO[3]
                         net (fo=1, routed)           0.000     0.609    inst_svpwm/time_processor_inst/cordic_inst_T1/t1_mult_reg0_i_22_n_0
    SLICE_X13Y93         CARRY4 (Prop_carry4_CI_CO[3])
                                                      0.114     0.723 r  inst_svpwm/time_processor_inst/cordic_inst_T1/t1_mult_reg0_i_21/CO[3]
                         net (fo=1, routed)           0.000     0.723    inst_svpwm/time_processor_inst/cordic_inst_T1/t1_mult_reg0_i_21_n_0
    SLICE_X13Y94         CARRY4 (Prop_carry4_CI_O[1])
                                                      0.334     1.057 r  inst_svpwm/time_processor_inst/cordic_inst_T1/t1_mult_reg0_i_20/O[1]
                         net (fo=1, routed)           0.732     1.789    inst_svpwm/time_processor_inst/cordic_inst_T1/sin_value0[9]
    SLICE_X14Y94         LUT3 (Prop_lut3_I1_O)        0.329     2.118 r  inst_svpwm/time_processor_inst/cordic_inst_T1/t1_mult_reg0_i_8/O
                         net (fo=2, routed)           0.754     2.871    inst_svpwm/time_processor_inst/sin_value[9]
    DSP48_X0Y38          DSP48E1 (Prop_dsp48e1_A[9]_PCOUT[14])
                                                      4.240     7.111 r  inst_svpwm/time_processor_inst/t1_mult_reg0/PCOUT[14]
                         net (fo=1, routed)           0.002     7.113    inst_svpwm/time_processor_inst/t1_mult_reg0_n_139
    DSP48_X0Y39          DSP48E1                                      r  inst_svpwm/time_processor_inst/t1_mult_reg_reg/PCIN[14]
  -------------------------------------------------------------------    -------------------

                         (clock clk_out1_clk_wiz_0_1 rise edge)
                                                     20.000    20.000 r  
    E3                                                0.000    20.000 r  clk (IN)
                         net (fo=0)                   0.000    20.000    pll_inst/inst/clk_in1
    E3                   IBUF (Prop_ibuf_I_O)         1.418    21.418 r  pll_inst/inst/clkin1_ibufg/O
                         net (fo=1, routed)           1.181    22.599    pll_inst/inst/clk_in1_clk_wiz_0
    PLLE2_ADV_X1Y1       PLLE2_ADV (Prop_plle2_adv_CLKIN1_CLKOUT0)
                                                     -7.736    14.863 r  pll_inst/inst/plle2_adv_inst/CLKOUT0
                         net (fo=1, routed)           1.576    16.439    pll_inst/inst/clk_out1_clk_wiz_0
    BUFGCTRL_X0Y16       BUFG (Prop_bufg_I_O)         0.091    16.530 r  pll_inst/inst/clkout1_buf/O
                         net (fo=5373, routed)        1.528    18.059    inst_svpwm/time_processor_inst/clk_out1
    DSP48_X0Y39          DSP48E1                                      r  inst_svpwm/time_processor_inst/t1_mult_reg_reg/CLK
                         clock pessimism             -0.496    17.562    
                         clock uncertainty           -0.108    17.455    
    DSP48_X0Y39          DSP48E1 (Setup_dsp48e1_CLK_PCIN[14])
                                                     -1.400    16.055    inst_svpwm/time_processor_inst/t1_mult_reg_reg
  -------------------------------------------------------------------
                         required time                         16.055    
                         arrival time                          -7.113    
  -------------------------------------------------------------------
                         slack                                  8.941    

Slack (MET) :             8.941ns  (required time - arrival time)
  Source:                 inst_svpwm/time_processor_inst/cordic_inst_T1/pipeline_reg[15][pip_sin][3]/C
                            (rising edge-triggered cell FDCE clocked by clk_out1_clk_wiz_0  {rise@0.000ns fall@10.000ns period=20.000ns})
  Destination:            inst_svpwm/time_processor_inst/t1_mult_reg_reg/PCIN[15]
                            (rising edge-triggered cell DSP48E1 clocked by clk_out1_clk_wiz_0_1  {rise@0.000ns fall@10.000ns period=20.000ns})
  Path Group:             clk_out1_clk_wiz_0_1
  Path Type:              Setup (Max at Slow Process Corner)
  Requirement:            20.000ns  (clk_out1_clk_wiz_0_1 rise@20.000ns - clk_out1_clk_wiz_0 rise@0.000ns)
  Data Path Delay:        9.359ns  (logic 6.060ns (64.752%)  route 3.299ns (35.248%))
  Logic Levels:           6  (CARRY4=3 DSP48E1=1 LUT1=1 LUT3=1)
  Clock Path Skew:        -0.192ns (DCD - SCD + CPR)
    Destination Clock Delay (DCD):    -1.941ns = ( 18.059 - 20.000 ) 
    Source Clock Delay      (SCD):    -2.246ns
    Clock Pessimism Removal (CPR):    -0.496ns
  Clock Uncertainty:      0.108ns  ((TSJ^2 + DJ^2)^1/2) / 2 + PE
    Total System Jitter     (TSJ):    0.071ns
    Discrete Jitter          (DJ):    0.203ns
    Phase Error              (PE):    0.000ns
  Clock Domain Crossing:  Inter clock paths are considered valid unless explicitly excluded by timing constraints such as set_clock_groups or set_false_path.

    Location             Delay type                Incr(ns)  Path(ns)    Netlist Resource(s)
  -------------------------------------------------------------------    -------------------
                         (clock clk_out1_clk_wiz_0 rise edge)
                                                      0.000     0.000 r  
    E3                                                0.000     0.000 r  clk (IN)
                         net (fo=0)                   0.000     0.000    pll_inst/inst/clk_in1
    E3                   IBUF (Prop_ibuf_I_O)         1.489     1.489 r  pll_inst/inst/clkin1_ibufg/O
                         net (fo=1, routed)           1.253     2.742    pll_inst/inst/clk_in1_clk_wiz_0
    PLLE2_ADV_X1Y1       PLLE2_ADV (Prop_plle2_adv_CLKIN1_CLKOUT0)
                                                     -8.467    -5.725 r  pll_inst/inst/plle2_adv_inst/CLKOUT0
                         net (fo=1, routed)           1.655    -4.070    pll_inst/inst/clk_out1_clk_wiz_0
    BUFGCTRL_X0Y16       BUFG (Prop_bufg_I_O)         0.096    -3.974 r  pll_inst/inst/clkout1_buf/O
                         net (fo=5373, routed)        1.728    -2.246    inst_svpwm/time_processor_inst/cordic_inst_T1/clk_out1
    SLICE_X10Y118        FDCE                                         r  inst_svpwm/time_processor_inst/cordic_inst_T1/pipeline_reg[15][pip_sin][3]/C
  -------------------------------------------------------------------    -------------------
    SLICE_X10Y118        FDCE (Prop_fdce_C_Q)         0.518    -1.728 f  inst_svpwm/time_processor_inst/cordic_inst_T1/pipeline_reg[15][pip_sin][3]/Q
                         net (fo=2, routed)           1.811     0.084    inst_svpwm/time_processor_inst/cordic_inst_T1/pipeline_reg[15][pip_sin][3]
    SLICE_X13Y92         LUT1 (Prop_lut1_I0_O)        0.124     0.208 r  inst_svpwm/time_processor_inst/cordic_inst_T1/t1_mult_reg0_i_39/O
                         net (fo=1, routed)           0.000     0.208    inst_svpwm/time_processor_inst/cordic_inst_T1/t1_mult_reg0_i_39_n_0
    SLICE_X13Y92         CARRY4 (Prop_carry4_S[3]_CO[3])
                                                      0.401     0.609 r  inst_svpwm/time_processor_inst/cordic_inst_T1/t1_mult_reg0_i_22/CO[3]
                         net (fo=1, routed)           0.000     0.609    inst_svpwm/time_processor_inst/cordic_inst_T1/t1_mult_reg0_i_22_n_0
    SLICE_X13Y93         CARRY4 (Prop_carry4_CI_CO[3])
                                                      0.114     0.723 r  inst_svpwm/time_processor_inst/cordic_inst_T1/t1_mult_reg0_i_21/CO[3]
                         net (fo=1, routed)           0.000     0.723    inst_svpwm/time_processor_inst/cordic_inst_T1/t1_mult_reg0_i_21_n_0
    SLICE_X13Y94         CARRY4 (Prop_carry4_CI_O[1])
                                                      0.334     1.057 r  inst_svpwm/time_processor_inst/cordic_inst_T1/t1_mult_reg0_i_20/O[1]
                         net (fo=1, routed)           0.732     1.789    inst_svpwm/time_processor_inst/cordic_inst_T1/sin_value0[9]
    SLICE_X14Y94         LUT3 (Prop_lut3_I1_O)        0.329     2.118 r  inst_svpwm/time_processor_inst/cordic_inst_T1/t1_mult_reg0_i_8/O
                         net (fo=2, routed)           0.754     2.871    inst_svpwm/time_processor_inst/sin_value[9]
    DSP48_X0Y38          DSP48E1 (Prop_dsp48e1_A[9]_PCOUT[15])
                                                      4.240     7.111 r  inst_svpwm/time_processor_inst/t1_mult_reg0/PCOUT[15]
                         net (fo=1, routed)           0.002     7.113    inst_svpwm/time_processor_inst/t1_mult_reg0_n_138
    DSP48_X0Y39          DSP48E1                                      r  inst_svpwm/time_processor_inst/t1_mult_reg_reg/PCIN[15]
  -------------------------------------------------------------------    -------------------

                         (clock clk_out1_clk_wiz_0_1 rise edge)
                                                     20.000    20.000 r  
    E3                                                0.000    20.000 r  clk (IN)
                         net (fo=0)                   0.000    20.000    pll_inst/inst/clk_in1
    E3                   IBUF (Prop_ibuf_I_O)         1.418    21.418 r  pll_inst/inst/clkin1_ibufg/O
                         net (fo=1, routed)           1.181    22.599    pll_inst/inst/clk_in1_clk_wiz_0
    PLLE2_ADV_X1Y1       PLLE2_ADV (Prop_plle2_adv_CLKIN1_CLKOUT0)
                                                     -7.736    14.863 r  pll_inst/inst/plle2_adv_inst/CLKOUT0
                         net (fo=1, routed)           1.576    16.439    pll_inst/inst/clk_out1_clk_wiz_0
    BUFGCTRL_X0Y16       BUFG (Prop_bufg_I_O)         0.091    16.530 r  pll_inst/inst/clkout1_buf/O
                         net (fo=5373, routed)        1.528    18.059    inst_svpwm/time_processor_inst/clk_out1
    DSP48_X0Y39          DSP48E1                                      r  inst_svpwm/time_processor_inst/t1_mult_reg_reg/CLK
                         clock pessimism             -0.496    17.562    
                         clock uncertainty           -0.108    17.455    
    DSP48_X0Y39          DSP48E1 (Setup_dsp48e1_CLK_PCIN[15])
                                                     -1.400    16.055    inst_svpwm/time_processor_inst/t1_mult_reg_reg
  -------------------------------------------------------------------
                         required time                         16.055    
                         arrival time                          -7.113    
  -------------------------------------------------------------------
                         slack                                  8.941    

Slack (MET) :             8.941ns  (required time - arrival time)
  Source:                 inst_svpwm/time_processor_inst/cordic_inst_T1/pipeline_reg[15][pip_sin][3]/C
                            (rising edge-triggered cell FDCE clocked by clk_out1_clk_wiz_0  {rise@0.000ns fall@10.000ns period=20.000ns})
  Destination:            inst_svpwm/time_processor_inst/t1_mult_reg_reg/PCIN[16]
                            (rising edge-triggered cell DSP48E1 clocked by clk_out1_clk_wiz_0_1  {rise@0.000ns fall@10.000ns period=20.000ns})
  Path Group:             clk_out1_clk_wiz_0_1
  Path Type:              Setup (Max at Slow Process Corner)
  Requirement:            20.000ns  (clk_out1_clk_wiz_0_1 rise@20.000ns - clk_out1_clk_wiz_0 rise@0.000ns)
  Data Path Delay:        9.359ns  (logic 6.060ns (64.752%)  route 3.299ns (35.248%))
  Logic Levels:           6  (CARRY4=3 DSP48E1=1 LUT1=1 LUT3=1)
  Clock Path Skew:        -0.192ns (DCD - SCD + CPR)
    Destination Clock Delay (DCD):    -1.941ns = ( 18.059 - 20.000 ) 
    Source Clock Delay      (SCD):    -2.246ns
    Clock Pessimism Removal (CPR):    -0.496ns
  Clock Uncertainty:      0.108ns  ((TSJ^2 + DJ^2)^1/2) / 2 + PE
    Total System Jitter     (TSJ):    0.071ns
    Discrete Jitter          (DJ):    0.203ns
    Phase Error              (PE):    0.000ns
  Clock Domain Crossing:  Inter clock paths are considered valid unless explicitly excluded by timing constraints such as set_clock_groups or set_false_path.

    Location             Delay type                Incr(ns)  Path(ns)    Netlist Resource(s)
  -------------------------------------------------------------------    -------------------
                         (clock clk_out1_clk_wiz_0 rise edge)
                                                      0.000     0.000 r  
    E3                                                0.000     0.000 r  clk (IN)
                         net (fo=0)                   0.000     0.000    pll_inst/inst/clk_in1
    E3                   IBUF (Prop_ibuf_I_O)         1.489     1.489 r  pll_inst/inst/clkin1_ibufg/O
                         net (fo=1, routed)           1.253     2.742    pll_inst/inst/clk_in1_clk_wiz_0
    PLLE2_ADV_X1Y1       PLLE2_ADV (Prop_plle2_adv_CLKIN1_CLKOUT0)
                                                     -8.467    -5.725 r  pll_inst/inst/plle2_adv_inst/CLKOUT0
                         net (fo=1, routed)           1.655    -4.070    pll_inst/inst/clk_out1_clk_wiz_0
    BUFGCTRL_X0Y16       BUFG (Prop_bufg_I_O)         0.096    -3.974 r  pll_inst/inst/clkout1_buf/O
                         net (fo=5373, routed)        1.728    -2.246    inst_svpwm/time_processor_inst/cordic_inst_T1/clk_out1
    SLICE_X10Y118        FDCE                                         r  inst_svpwm/time_processor_inst/cordic_inst_T1/pipeline_reg[15][pip_sin][3]/C
  -------------------------------------------------------------------    -------------------
    SLICE_X10Y118        FDCE (Prop_fdce_C_Q)         0.518    -1.728 f  inst_svpwm/time_processor_inst/cordic_inst_T1/pipeline_reg[15][pip_sin][3]/Q
                         net (fo=2, routed)           1.811     0.084    inst_svpwm/time_processor_inst/cordic_inst_T1/pipeline_reg[15][pip_sin][3]
    SLICE_X13Y92         LUT1 (Prop_lut1_I0_O)        0.124     0.208 r  inst_svpwm/time_processor_inst/cordic_inst_T1/t1_mult_reg0_i_39/O
                         net (fo=1, routed)           0.000     0.208    inst_svpwm/time_processor_inst/cordic_inst_T1/t1_mult_reg0_i_39_n_0
    SLICE_X13Y92         CARRY4 (Prop_carry4_S[3]_CO[3])
                                                      0.401     0.609 r  inst_svpwm/time_processor_inst/cordic_inst_T1/t1_mult_reg0_i_22/CO[3]
                         net (fo=1, routed)           0.000     0.609    inst_svpwm/time_processor_inst/cordic_inst_T1/t1_mult_reg0_i_22_n_0
    SLICE_X13Y93         CARRY4 (Prop_carry4_CI_CO[3])
                                                      0.114     0.723 r  inst_svpwm/time_processor_inst/cordic_inst_T1/t1_mult_reg0_i_21/CO[3]
                         net (fo=1, routed)           0.000     0.723    inst_svpwm/time_processor_inst/cordic_inst_T1/t1_mult_reg0_i_21_n_0
    SLICE_X13Y94         CARRY4 (Prop_carry4_CI_O[1])
                                                      0.334     1.057 r  inst_svpwm/time_processor_inst/cordic_inst_T1/t1_mult_reg0_i_20/O[1]
                         net (fo=1, routed)           0.732     1.789    inst_svpwm/time_processor_inst/cordic_inst_T1/sin_value0[9]
    SLICE_X14Y94         LUT3 (Prop_lut3_I1_O)        0.329     2.118 r  inst_svpwm/time_processor_inst/cordic_inst_T1/t1_mult_reg0_i_8/O
                         net (fo=2, routed)           0.754     2.871    inst_svpwm/time_processor_inst/sin_value[9]
    DSP48_X0Y38          DSP48E1 (Prop_dsp48e1_A[9]_PCOUT[16])
                                                      4.240     7.111 r  inst_svpwm/time_processor_inst/t1_mult_reg0/PCOUT[16]
                         net (fo=1, routed)           0.002     7.113    inst_svpwm/time_processor_inst/t1_mult_reg0_n_137
    DSP48_X0Y39          DSP48E1                                      r  inst_svpwm/time_processor_inst/t1_mult_reg_reg/PCIN[16]
  -------------------------------------------------------------------    -------------------

                         (clock clk_out1_clk_wiz_0_1 rise edge)
                                                     20.000    20.000 r  
    E3                                                0.000    20.000 r  clk (IN)
                         net (fo=0)                   0.000    20.000    pll_inst/inst/clk_in1
    E3                   IBUF (Prop_ibuf_I_O)         1.418    21.418 r  pll_inst/inst/clkin1_ibufg/O
                         net (fo=1, routed)           1.181    22.599    pll_inst/inst/clk_in1_clk_wiz_0
    PLLE2_ADV_X1Y1       PLLE2_ADV (Prop_plle2_adv_CLKIN1_CLKOUT0)
                                                     -7.736    14.863 r  pll_inst/inst/plle2_adv_inst/CLKOUT0
                         net (fo=1, routed)           1.576    16.439    pll_inst/inst/clk_out1_clk_wiz_0
    BUFGCTRL_X0Y16       BUFG (Prop_bufg_I_O)         0.091    16.530 r  pll_inst/inst/clkout1_buf/O
                         net (fo=5373, routed)        1.528    18.059    inst_svpwm/time_processor_inst/clk_out1
    DSP48_X0Y39          DSP48E1                                      r  inst_svpwm/time_processor_inst/t1_mult_reg_reg/CLK
                         clock pessimism             -0.496    17.562    
                         clock uncertainty           -0.108    17.455    
    DSP48_X0Y39          DSP48E1 (Setup_dsp48e1_CLK_PCIN[16])
                                                     -1.400    16.055    inst_svpwm/time_processor_inst/t1_mult_reg_reg
  -------------------------------------------------------------------
                         required time                         16.055    
                         arrival time                          -7.113    
  -------------------------------------------------------------------
                         slack                                  8.941    

Slack (MET) :             8.941ns  (required time - arrival time)
  Source:                 inst_svpwm/time_processor_inst/cordic_inst_T1/pipeline_reg[15][pip_sin][3]/C
                            (rising edge-triggered cell FDCE clocked by clk_out1_clk_wiz_0  {rise@0.000ns fall@10.000ns period=20.000ns})
  Destination:            inst_svpwm/time_processor_inst/t1_mult_reg_reg/PCIN[17]
                            (rising edge-triggered cell DSP48E1 clocked by clk_out1_clk_wiz_0_1  {rise@0.000ns fall@10.000ns period=20.000ns})
  Path Group:             clk_out1_clk_wiz_0_1
  Path Type:              Setup (Max at Slow Process Corner)
  Requirement:            20.000ns  (clk_out1_clk_wiz_0_1 rise@20.000ns - clk_out1_clk_wiz_0 rise@0.000ns)
  Data Path Delay:        9.359ns  (logic 6.060ns (64.752%)  route 3.299ns (35.248%))
  Logic Levels:           6  (CARRY4=3 DSP48E1=1 LUT1=1 LUT3=1)
  Clock Path Skew:        -0.192ns (DCD - SCD + CPR)
    Destination Clock Delay (DCD):    -1.941ns = ( 18.059 - 20.000 ) 
    Source Clock Delay      (SCD):    -2.246ns
    Clock Pessimism Removal (CPR):    -0.496ns
  Clock Uncertainty:      0.108ns  ((TSJ^2 + DJ^2)^1/2) / 2 + PE
    Total System Jitter     (TSJ):    0.071ns
    Discrete Jitter          (DJ):    0.203ns
    Phase Error              (PE):    0.000ns
  Clock Domain Crossing:  Inter clock paths are considered valid unless explicitly excluded by timing constraints such as set_clock_groups or set_false_path.

    Location             Delay type                Incr(ns)  Path(ns)    Netlist Resource(s)
  -------------------------------------------------------------------    -------------------
                         (clock clk_out1_clk_wiz_0 rise edge)
                                                      0.000     0.000 r  
    E3                                                0.000     0.000 r  clk (IN)
                         net (fo=0)                   0.000     0.000    pll_inst/inst/clk_in1
    E3                   IBUF (Prop_ibuf_I_O)         1.489     1.489 r  pll_inst/inst/clkin1_ibufg/O
                         net (fo=1, routed)           1.253     2.742    pll_inst/inst/clk_in1_clk_wiz_0
    PLLE2_ADV_X1Y1       PLLE2_ADV (Prop_plle2_adv_CLKIN1_CLKOUT0)
                                                     -8.467    -5.725 r  pll_inst/inst/plle2_adv_inst/CLKOUT0
                         net (fo=1, routed)           1.655    -4.070    pll_inst/inst/clk_out1_clk_wiz_0
    BUFGCTRL_X0Y16       BUFG (Prop_bufg_I_O)         0.096    -3.974 r  pll_inst/inst/clkout1_buf/O
                         net (fo=5373, routed)        1.728    -2.246    inst_svpwm/time_processor_inst/cordic_inst_T1/clk_out1
    SLICE_X10Y118        FDCE                                         r  inst_svpwm/time_processor_inst/cordic_inst_T1/pipeline_reg[15][pip_sin][3]/C
  -------------------------------------------------------------------    -------------------
    SLICE_X10Y118        FDCE (Prop_fdce_C_Q)         0.518    -1.728 f  inst_svpwm/time_processor_inst/cordic_inst_T1/pipeline_reg[15][pip_sin][3]/Q
                         net (fo=2, routed)           1.811     0.084    inst_svpwm/time_processor_inst/cordic_inst_T1/pipeline_reg[15][pip_sin][3]
    SLICE_X13Y92         LUT1 (Prop_lut1_I0_O)        0.124     0.208 r  inst_svpwm/time_processor_inst/cordic_inst_T1/t1_mult_reg0_i_39/O
                         net (fo=1, routed)           0.000     0.208    inst_svpwm/time_processor_inst/cordic_inst_T1/t1_mult_reg0_i_39_n_0
    SLICE_X13Y92         CARRY4 (Prop_carry4_S[3]_CO[3])
                                                      0.401     0.609 r  inst_svpwm/time_processor_inst/cordic_inst_T1/t1_mult_reg0_i_22/CO[3]
                         net (fo=1, routed)           0.000     0.609    inst_svpwm/time_processor_inst/cordic_inst_T1/t1_mult_reg0_i_22_n_0
    SLICE_X13Y93         CARRY4 (Prop_carry4_CI_CO[3])
                                                      0.114     0.723 r  inst_svpwm/time_processor_inst/cordic_inst_T1/t1_mult_reg0_i_21/CO[3]
                         net (fo=1, routed)           0.000     0.723    inst_svpwm/time_processor_inst/cordic_inst_T1/t1_mult_reg0_i_21_n_0
    SLICE_X13Y94         CARRY4 (Prop_carry4_CI_O[1])
                                                      0.334     1.057 r  inst_svpwm/time_processor_inst/cordic_inst_T1/t1_mult_reg0_i_20/O[1]
                         net (fo=1, routed)           0.732     1.789    inst_svpwm/time_processor_inst/cordic_inst_T1/sin_value0[9]
    SLICE_X14Y94         LUT3 (Prop_lut3_I1_O)        0.329     2.118 r  inst_svpwm/time_processor_inst/cordic_inst_T1/t1_mult_reg0_i_8/O
                         net (fo=2, routed)           0.754     2.871    inst_svpwm/time_processor_inst/sin_value[9]
    DSP48_X0Y38          DSP48E1 (Prop_dsp48e1_A[9]_PCOUT[17])
                                                      4.240     7.111 r  inst_svpwm/time_processor_inst/t1_mult_reg0/PCOUT[17]
                         net (fo=1, routed)           0.002     7.113    inst_svpwm/time_processor_inst/t1_mult_reg0_n_136
    DSP48_X0Y39          DSP48E1                                      r  inst_svpwm/time_processor_inst/t1_mult_reg_reg/PCIN[17]
  -------------------------------------------------------------------    -------------------

                         (clock clk_out1_clk_wiz_0_1 rise edge)
                                                     20.000    20.000 r  
    E3                                                0.000    20.000 r  clk (IN)
                         net (fo=0)                   0.000    20.000    pll_inst/inst/clk_in1
    E3                   IBUF (Prop_ibuf_I_O)         1.418    21.418 r  pll_inst/inst/clkin1_ibufg/O
                         net (fo=1, routed)           1.181    22.599    pll_inst/inst/clk_in1_clk_wiz_0
    PLLE2_ADV_X1Y1       PLLE2_ADV (Prop_plle2_adv_CLKIN1_CLKOUT0)
                                                     -7.736    14.863 r  pll_inst/inst/plle2_adv_inst/CLKOUT0
                         net (fo=1, routed)           1.576    16.439    pll_inst/inst/clk_out1_clk_wiz_0
    BUFGCTRL_X0Y16       BUFG (Prop_bufg_I_O)         0.091    16.530 r  pll_inst/inst/clkout1_buf/O
                         net (fo=5373, routed)        1.528    18.059    inst_svpwm/time_processor_inst/clk_out1
    DSP48_X0Y39          DSP48E1                                      r  inst_svpwm/time_processor_inst/t1_mult_reg_reg/CLK
                         clock pessimism             -0.496    17.562    
                         clock uncertainty           -0.108    17.455    
    DSP48_X0Y39          DSP48E1 (Setup_dsp48e1_CLK_PCIN[17])
                                                     -1.400    16.055    inst_svpwm/time_processor_inst/t1_mult_reg_reg
  -------------------------------------------------------------------
                         required time                         16.055    
                         arrival time                          -7.113    
  -------------------------------------------------------------------
                         slack                                  8.941    

Slack (MET) :             8.941ns  (required time - arrival time)
  Source:                 inst_svpwm/time_processor_inst/cordic_inst_T1/pipeline_reg[15][pip_sin][3]/C
                            (rising edge-triggered cell FDCE clocked by clk_out1_clk_wiz_0  {rise@0.000ns fall@10.000ns period=20.000ns})
  Destination:            inst_svpwm/time_processor_inst/t1_mult_reg_reg/PCIN[18]
                            (rising edge-triggered cell DSP48E1 clocked by clk_out1_clk_wiz_0_1  {rise@0.000ns fall@10.000ns period=20.000ns})
  Path Group:             clk_out1_clk_wiz_0_1
  Path Type:              Setup (Max at Slow Process Corner)
  Requirement:            20.000ns  (clk_out1_clk_wiz_0_1 rise@20.000ns - clk_out1_clk_wiz_0 rise@0.000ns)
  Data Path Delay:        9.359ns  (logic 6.060ns (64.752%)  route 3.299ns (35.248%))
  Logic Levels:           6  (CARRY4=3 DSP48E1=1 LUT1=1 LUT3=1)
  Clock Path Skew:        -0.192ns (DCD - SCD + CPR)
    Destination Clock Delay (DCD):    -1.941ns = ( 18.059 - 20.000 ) 
    Source Clock Delay      (SCD):    -2.246ns
    Clock Pessimism Removal (CPR):    -0.496ns
  Clock Uncertainty:      0.108ns  ((TSJ^2 + DJ^2)^1/2) / 2 + PE
    Total System Jitter     (TSJ):    0.071ns
    Discrete Jitter          (DJ):    0.203ns
    Phase Error              (PE):    0.000ns
  Clock Domain Crossing:  Inter clock paths are considered valid unless explicitly excluded by timing constraints such as set_clock_groups or set_false_path.

    Location             Delay type                Incr(ns)  Path(ns)    Netlist Resource(s)
  -------------------------------------------------------------------    -------------------
                         (clock clk_out1_clk_wiz_0 rise edge)
                                                      0.000     0.000 r  
    E3                                                0.000     0.000 r  clk (IN)
                         net (fo=0)                   0.000     0.000    pll_inst/inst/clk_in1
    E3                   IBUF (Prop_ibuf_I_O)         1.489     1.489 r  pll_inst/inst/clkin1_ibufg/O
                         net (fo=1, routed)           1.253     2.742    pll_inst/inst/clk_in1_clk_wiz_0
    PLLE2_ADV_X1Y1       PLLE2_ADV (Prop_plle2_adv_CLKIN1_CLKOUT0)
                                                     -8.467    -5.725 r  pll_inst/inst/plle2_adv_inst/CLKOUT0
                         net (fo=1, routed)           1.655    -4.070    pll_inst/inst/clk_out1_clk_wiz_0
    BUFGCTRL_X0Y16       BUFG (Prop_bufg_I_O)         0.096    -3.974 r  pll_inst/inst/clkout1_buf/O
                         net (fo=5373, routed)        1.728    -2.246    inst_svpwm/time_processor_inst/cordic_inst_T1/clk_out1
    SLICE_X10Y118        FDCE                                         r  inst_svpwm/time_processor_inst/cordic_inst_T1/pipeline_reg[15][pip_sin][3]/C
  -------------------------------------------------------------------    -------------------
    SLICE_X10Y118        FDCE (Prop_fdce_C_Q)         0.518    -1.728 f  inst_svpwm/time_processor_inst/cordic_inst_T1/pipeline_reg[15][pip_sin][3]/Q
                         net (fo=2, routed)           1.811     0.084    inst_svpwm/time_processor_inst/cordic_inst_T1/pipeline_reg[15][pip_sin][3]
    SLICE_X13Y92         LUT1 (Prop_lut1_I0_O)        0.124     0.208 r  inst_svpwm/time_processor_inst/cordic_inst_T1/t1_mult_reg0_i_39/O
                         net (fo=1, routed)           0.000     0.208    inst_svpwm/time_processor_inst/cordic_inst_T1/t1_mult_reg0_i_39_n_0
    SLICE_X13Y92         CARRY4 (Prop_carry4_S[3]_CO[3])
                                                      0.401     0.609 r  inst_svpwm/time_processor_inst/cordic_inst_T1/t1_mult_reg0_i_22/CO[3]
                         net (fo=1, routed)           0.000     0.609    inst_svpwm/time_processor_inst/cordic_inst_T1/t1_mult_reg0_i_22_n_0
    SLICE_X13Y93         CARRY4 (Prop_carry4_CI_CO[3])
                                                      0.114     0.723 r  inst_svpwm/time_processor_inst/cordic_inst_T1/t1_mult_reg0_i_21/CO[3]
                         net (fo=1, routed)           0.000     0.723    inst_svpwm/time_processor_inst/cordic_inst_T1/t1_mult_reg0_i_21_n_0
    SLICE_X13Y94         CARRY4 (Prop_carry4_CI_O[1])
                                                      0.334     1.057 r  inst_svpwm/time_processor_inst/cordic_inst_T1/t1_mult_reg0_i_20/O[1]
                         net (fo=1, routed)           0.732     1.789    inst_svpwm/time_processor_inst/cordic_inst_T1/sin_value0[9]
    SLICE_X14Y94         LUT3 (Prop_lut3_I1_O)        0.329     2.118 r  inst_svpwm/time_processor_inst/cordic_inst_T1/t1_mult_reg0_i_8/O
                         net (fo=2, routed)           0.754     2.871    inst_svpwm/time_processor_inst/sin_value[9]
    DSP48_X0Y38          DSP48E1 (Prop_dsp48e1_A[9]_PCOUT[18])
                                                      4.240     7.111 r  inst_svpwm/time_processor_inst/t1_mult_reg0/PCOUT[18]
                         net (fo=1, routed)           0.002     7.113    inst_svpwm/time_processor_inst/t1_mult_reg0_n_135
    DSP48_X0Y39          DSP48E1                                      r  inst_svpwm/time_processor_inst/t1_mult_reg_reg/PCIN[18]
  -------------------------------------------------------------------    -------------------

                         (clock clk_out1_clk_wiz_0_1 rise edge)
                                                     20.000    20.000 r  
    E3                                                0.000    20.000 r  clk (IN)
                         net (fo=0)                   0.000    20.000    pll_inst/inst/clk_in1
    E3                   IBUF (Prop_ibuf_I_O)         1.418    21.418 r  pll_inst/inst/clkin1_ibufg/O
                         net (fo=1, routed)           1.181    22.599    pll_inst/inst/clk_in1_clk_wiz_0
    PLLE2_ADV_X1Y1       PLLE2_ADV (Prop_plle2_adv_CLKIN1_CLKOUT0)
                                                     -7.736    14.863 r  pll_inst/inst/plle2_adv_inst/CLKOUT0
                         net (fo=1, routed)           1.576    16.439    pll_inst/inst/clk_out1_clk_wiz_0
    BUFGCTRL_X0Y16       BUFG (Prop_bufg_I_O)         0.091    16.530 r  pll_inst/inst/clkout1_buf/O
                         net (fo=5373, routed)        1.528    18.059    inst_svpwm/time_processor_inst/clk_out1
    DSP48_X0Y39          DSP48E1                                      r  inst_svpwm/time_processor_inst/t1_mult_reg_reg/CLK
                         clock pessimism             -0.496    17.562    
                         clock uncertainty           -0.108    17.455    
    DSP48_X0Y39          DSP48E1 (Setup_dsp48e1_CLK_PCIN[18])
                                                     -1.400    16.055    inst_svpwm/time_processor_inst/t1_mult_reg_reg
  -------------------------------------------------------------------
                         required time                         16.055    
                         arrival time                          -7.113    
  -------------------------------------------------------------------
                         slack                                  8.941    





Min Delay Paths
--------------------------------------------------------------------------------------
Slack (MET) :             0.013ns  (arrival time - required time)
  Source:                 inst_svpwm/time_processor_inst/cordic_inst_T1/pipeline_reg[1][pip_theta][9]/C
                            (rising edge-triggered cell FDCE clocked by clk_out1_clk_wiz_0  {rise@0.000ns fall@10.000ns period=20.000ns})
  Destination:            inst_svpwm/time_processor_inst/cordic_inst_T1/pipeline_reg[2][pip_theta][21]/D
                            (rising edge-triggered cell FDCE clocked by clk_out1_clk_wiz_0_1  {rise@0.000ns fall@10.000ns period=20.000ns})
  Path Group:             clk_out1_clk_wiz_0_1
  Path Type:              Hold (Min at Fast Process Corner)
  Requirement:            0.000ns  (clk_out1_clk_wiz_0_1 rise@0.000ns - clk_out1_clk_wiz_0 rise@0.000ns)
  Data Path Delay:        0.605ns  (logic 0.464ns (76.720%)  route 0.141ns (23.280%))
  Logic Levels:           5  (CARRY4=4 LUT2=1)
  Clock Path Skew:        0.350ns (DCD - SCD - CPR)
    Destination Clock Delay (DCD):    -0.219ns
    Source Clock Delay      (SCD):    -0.535ns
    Clock Pessimism Removal (CPR):    -0.034ns
  Clock Uncertainty:      0.108ns  ((TSJ^2 + DJ^2)^1/2) / 2 + PE
    Total System Jitter     (TSJ):    0.071ns
    Discrete Jitter          (DJ):    0.203ns
    Phase Error              (PE):    0.000ns
  Clock Domain Crossing:  Inter clock paths are considered valid unless explicitly excluded by timing constraints such as set_clock_groups or set_false_path.

    Location             Delay type                Incr(ns)  Path(ns)    Netlist Resource(s)
  -------------------------------------------------------------------    -------------------
                         (clock clk_out1_clk_wiz_0 rise edge)
                                                      0.000     0.000 r  
    E3                                                0.000     0.000 r  clk (IN)
                         net (fo=0)                   0.000     0.000    pll_inst/inst/clk_in1
    E3                   IBUF (Prop_ibuf_I_O)         0.257     0.257 r  pll_inst/inst/clkin1_ibufg/O
                         net (fo=1, routed)           0.440     0.697    pll_inst/inst/clk_in1_clk_wiz_0
    PLLE2_ADV_X1Y1       PLLE2_ADV (Prop_plle2_adv_CLKIN1_CLKOUT0)
                                                     -2.319    -1.622 r  pll_inst/inst/plle2_adv_inst/CLKOUT0
                         net (fo=1, routed)           0.501    -1.121    pll_inst/inst/clk_out1_clk_wiz_0
    BUFGCTRL_X0Y16       BUFG (Prop_bufg_I_O)         0.026    -1.095 r  pll_inst/inst/clkout1_buf/O
                         net (fo=5373, routed)        0.560    -0.535    inst_svpwm/time_processor_inst/cordic_inst_T1/clk_out1
    SLICE_X39Y97         FDCE                                         r  inst_svpwm/time_processor_inst/cordic_inst_T1/pipeline_reg[1][pip_theta][9]/C
  -------------------------------------------------------------------    -------------------
    SLICE_X39Y97         FDCE (Prop_fdce_C_Q)         0.141    -0.394 r  inst_svpwm/time_processor_inst/cordic_inst_T1/pipeline_reg[1][pip_theta][9]/Q
                         net (fo=1, routed)           0.140    -0.254    inst_svpwm/time_processor_inst/cordic_inst_T1/pipeline_reg[1][pip_theta][9]
    SLICE_X38Y97         LUT2 (Prop_lut2_I0_O)        0.045    -0.209 r  inst_svpwm/time_processor_inst/cordic_inst_T1/pipeline[2][pip_theta][12]_i_7/O
                         net (fo=1, routed)           0.000    -0.209    inst_svpwm/time_processor_inst/cordic_inst_T1/pipeline[2][pip_theta][12]_i_7_n_0
    SLICE_X38Y97         CARRY4 (Prop_carry4_S[0]_CO[3])
                                                      0.145    -0.064 r  inst_svpwm/time_processor_inst/cordic_inst_T1/pipeline_reg[2][pip_theta][12]_i_1/CO[3]
                         net (fo=1, routed)           0.000    -0.064    inst_svpwm/time_processor_inst/cordic_inst_T1/pipeline_reg[2][pip_theta][12]_i_1_n_0
    SLICE_X38Y98         CARRY4 (Prop_carry4_CI_CO[3])
                                                      0.040    -0.024 r  inst_svpwm/time_processor_inst/cordic_inst_T1/pipeline_reg[2][pip_theta][16]_i_1/CO[3]
                         net (fo=1, routed)           0.000    -0.024    inst_svpwm/time_processor_inst/cordic_inst_T1/pipeline_reg[2][pip_theta][16]_i_1_n_0
    SLICE_X38Y99         CARRY4 (Prop_carry4_CI_CO[3])
                                                      0.040     0.016 r  inst_svpwm/time_processor_inst/cordic_inst_T1/pipeline_reg[2][pip_theta][20]_i_1/CO[3]
                         net (fo=1, routed)           0.001     0.017    inst_svpwm/time_processor_inst/cordic_inst_T1/pipeline_reg[2][pip_theta][20]_i_1_n_0
    SLICE_X38Y100        CARRY4 (Prop_carry4_CI_O[0])
                                                      0.053     0.070 r  inst_svpwm/time_processor_inst/cordic_inst_T1/pipeline_reg[2][pip_theta][24]_i_1/O[0]
                         net (fo=1, routed)           0.000     0.070    inst_svpwm/time_processor_inst/cordic_inst_T1/pipeline_reg[2][pip_theta][24]_i_1_n_7
    SLICE_X38Y100        FDCE                                         r  inst_svpwm/time_processor_inst/cordic_inst_T1/pipeline_reg[2][pip_theta][21]/D
  -------------------------------------------------------------------    -------------------

                         (clock clk_out1_clk_wiz_0_1 rise edge)
                                                      0.000     0.000 r  
    E3                                                0.000     0.000 r  clk (IN)
                         net (fo=0)                   0.000     0.000    pll_inst/inst/clk_in1
    E3                   IBUF (Prop_ibuf_I_O)         0.445     0.445 r  pll_inst/inst/clkin1_ibufg/O
                         net (fo=1, routed)           0.481     0.926    pll_inst/inst/clk_in1_clk_wiz_0
    PLLE2_ADV_X1Y1       PLLE2_ADV (Prop_plle2_adv_CLKIN1_CLKOUT0)
                                                     -2.634    -1.708 r  pll_inst/inst/plle2_adv_inst/CLKOUT0
                         net (fo=1, routed)           0.546    -1.163    pll_inst/inst/clk_out1_clk_wiz_0
    BUFGCTRL_X0Y16       BUFG (Prop_bufg_I_O)         0.029    -1.134 r  pll_inst/inst/clkout1_buf/O
                         net (fo=5373, routed)        0.915    -0.219    inst_svpwm/time_processor_inst/cordic_inst_T1/clk_out1
    SLICE_X38Y100        FDCE                                         r  inst_svpwm/time_processor_inst/cordic_inst_T1/pipeline_reg[2][pip_theta][21]/C
                         clock pessimism              0.034    -0.185    
                         clock uncertainty            0.108    -0.077    
    SLICE_X38Y100        FDCE (Hold_fdce_C_D)         0.134     0.057    inst_svpwm/time_processor_inst/cordic_inst_T1/pipeline_reg[2][pip_theta][21]
  -------------------------------------------------------------------
                         required time                         -0.057    
                         arrival time                           0.070    
  -------------------------------------------------------------------
                         slack                                  0.013    

Slack (MET) :             0.018ns  (arrival time - required time)
  Source:                 inst_svpwm/time_processor_inst/cordic_inst_T2/pipeline_reg[7][pip_sin][4]/C
                            (rising edge-triggered cell FDCE clocked by clk_out1_clk_wiz_0  {rise@0.000ns fall@10.000ns period=20.000ns})
  Destination:            inst_svpwm/time_processor_inst/cordic_inst_T2/pipeline_reg[8][pip_sin][23]/D
                            (rising edge-triggered cell FDCE clocked by clk_out1_clk_wiz_0_1  {rise@0.000ns fall@10.000ns period=20.000ns})
  Path Group:             clk_out1_clk_wiz_0_1
  Path Type:              Hold (Min at Fast Process Corner)
  Requirement:            0.000ns  (clk_out1_clk_wiz_0_1 rise@0.000ns - clk_out1_clk_wiz_0 rise@0.000ns)
  Data Path Delay:        0.613ns  (logic 0.504ns (82.198%)  route 0.109ns (17.802%))
  Logic Levels:           6  (CARRY4=6)
  Clock Path Skew:        0.353ns (DCD - SCD - CPR)
    Destination Clock Delay (DCD):    -0.185ns
    Source Clock Delay      (SCD):    -0.504ns
    Clock Pessimism Removal (CPR):    -0.034ns
  Clock Uncertainty:      0.108ns  ((TSJ^2 + DJ^2)^1/2) / 2 + PE
    Total System Jitter     (TSJ):    0.071ns
    Discrete Jitter          (DJ):    0.203ns
    Phase Error              (PE):    0.000ns
  Clock Domain Crossing:  Inter clock paths are considered valid unless explicitly excluded by timing constraints such as set_clock_groups or set_false_path.

    Location             Delay type                Incr(ns)  Path(ns)    Netlist Resource(s)
  -------------------------------------------------------------------    -------------------
                         (clock clk_out1_clk_wiz_0 rise edge)
                                                      0.000     0.000 r  
    E3                                                0.000     0.000 r  clk (IN)
                         net (fo=0)                   0.000     0.000    pll_inst/inst/clk_in1
    E3                   IBUF (Prop_ibuf_I_O)         0.257     0.257 r  pll_inst/inst/clkin1_ibufg/O
                         net (fo=1, routed)           0.440     0.697    pll_inst/inst/clk_in1_clk_wiz_0
    PLLE2_ADV_X1Y1       PLLE2_ADV (Prop_plle2_adv_CLKIN1_CLKOUT0)
                                                     -2.319    -1.622 r  pll_inst/inst/plle2_adv_inst/CLKOUT0
                         net (fo=1, routed)           0.501    -1.121    pll_inst/inst/clk_out1_clk_wiz_0
    BUFGCTRL_X0Y16       BUFG (Prop_bufg_I_O)         0.026    -1.095 r  pll_inst/inst/clkout1_buf/O
                         net (fo=5373, routed)        0.591    -0.504    inst_svpwm/time_processor_inst/cordic_inst_T2/clk_out1
    SLICE_X1Y94          FDCE                                         r  inst_svpwm/time_processor_inst/cordic_inst_T2/pipeline_reg[7][pip_sin][4]/C
  -------------------------------------------------------------------    -------------------
    SLICE_X1Y94          FDCE (Prop_fdce_C_Q)         0.141    -0.363 r  inst_svpwm/time_processor_inst/cordic_inst_T2/pipeline_reg[7][pip_sin][4]/Q
                         net (fo=2, routed)           0.108    -0.255    inst_svpwm/time_processor_inst/cordic_inst_T2/pipeline_reg[7][pip_sin][4]
    SLICE_X2Y95          CARRY4 (Prop_carry4_DI[1]_CO[3])
                                                      0.150    -0.105 r  inst_svpwm/time_processor_inst/cordic_inst_T2/pipeline_reg[8][pip_sin][6]_i_1/CO[3]
                         net (fo=1, routed)           0.000    -0.105    inst_svpwm/time_processor_inst/cordic_inst_T2/pipeline_reg[8][pip_sin][6]_i_1_n_0
    SLICE_X2Y96          CARRY4 (Prop_carry4_CI_CO[3])
                                                      0.040    -0.065 r  inst_svpwm/time_processor_inst/cordic_inst_T2/pipeline_reg[8][pip_sin][10]_i_1/CO[3]
                         net (fo=1, routed)           0.000    -0.065    inst_svpwm/time_processor_inst/cordic_inst_T2/pipeline_reg[8][pip_sin][10]_i_1_n_0
    SLICE_X2Y97          CARRY4 (Prop_carry4_CI_CO[3])
                                                      0.040    -0.025 r  inst_svpwm/time_processor_inst/cordic_inst_T2/pipeline_reg[8][pip_sin][14]_i_1/CO[3]
                         net (fo=1, routed)           0.000    -0.025    inst_svpwm/time_processor_inst/cordic_inst_T2/pipeline_reg[8][pip_sin][14]_i_1_n_0
    SLICE_X2Y98          CARRY4 (Prop_carry4_CI_CO[3])
                                                      0.040     0.015 r  inst_svpwm/time_processor_inst/cordic_inst_T2/pipeline_reg[8][pip_sin][18]_i_1/CO[3]
                         net (fo=1, routed)           0.000     0.015    inst_svpwm/time_processor_inst/cordic_inst_T2/pipeline_reg[8][pip_sin][18]_i_1_n_0
    SLICE_X2Y99          CARRY4 (Prop_carry4_CI_CO[3])
                                                      0.040     0.055 r  inst_svpwm/time_processor_inst/cordic_inst_T2/pipeline_reg[8][pip_sin][22]_i_1/CO[3]
                         net (fo=1, routed)           0.001     0.056    inst_svpwm/time_processor_inst/cordic_inst_T2/pipeline_reg[8][pip_sin][22]_i_1_n_0
    SLICE_X2Y100         CARRY4 (Prop_carry4_CI_O[0])
                                                      0.053     0.109 r  inst_svpwm/time_processor_inst/cordic_inst_T2/pipeline_reg[8][pip_sin][26]_i_1/O[0]
                         net (fo=1, routed)           0.000     0.109    inst_svpwm/time_processor_inst/cordic_inst_T2/pipeline_reg[8][pip_sin][26]_i_1_n_7
    SLICE_X2Y100         FDCE                                         r  inst_svpwm/time_processor_inst/cordic_inst_T2/pipeline_reg[8][pip_sin][23]/D
  -------------------------------------------------------------------    -------------------

                         (clock clk_out1_clk_wiz_0_1 rise edge)
                                                      0.000     0.000 r  
    E3                                                0.000     0.000 r  clk (IN)
                         net (fo=0)                   0.000     0.000    pll_inst/inst/clk_in1
    E3                   IBUF (Prop_ibuf_I_O)         0.445     0.445 r  pll_inst/inst/clkin1_ibufg/O
                         net (fo=1, routed)           0.481     0.926    pll_inst/inst/clk_in1_clk_wiz_0
    PLLE2_ADV_X1Y1       PLLE2_ADV (Prop_plle2_adv_CLKIN1_CLKOUT0)
                                                     -2.634    -1.708 r  pll_inst/inst/plle2_adv_inst/CLKOUT0
                         net (fo=1, routed)           0.546    -1.163    pll_inst/inst/clk_out1_clk_wiz_0
    BUFGCTRL_X0Y16       BUFG (Prop_bufg_I_O)         0.029    -1.134 r  pll_inst/inst/clkout1_buf/O
                         net (fo=5373, routed)        0.949    -0.185    inst_svpwm/time_processor_inst/cordic_inst_T2/clk_out1
    SLICE_X2Y100         FDCE                                         r  inst_svpwm/time_processor_inst/cordic_inst_T2/pipeline_reg[8][pip_sin][23]/C
                         clock pessimism              0.034    -0.151    
                         clock uncertainty            0.108    -0.043    
    SLICE_X2Y100         FDCE (Hold_fdce_C_D)         0.134     0.091    inst_svpwm/time_processor_inst/cordic_inst_T2/pipeline_reg[8][pip_sin][23]
  -------------------------------------------------------------------
                         required time                         -0.091    
                         arrival time                           0.109    
  -------------------------------------------------------------------
                         slack                                  0.018    

Slack (MET) :             0.025ns  (arrival time - required time)
  Source:                 inst_svpwm/time_processor_inst/cordic_inst_T1/pipeline_reg[2][pip_theta][21]/C
                            (rising edge-triggered cell FDCE clocked by clk_out1_clk_wiz_0  {rise@0.000ns fall@10.000ns period=20.000ns})
  Destination:            inst_svpwm/time_processor_inst/cordic_inst_T1/pipeline_reg[3][pip_theta][22]/D
                            (rising edge-triggered cell FDCE clocked by clk_out1_clk_wiz_0_1  {rise@0.000ns fall@10.000ns period=20.000ns})
  Path Group:             clk_out1_clk_wiz_0_1
  Path Type:              Hold (Min at Fast Process Corner)
  Requirement:            0.000ns  (clk_out1_clk_wiz_0_1 rise@0.000ns - clk_out1_clk_wiz_0 rise@0.000ns)
  Data Path Delay:        0.420ns  (logic 0.274ns (65.245%)  route 0.146ns (34.755%))
  Logic Levels:           2  (CARRY4=1 LUT2=1)
  Clock Path Skew:        0.182ns (DCD - SCD - CPR)
    Destination Clock Delay (DCD):    -0.305ns
    Source Clock Delay      (SCD):    -0.454ns
    Clock Pessimism Removal (CPR):    -0.034ns
  Clock Uncertainty:      0.108ns  ((TSJ^2 + DJ^2)^1/2) / 2 + PE
    Total System Jitter     (TSJ):    0.071ns
    Discrete Jitter          (DJ):    0.203ns
    Phase Error              (PE):    0.000ns
  Clock Domain Crossing:  Inter clock paths are considered valid unless explicitly excluded by timing constraints such as set_clock_groups or set_false_path.

    Location             Delay type                Incr(ns)  Path(ns)    Netlist Resource(s)
  -------------------------------------------------------------------    -------------------
                         (clock clk_out1_clk_wiz_0 rise edge)
                                                      0.000     0.000 r  
    E3                                                0.000     0.000 r  clk (IN)
                         net (fo=0)                   0.000     0.000    pll_inst/inst/clk_in1
    E3                   IBUF (Prop_ibuf_I_O)         0.257     0.257 r  pll_inst/inst/clkin1_ibufg/O
                         net (fo=1, routed)           0.440     0.697    pll_inst/inst/clk_in1_clk_wiz_0
    PLLE2_ADV_X1Y1       PLLE2_ADV (Prop_plle2_adv_CLKIN1_CLKOUT0)
                                                     -2.319    -1.622 r  pll_inst/inst/plle2_adv_inst/CLKOUT0
                         net (fo=1, routed)           0.501    -1.121    pll_inst/inst/clk_out1_clk_wiz_0
    BUFGCTRL_X0Y16       BUFG (Prop_bufg_I_O)         0.026    -1.095 r  pll_inst/inst/clkout1_buf/O
                         net (fo=5373, routed)        0.641    -0.454    inst_svpwm/time_processor_inst/cordic_inst_T1/clk_out1
    SLICE_X38Y100        FDCE                                         r  inst_svpwm/time_processor_inst/cordic_inst_T1/pipeline_reg[2][pip_theta][21]/C
  -------------------------------------------------------------------    -------------------
    SLICE_X38Y100        FDCE (Prop_fdce_C_Q)         0.164    -0.290 r  inst_svpwm/time_processor_inst/cordic_inst_T1/pipeline_reg[2][pip_theta][21]/Q
                         net (fo=3, routed)           0.146    -0.144    inst_svpwm/time_processor_inst/cordic_inst_T1/pipeline_reg[2][pip_theta][21]
    SLICE_X37Y99         LUT2 (Prop_lut2_I0_O)        0.045    -0.099 r  inst_svpwm/time_processor_inst/cordic_inst_T1/pipeline[3][pip_theta][24]_i_5/O
                         net (fo=1, routed)           0.000    -0.099    inst_svpwm/time_processor_inst/cordic_inst_T1/pipeline[3][pip_theta][24]_i_5_n_0
    SLICE_X37Y99         CARRY4 (Prop_carry4_S[1]_O[1])
                                                      0.065    -0.034 r  inst_svpwm/time_processor_inst/cordic_inst_T1/pipeline_reg[3][pip_theta][24]_i_1/O[1]
                         net (fo=1, routed)           0.000    -0.034    inst_svpwm/time_processor_inst/cordic_inst_T1/pipeline_reg[3][pip_theta][24]_i_1_n_6
    SLICE_X37Y99         FDCE                                         r  inst_svpwm/time_processor_inst/cordic_inst_T1/pipeline_reg[3][pip_theta][22]/D
  -------------------------------------------------------------------    -------------------

                         (clock clk_out1_clk_wiz_0_1 rise edge)
                                                      0.000     0.000 r  
    E3                                                0.000     0.000 r  clk (IN)
                         net (fo=0)                   0.000     0.000    pll_inst/inst/clk_in1
    E3                   IBUF (Prop_ibuf_I_O)         0.445     0.445 r  pll_inst/inst/clkin1_ibufg/O
                         net (fo=1, routed)           0.481     0.926    pll_inst/inst/clk_in1_clk_wiz_0
    PLLE2_ADV_X1Y1       PLLE2_ADV (Prop_plle2_adv_CLKIN1_CLKOUT0)
                                                     -2.634    -1.708 r  pll_inst/inst/plle2_adv_inst/CLKOUT0
                         net (fo=1, routed)           0.546    -1.163    pll_inst/inst/clk_out1_clk_wiz_0
    BUFGCTRL_X0Y16       BUFG (Prop_bufg_I_O)         0.029    -1.134 r  pll_inst/inst/clkout1_buf/O
                         net (fo=5373, routed)        0.828    -0.305    inst_svpwm/time_processor_inst/cordic_inst_T1/clk_out1
    SLICE_X37Y99         FDCE                                         r  inst_svpwm/time_processor_inst/cordic_inst_T1/pipeline_reg[3][pip_theta][22]/C
                         clock pessimism              0.034    -0.271    
                         clock uncertainty            0.108    -0.164    
    SLICE_X37Y99         FDCE (Hold_fdce_C_D)         0.105    -0.059    inst_svpwm/time_processor_inst/cordic_inst_T1/pipeline_reg[3][pip_theta][22]
  -------------------------------------------------------------------
                         required time                          0.059    
                         arrival time                          -0.034    
  -------------------------------------------------------------------
                         slack                                  0.025    

Slack (MET) :             0.026ns  (arrival time - required time)
  Source:                 inst_svpwm/time_processor_inst/cordic_inst_T1/pipeline_reg[1][pip_theta][9]/C
                            (rising edge-triggered cell FDCE clocked by clk_out1_clk_wiz_0  {rise@0.000ns fall@10.000ns period=20.000ns})
  Destination:            inst_svpwm/time_processor_inst/cordic_inst_T1/pipeline_reg[2][pip_theta][23]/D
                            (rising edge-triggered cell FDCE clocked by clk_out1_clk_wiz_0_1  {rise@0.000ns fall@10.000ns period=20.000ns})
  Path Group:             clk_out1_clk_wiz_0_1
  Path Type:              Hold (Min at Fast Process Corner)
  Requirement:            0.000ns  (clk_out1_clk_wiz_0_1 rise@0.000ns - clk_out1_clk_wiz_0 rise@0.000ns)
  Data Path Delay:        0.618ns  (logic 0.477ns (77.210%)  route 0.141ns (22.790%))
  Logic Levels:           5  (CARRY4=4 LUT2=1)
  Clock Path Skew:        0.350ns (DCD - SCD - CPR)
    Destination Clock Delay (DCD):    -0.219ns
    Source Clock Delay      (SCD):    -0.535ns
    Clock Pessimism Removal (CPR):    -0.034ns
  Clock Uncertainty:      0.108ns  ((TSJ^2 + DJ^2)^1/2) / 2 + PE
    Total System Jitter     (TSJ):    0.071ns
    Discrete Jitter          (DJ):    0.203ns
    Phase Error              (PE):    0.000ns
  Clock Domain Crossing:  Inter clock paths are considered valid unless explicitly excluded by timing constraints such as set_clock_groups or set_false_path.

    Location             Delay type                Incr(ns)  Path(ns)    Netlist Resource(s)
  -------------------------------------------------------------------    -------------------
                         (clock clk_out1_clk_wiz_0 rise edge)
                                                      0.000     0.000 r  
    E3                                                0.000     0.000 r  clk (IN)
                         net (fo=0)                   0.000     0.000    pll_inst/inst/clk_in1
    E3                   IBUF (Prop_ibuf_I_O)         0.257     0.257 r  pll_inst/inst/clkin1_ibufg/O
                         net (fo=1, routed)           0.440     0.697    pll_inst/inst/clk_in1_clk_wiz_0
    PLLE2_ADV_X1Y1       PLLE2_ADV (Prop_plle2_adv_CLKIN1_CLKOUT0)
                                                     -2.319    -1.622 r  pll_inst/inst/plle2_adv_inst/CLKOUT0
                         net (fo=1, routed)           0.501    -1.121    pll_inst/inst/clk_out1_clk_wiz_0
    BUFGCTRL_X0Y16       BUFG (Prop_bufg_I_O)         0.026    -1.095 r  pll_inst/inst/clkout1_buf/O
                         net (fo=5373, routed)        0.560    -0.535    inst_svpwm/time_processor_inst/cordic_inst_T1/clk_out1
    SLICE_X39Y97         FDCE                                         r  inst_svpwm/time_processor_inst/cordic_inst_T1/pipeline_reg[1][pip_theta][9]/C
  -------------------------------------------------------------------    -------------------
    SLICE_X39Y97         FDCE (Prop_fdce_C_Q)         0.141    -0.394 r  inst_svpwm/time_processor_inst/cordic_inst_T1/pipeline_reg[1][pip_theta][9]/Q
                         net (fo=1, routed)           0.140    -0.254    inst_svpwm/time_processor_inst/cordic_inst_T1/pipeline_reg[1][pip_theta][9]
    SLICE_X38Y97         LUT2 (Prop_lut2_I0_O)        0.045    -0.209 r  inst_svpwm/time_processor_inst/cordic_inst_T1/pipeline[2][pip_theta][12]_i_7/O
                         net (fo=1, routed)           0.000    -0.209    inst_svpwm/time_processor_inst/cordic_inst_T1/pipeline[2][pip_theta][12]_i_7_n_0
    SLICE_X38Y97         CARRY4 (Prop_carry4_S[0]_CO[3])
                                                      0.145    -0.064 r  inst_svpwm/time_processor_inst/cordic_inst_T1/pipeline_reg[2][pip_theta][12]_i_1/CO[3]
                         net (fo=1, routed)           0.000    -0.064    inst_svpwm/time_processor_inst/cordic_inst_T1/pipeline_reg[2][pip_theta][12]_i_1_n_0
    SLICE_X38Y98         CARRY4 (Prop_carry4_CI_CO[3])
                                                      0.040    -0.024 r  inst_svpwm/time_processor_inst/cordic_inst_T1/pipeline_reg[2][pip_theta][16]_i_1/CO[3]
                         net (fo=1, routed)           0.000    -0.024    inst_svpwm/time_processor_inst/cordic_inst_T1/pipeline_reg[2][pip_theta][16]_i_1_n_0
    SLICE_X38Y99         CARRY4 (Prop_carry4_CI_CO[3])
                                                      0.040     0.016 r  inst_svpwm/time_processor_inst/cordic_inst_T1/pipeline_reg[2][pip_theta][20]_i_1/CO[3]
                         net (fo=1, routed)           0.001     0.017    inst_svpwm/time_processor_inst/cordic_inst_T1/pipeline_reg[2][pip_theta][20]_i_1_n_0
    SLICE_X38Y100        CARRY4 (Prop_carry4_CI_O[2])
                                                      0.066     0.083 r  inst_svpwm/time_processor_inst/cordic_inst_T1/pipeline_reg[2][pip_theta][24]_i_1/O[2]
                         net (fo=1, routed)           0.000     0.083    inst_svpwm/time_processor_inst/cordic_inst_T1/pipeline_reg[2][pip_theta][24]_i_1_n_5
    SLICE_X38Y100        FDCE                                         r  inst_svpwm/time_processor_inst/cordic_inst_T1/pipeline_reg[2][pip_theta][23]/D
  -------------------------------------------------------------------    -------------------

                         (clock clk_out1_clk_wiz_0_1 rise edge)
                                                      0.000     0.000 r  
    E3                                                0.000     0.000 r  clk (IN)
                         net (fo=0)                   0.000     0.000    pll_inst/inst/clk_in1
    E3                   IBUF (Prop_ibuf_I_O)         0.445     0.445 r  pll_inst/inst/clkin1_ibufg/O
                         net (fo=1, routed)           0.481     0.926    pll_inst/inst/clk_in1_clk_wiz_0
    PLLE2_ADV_X1Y1       PLLE2_ADV (Prop_plle2_adv_CLKIN1_CLKOUT0)
                                                     -2.634    -1.708 r  pll_inst/inst/plle2_adv_inst/CLKOUT0
                         net (fo=1, routed)           0.546    -1.163    pll_inst/inst/clk_out1_clk_wiz_0
    BUFGCTRL_X0Y16       BUFG (Prop_bufg_I_O)         0.029    -1.134 r  pll_inst/inst/clkout1_buf/O
                         net (fo=5373, routed)        0.915    -0.219    inst_svpwm/time_processor_inst/cordic_inst_T1/clk_out1
    SLICE_X38Y100        FDCE                                         r  inst_svpwm/time_processor_inst/cordic_inst_T1/pipeline_reg[2][pip_theta][23]/C
                         clock pessimism              0.034    -0.185    
                         clock uncertainty            0.108    -0.077    
    SLICE_X38Y100        FDCE (Hold_fdce_C_D)         0.134     0.057    inst_svpwm/time_processor_inst/cordic_inst_T1/pipeline_reg[2][pip_theta][23]
  -------------------------------------------------------------------
                         required time                         -0.057    
                         arrival time                           0.083    
  -------------------------------------------------------------------
                         slack                                  0.026    

Slack (MET) :             0.026ns  (arrival time - required time)
  Source:                 inst_svpwm/vector_proc_inst/y_reg_reg[15]/C
                            (rising edge-triggered cell FDRE clocked by clk_out1_clk_wiz_0  {rise@0.000ns fall@10.000ns period=20.000ns})
  Destination:            inst_svpwm/vector_proc_inst/pipeline_reg[0][pip_y][15]/D
                            (rising edge-triggered cell FDRE clocked by clk_out1_clk_wiz_0_1  {rise@0.000ns fall@10.000ns period=20.000ns})
  Path Group:             clk_out1_clk_wiz_0_1
  Path Type:              Hold (Min at Fast Process Corner)
  Requirement:            0.000ns  (clk_out1_clk_wiz_0_1 rise@0.000ns - clk_out1_clk_wiz_0 rise@0.000ns)
  Data Path Delay:        0.230ns  (logic 0.141ns (61.277%)  route 0.089ns (38.723%))
  Logic Levels:           0  
  Clock Path Skew:        0.013ns (DCD - SCD - CPR)
    Destination Clock Delay (DCD):    -0.307ns
    Source Clock Delay      (SCD):    -0.537ns
    Clock Pessimism Removal (CPR):    0.217ns
  Clock Uncertainty:      0.108ns  ((TSJ^2 + DJ^2)^1/2) / 2 + PE
    Total System Jitter     (TSJ):    0.071ns
    Discrete Jitter          (DJ):    0.203ns
    Phase Error              (PE):    0.000ns
  Clock Domain Crossing:  Inter clock paths are considered valid unless explicitly excluded by timing constraints such as set_clock_groups or set_false_path.

    Location             Delay type                Incr(ns)  Path(ns)    Netlist Resource(s)
  -------------------------------------------------------------------    -------------------
                         (clock clk_out1_clk_wiz_0 rise edge)
                                                      0.000     0.000 r  
    E3                                                0.000     0.000 r  clk (IN)
                         net (fo=0)                   0.000     0.000    pll_inst/inst/clk_in1
    E3                   IBUF (Prop_ibuf_I_O)         0.257     0.257 r  pll_inst/inst/clkin1_ibufg/O
                         net (fo=1, routed)           0.440     0.697    pll_inst/inst/clk_in1_clk_wiz_0
    PLLE2_ADV_X1Y1       PLLE2_ADV (Prop_plle2_adv_CLKIN1_CLKOUT0)
                                                     -2.319    -1.622 r  pll_inst/inst/plle2_adv_inst/CLKOUT0
                         net (fo=1, routed)           0.501    -1.121    pll_inst/inst/clk_out1_clk_wiz_0
    BUFGCTRL_X0Y16       BUFG (Prop_bufg_I_O)         0.026    -1.095 r  pll_inst/inst/clkout1_buf/O
                         net (fo=5373, routed)        0.558    -0.537    inst_svpwm/vector_proc_inst/clk_out1
    SLICE_X55Y65         FDRE                                         r  inst_svpwm/vector_proc_inst/y_reg_reg[15]/C
  -------------------------------------------------------------------    -------------------
    SLICE_X55Y65         FDRE (Prop_fdre_C_Q)         0.141    -0.396 r  inst_svpwm/vector_proc_inst/y_reg_reg[15]/Q
                         net (fo=1, routed)           0.089    -0.307    inst_svpwm/vector_proc_inst/y_reg[15]
    SLICE_X54Y65         FDRE                                         r  inst_svpwm/vector_proc_inst/pipeline_reg[0][pip_y][15]/D
  -------------------------------------------------------------------    -------------------

                         (clock clk_out1_clk_wiz_0_1 rise edge)
                                                      0.000     0.000 r  
    E3                                                0.000     0.000 r  clk (IN)
                         net (fo=0)                   0.000     0.000    pll_inst/inst/clk_in1
    E3                   IBUF (Prop_ibuf_I_O)         0.445     0.445 r  pll_inst/inst/clkin1_ibufg/O
                         net (fo=1, routed)           0.481     0.926    pll_inst/inst/clk_in1_clk_wiz_0
    PLLE2_ADV_X1Y1       PLLE2_ADV (Prop_plle2_adv_CLKIN1_CLKOUT0)
                                                     -2.634    -1.708 r  pll_inst/inst/plle2_adv_inst/CLKOUT0
                         net (fo=1, routed)           0.546    -1.163    pll_inst/inst/clk_out1_clk_wiz_0
    BUFGCTRL_X0Y16       BUFG (Prop_bufg_I_O)         0.029    -1.134 r  pll_inst/inst/clkout1_buf/O
                         net (fo=5373, routed)        0.826    -0.307    inst_svpwm/vector_proc_inst/clk_out1
    SLICE_X54Y65         FDRE                                         r  inst_svpwm/vector_proc_inst/pipeline_reg[0][pip_y][15]/C
                         clock pessimism             -0.217    -0.524    
                         clock uncertainty            0.108    -0.416    
    SLICE_X54Y65         FDRE (Hold_fdre_C_D)         0.083    -0.333    inst_svpwm/vector_proc_inst/pipeline_reg[0][pip_y][15]
  -------------------------------------------------------------------
                         required time                          0.333    
                         arrival time                          -0.307    
  -------------------------------------------------------------------
                         slack                                  0.026    

Slack (MET) :             0.031ns  (arrival time - required time)
  Source:                 inst_svpwm/time_processor_inst/cordic_inst_T2/pipeline_reg[7][pip_sin][4]/C
                            (rising edge-triggered cell FDCE clocked by clk_out1_clk_wiz_0  {rise@0.000ns fall@10.000ns period=20.000ns})
  Destination:            inst_svpwm/time_processor_inst/cordic_inst_T2/pipeline_reg[8][pip_sin][25]/D
                            (rising edge-triggered cell FDCE clocked by clk_out1_clk_wiz_0_1  {rise@0.000ns fall@10.000ns period=20.000ns})
  Path Group:             clk_out1_clk_wiz_0_1
  Path Type:              Hold (Min at Fast Process Corner)
  Requirement:            0.000ns  (clk_out1_clk_wiz_0_1 rise@0.000ns - clk_out1_clk_wiz_0 rise@0.000ns)
  Data Path Delay:        0.626ns  (logic 0.517ns (82.568%)  route 0.109ns (17.432%))
  Logic Levels:           6  (CARRY4=6)
  Clock Path Skew:        0.353ns (DCD - SCD - CPR)
    Destination Clock Delay (DCD):    -0.185ns
    Source Clock Delay      (SCD):    -0.504ns
    Clock Pessimism Removal (CPR):    -0.034ns
  Clock Uncertainty:      0.108ns  ((TSJ^2 + DJ^2)^1/2) / 2 + PE
    Total System Jitter     (TSJ):    0.071ns
    Discrete Jitter          (DJ):    0.203ns
    Phase Error              (PE):    0.000ns
  Clock Domain Crossing:  Inter clock paths are considered valid unless explicitly excluded by timing constraints such as set_clock_groups or set_false_path.

    Location             Delay type                Incr(ns)  Path(ns)    Netlist Resource(s)
  -------------------------------------------------------------------    -------------------
                         (clock clk_out1_clk_wiz_0 rise edge)
                                                      0.000     0.000 r  
    E3                                                0.000     0.000 r  clk (IN)
                         net (fo=0)                   0.000     0.000    pll_inst/inst/clk_in1
    E3                   IBUF (Prop_ibuf_I_O)         0.257     0.257 r  pll_inst/inst/clkin1_ibufg/O
                         net (fo=1, routed)           0.440     0.697    pll_inst/inst/clk_in1_clk_wiz_0
    PLLE2_ADV_X1Y1       PLLE2_ADV (Prop_plle2_adv_CLKIN1_CLKOUT0)
                                                     -2.319    -1.622 r  pll_inst/inst/plle2_adv_inst/CLKOUT0
                         net (fo=1, routed)           0.501    -1.121    pll_inst/inst/clk_out1_clk_wiz_0
    BUFGCTRL_X0Y16       BUFG (Prop_bufg_I_O)         0.026    -1.095 r  pll_inst/inst/clkout1_buf/O
                         net (fo=5373, routed)        0.591    -0.504    inst_svpwm/time_processor_inst/cordic_inst_T2/clk_out1
    SLICE_X1Y94          FDCE                                         r  inst_svpwm/time_processor_inst/cordic_inst_T2/pipeline_reg[7][pip_sin][4]/C
  -------------------------------------------------------------------    -------------------
    SLICE_X1Y94          FDCE (Prop_fdce_C_Q)         0.141    -0.363 r  inst_svpwm/time_processor_inst/cordic_inst_T2/pipeline_reg[7][pip_sin][4]/Q
                         net (fo=2, routed)           0.108    -0.255    inst_svpwm/time_processor_inst/cordic_inst_T2/pipeline_reg[7][pip_sin][4]
    SLICE_X2Y95          CARRY4 (Prop_carry4_DI[1]_CO[3])
                                                      0.150    -0.105 r  inst_svpwm/time_processor_inst/cordic_inst_T2/pipeline_reg[8][pip_sin][6]_i_1/CO[3]
                         net (fo=1, routed)           0.000    -0.105    inst_svpwm/time_processor_inst/cordic_inst_T2/pipeline_reg[8][pip_sin][6]_i_1_n_0
    SLICE_X2Y96          CARRY4 (Prop_carry4_CI_CO[3])
                                                      0.040    -0.065 r  inst_svpwm/time_processor_inst/cordic_inst_T2/pipeline_reg[8][pip_sin][10]_i_1/CO[3]
                         net (fo=1, routed)           0.000    -0.065    inst_svpwm/time_processor_inst/cordic_inst_T2/pipeline_reg[8][pip_sin][10]_i_1_n_0
    SLICE_X2Y97          CARRY4 (Prop_carry4_CI_CO[3])
                                                      0.040    -0.025 r  inst_svpwm/time_processor_inst/cordic_inst_T2/pipeline_reg[8][pip_sin][14]_i_1/CO[3]
                         net (fo=1, routed)           0.000    -0.025    inst_svpwm/time_processor_inst/cordic_inst_T2/pipeline_reg[8][pip_sin][14]_i_1_n_0
    SLICE_X2Y98          CARRY4 (Prop_carry4_CI_CO[3])
                                                      0.040     0.015 r  inst_svpwm/time_processor_inst/cordic_inst_T2/pipeline_reg[8][pip_sin][18]_i_1/CO[3]
                         net (fo=1, routed)           0.000     0.015    inst_svpwm/time_processor_inst/cordic_inst_T2/pipeline_reg[8][pip_sin][18]_i_1_n_0
    SLICE_X2Y99          CARRY4 (Prop_carry4_CI_CO[3])
                                                      0.040     0.055 r  inst_svpwm/time_processor_inst/cordic_inst_T2/pipeline_reg[8][pip_sin][22]_i_1/CO[3]
                         net (fo=1, routed)           0.001     0.056    inst_svpwm/time_processor_inst/cordic_inst_T2/pipeline_reg[8][pip_sin][22]_i_1_n_0
    SLICE_X2Y100         CARRY4 (Prop_carry4_CI_O[2])
                                                      0.066     0.122 r  inst_svpwm/time_processor_inst/cordic_inst_T2/pipeline_reg[8][pip_sin][26]_i_1/O[2]
                         net (fo=1, routed)           0.000     0.122    inst_svpwm/time_processor_inst/cordic_inst_T2/pipeline_reg[8][pip_sin][26]_i_1_n_5
    SLICE_X2Y100         FDCE                                         r  inst_svpwm/time_processor_inst/cordic_inst_T2/pipeline_reg[8][pip_sin][25]/D
  -------------------------------------------------------------------    -------------------

                         (clock clk_out1_clk_wiz_0_1 rise edge)
                                                      0.000     0.000 r  
    E3                                                0.000     0.000 r  clk (IN)
                         net (fo=0)                   0.000     0.000    pll_inst/inst/clk_in1
    E3                   IBUF (Prop_ibuf_I_O)         0.445     0.445 r  pll_inst/inst/clkin1_ibufg/O
                         net (fo=1, routed)           0.481     0.926    pll_inst/inst/clk_in1_clk_wiz_0
    PLLE2_ADV_X1Y1       PLLE2_ADV (Prop_plle2_adv_CLKIN1_CLKOUT0)
                                                     -2.634    -1.708 r  pll_inst/inst/plle2_adv_inst/CLKOUT0
                         net (fo=1, routed)           0.546    -1.163    pll_inst/inst/clk_out1_clk_wiz_0
    BUFGCTRL_X0Y16       BUFG (Prop_bufg_I_O)         0.029    -1.134 r  pll_inst/inst/clkout1_buf/O
                         net (fo=5373, routed)        0.949    -0.185    inst_svpwm/time_processor_inst/cordic_inst_T2/clk_out1
    SLICE_X2Y100         FDCE                                         r  inst_svpwm/time_processor_inst/cordic_inst_T2/pipeline_reg[8][pip_sin][25]/C
                         clock pessimism              0.034    -0.151    
                         clock uncertainty            0.108    -0.043    
    SLICE_X2Y100         FDCE (Hold_fdce_C_D)         0.134     0.091    inst_svpwm/time_processor_inst/cordic_inst_T2/pipeline_reg[8][pip_sin][25]
  -------------------------------------------------------------------
                         required time                         -0.091    
                         arrival time                           0.122    
  -------------------------------------------------------------------
                         slack                                  0.031    

Slack (MET) :             0.037ns  (arrival time - required time)
  Source:                 inst_svpwm/time_processor_inst/cordic_inst_T1/pipeline_reg[3][pip_theta][19]/C
                            (rising edge-triggered cell FDCE clocked by clk_out1_clk_wiz_0  {rise@0.000ns fall@10.000ns period=20.000ns})
  Destination:            inst_svpwm/time_processor_inst/cordic_inst_T1/pipeline_reg[4][pip_theta][28]/D
                            (rising edge-triggered cell FDCE clocked by clk_out1_clk_wiz_0_1  {rise@0.000ns fall@10.000ns period=20.000ns})
  Path Group:             clk_out1_clk_wiz_0_1
  Path Type:              Hold (Min at Fast Process Corner)
  Requirement:            0.000ns  (clk_out1_clk_wiz_0_1 rise@0.000ns - clk_out1_clk_wiz_0 rise@0.000ns)
  Data Path Delay:        0.600ns  (logic 0.433ns (72.149%)  route 0.167ns (27.851%))
  Logic Levels:           5  (CARRY4=4 LUT2=1)
  Clock Path Skew:        0.350ns (DCD - SCD - CPR)
    Destination Clock Delay (DCD):    -0.219ns
    Source Clock Delay      (SCD):    -0.535ns
    Clock Pessimism Removal (CPR):    -0.034ns
  Clock Uncertainty:      0.108ns  ((TSJ^2 + DJ^2)^1/2) / 2 + PE
    Total System Jitter     (TSJ):    0.071ns
    Discrete Jitter          (DJ):    0.203ns
    Phase Error              (PE):    0.000ns
  Clock Domain Crossing:  Inter clock paths are considered valid unless explicitly excluded by timing constraints such as set_clock_groups or set_false_path.

    Location             Delay type                Incr(ns)  Path(ns)    Netlist Resource(s)
  -------------------------------------------------------------------    -------------------
                         (clock clk_out1_clk_wiz_0 rise edge)
                                                      0.000     0.000 r  
    E3                                                0.000     0.000 r  clk (IN)
                         net (fo=0)                   0.000     0.000    pll_inst/inst/clk_in1
    E3                   IBUF (Prop_ibuf_I_O)         0.257     0.257 r  pll_inst/inst/clkin1_ibufg/O
                         net (fo=1, routed)           0.440     0.697    pll_inst/inst/clk_in1_clk_wiz_0
    PLLE2_ADV_X1Y1       PLLE2_ADV (Prop_plle2_adv_CLKIN1_CLKOUT0)
                                                     -2.319    -1.622 r  pll_inst/inst/plle2_adv_inst/CLKOUT0
                         net (fo=1, routed)           0.501    -1.121    pll_inst/inst/clk_out1_clk_wiz_0
    BUFGCTRL_X0Y16       BUFG (Prop_bufg_I_O)         0.026    -1.095 r  pll_inst/inst/clkout1_buf/O
                         net (fo=5373, routed)        0.560    -0.535    inst_svpwm/time_processor_inst/cordic_inst_T1/clk_out1
    SLICE_X37Y98         FDCE                                         r  inst_svpwm/time_processor_inst/cordic_inst_T1/pipeline_reg[3][pip_theta][19]/C
  -------------------------------------------------------------------    -------------------
    SLICE_X37Y98         FDCE (Prop_fdce_C_Q)         0.141    -0.394 r  inst_svpwm/time_processor_inst/cordic_inst_T1/pipeline_reg[3][pip_theta][19]/Q
                         net (fo=3, routed)           0.166    -0.228    inst_svpwm/time_processor_inst/cordic_inst_T1/pipeline_reg[3][pip_theta][19]
    SLICE_X36Y97         LUT2 (Prop_lut2_I1_O)        0.045    -0.183 r  inst_svpwm/time_processor_inst/cordic_inst_T1/pipeline[4][pip_theta][19]_i_4/O
                         net (fo=1, routed)           0.000    -0.183    inst_svpwm/time_processor_inst/cordic_inst_T1/pipeline[4][pip_theta][19]_i_4_n_0
    SLICE_X36Y97         CARRY4 (Prop_carry4_S[3]_CO[3])
                                                      0.115    -0.068 r  inst_svpwm/time_processor_inst/cordic_inst_T1/pipeline_reg[4][pip_theta][19]_i_1/CO[3]
                         net (fo=1, routed)           0.000    -0.068    inst_svpwm/time_processor_inst/cordic_inst_T1/pipeline_reg[4][pip_theta][19]_i_1_n_0
    SLICE_X36Y98         CARRY4 (Prop_carry4_CI_CO[3])
                                                      0.039    -0.029 r  inst_svpwm/time_processor_inst/cordic_inst_T1/pipeline_reg[4][pip_theta][23]_i_1/CO[3]
                         net (fo=1, routed)           0.000    -0.029    inst_svpwm/time_processor_inst/cordic_inst_T1/pipeline_reg[4][pip_theta][23]_i_1_n_0
    SLICE_X36Y99         CARRY4 (Prop_carry4_CI_CO[3])
                                                      0.039     0.010 r  inst_svpwm/time_processor_inst/cordic_inst_T1/pipeline_reg[4][pip_theta][27]_i_1/CO[3]
                         net (fo=1, routed)           0.001     0.011    inst_svpwm/time_processor_inst/cordic_inst_T1/pipeline_reg[4][pip_theta][27]_i_1_n_0
    SLICE_X36Y100        CARRY4 (Prop_carry4_CI_O[0])
                                                      0.054     0.065 r  inst_svpwm/time_processor_inst/cordic_inst_T1/pipeline_reg[4][pip_theta][31]_i_1/O[0]
                         net (fo=1, routed)           0.000     0.065    inst_svpwm/time_processor_inst/cordic_inst_T1/pipeline_reg[4][pip_theta][31]_i_1_n_7
    SLICE_X36Y100        FDCE                                         r  inst_svpwm/time_processor_inst/cordic_inst_T1/pipeline_reg[4][pip_theta][28]/D
  -------------------------------------------------------------------    -------------------

                         (clock clk_out1_clk_wiz_0_1 rise edge)
                                                      0.000     0.000 r  
    E3                                                0.000     0.000 r  clk (IN)
                         net (fo=0)                   0.000     0.000    pll_inst/inst/clk_in1
    E3                   IBUF (Prop_ibuf_I_O)         0.445     0.445 r  pll_inst/inst/clkin1_ibufg/O
                         net (fo=1, routed)           0.481     0.926    pll_inst/inst/clk_in1_clk_wiz_0
    PLLE2_ADV_X1Y1       PLLE2_ADV (Prop_plle2_adv_CLKIN1_CLKOUT0)
                                                     -2.634    -1.708 r  pll_inst/inst/plle2_adv_inst/CLKOUT0
                         net (fo=1, routed)           0.546    -1.163    pll_inst/inst/clk_out1_clk_wiz_0
    BUFGCTRL_X0Y16       BUFG (Prop_bufg_I_O)         0.029    -1.134 r  pll_inst/inst/clkout1_buf/O
                         net (fo=5373, routed)        0.915    -0.219    inst_svpwm/time_processor_inst/cordic_inst_T1/clk_out1
    SLICE_X36Y100        FDCE                                         r  inst_svpwm/time_processor_inst/cordic_inst_T1/pipeline_reg[4][pip_theta][28]/C
                         clock pessimism              0.034    -0.185    
                         clock uncertainty            0.108    -0.077    
    SLICE_X36Y100        FDCE (Hold_fdce_C_D)         0.105     0.028    inst_svpwm/time_processor_inst/cordic_inst_T1/pipeline_reg[4][pip_theta][28]
  -------------------------------------------------------------------
                         required time                         -0.028    
                         arrival time                           0.065    
  -------------------------------------------------------------------
                         slack                                  0.037    

Slack (MET) :             0.038ns  (arrival time - required time)
  Source:                 inst_svpwm/vector_proc_inst/pipeline_reg[15][pip_x][32]/C
                            (rising edge-triggered cell FDRE clocked by clk_out1_clk_wiz_0  {rise@0.000ns fall@10.000ns period=20.000ns})
  Destination:            inst_svpwm/vector_proc_inst/shift_reg_reg[31]/D
                            (rising edge-triggered cell FDRE clocked by clk_out1_clk_wiz_0_1  {rise@0.000ns fall@10.000ns period=20.000ns})
  Path Group:             clk_out1_clk_wiz_0_1
  Path Type:              Hold (Min at Fast Process Corner)
  Requirement:            0.000ns  (clk_out1_clk_wiz_0_1 rise@0.000ns - clk_out1_clk_wiz_0 rise@0.000ns)
  Data Path Delay:        0.256ns  (logic 0.141ns (55.140%)  route 0.115ns (44.860%))
  Logic Levels:           0  
  Clock Path Skew:        0.032ns (DCD - SCD - CPR)
    Destination Clock Delay (DCD):    -0.313ns
    Source Clock Delay      (SCD):    -0.540ns
    Clock Pessimism Removal (CPR):    0.195ns
  Clock Uncertainty:      0.108ns  ((TSJ^2 + DJ^2)^1/2) / 2 + PE
    Total System Jitter     (TSJ):    0.071ns
    Discrete Jitter          (DJ):    0.203ns
    Phase Error              (PE):    0.000ns
  Clock Domain Crossing:  Inter clock paths are considered valid unless explicitly excluded by timing constraints such as set_clock_groups or set_false_path.

    Location             Delay type                Incr(ns)  Path(ns)    Netlist Resource(s)
  -------------------------------------------------------------------    -------------------
                         (clock clk_out1_clk_wiz_0 rise edge)
                                                      0.000     0.000 r  
    E3                                                0.000     0.000 r  clk (IN)
                         net (fo=0)                   0.000     0.000    pll_inst/inst/clk_in1
    E3                   IBUF (Prop_ibuf_I_O)         0.257     0.257 r  pll_inst/inst/clkin1_ibufg/O
                         net (fo=1, routed)           0.440     0.697    pll_inst/inst/clk_in1_clk_wiz_0
    PLLE2_ADV_X1Y1       PLLE2_ADV (Prop_plle2_adv_CLKIN1_CLKOUT0)
                                                     -2.319    -1.622 r  pll_inst/inst/plle2_adv_inst/CLKOUT0
                         net (fo=1, routed)           0.501    -1.121    pll_inst/inst/clk_out1_clk_wiz_0
    BUFGCTRL_X0Y16       BUFG (Prop_bufg_I_O)         0.026    -1.095 r  pll_inst/inst/clkout1_buf/O
                         net (fo=5373, routed)        0.555    -0.540    inst_svpwm/vector_proc_inst/clk_out1
    SLICE_X28Y84         FDRE                                         r  inst_svpwm/vector_proc_inst/pipeline_reg[15][pip_x][32]/C
  -------------------------------------------------------------------    -------------------
    SLICE_X28Y84         FDRE (Prop_fdre_C_Q)         0.141    -0.399 r  inst_svpwm/vector_proc_inst/pipeline_reg[15][pip_x][32]/Q
                         net (fo=1, routed)           0.115    -0.284    inst_svpwm/vector_proc_inst/pipeline_reg[15][pip_x_n_0_][32]
    SLICE_X31Y83         FDRE                                         r  inst_svpwm/vector_proc_inst/shift_reg_reg[31]/D
  -------------------------------------------------------------------    -------------------

                         (clock clk_out1_clk_wiz_0_1 rise edge)
                                                      0.000     0.000 r  
    E3                                                0.000     0.000 r  clk (IN)
                         net (fo=0)                   0.000     0.000    pll_inst/inst/clk_in1
    E3                   IBUF (Prop_ibuf_I_O)         0.445     0.445 r  pll_inst/inst/clkin1_ibufg/O
                         net (fo=1, routed)           0.481     0.926    pll_inst/inst/clk_in1_clk_wiz_0
    PLLE2_ADV_X1Y1       PLLE2_ADV (Prop_plle2_adv_CLKIN1_CLKOUT0)
                                                     -2.634    -1.708 r  pll_inst/inst/plle2_adv_inst/CLKOUT0
                         net (fo=1, routed)           0.546    -1.163    pll_inst/inst/clk_out1_clk_wiz_0
    BUFGCTRL_X0Y16       BUFG (Prop_bufg_I_O)         0.029    -1.134 r  pll_inst/inst/clkout1_buf/O
                         net (fo=5373, routed)        0.821    -0.313    inst_svpwm/vector_proc_inst/clk_out1
    SLICE_X31Y83         FDRE                                         r  inst_svpwm/vector_proc_inst/shift_reg_reg[31]/C
                         clock pessimism             -0.195    -0.508    
                         clock uncertainty            0.108    -0.400    
    SLICE_X31Y83         FDRE (Hold_fdre_C_D)         0.078    -0.322    inst_svpwm/vector_proc_inst/shift_reg_reg[31]
  -------------------------------------------------------------------
                         required time                          0.322    
                         arrival time                          -0.284    
  -------------------------------------------------------------------
                         slack                                  0.038    

Slack (MET) :             0.041ns  (arrival time - required time)
  Source:                 inst_svpwm/time_processor_inst/t1_shift_reg_reg[26]/C
                            (rising edge-triggered cell FDRE clocked by clk_out1_clk_wiz_0  {rise@0.000ns fall@10.000ns period=20.000ns})
  Destination:            inst_svpwm/time_processor_inst/t2_int_reg[26]/D
                            (rising edge-triggered cell FDRE clocked by clk_out1_clk_wiz_0_1  {rise@0.000ns fall@10.000ns period=20.000ns})
  Path Group:             clk_out1_clk_wiz_0_1
  Path Type:              Hold (Min at Fast Process Corner)
  Requirement:            0.000ns  (clk_out1_clk_wiz_0_1 rise@0.000ns - clk_out1_clk_wiz_0 rise@0.000ns)
  Data Path Delay:        0.255ns  (logic 0.141ns (55.287%)  route 0.114ns (44.713%))
  Logic Levels:           0  
  Clock Path Skew:        0.035ns (DCD - SCD - CPR)
    Destination Clock Delay (DCD):    -0.217ns
    Source Clock Delay      (SCD):    -0.451ns
    Clock Pessimism Removal (CPR):    0.199ns
  Clock Uncertainty:      0.108ns  ((TSJ^2 + DJ^2)^1/2) / 2 + PE
    Total System Jitter     (TSJ):    0.071ns
    Discrete Jitter          (DJ):    0.203ns
    Phase Error              (PE):    0.000ns
  Clock Domain Crossing:  Inter clock paths are considered valid unless explicitly excluded by timing constraints such as set_clock_groups or set_false_path.

    Location             Delay type                Incr(ns)  Path(ns)    Netlist Resource(s)
  -------------------------------------------------------------------    -------------------
                         (clock clk_out1_clk_wiz_0 rise edge)
                                                      0.000     0.000 r  
    E3                                                0.000     0.000 r  clk (IN)
                         net (fo=0)                   0.000     0.000    pll_inst/inst/clk_in1
    E3                   IBUF (Prop_ibuf_I_O)         0.257     0.257 r  pll_inst/inst/clkin1_ibufg/O
                         net (fo=1, routed)           0.440     0.697    pll_inst/inst/clk_in1_clk_wiz_0
    PLLE2_ADV_X1Y1       PLLE2_ADV (Prop_plle2_adv_CLKIN1_CLKOUT0)
                                                     -2.319    -1.622 r  pll_inst/inst/plle2_adv_inst/CLKOUT0
                         net (fo=1, routed)           0.501    -1.121    pll_inst/inst/clk_out1_clk_wiz_0
    BUFGCTRL_X0Y16       BUFG (Prop_bufg_I_O)         0.026    -1.095 r  pll_inst/inst/clkout1_buf/O
                         net (fo=5373, routed)        0.644    -0.451    inst_svpwm/time_processor_inst/clk_out1
    SLICE_X23Y101        FDRE                                         r  inst_svpwm/time_processor_inst/t1_shift_reg_reg[26]/C
  -------------------------------------------------------------------    -------------------
    SLICE_X23Y101        FDRE (Prop_fdre_C_Q)         0.141    -0.310 r  inst_svpwm/time_processor_inst/t1_shift_reg_reg[26]/Q
                         net (fo=1, routed)           0.114    -0.196    inst_svpwm/time_processor_inst/t1_shift_reg[26]
    SLICE_X24Y102        FDRE                                         r  inst_svpwm/time_processor_inst/t2_int_reg[26]/D
  -------------------------------------------------------------------    -------------------

                         (clock clk_out1_clk_wiz_0_1 rise edge)
                                                      0.000     0.000 r  
    E3                                                0.000     0.000 r  clk (IN)
                         net (fo=0)                   0.000     0.000    pll_inst/inst/clk_in1
    E3                   IBUF (Prop_ibuf_I_O)         0.445     0.445 r  pll_inst/inst/clkin1_ibufg/O
                         net (fo=1, routed)           0.481     0.926    pll_inst/inst/clk_in1_clk_wiz_0
    PLLE2_ADV_X1Y1       PLLE2_ADV (Prop_plle2_adv_CLKIN1_CLKOUT0)
                                                     -2.634    -1.708 r  pll_inst/inst/plle2_adv_inst/CLKOUT0
                         net (fo=1, routed)           0.546    -1.163    pll_inst/inst/clk_out1_clk_wiz_0
    BUFGCTRL_X0Y16       BUFG (Prop_bufg_I_O)         0.029    -1.134 r  pll_inst/inst/clkout1_buf/O
                         net (fo=5373, routed)        0.917    -0.217    inst_svpwm/time_processor_inst/clk_out1
    SLICE_X24Y102        FDRE                                         r  inst_svpwm/time_processor_inst/t2_int_reg[26]/C
                         clock pessimism             -0.199    -0.416    
                         clock uncertainty            0.108    -0.308    
    SLICE_X24Y102        FDRE (Hold_fdre_C_D)         0.071    -0.237    inst_svpwm/time_processor_inst/t2_int_reg[26]
  -------------------------------------------------------------------
                         required time                          0.237    
                         arrival time                          -0.196    
  -------------------------------------------------------------------
                         slack                                  0.041    

Slack (MET) :             0.042ns  (arrival time - required time)
  Source:                 inst_svpwm/vector_proc_inst/pipeline_reg[15][pip_x][25]/C
                            (rising edge-triggered cell FDRE clocked by clk_out1_clk_wiz_0  {rise@0.000ns fall@10.000ns period=20.000ns})
  Destination:            inst_svpwm/vector_proc_inst/shift_reg_reg[24]/D
                            (rising edge-triggered cell FDRE clocked by clk_out1_clk_wiz_0_1  {rise@0.000ns fall@10.000ns period=20.000ns})
  Path Group:             clk_out1_clk_wiz_0_1
  Path Type:              Hold (Min at Fast Process Corner)
  Requirement:            0.000ns  (clk_out1_clk_wiz_0_1 rise@0.000ns - clk_out1_clk_wiz_0 rise@0.000ns)
  Data Path Delay:        0.261ns  (logic 0.141ns (54.115%)  route 0.120ns (45.885%))
  Logic Levels:           0  
  Clock Path Skew:        0.033ns (DCD - SCD - CPR)
    Destination Clock Delay (DCD):    -0.314ns
    Source Clock Delay      (SCD):    -0.542ns
    Clock Pessimism Removal (CPR):    0.195ns
  Clock Uncertainty:      0.108ns  ((TSJ^2 + DJ^2)^1/2) / 2 + PE
    Total System Jitter     (TSJ):    0.071ns
    Discrete Jitter          (DJ):    0.203ns
    Phase Error              (PE):    0.000ns
  Clock Domain Crossing:  Inter clock paths are considered valid unless explicitly excluded by timing constraints such as set_clock_groups or set_false_path.

    Location             Delay type                Incr(ns)  Path(ns)    Netlist Resource(s)
  -------------------------------------------------------------------    -------------------
                         (clock clk_out1_clk_wiz_0 rise edge)
                                                      0.000     0.000 r  
    E3                                                0.000     0.000 r  clk (IN)
                         net (fo=0)                   0.000     0.000    pll_inst/inst/clk_in1
    E3                   IBUF (Prop_ibuf_I_O)         0.257     0.257 r  pll_inst/inst/clkin1_ibufg/O
                         net (fo=1, routed)           0.440     0.697    pll_inst/inst/clk_in1_clk_wiz_0
    PLLE2_ADV_X1Y1       PLLE2_ADV (Prop_plle2_adv_CLKIN1_CLKOUT0)
                                                     -2.319    -1.622 r  pll_inst/inst/plle2_adv_inst/CLKOUT0
                         net (fo=1, routed)           0.501    -1.121    pll_inst/inst/clk_out1_clk_wiz_0
    BUFGCTRL_X0Y16       BUFG (Prop_bufg_I_O)         0.026    -1.095 r  pll_inst/inst/clkout1_buf/O
                         net (fo=5373, routed)        0.553    -0.542    inst_svpwm/vector_proc_inst/clk_out1
    SLICE_X28Y82         FDRE                                         r  inst_svpwm/vector_proc_inst/pipeline_reg[15][pip_x][25]/C
  -------------------------------------------------------------------    -------------------
    SLICE_X28Y82         FDRE (Prop_fdre_C_Q)         0.141    -0.401 r  inst_svpwm/vector_proc_inst/pipeline_reg[15][pip_x][25]/Q
                         net (fo=1, routed)           0.120    -0.282    inst_svpwm/vector_proc_inst/pipeline_reg[15][pip_x_n_0_][25]
    SLICE_X31Y82         FDRE                                         r  inst_svpwm/vector_proc_inst/shift_reg_reg[24]/D
  -------------------------------------------------------------------    -------------------

                         (clock clk_out1_clk_wiz_0_1 rise edge)
                                                      0.000     0.000 r  
    E3                                                0.000     0.000 r  clk (IN)
                         net (fo=0)                   0.000     0.000    pll_inst/inst/clk_in1
    E3                   IBUF (Prop_ibuf_I_O)         0.445     0.445 r  pll_inst/inst/clkin1_ibufg/O
                         net (fo=1, routed)           0.481     0.926    pll_inst/inst/clk_in1_clk_wiz_0
    PLLE2_ADV_X1Y1       PLLE2_ADV (Prop_plle2_adv_CLKIN1_CLKOUT0)
                                                     -2.634    -1.708 r  pll_inst/inst/plle2_adv_inst/CLKOUT0
                         net (fo=1, routed)           0.546    -1.163    pll_inst/inst/clk_out1_clk_wiz_0
    BUFGCTRL_X0Y16       BUFG (Prop_bufg_I_O)         0.029    -1.134 r  pll_inst/inst/clkout1_buf/O
                         net (fo=5373, routed)        0.819    -0.314    inst_svpwm/vector_proc_inst/clk_out1
    SLICE_X31Y82         FDRE                                         r  inst_svpwm/vector_proc_inst/shift_reg_reg[24]/C
                         clock pessimism             -0.195    -0.509    
                         clock uncertainty            0.108    -0.401    
    SLICE_X31Y82         FDRE (Hold_fdre_C_D)         0.078    -0.323    inst_svpwm/vector_proc_inst/shift_reg_reg[24]
  -------------------------------------------------------------------
                         required time                          0.323    
                         arrival time                          -0.282    
  -------------------------------------------------------------------
                         slack                                  0.042    





--------------------------------------------------------------------------------------
Path Group:  (none)
From Clock:  clk_out1_clk_wiz_0
  To Clock:  

Max Delay             8 Endpoints
Min Delay             8 Endpoints
--------------------------------------------------------------------------------------


Max Delay Paths
--------------------------------------------------------------------------------------
Slack:                    inf
  Source:                 inst_svpwm/driver_inst/HB2/pwm_n_reg/C
                            (rising edge-triggered cell FDRE clocked by clk_out1_clk_wiz_0  {rise@0.000ns fall@10.000ns period=20.000ns})
  Destination:            HB2_bot
                            (output port)
  Path Group:             (none)
  Path Type:              Max at Slow Process Corner
  Data Path Delay:        7.236ns  (logic 4.002ns (55.313%)  route 3.233ns (44.687%))
  Logic Levels:           1  (OBUF=1)
  Clock Uncertainty:      0.260ns  ((TSJ^2 + DJ^2)^1/2) / 2 + PE
    Total System Jitter     (TSJ):    0.050ns
    Discrete Jitter          (DJ):    0.203ns
    Phase Error              (PE):    0.156ns

    Location             Delay type                Incr(ns)  Path(ns)    Netlist Resource(s)
  -------------------------------------------------------------------    -------------------
                         (clock clk_out1_clk_wiz_0 rise edge)
                                                      0.000     0.000 r  
    E3                                                0.000     0.000 r  clk (IN)
                         net (fo=0)                   0.000     0.000    pll_inst/inst/clk_in1
    E3                   IBUF (Prop_ibuf_I_O)         1.489     1.489 r  pll_inst/inst/clkin1_ibufg/O
                         net (fo=1, routed)           1.253     2.742    pll_inst/inst/clk_in1_clk_wiz_0
    PLLE2_ADV_X1Y1       PLLE2_ADV (Prop_plle2_adv_CLKIN1_CLKOUT0)
                                                     -8.467    -5.725 r  pll_inst/inst/plle2_adv_inst/CLKOUT0
                         net (fo=1, routed)           1.655    -4.070    pll_inst/inst/clk_out1_clk_wiz_0
    BUFGCTRL_X0Y16       BUFG (Prop_bufg_I_O)         0.096    -3.974 r  pll_inst/inst/clkout1_buf/O
                         net (fo=5373, routed)        1.733    -2.241    inst_svpwm/driver_inst/HB2/clk_out1
    SLICE_X41Y103        FDRE                                         r  inst_svpwm/driver_inst/HB2/pwm_n_reg/C
  -------------------------------------------------------------------    -------------------
    SLICE_X41Y103        FDRE (Prop_fdre_C_Q)         0.456    -1.785 r  inst_svpwm/driver_inst/HB2/pwm_n_reg/Q
                         net (fo=1, routed)           3.233     1.449    HB2_bot_OBUF
    D12                  OBUF (Prop_obuf_I_O)         3.546     4.995 r  HB2_bot_OBUF_inst/O
                         net (fo=0)                   0.000     4.995    HB2_bot
    D12                                                               r  HB2_bot (OUT)
  -------------------------------------------------------------------    -------------------

Slack:                    inf
  Source:                 inst_svpwm/driver_inst/HB2/pwm_reg/C
                            (rising edge-triggered cell FDRE clocked by clk_out1_clk_wiz_0  {rise@0.000ns fall@10.000ns period=20.000ns})
  Destination:            HB2_top
                            (output port)
  Path Group:             (none)
  Path Type:              Max at Slow Process Corner
  Data Path Delay:        6.844ns  (logic 4.020ns (58.738%)  route 2.824ns (41.262%))
  Logic Levels:           1  (OBUF=1)
  Clock Uncertainty:      0.260ns  ((TSJ^2 + DJ^2)^1/2) / 2 + PE
    Total System Jitter     (TSJ):    0.050ns
    Discrete Jitter          (DJ):    0.203ns
    Phase Error              (PE):    0.156ns

    Location             Delay type                Incr(ns)  Path(ns)    Netlist Resource(s)
  -------------------------------------------------------------------    -------------------
                         (clock clk_out1_clk_wiz_0 rise edge)
                                                      0.000     0.000 r  
    E3                                                0.000     0.000 r  clk (IN)
                         net (fo=0)                   0.000     0.000    pll_inst/inst/clk_in1
    E3                   IBUF (Prop_ibuf_I_O)         1.489     1.489 r  pll_inst/inst/clkin1_ibufg/O
                         net (fo=1, routed)           1.253     2.742    pll_inst/inst/clk_in1_clk_wiz_0
    PLLE2_ADV_X1Y1       PLLE2_ADV (Prop_plle2_adv_CLKIN1_CLKOUT0)
                                                     -8.467    -5.725 r  pll_inst/inst/plle2_adv_inst/CLKOUT0
                         net (fo=1, routed)           1.655    -4.070    pll_inst/inst/clk_out1_clk_wiz_0
    BUFGCTRL_X0Y16       BUFG (Prop_bufg_I_O)         0.096    -3.974 r  pll_inst/inst/clkout1_buf/O
                         net (fo=5373, routed)        1.733    -2.241    inst_svpwm/driver_inst/HB2/clk_out1
    SLICE_X41Y106        FDRE                                         r  inst_svpwm/driver_inst/HB2/pwm_reg/C
  -------------------------------------------------------------------    -------------------
    SLICE_X41Y106        FDRE (Prop_fdre_C_Q)         0.456    -1.785 r  inst_svpwm/driver_inst/HB2/pwm_reg/Q
                         net (fo=1, routed)           2.824     1.040    HB2_top_OBUF
    A11                  OBUF (Prop_obuf_I_O)         3.564     4.604 r  HB2_top_OBUF_inst/O
                         net (fo=0)                   0.000     4.604    HB2_top
    A11                                                               r  HB2_top (OUT)
  -------------------------------------------------------------------    -------------------

Slack:                    inf
  Source:                 inst_svpwm/driver_inst/HB3/pwm_reg/C
                            (rising edge-triggered cell FDRE clocked by clk_out1_clk_wiz_0  {rise@0.000ns fall@10.000ns period=20.000ns})
  Destination:            HB3_top
                            (output port)
  Path Group:             (none)
  Path Type:              Max at Slow Process Corner
  Data Path Delay:        6.709ns  (logic 4.000ns (59.618%)  route 2.709ns (40.382%))
  Logic Levels:           1  (OBUF=1)
  Clock Uncertainty:      0.260ns  ((TSJ^2 + DJ^2)^1/2) / 2 + PE
    Total System Jitter     (TSJ):    0.050ns
    Discrete Jitter          (DJ):    0.203ns
    Phase Error              (PE):    0.156ns

    Location             Delay type                Incr(ns)  Path(ns)    Netlist Resource(s)
  -------------------------------------------------------------------    -------------------
                         (clock clk_out1_clk_wiz_0 rise edge)
                                                      0.000     0.000 r  
    E3                                                0.000     0.000 r  clk (IN)
                         net (fo=0)                   0.000     0.000    pll_inst/inst/clk_in1
    E3                   IBUF (Prop_ibuf_I_O)         1.489     1.489 r  pll_inst/inst/clkin1_ibufg/O
                         net (fo=1, routed)           1.253     2.742    pll_inst/inst/clk_in1_clk_wiz_0
    PLLE2_ADV_X1Y1       PLLE2_ADV (Prop_plle2_adv_CLKIN1_CLKOUT0)
                                                     -8.467    -5.725 r  pll_inst/inst/plle2_adv_inst/CLKOUT0
                         net (fo=1, routed)           1.655    -4.070    pll_inst/inst/clk_out1_clk_wiz_0
    BUFGCTRL_X0Y16       BUFG (Prop_bufg_I_O)         0.096    -3.974 r  pll_inst/inst/clkout1_buf/O
                         net (fo=5373, routed)        1.738    -2.236    inst_svpwm/driver_inst/HB3/clk_out1
    SLICE_X15Y103        FDRE                                         r  inst_svpwm/driver_inst/HB3/pwm_reg/C
  -------------------------------------------------------------------    -------------------
    SLICE_X15Y103        FDRE (Prop_fdre_C_Q)         0.456    -1.780 r  inst_svpwm/driver_inst/HB3/pwm_reg/Q
                         net (fo=1, routed)           2.709     0.929    HB3_top_OBUF
    D13                  OBUF (Prop_obuf_I_O)         3.544     4.473 r  HB3_top_OBUF_inst/O
                         net (fo=0)                   0.000     4.473    HB3_top
    D13                                                               r  HB3_top (OUT)
  -------------------------------------------------------------------    -------------------

Slack:                    inf
  Source:                 inst_svpwm/driver_inst/HB1/pwm_reg/C
                            (rising edge-triggered cell FDRE clocked by clk_out1_clk_wiz_0  {rise@0.000ns fall@10.000ns period=20.000ns})
  Destination:            HB1_top
                            (output port)
  Path Group:             (none)
  Path Type:              Max at Slow Process Corner
  Data Path Delay:        6.578ns  (logic 3.984ns (60.563%)  route 2.594ns (39.437%))
  Logic Levels:           1  (OBUF=1)
  Clock Uncertainty:      0.260ns  ((TSJ^2 + DJ^2)^1/2) / 2 + PE
    Total System Jitter     (TSJ):    0.050ns
    Discrete Jitter          (DJ):    0.203ns
    Phase Error              (PE):    0.156ns

    Location             Delay type                Incr(ns)  Path(ns)    Netlist Resource(s)
  -------------------------------------------------------------------    -------------------
                         (clock clk_out1_clk_wiz_0 rise edge)
                                                      0.000     0.000 r  
    E3                                                0.000     0.000 r  clk (IN)
                         net (fo=0)                   0.000     0.000    pll_inst/inst/clk_in1
    E3                   IBUF (Prop_ibuf_I_O)         1.489     1.489 r  pll_inst/inst/clkin1_ibufg/O
                         net (fo=1, routed)           1.253     2.742    pll_inst/inst/clk_in1_clk_wiz_0
    PLLE2_ADV_X1Y1       PLLE2_ADV (Prop_plle2_adv_CLKIN1_CLKOUT0)
                                                     -8.467    -5.725 r  pll_inst/inst/plle2_adv_inst/CLKOUT0
                         net (fo=1, routed)           1.655    -4.070    pll_inst/inst/clk_out1_clk_wiz_0
    BUFGCTRL_X0Y16       BUFG (Prop_bufg_I_O)         0.096    -3.974 r  pll_inst/inst/clkout1_buf/O
                         net (fo=5373, routed)        1.734    -2.240    inst_svpwm/driver_inst/HB1/clk_out1
    SLICE_X26Y109        FDRE                                         r  inst_svpwm/driver_inst/HB1/pwm_reg/C
  -------------------------------------------------------------------    -------------------
    SLICE_X26Y109        FDRE (Prop_fdre_C_Q)         0.456    -1.784 r  inst_svpwm/driver_inst/HB1/pwm_reg/Q
                         net (fo=1, routed)           2.594     0.811    HB1_top_OBUF
    G13                  OBUF (Prop_obuf_I_O)         3.528     4.339 r  HB1_top_OBUF_inst/O
                         net (fo=0)                   0.000     4.339    HB1_top
    G13                                                               r  HB1_top (OUT)
  -------------------------------------------------------------------    -------------------

Slack:                    inf
  Source:                 inst_svpwm/driver_inst/HB1/pwm_n_reg/C
                            (rising edge-triggered cell FDRE clocked by clk_out1_clk_wiz_0  {rise@0.000ns fall@10.000ns period=20.000ns})
  Destination:            HB1_bot
                            (output port)
  Path Group:             (none)
  Path Type:              Max at Slow Process Corner
  Data Path Delay:        6.432ns  (logic 4.025ns (62.572%)  route 2.407ns (37.428%))
  Logic Levels:           1  (OBUF=1)
  Clock Uncertainty:      0.260ns  ((TSJ^2 + DJ^2)^1/2) / 2 + PE
    Total System Jitter     (TSJ):    0.050ns
    Discrete Jitter          (DJ):    0.203ns
    Phase Error              (PE):    0.156ns

    Location             Delay type                Incr(ns)  Path(ns)    Netlist Resource(s)
  -------------------------------------------------------------------    -------------------
                         (clock clk_out1_clk_wiz_0 rise edge)
                                                      0.000     0.000 r  
    E3                                                0.000     0.000 r  clk (IN)
                         net (fo=0)                   0.000     0.000    pll_inst/inst/clk_in1
    E3                   IBUF (Prop_ibuf_I_O)         1.489     1.489 r  pll_inst/inst/clkin1_ibufg/O
                         net (fo=1, routed)           1.253     2.742    pll_inst/inst/clk_in1_clk_wiz_0
    PLLE2_ADV_X1Y1       PLLE2_ADV (Prop_plle2_adv_CLKIN1_CLKOUT0)
                                                     -8.467    -5.725 r  pll_inst/inst/plle2_adv_inst/CLKOUT0
                         net (fo=1, routed)           1.655    -4.070    pll_inst/inst/clk_out1_clk_wiz_0
    BUFGCTRL_X0Y16       BUFG (Prop_bufg_I_O)         0.096    -3.974 r  pll_inst/inst/clkout1_buf/O
                         net (fo=5373, routed)        1.738    -2.236    inst_svpwm/driver_inst/HB1/clk_out1
    SLICE_X13Y105        FDRE                                         r  inst_svpwm/driver_inst/HB1/pwm_n_reg/C
  -------------------------------------------------------------------    -------------------
    SLICE_X13Y105        FDRE (Prop_fdre_C_Q)         0.456    -1.780 r  inst_svpwm/driver_inst/HB1/pwm_n_reg/Q
                         net (fo=1, routed)           2.407     0.628    HB1_bot_OBUF
    B11                  OBUF (Prop_obuf_I_O)         3.569     4.197 r  HB1_bot_OBUF_inst/O
                         net (fo=0)                   0.000     4.197    HB1_bot
    B11                                                               r  HB1_bot (OUT)
  -------------------------------------------------------------------    -------------------

Slack:                    inf
  Source:                 inst_svpwm/driver_inst/HB3/pwm_n_reg/C
                            (rising edge-triggered cell FDRE clocked by clk_out1_clk_wiz_0  {rise@0.000ns fall@10.000ns period=20.000ns})
  Destination:            HB3_bot
                            (output port)
  Path Group:             (none)
  Path Type:              Max at Slow Process Corner
  Data Path Delay:        6.443ns  (logic 4.020ns (62.405%)  route 2.422ns (37.595%))
  Logic Levels:           1  (OBUF=1)
  Clock Uncertainty:      0.260ns  ((TSJ^2 + DJ^2)^1/2) / 2 + PE
    Total System Jitter     (TSJ):    0.050ns
    Discrete Jitter          (DJ):    0.203ns
    Phase Error              (PE):    0.156ns

    Location             Delay type                Incr(ns)  Path(ns)    Netlist Resource(s)
  -------------------------------------------------------------------    -------------------
                         (clock clk_out1_clk_wiz_0 rise edge)
                                                      0.000     0.000 r  
    E3                                                0.000     0.000 r  clk (IN)
                         net (fo=0)                   0.000     0.000    pll_inst/inst/clk_in1
    E3                   IBUF (Prop_ibuf_I_O)         1.489     1.489 r  pll_inst/inst/clkin1_ibufg/O
                         net (fo=1, routed)           1.253     2.742    pll_inst/inst/clk_in1_clk_wiz_0
    PLLE2_ADV_X1Y1       PLLE2_ADV (Prop_plle2_adv_CLKIN1_CLKOUT0)
                                                     -8.467    -5.725 r  pll_inst/inst/plle2_adv_inst/CLKOUT0
                         net (fo=1, routed)           1.655    -4.070    pll_inst/inst/clk_out1_clk_wiz_0
    BUFGCTRL_X0Y16       BUFG (Prop_bufg_I_O)         0.096    -3.974 r  pll_inst/inst/clkout1_buf/O
                         net (fo=5373, routed)        1.555    -2.419    inst_svpwm/driver_inst/HB3/clk_out1
    SLICE_X13Y96         FDRE                                         r  inst_svpwm/driver_inst/HB3/pwm_n_reg/C
  -------------------------------------------------------------------    -------------------
    SLICE_X13Y96         FDRE (Prop_fdre_C_Q)         0.456    -1.963 r  inst_svpwm/driver_inst/HB3/pwm_n_reg/Q
                         net (fo=1, routed)           2.422     0.459    HB3_bot_OBUF
    B18                  OBUF (Prop_obuf_I_O)         3.564     4.024 r  HB3_bot_OBUF_inst/O
                         net (fo=0)                   0.000     4.024    HB3_bot
    B18                                                               r  HB3_bot (OUT)
  -------------------------------------------------------------------    -------------------

Slack:                    inf
  Source:                 spi_master/sclk_reg/C
                            (rising edge-triggered cell FDRE clocked by clk_out1_clk_wiz_0  {rise@0.000ns fall@10.000ns period=20.000ns})
  Destination:            sclk
                            (output port)
  Path Group:             (none)
  Path Type:              Max at Slow Process Corner
  Data Path Delay:        5.892ns  (logic 4.002ns (67.924%)  route 1.890ns (32.076%))
  Logic Levels:           1  (OBUF=1)
  Clock Uncertainty:      0.260ns  ((TSJ^2 + DJ^2)^1/2) / 2 + PE
    Total System Jitter     (TSJ):    0.050ns
    Discrete Jitter          (DJ):    0.203ns
    Phase Error              (PE):    0.156ns

    Location             Delay type                Incr(ns)  Path(ns)    Netlist Resource(s)
  -------------------------------------------------------------------    -------------------
                         (clock clk_out1_clk_wiz_0 rise edge)
                                                      0.000     0.000 r  
    E3                                                0.000     0.000 r  clk (IN)
                         net (fo=0)                   0.000     0.000    pll_inst/inst/clk_in1
    E3                   IBUF (Prop_ibuf_I_O)         1.489     1.489 r  pll_inst/inst/clkin1_ibufg/O
                         net (fo=1, routed)           1.253     2.742    pll_inst/inst/clk_in1_clk_wiz_0
    PLLE2_ADV_X1Y1       PLLE2_ADV (Prop_plle2_adv_CLKIN1_CLKOUT0)
                                                     -8.467    -5.725 r  pll_inst/inst/plle2_adv_inst/CLKOUT0
                         net (fo=1, routed)           1.655    -4.070    pll_inst/inst/clk_out1_clk_wiz_0
    BUFGCTRL_X0Y16       BUFG (Prop_bufg_I_O)         0.096    -3.974 r  pll_inst/inst/clkout1_buf/O
                         net (fo=5373, routed)        1.606    -2.368    spi_master/clk_out1
    SLICE_X63Y73         FDRE                                         r  spi_master/sclk_reg/C
  -------------------------------------------------------------------    -------------------
    SLICE_X63Y73         FDRE (Prop_fdre_C_Q)         0.456    -1.912 r  spi_master/sclk_reg/Q
                         net (fo=2, routed)           1.890    -0.022    sclk_OBUF
    D4                   OBUF (Prop_obuf_I_O)         3.546     3.524 r  sclk_OBUF_inst/O
                         net (fo=0)                   0.000     3.524    sclk
    D4                                                                r  sclk (OUT)
  -------------------------------------------------------------------    -------------------

Slack:                    inf
  Source:                 spi_master/ss_n_reg[0]_lopt_replica/C
                            (rising edge-triggered cell FDPE clocked by clk_out1_clk_wiz_0  {rise@0.000ns fall@10.000ns period=20.000ns})
  Destination:            ss_n[0]
                            (output port)
  Path Group:             (none)
  Path Type:              Max at Slow Process Corner
  Data Path Delay:        5.753ns  (logic 3.999ns (69.517%)  route 1.754ns (30.483%))
  Logic Levels:           1  (OBUF=1)
  Clock Uncertainty:      0.260ns  ((TSJ^2 + DJ^2)^1/2) / 2 + PE
    Total System Jitter     (TSJ):    0.050ns
    Discrete Jitter          (DJ):    0.203ns
    Phase Error              (PE):    0.156ns

    Location             Delay type                Incr(ns)  Path(ns)    Netlist Resource(s)
  -------------------------------------------------------------------    -------------------
                         (clock clk_out1_clk_wiz_0 rise edge)
                                                      0.000     0.000 r  
    E3                                                0.000     0.000 r  clk (IN)
                         net (fo=0)                   0.000     0.000    pll_inst/inst/clk_in1
    E3                   IBUF (Prop_ibuf_I_O)         1.489     1.489 r  pll_inst/inst/clkin1_ibufg/O
                         net (fo=1, routed)           1.253     2.742    pll_inst/inst/clk_in1_clk_wiz_0
    PLLE2_ADV_X1Y1       PLLE2_ADV (Prop_plle2_adv_CLKIN1_CLKOUT0)
                                                     -8.467    -5.725 r  pll_inst/inst/plle2_adv_inst/CLKOUT0
                         net (fo=1, routed)           1.655    -4.070    pll_inst/inst/clk_out1_clk_wiz_0
    BUFGCTRL_X0Y16       BUFG (Prop_bufg_I_O)         0.096    -3.974 r  pll_inst/inst/clkout1_buf/O
                         net (fo=5373, routed)        1.607    -2.367    spi_master/clk_out1
    SLICE_X63Y72         FDPE                                         r  spi_master/ss_n_reg[0]_lopt_replica/C
  -------------------------------------------------------------------    -------------------
    SLICE_X63Y72         FDPE (Prop_fdpe_C_Q)         0.456    -1.911 r  spi_master/ss_n_reg[0]_lopt_replica/Q
                         net (fo=1, routed)           1.754    -0.157    lopt
    D3                   OBUF (Prop_obuf_I_O)         3.543     3.386 r  ss_n_OBUF[0]_inst/O
                         net (fo=0)                   0.000     3.386    ss_n[0]
    D3                                                                r  ss_n[0] (OUT)
  -------------------------------------------------------------------    -------------------





Min Delay Paths
--------------------------------------------------------------------------------------
Slack:                    inf
  Source:                 spi_master/ss_n_reg[0]_lopt_replica/C
                            (rising edge-triggered cell FDPE clocked by clk_out1_clk_wiz_0  {rise@0.000ns fall@10.000ns period=20.000ns})
  Destination:            ss_n[0]
                            (output port)
  Path Group:             (none)
  Path Type:              Min at Fast Process Corner
  Data Path Delay:        1.764ns  (logic 1.385ns (78.527%)  route 0.379ns (21.473%))
  Logic Levels:           1  (OBUF=1)
  Clock Uncertainty:      0.260ns  ((TSJ^2 + DJ^2)^1/2) / 2 + PE
    Total System Jitter     (TSJ):    0.050ns
    Discrete Jitter          (DJ):    0.203ns
    Phase Error              (PE):    0.156ns

    Location             Delay type                Incr(ns)  Path(ns)    Netlist Resource(s)
  -------------------------------------------------------------------    -------------------
                         (clock clk_out1_clk_wiz_0 rise edge)
                                                      0.000     0.000 r  
    E3                                                0.000     0.000 r  clk (IN)
                         net (fo=0)                   0.000     0.000    pll_inst/inst/clk_in1
    E3                   IBUF (Prop_ibuf_I_O)         0.257     0.257 r  pll_inst/inst/clkin1_ibufg/O
                         net (fo=1, routed)           0.440     0.697    pll_inst/inst/clk_in1_clk_wiz_0
    PLLE2_ADV_X1Y1       PLLE2_ADV (Prop_plle2_adv_CLKIN1_CLKOUT0)
                                                     -2.319    -1.622 r  pll_inst/inst/plle2_adv_inst/CLKOUT0
                         net (fo=1, routed)           0.501    -1.121    pll_inst/inst/clk_out1_clk_wiz_0
    BUFGCTRL_X0Y16       BUFG (Prop_bufg_I_O)         0.026    -1.095 r  pll_inst/inst/clkout1_buf/O
                         net (fo=5373, routed)        0.581    -0.514    spi_master/clk_out1
    SLICE_X63Y72         FDPE                                         r  spi_master/ss_n_reg[0]_lopt_replica/C
  -------------------------------------------------------------------    -------------------
    SLICE_X63Y72         FDPE (Prop_fdpe_C_Q)         0.141    -0.373 r  spi_master/ss_n_reg[0]_lopt_replica/Q
                         net (fo=1, routed)           0.379     0.006    lopt
    D3                   OBUF (Prop_obuf_I_O)         1.244     1.250 r  ss_n_OBUF[0]_inst/O
                         net (fo=0)                   0.000     1.250    ss_n[0]
    D3                                                                r  ss_n[0] (OUT)
  -------------------------------------------------------------------    -------------------

Slack:                    inf
  Source:                 spi_master/sclk_reg/C
                            (rising edge-triggered cell FDRE clocked by clk_out1_clk_wiz_0  {rise@0.000ns fall@10.000ns period=20.000ns})
  Destination:            sclk
                            (output port)
  Path Group:             (none)
  Path Type:              Min at Fast Process Corner
  Data Path Delay:        1.831ns  (logic 1.388ns (75.804%)  route 0.443ns (24.196%))
  Logic Levels:           1  (OBUF=1)
  Clock Uncertainty:      0.260ns  ((TSJ^2 + DJ^2)^1/2) / 2 + PE
    Total System Jitter     (TSJ):    0.050ns
    Discrete Jitter          (DJ):    0.203ns
    Phase Error              (PE):    0.156ns

    Location             Delay type                Incr(ns)  Path(ns)    Netlist Resource(s)
  -------------------------------------------------------------------    -------------------
                         (clock clk_out1_clk_wiz_0 rise edge)
                                                      0.000     0.000 r  
    E3                                                0.000     0.000 r  clk (IN)
                         net (fo=0)                   0.000     0.000    pll_inst/inst/clk_in1
    E3                   IBUF (Prop_ibuf_I_O)         0.257     0.257 r  pll_inst/inst/clkin1_ibufg/O
                         net (fo=1, routed)           0.440     0.697    pll_inst/inst/clk_in1_clk_wiz_0
    PLLE2_ADV_X1Y1       PLLE2_ADV (Prop_plle2_adv_CLKIN1_CLKOUT0)
                                                     -2.319    -1.622 r  pll_inst/inst/plle2_adv_inst/CLKOUT0
                         net (fo=1, routed)           0.501    -1.121    pll_inst/inst/clk_out1_clk_wiz_0
    BUFGCTRL_X0Y16       BUFG (Prop_bufg_I_O)         0.026    -1.095 r  pll_inst/inst/clkout1_buf/O
                         net (fo=5373, routed)        0.579    -0.516    spi_master/clk_out1
    SLICE_X63Y73         FDRE                                         r  spi_master/sclk_reg/C
  -------------------------------------------------------------------    -------------------
    SLICE_X63Y73         FDRE (Prop_fdre_C_Q)         0.141    -0.375 r  spi_master/sclk_reg/Q
                         net (fo=2, routed)           0.443     0.068    sclk_OBUF
    D4                   OBUF (Prop_obuf_I_O)         1.247     1.315 r  sclk_OBUF_inst/O
                         net (fo=0)                   0.000     1.315    sclk
    D4                                                                r  sclk (OUT)
  -------------------------------------------------------------------    -------------------

Slack:                    inf
  Source:                 inst_svpwm/driver_inst/HB3/pwm_n_reg/C
                            (rising edge-triggered cell FDRE clocked by clk_out1_clk_wiz_0  {rise@0.000ns fall@10.000ns period=20.000ns})
  Destination:            HB3_bot
                            (output port)
  Path Group:             (none)
  Path Type:              Min at Fast Process Corner
  Data Path Delay:        2.129ns  (logic 1.406ns (66.038%)  route 0.723ns (33.962%))
  Logic Levels:           1  (OBUF=1)
  Clock Uncertainty:      0.260ns  ((TSJ^2 + DJ^2)^1/2) / 2 + PE
    Total System Jitter     (TSJ):    0.050ns
    Discrete Jitter          (DJ):    0.203ns
    Phase Error              (PE):    0.156ns

    Location             Delay type                Incr(ns)  Path(ns)    Netlist Resource(s)
  -------------------------------------------------------------------    -------------------
                         (clock clk_out1_clk_wiz_0 rise edge)
                                                      0.000     0.000 r  
    E3                                                0.000     0.000 r  clk (IN)
                         net (fo=0)                   0.000     0.000    pll_inst/inst/clk_in1
    E3                   IBUF (Prop_ibuf_I_O)         0.257     0.257 r  pll_inst/inst/clkin1_ibufg/O
                         net (fo=1, routed)           0.440     0.697    pll_inst/inst/clk_in1_clk_wiz_0
    PLLE2_ADV_X1Y1       PLLE2_ADV (Prop_plle2_adv_CLKIN1_CLKOUT0)
                                                     -2.319    -1.622 r  pll_inst/inst/plle2_adv_inst/CLKOUT0
                         net (fo=1, routed)           0.501    -1.121    pll_inst/inst/clk_out1_clk_wiz_0
    BUFGCTRL_X0Y16       BUFG (Prop_bufg_I_O)         0.026    -1.095 r  pll_inst/inst/clkout1_buf/O
                         net (fo=5373, routed)        0.562    -0.533    inst_svpwm/driver_inst/HB3/clk_out1
    SLICE_X13Y96         FDRE                                         r  inst_svpwm/driver_inst/HB3/pwm_n_reg/C
  -------------------------------------------------------------------    -------------------
    SLICE_X13Y96         FDRE (Prop_fdre_C_Q)         0.141    -0.392 r  inst_svpwm/driver_inst/HB3/pwm_n_reg/Q
                         net (fo=1, routed)           0.723     0.331    HB3_bot_OBUF
    B18                  OBUF (Prop_obuf_I_O)         1.265     1.596 r  HB3_bot_OBUF_inst/O
                         net (fo=0)                   0.000     1.596    HB3_bot
    B18                                                               r  HB3_bot (OUT)
  -------------------------------------------------------------------    -------------------

Slack:                    inf
  Source:                 inst_svpwm/driver_inst/HB1/pwm_reg/C
                            (rising edge-triggered cell FDRE clocked by clk_out1_clk_wiz_0  {rise@0.000ns fall@10.000ns period=20.000ns})
  Destination:            HB1_top
                            (output port)
  Path Group:             (none)
  Path Type:              Min at Fast Process Corner
  Data Path Delay:        2.113ns  (logic 1.370ns (64.826%)  route 0.743ns (35.174%))
  Logic Levels:           1  (OBUF=1)
  Clock Uncertainty:      0.260ns  ((TSJ^2 + DJ^2)^1/2) / 2 + PE
    Total System Jitter     (TSJ):    0.050ns
    Discrete Jitter          (DJ):    0.203ns
    Phase Error              (PE):    0.156ns

    Location             Delay type                Incr(ns)  Path(ns)    Netlist Resource(s)
  -------------------------------------------------------------------    -------------------
                         (clock clk_out1_clk_wiz_0 rise edge)
                                                      0.000     0.000 r  
    E3                                                0.000     0.000 r  clk (IN)
                         net (fo=0)                   0.000     0.000    pll_inst/inst/clk_in1
    E3                   IBUF (Prop_ibuf_I_O)         0.257     0.257 r  pll_inst/inst/clkin1_ibufg/O
                         net (fo=1, routed)           0.440     0.697    pll_inst/inst/clk_in1_clk_wiz_0
    PLLE2_ADV_X1Y1       PLLE2_ADV (Prop_plle2_adv_CLKIN1_CLKOUT0)
                                                     -2.319    -1.622 r  pll_inst/inst/plle2_adv_inst/CLKOUT0
                         net (fo=1, routed)           0.501    -1.121    pll_inst/inst/clk_out1_clk_wiz_0
    BUFGCTRL_X0Y16       BUFG (Prop_bufg_I_O)         0.026    -1.095 r  pll_inst/inst/clkout1_buf/O
                         net (fo=5373, routed)        0.641    -0.454    inst_svpwm/driver_inst/HB1/clk_out1
    SLICE_X26Y109        FDRE                                         r  inst_svpwm/driver_inst/HB1/pwm_reg/C
  -------------------------------------------------------------------    -------------------
    SLICE_X26Y109        FDRE (Prop_fdre_C_Q)         0.141    -0.313 r  inst_svpwm/driver_inst/HB1/pwm_reg/Q
                         net (fo=1, routed)           0.743     0.431    HB1_top_OBUF
    G13                  OBUF (Prop_obuf_I_O)         1.229     1.660 r  HB1_top_OBUF_inst/O
                         net (fo=0)                   0.000     1.660    HB1_top
    G13                                                               r  HB1_top (OUT)
  -------------------------------------------------------------------    -------------------

Slack:                    inf
  Source:                 inst_svpwm/driver_inst/HB1/pwm_n_reg/C
                            (rising edge-triggered cell FDRE clocked by clk_out1_clk_wiz_0  {rise@0.000ns fall@10.000ns period=20.000ns})
  Destination:            HB1_bot
                            (output port)
  Path Group:             (none)
  Path Type:              Min at Fast Process Corner
  Data Path Delay:        2.122ns  (logic 1.410ns (66.470%)  route 0.711ns (33.530%))
  Logic Levels:           1  (OBUF=1)
  Clock Uncertainty:      0.260ns  ((TSJ^2 + DJ^2)^1/2) / 2 + PE
    Total System Jitter     (TSJ):    0.050ns
    Discrete Jitter          (DJ):    0.203ns
    Phase Error              (PE):    0.156ns

    Location             Delay type                Incr(ns)  Path(ns)    Netlist Resource(s)
  -------------------------------------------------------------------    -------------------
                         (clock clk_out1_clk_wiz_0 rise edge)
                                                      0.000     0.000 r  
    E3                                                0.000     0.000 r  clk (IN)
                         net (fo=0)                   0.000     0.000    pll_inst/inst/clk_in1
    E3                   IBUF (Prop_ibuf_I_O)         0.257     0.257 r  pll_inst/inst/clkin1_ibufg/O
                         net (fo=1, routed)           0.440     0.697    pll_inst/inst/clk_in1_clk_wiz_0
    PLLE2_ADV_X1Y1       PLLE2_ADV (Prop_plle2_adv_CLKIN1_CLKOUT0)
                                                     -2.319    -1.622 r  pll_inst/inst/plle2_adv_inst/CLKOUT0
                         net (fo=1, routed)           0.501    -1.121    pll_inst/inst/clk_out1_clk_wiz_0
    BUFGCTRL_X0Y16       BUFG (Prop_bufg_I_O)         0.026    -1.095 r  pll_inst/inst/clkout1_buf/O
                         net (fo=5373, routed)        0.644    -0.451    inst_svpwm/driver_inst/HB1/clk_out1
    SLICE_X13Y105        FDRE                                         r  inst_svpwm/driver_inst/HB1/pwm_n_reg/C
  -------------------------------------------------------------------    -------------------
    SLICE_X13Y105        FDRE (Prop_fdre_C_Q)         0.141    -0.310 r  inst_svpwm/driver_inst/HB1/pwm_n_reg/Q
                         net (fo=1, routed)           0.711     0.402    HB1_bot_OBUF
    B11                  OBUF (Prop_obuf_I_O)         1.269     1.671 r  HB1_bot_OBUF_inst/O
                         net (fo=0)                   0.000     1.671    HB1_bot
    B11                                                               r  HB1_bot (OUT)
  -------------------------------------------------------------------    -------------------

Slack:                    inf
  Source:                 inst_svpwm/driver_inst/HB3/pwm_reg/C
                            (rising edge-triggered cell FDRE clocked by clk_out1_clk_wiz_0  {rise@0.000ns fall@10.000ns period=20.000ns})
  Destination:            HB3_top
                            (output port)
  Path Group:             (none)
  Path Type:              Min at Fast Process Corner
  Data Path Delay:        2.209ns  (logic 1.385ns (62.701%)  route 0.824ns (37.299%))
  Logic Levels:           1  (OBUF=1)
  Clock Uncertainty:      0.260ns  ((TSJ^2 + DJ^2)^1/2) / 2 + PE
    Total System Jitter     (TSJ):    0.050ns
    Discrete Jitter          (DJ):    0.203ns
    Phase Error              (PE):    0.156ns

    Location             Delay type                Incr(ns)  Path(ns)    Netlist Resource(s)
  -------------------------------------------------------------------    -------------------
                         (clock clk_out1_clk_wiz_0 rise edge)
                                                      0.000     0.000 r  
    E3                                                0.000     0.000 r  clk (IN)
                         net (fo=0)                   0.000     0.000    pll_inst/inst/clk_in1
    E3                   IBUF (Prop_ibuf_I_O)         0.257     0.257 r  pll_inst/inst/clkin1_ibufg/O
                         net (fo=1, routed)           0.440     0.697    pll_inst/inst/clk_in1_clk_wiz_0
    PLLE2_ADV_X1Y1       PLLE2_ADV (Prop_plle2_adv_CLKIN1_CLKOUT0)
                                                     -2.319    -1.622 r  pll_inst/inst/plle2_adv_inst/CLKOUT0
                         net (fo=1, routed)           0.501    -1.121    pll_inst/inst/clk_out1_clk_wiz_0
    BUFGCTRL_X0Y16       BUFG (Prop_bufg_I_O)         0.026    -1.095 r  pll_inst/inst/clkout1_buf/O
                         net (fo=5373, routed)        0.644    -0.451    inst_svpwm/driver_inst/HB3/clk_out1
    SLICE_X15Y103        FDRE                                         r  inst_svpwm/driver_inst/HB3/pwm_reg/C
  -------------------------------------------------------------------    -------------------
    SLICE_X15Y103        FDRE (Prop_fdre_C_Q)         0.141    -0.310 r  inst_svpwm/driver_inst/HB3/pwm_reg/Q
                         net (fo=1, routed)           0.824     0.514    HB3_top_OBUF
    D13                  OBUF (Prop_obuf_I_O)         1.244     1.759 r  HB3_top_OBUF_inst/O
                         net (fo=0)                   0.000     1.759    HB3_top
    D13                                                               r  HB3_top (OUT)
  -------------------------------------------------------------------    -------------------

Slack:                    inf
  Source:                 inst_svpwm/driver_inst/HB2/pwm_reg/C
                            (rising edge-triggered cell FDRE clocked by clk_out1_clk_wiz_0  {rise@0.000ns fall@10.000ns period=20.000ns})
  Destination:            HB2_top
                            (output port)
  Path Group:             (none)
  Path Type:              Min at Fast Process Corner
  Data Path Delay:        2.234ns  (logic 1.406ns (62.929%)  route 0.828ns (37.071%))
  Logic Levels:           1  (OBUF=1)
  Clock Uncertainty:      0.260ns  ((TSJ^2 + DJ^2)^1/2) / 2 + PE
    Total System Jitter     (TSJ):    0.050ns
    Discrete Jitter          (DJ):    0.203ns
    Phase Error              (PE):    0.156ns

    Location             Delay type                Incr(ns)  Path(ns)    Netlist Resource(s)
  -------------------------------------------------------------------    -------------------
                         (clock clk_out1_clk_wiz_0 rise edge)
                                                      0.000     0.000 r  
    E3                                                0.000     0.000 r  clk (IN)
                         net (fo=0)                   0.000     0.000    pll_inst/inst/clk_in1
    E3                   IBUF (Prop_ibuf_I_O)         0.257     0.257 r  pll_inst/inst/clkin1_ibufg/O
                         net (fo=1, routed)           0.440     0.697    pll_inst/inst/clk_in1_clk_wiz_0
    PLLE2_ADV_X1Y1       PLLE2_ADV (Prop_plle2_adv_CLKIN1_CLKOUT0)
                                                     -2.319    -1.622 r  pll_inst/inst/plle2_adv_inst/CLKOUT0
                         net (fo=1, routed)           0.501    -1.121    pll_inst/inst/clk_out1_clk_wiz_0
    BUFGCTRL_X0Y16       BUFG (Prop_bufg_I_O)         0.026    -1.095 r  pll_inst/inst/clkout1_buf/O
                         net (fo=5373, routed)        0.641    -0.454    inst_svpwm/driver_inst/HB2/clk_out1
    SLICE_X41Y106        FDRE                                         r  inst_svpwm/driver_inst/HB2/pwm_reg/C
  -------------------------------------------------------------------    -------------------
    SLICE_X41Y106        FDRE (Prop_fdre_C_Q)         0.141    -0.313 r  inst_svpwm/driver_inst/HB2/pwm_reg/Q
                         net (fo=1, routed)           0.828     0.515    HB2_top_OBUF
    A11                  OBUF (Prop_obuf_I_O)         1.265     1.780 r  HB2_top_OBUF_inst/O
                         net (fo=0)                   0.000     1.780    HB2_top
    A11                                                               r  HB2_top (OUT)
  -------------------------------------------------------------------    -------------------

Slack:                    inf
  Source:                 inst_svpwm/driver_inst/HB2/pwm_n_reg/C
                            (rising edge-triggered cell FDRE clocked by clk_out1_clk_wiz_0  {rise@0.000ns fall@10.000ns period=20.000ns})
  Destination:            HB2_bot
                            (output port)
  Path Group:             (none)
  Path Type:              Min at Fast Process Corner
  Data Path Delay:        2.418ns  (logic 1.388ns (57.392%)  route 1.030ns (42.608%))
  Logic Levels:           1  (OBUF=1)
  Clock Uncertainty:      0.260ns  ((TSJ^2 + DJ^2)^1/2) / 2 + PE
    Total System Jitter     (TSJ):    0.050ns
    Discrete Jitter          (DJ):    0.203ns
    Phase Error              (PE):    0.156ns

    Location             Delay type                Incr(ns)  Path(ns)    Netlist Resource(s)
  -------------------------------------------------------------------    -------------------
                         (clock clk_out1_clk_wiz_0 rise edge)
                                                      0.000     0.000 r  
    E3                                                0.000     0.000 r  clk (IN)
                         net (fo=0)                   0.000     0.000    pll_inst/inst/clk_in1
    E3                   IBUF (Prop_ibuf_I_O)         0.257     0.257 r  pll_inst/inst/clkin1_ibufg/O
                         net (fo=1, routed)           0.440     0.697    pll_inst/inst/clk_in1_clk_wiz_0
    PLLE2_ADV_X1Y1       PLLE2_ADV (Prop_plle2_adv_CLKIN1_CLKOUT0)
                                                     -2.319    -1.622 r  pll_inst/inst/plle2_adv_inst/CLKOUT0
                         net (fo=1, routed)           0.501    -1.121    pll_inst/inst/clk_out1_clk_wiz_0
    BUFGCTRL_X0Y16       BUFG (Prop_bufg_I_O)         0.026    -1.095 r  pll_inst/inst/clkout1_buf/O
                         net (fo=5373, routed)        0.641    -0.454    inst_svpwm/driver_inst/HB2/clk_out1
    SLICE_X41Y103        FDRE                                         r  inst_svpwm/driver_inst/HB2/pwm_n_reg/C
  -------------------------------------------------------------------    -------------------
    SLICE_X41Y103        FDRE (Prop_fdre_C_Q)         0.141    -0.313 r  inst_svpwm/driver_inst/HB2/pwm_n_reg/Q
                         net (fo=1, routed)           1.030     0.718    HB2_bot_OBUF
    D12                  OBUF (Prop_obuf_I_O)         1.247     1.965 r  HB2_bot_OBUF_inst/O
                         net (fo=0)                   0.000     1.965    HB2_bot
    D12                                                               r  HB2_bot (OUT)
  -------------------------------------------------------------------    -------------------





--------------------------------------------------------------------------------------
Path Group:  (none)
From Clock:  clk_out1_clk_wiz_0_1
  To Clock:  

Max Delay             8 Endpoints
Min Delay             8 Endpoints
--------------------------------------------------------------------------------------


Max Delay Paths
--------------------------------------------------------------------------------------
Slack:                    inf
  Source:                 inst_svpwm/driver_inst/HB2/pwm_n_reg/C
                            (rising edge-triggered cell FDRE clocked by clk_out1_clk_wiz_0_1  {rise@0.000ns fall@10.000ns period=20.000ns})
  Destination:            HB2_bot
                            (output port)
  Path Group:             (none)
  Path Type:              Max at Slow Process Corner
  Data Path Delay:        7.236ns  (logic 4.002ns (55.313%)  route 3.233ns (44.687%))
  Logic Levels:           1  (OBUF=1)
  Clock Uncertainty:      0.255ns  ((TSJ^2 + DJ^2)^1/2) / 2 + PE
    Total System Jitter     (TSJ):    0.050ns
    Discrete Jitter          (DJ):    0.193ns
    Phase Error              (PE):    0.156ns

    Location             Delay type                Incr(ns)  Path(ns)    Netlist Resource(s)
  -------------------------------------------------------------------    -------------------
                         (clock clk_out1_clk_wiz_0_1 rise edge)
                                                      0.000     0.000 r  
    E3                                                0.000     0.000 r  clk (IN)
                         net (fo=0)                   0.000     0.000    pll_inst/inst/clk_in1
    E3                   IBUF (Prop_ibuf_I_O)         1.489     1.489 r  pll_inst/inst/clkin1_ibufg/O
                         net (fo=1, routed)           1.253     2.742    pll_inst/inst/clk_in1_clk_wiz_0
    PLLE2_ADV_X1Y1       PLLE2_ADV (Prop_plle2_adv_CLKIN1_CLKOUT0)
                                                     -8.467    -5.725 r  pll_inst/inst/plle2_adv_inst/CLKOUT0
                         net (fo=1, routed)           1.655    -4.070    pll_inst/inst/clk_out1_clk_wiz_0
    BUFGCTRL_X0Y16       BUFG (Prop_bufg_I_O)         0.096    -3.974 r  pll_inst/inst/clkout1_buf/O
                         net (fo=5373, routed)        1.733    -2.241    inst_svpwm/driver_inst/HB2/clk_out1
    SLICE_X41Y103        FDRE                                         r  inst_svpwm/driver_inst/HB2/pwm_n_reg/C
  -------------------------------------------------------------------    -------------------
    SLICE_X41Y103        FDRE (Prop_fdre_C_Q)         0.456    -1.785 r  inst_svpwm/driver_inst/HB2/pwm_n_reg/Q
                         net (fo=1, routed)           3.233     1.449    HB2_bot_OBUF
    D12                  OBUF (Prop_obuf_I_O)         3.546     4.995 r  HB2_bot_OBUF_inst/O
                         net (fo=0)                   0.000     4.995    HB2_bot
    D12                                                               r  HB2_bot (OUT)
  -------------------------------------------------------------------    -------------------

Slack:                    inf
  Source:                 inst_svpwm/driver_inst/HB2/pwm_reg/C
                            (rising edge-triggered cell FDRE clocked by clk_out1_clk_wiz_0_1  {rise@0.000ns fall@10.000ns period=20.000ns})
  Destination:            HB2_top
                            (output port)
  Path Group:             (none)
  Path Type:              Max at Slow Process Corner
  Data Path Delay:        6.844ns  (logic 4.020ns (58.738%)  route 2.824ns (41.262%))
  Logic Levels:           1  (OBUF=1)
  Clock Uncertainty:      0.255ns  ((TSJ^2 + DJ^2)^1/2) / 2 + PE
    Total System Jitter     (TSJ):    0.050ns
    Discrete Jitter          (DJ):    0.193ns
    Phase Error              (PE):    0.156ns

    Location             Delay type                Incr(ns)  Path(ns)    Netlist Resource(s)
  -------------------------------------------------------------------    -------------------
                         (clock clk_out1_clk_wiz_0_1 rise edge)
                                                      0.000     0.000 r  
    E3                                                0.000     0.000 r  clk (IN)
                         net (fo=0)                   0.000     0.000    pll_inst/inst/clk_in1
    E3                   IBUF (Prop_ibuf_I_O)         1.489     1.489 r  pll_inst/inst/clkin1_ibufg/O
                         net (fo=1, routed)           1.253     2.742    pll_inst/inst/clk_in1_clk_wiz_0
    PLLE2_ADV_X1Y1       PLLE2_ADV (Prop_plle2_adv_CLKIN1_CLKOUT0)
                                                     -8.467    -5.725 r  pll_inst/inst/plle2_adv_inst/CLKOUT0
                         net (fo=1, routed)           1.655    -4.070    pll_inst/inst/clk_out1_clk_wiz_0
    BUFGCTRL_X0Y16       BUFG (Prop_bufg_I_O)         0.096    -3.974 r  pll_inst/inst/clkout1_buf/O
                         net (fo=5373, routed)        1.733    -2.241    inst_svpwm/driver_inst/HB2/clk_out1
    SLICE_X41Y106        FDRE                                         r  inst_svpwm/driver_inst/HB2/pwm_reg/C
  -------------------------------------------------------------------    -------------------
    SLICE_X41Y106        FDRE (Prop_fdre_C_Q)         0.456    -1.785 r  inst_svpwm/driver_inst/HB2/pwm_reg/Q
                         net (fo=1, routed)           2.824     1.040    HB2_top_OBUF
    A11                  OBUF (Prop_obuf_I_O)         3.564     4.604 r  HB2_top_OBUF_inst/O
                         net (fo=0)                   0.000     4.604    HB2_top
    A11                                                               r  HB2_top (OUT)
  -------------------------------------------------------------------    -------------------

Slack:                    inf
  Source:                 inst_svpwm/driver_inst/HB3/pwm_reg/C
                            (rising edge-triggered cell FDRE clocked by clk_out1_clk_wiz_0_1  {rise@0.000ns fall@10.000ns period=20.000ns})
  Destination:            HB3_top
                            (output port)
  Path Group:             (none)
  Path Type:              Max at Slow Process Corner
  Data Path Delay:        6.709ns  (logic 4.000ns (59.618%)  route 2.709ns (40.382%))
  Logic Levels:           1  (OBUF=1)
  Clock Uncertainty:      0.255ns  ((TSJ^2 + DJ^2)^1/2) / 2 + PE
    Total System Jitter     (TSJ):    0.050ns
    Discrete Jitter          (DJ):    0.193ns
    Phase Error              (PE):    0.156ns

    Location             Delay type                Incr(ns)  Path(ns)    Netlist Resource(s)
  -------------------------------------------------------------------    -------------------
                         (clock clk_out1_clk_wiz_0_1 rise edge)
                                                      0.000     0.000 r  
    E3                                                0.000     0.000 r  clk (IN)
                         net (fo=0)                   0.000     0.000    pll_inst/inst/clk_in1
    E3                   IBUF (Prop_ibuf_I_O)         1.489     1.489 r  pll_inst/inst/clkin1_ibufg/O
                         net (fo=1, routed)           1.253     2.742    pll_inst/inst/clk_in1_clk_wiz_0
    PLLE2_ADV_X1Y1       PLLE2_ADV (Prop_plle2_adv_CLKIN1_CLKOUT0)
                                                     -8.467    -5.725 r  pll_inst/inst/plle2_adv_inst/CLKOUT0
                         net (fo=1, routed)           1.655    -4.070    pll_inst/inst/clk_out1_clk_wiz_0
    BUFGCTRL_X0Y16       BUFG (Prop_bufg_I_O)         0.096    -3.974 r  pll_inst/inst/clkout1_buf/O
                         net (fo=5373, routed)        1.738    -2.236    inst_svpwm/driver_inst/HB3/clk_out1
    SLICE_X15Y103        FDRE                                         r  inst_svpwm/driver_inst/HB3/pwm_reg/C
  -------------------------------------------------------------------    -------------------
    SLICE_X15Y103        FDRE (Prop_fdre_C_Q)         0.456    -1.780 r  inst_svpwm/driver_inst/HB3/pwm_reg/Q
                         net (fo=1, routed)           2.709     0.929    HB3_top_OBUF
    D13                  OBUF (Prop_obuf_I_O)         3.544     4.473 r  HB3_top_OBUF_inst/O
                         net (fo=0)                   0.000     4.473    HB3_top
    D13                                                               r  HB3_top (OUT)
  -------------------------------------------------------------------    -------------------

Slack:                    inf
  Source:                 inst_svpwm/driver_inst/HB1/pwm_reg/C
                            (rising edge-triggered cell FDRE clocked by clk_out1_clk_wiz_0_1  {rise@0.000ns fall@10.000ns period=20.000ns})
  Destination:            HB1_top
                            (output port)
  Path Group:             (none)
  Path Type:              Max at Slow Process Corner
  Data Path Delay:        6.578ns  (logic 3.984ns (60.563%)  route 2.594ns (39.437%))
  Logic Levels:           1  (OBUF=1)
  Clock Uncertainty:      0.255ns  ((TSJ^2 + DJ^2)^1/2) / 2 + PE
    Total System Jitter     (TSJ):    0.050ns
    Discrete Jitter          (DJ):    0.193ns
    Phase Error              (PE):    0.156ns

    Location             Delay type                Incr(ns)  Path(ns)    Netlist Resource(s)
  -------------------------------------------------------------------    -------------------
                         (clock clk_out1_clk_wiz_0_1 rise edge)
                                                      0.000     0.000 r  
    E3                                                0.000     0.000 r  clk (IN)
                         net (fo=0)                   0.000     0.000    pll_inst/inst/clk_in1
    E3                   IBUF (Prop_ibuf_I_O)         1.489     1.489 r  pll_inst/inst/clkin1_ibufg/O
                         net (fo=1, routed)           1.253     2.742    pll_inst/inst/clk_in1_clk_wiz_0
    PLLE2_ADV_X1Y1       PLLE2_ADV (Prop_plle2_adv_CLKIN1_CLKOUT0)
                                                     -8.467    -5.725 r  pll_inst/inst/plle2_adv_inst/CLKOUT0
                         net (fo=1, routed)           1.655    -4.070    pll_inst/inst/clk_out1_clk_wiz_0
    BUFGCTRL_X0Y16       BUFG (Prop_bufg_I_O)         0.096    -3.974 r  pll_inst/inst/clkout1_buf/O
                         net (fo=5373, routed)        1.734    -2.240    inst_svpwm/driver_inst/HB1/clk_out1
    SLICE_X26Y109        FDRE                                         r  inst_svpwm/driver_inst/HB1/pwm_reg/C
  -------------------------------------------------------------------    -------------------
    SLICE_X26Y109        FDRE (Prop_fdre_C_Q)         0.456    -1.784 r  inst_svpwm/driver_inst/HB1/pwm_reg/Q
                         net (fo=1, routed)           2.594     0.811    HB1_top_OBUF
    G13                  OBUF (Prop_obuf_I_O)         3.528     4.339 r  HB1_top_OBUF_inst/O
                         net (fo=0)                   0.000     4.339    HB1_top
    G13                                                               r  HB1_top (OUT)
  -------------------------------------------------------------------    -------------------

Slack:                    inf
  Source:                 inst_svpwm/driver_inst/HB1/pwm_n_reg/C
                            (rising edge-triggered cell FDRE clocked by clk_out1_clk_wiz_0_1  {rise@0.000ns fall@10.000ns period=20.000ns})
  Destination:            HB1_bot
                            (output port)
  Path Group:             (none)
  Path Type:              Max at Slow Process Corner
  Data Path Delay:        6.432ns  (logic 4.025ns (62.572%)  route 2.407ns (37.428%))
  Logic Levels:           1  (OBUF=1)
  Clock Uncertainty:      0.255ns  ((TSJ^2 + DJ^2)^1/2) / 2 + PE
    Total System Jitter     (TSJ):    0.050ns
    Discrete Jitter          (DJ):    0.193ns
    Phase Error              (PE):    0.156ns

    Location             Delay type                Incr(ns)  Path(ns)    Netlist Resource(s)
  -------------------------------------------------------------------    -------------------
                         (clock clk_out1_clk_wiz_0_1 rise edge)
                                                      0.000     0.000 r  
    E3                                                0.000     0.000 r  clk (IN)
                         net (fo=0)                   0.000     0.000    pll_inst/inst/clk_in1
    E3                   IBUF (Prop_ibuf_I_O)         1.489     1.489 r  pll_inst/inst/clkin1_ibufg/O
                         net (fo=1, routed)           1.253     2.742    pll_inst/inst/clk_in1_clk_wiz_0
    PLLE2_ADV_X1Y1       PLLE2_ADV (Prop_plle2_adv_CLKIN1_CLKOUT0)
                                                     -8.467    -5.725 r  pll_inst/inst/plle2_adv_inst/CLKOUT0
                         net (fo=1, routed)           1.655    -4.070    pll_inst/inst/clk_out1_clk_wiz_0
    BUFGCTRL_X0Y16       BUFG (Prop_bufg_I_O)         0.096    -3.974 r  pll_inst/inst/clkout1_buf/O
                         net (fo=5373, routed)        1.738    -2.236    inst_svpwm/driver_inst/HB1/clk_out1
    SLICE_X13Y105        FDRE                                         r  inst_svpwm/driver_inst/HB1/pwm_n_reg/C
  -------------------------------------------------------------------    -------------------
    SLICE_X13Y105        FDRE (Prop_fdre_C_Q)         0.456    -1.780 r  inst_svpwm/driver_inst/HB1/pwm_n_reg/Q
                         net (fo=1, routed)           2.407     0.628    HB1_bot_OBUF
    B11                  OBUF (Prop_obuf_I_O)         3.569     4.197 r  HB1_bot_OBUF_inst/O
                         net (fo=0)                   0.000     4.197    HB1_bot
    B11                                                               r  HB1_bot (OUT)
  -------------------------------------------------------------------    -------------------

Slack:                    inf
  Source:                 inst_svpwm/driver_inst/HB3/pwm_n_reg/C
                            (rising edge-triggered cell FDRE clocked by clk_out1_clk_wiz_0_1  {rise@0.000ns fall@10.000ns period=20.000ns})
  Destination:            HB3_bot
                            (output port)
  Path Group:             (none)
  Path Type:              Max at Slow Process Corner
  Data Path Delay:        6.443ns  (logic 4.020ns (62.405%)  route 2.422ns (37.595%))
  Logic Levels:           1  (OBUF=1)
  Clock Uncertainty:      0.255ns  ((TSJ^2 + DJ^2)^1/2) / 2 + PE
    Total System Jitter     (TSJ):    0.050ns
    Discrete Jitter          (DJ):    0.193ns
    Phase Error              (PE):    0.156ns

    Location             Delay type                Incr(ns)  Path(ns)    Netlist Resource(s)
  -------------------------------------------------------------------    -------------------
                         (clock clk_out1_clk_wiz_0_1 rise edge)
                                                      0.000     0.000 r  
    E3                                                0.000     0.000 r  clk (IN)
                         net (fo=0)                   0.000     0.000    pll_inst/inst/clk_in1
    E3                   IBUF (Prop_ibuf_I_O)         1.489     1.489 r  pll_inst/inst/clkin1_ibufg/O
                         net (fo=1, routed)           1.253     2.742    pll_inst/inst/clk_in1_clk_wiz_0
    PLLE2_ADV_X1Y1       PLLE2_ADV (Prop_plle2_adv_CLKIN1_CLKOUT0)
                                                     -8.467    -5.725 r  pll_inst/inst/plle2_adv_inst/CLKOUT0
                         net (fo=1, routed)           1.655    -4.070    pll_inst/inst/clk_out1_clk_wiz_0
    BUFGCTRL_X0Y16       BUFG (Prop_bufg_I_O)         0.096    -3.974 r  pll_inst/inst/clkout1_buf/O
                         net (fo=5373, routed)        1.555    -2.419    inst_svpwm/driver_inst/HB3/clk_out1
    SLICE_X13Y96         FDRE                                         r  inst_svpwm/driver_inst/HB3/pwm_n_reg/C
  -------------------------------------------------------------------    -------------------
    SLICE_X13Y96         FDRE (Prop_fdre_C_Q)         0.456    -1.963 r  inst_svpwm/driver_inst/HB3/pwm_n_reg/Q
                         net (fo=1, routed)           2.422     0.459    HB3_bot_OBUF
    B18                  OBUF (Prop_obuf_I_O)         3.564     4.024 r  HB3_bot_OBUF_inst/O
                         net (fo=0)                   0.000     4.024    HB3_bot
    B18                                                               r  HB3_bot (OUT)
  -------------------------------------------------------------------    -------------------

Slack:                    inf
  Source:                 spi_master/sclk_reg/C
                            (rising edge-triggered cell FDRE clocked by clk_out1_clk_wiz_0_1  {rise@0.000ns fall@10.000ns period=20.000ns})
  Destination:            sclk
                            (output port)
  Path Group:             (none)
  Path Type:              Max at Slow Process Corner
  Data Path Delay:        5.892ns  (logic 4.002ns (67.924%)  route 1.890ns (32.076%))
  Logic Levels:           1  (OBUF=1)
  Clock Uncertainty:      0.255ns  ((TSJ^2 + DJ^2)^1/2) / 2 + PE
    Total System Jitter     (TSJ):    0.050ns
    Discrete Jitter          (DJ):    0.193ns
    Phase Error              (PE):    0.156ns

    Location             Delay type                Incr(ns)  Path(ns)    Netlist Resource(s)
  -------------------------------------------------------------------    -------------------
                         (clock clk_out1_clk_wiz_0_1 rise edge)
                                                      0.000     0.000 r  
    E3                                                0.000     0.000 r  clk (IN)
                         net (fo=0)                   0.000     0.000    pll_inst/inst/clk_in1
    E3                   IBUF (Prop_ibuf_I_O)         1.489     1.489 r  pll_inst/inst/clkin1_ibufg/O
                         net (fo=1, routed)           1.253     2.742    pll_inst/inst/clk_in1_clk_wiz_0
    PLLE2_ADV_X1Y1       PLLE2_ADV (Prop_plle2_adv_CLKIN1_CLKOUT0)
                                                     -8.467    -5.725 r  pll_inst/inst/plle2_adv_inst/CLKOUT0
                         net (fo=1, routed)           1.655    -4.070    pll_inst/inst/clk_out1_clk_wiz_0
    BUFGCTRL_X0Y16       BUFG (Prop_bufg_I_O)         0.096    -3.974 r  pll_inst/inst/clkout1_buf/O
                         net (fo=5373, routed)        1.606    -2.368    spi_master/clk_out1
    SLICE_X63Y73         FDRE                                         r  spi_master/sclk_reg/C
  -------------------------------------------------------------------    -------------------
    SLICE_X63Y73         FDRE (Prop_fdre_C_Q)         0.456    -1.912 r  spi_master/sclk_reg/Q
                         net (fo=2, routed)           1.890    -0.022    sclk_OBUF
    D4                   OBUF (Prop_obuf_I_O)         3.546     3.524 r  sclk_OBUF_inst/O
                         net (fo=0)                   0.000     3.524    sclk
    D4                                                                r  sclk (OUT)
  -------------------------------------------------------------------    -------------------

Slack:                    inf
  Source:                 spi_master/ss_n_reg[0]_lopt_replica/C
                            (rising edge-triggered cell FDPE clocked by clk_out1_clk_wiz_0_1  {rise@0.000ns fall@10.000ns period=20.000ns})
  Destination:            ss_n[0]
                            (output port)
  Path Group:             (none)
  Path Type:              Max at Slow Process Corner
  Data Path Delay:        5.753ns  (logic 3.999ns (69.517%)  route 1.754ns (30.483%))
  Logic Levels:           1  (OBUF=1)
  Clock Uncertainty:      0.255ns  ((TSJ^2 + DJ^2)^1/2) / 2 + PE
    Total System Jitter     (TSJ):    0.050ns
    Discrete Jitter          (DJ):    0.193ns
    Phase Error              (PE):    0.156ns

    Location             Delay type                Incr(ns)  Path(ns)    Netlist Resource(s)
  -------------------------------------------------------------------    -------------------
                         (clock clk_out1_clk_wiz_0_1 rise edge)
                                                      0.000     0.000 r  
    E3                                                0.000     0.000 r  clk (IN)
                         net (fo=0)                   0.000     0.000    pll_inst/inst/clk_in1
    E3                   IBUF (Prop_ibuf_I_O)         1.489     1.489 r  pll_inst/inst/clkin1_ibufg/O
                         net (fo=1, routed)           1.253     2.742    pll_inst/inst/clk_in1_clk_wiz_0
    PLLE2_ADV_X1Y1       PLLE2_ADV (Prop_plle2_adv_CLKIN1_CLKOUT0)
                                                     -8.467    -5.725 r  pll_inst/inst/plle2_adv_inst/CLKOUT0
                         net (fo=1, routed)           1.655    -4.070    pll_inst/inst/clk_out1_clk_wiz_0
    BUFGCTRL_X0Y16       BUFG (Prop_bufg_I_O)         0.096    -3.974 r  pll_inst/inst/clkout1_buf/O
                         net (fo=5373, routed)        1.607    -2.367    spi_master/clk_out1
    SLICE_X63Y72         FDPE                                         r  spi_master/ss_n_reg[0]_lopt_replica/C
  -------------------------------------------------------------------    -------------------
    SLICE_X63Y72         FDPE (Prop_fdpe_C_Q)         0.456    -1.911 r  spi_master/ss_n_reg[0]_lopt_replica/Q
                         net (fo=1, routed)           1.754    -0.157    lopt
    D3                   OBUF (Prop_obuf_I_O)         3.543     3.386 r  ss_n_OBUF[0]_inst/O
                         net (fo=0)                   0.000     3.386    ss_n[0]
    D3                                                                r  ss_n[0] (OUT)
  -------------------------------------------------------------------    -------------------





Min Delay Paths
--------------------------------------------------------------------------------------
Slack:                    inf
  Source:                 spi_master/ss_n_reg[0]_lopt_replica/C
                            (rising edge-triggered cell FDPE clocked by clk_out1_clk_wiz_0_1  {rise@0.000ns fall@10.000ns period=20.000ns})
  Destination:            ss_n[0]
                            (output port)
  Path Group:             (none)
  Path Type:              Min at Fast Process Corner
  Data Path Delay:        1.764ns  (logic 1.385ns (78.527%)  route 0.379ns (21.473%))
  Logic Levels:           1  (OBUF=1)
  Clock Uncertainty:      0.255ns  ((TSJ^2 + DJ^2)^1/2) / 2 + PE
    Total System Jitter     (TSJ):    0.050ns
    Discrete Jitter          (DJ):    0.193ns
    Phase Error              (PE):    0.156ns

    Location             Delay type                Incr(ns)  Path(ns)    Netlist Resource(s)
  -------------------------------------------------------------------    -------------------
                         (clock clk_out1_clk_wiz_0_1 rise edge)
                                                      0.000     0.000 r  
    E3                                                0.000     0.000 r  clk (IN)
                         net (fo=0)                   0.000     0.000    pll_inst/inst/clk_in1
    E3                   IBUF (Prop_ibuf_I_O)         0.257     0.257 r  pll_inst/inst/clkin1_ibufg/O
                         net (fo=1, routed)           0.440     0.697    pll_inst/inst/clk_in1_clk_wiz_0
    PLLE2_ADV_X1Y1       PLLE2_ADV (Prop_plle2_adv_CLKIN1_CLKOUT0)
                                                     -2.319    -1.622 r  pll_inst/inst/plle2_adv_inst/CLKOUT0
                         net (fo=1, routed)           0.501    -1.121    pll_inst/inst/clk_out1_clk_wiz_0
    BUFGCTRL_X0Y16       BUFG (Prop_bufg_I_O)         0.026    -1.095 r  pll_inst/inst/clkout1_buf/O
                         net (fo=5373, routed)        0.581    -0.514    spi_master/clk_out1
    SLICE_X63Y72         FDPE                                         r  spi_master/ss_n_reg[0]_lopt_replica/C
  -------------------------------------------------------------------    -------------------
    SLICE_X63Y72         FDPE (Prop_fdpe_C_Q)         0.141    -0.373 r  spi_master/ss_n_reg[0]_lopt_replica/Q
                         net (fo=1, routed)           0.379     0.006    lopt
    D3                   OBUF (Prop_obuf_I_O)         1.244     1.250 r  ss_n_OBUF[0]_inst/O
                         net (fo=0)                   0.000     1.250    ss_n[0]
    D3                                                                r  ss_n[0] (OUT)
  -------------------------------------------------------------------    -------------------

Slack:                    inf
  Source:                 spi_master/sclk_reg/C
                            (rising edge-triggered cell FDRE clocked by clk_out1_clk_wiz_0_1  {rise@0.000ns fall@10.000ns period=20.000ns})
  Destination:            sclk
                            (output port)
  Path Group:             (none)
  Path Type:              Min at Fast Process Corner
  Data Path Delay:        1.831ns  (logic 1.388ns (75.804%)  route 0.443ns (24.196%))
  Logic Levels:           1  (OBUF=1)
  Clock Uncertainty:      0.255ns  ((TSJ^2 + DJ^2)^1/2) / 2 + PE
    Total System Jitter     (TSJ):    0.050ns
    Discrete Jitter          (DJ):    0.193ns
    Phase Error              (PE):    0.156ns

    Location             Delay type                Incr(ns)  Path(ns)    Netlist Resource(s)
  -------------------------------------------------------------------    -------------------
                         (clock clk_out1_clk_wiz_0_1 rise edge)
                                                      0.000     0.000 r  
    E3                                                0.000     0.000 r  clk (IN)
                         net (fo=0)                   0.000     0.000    pll_inst/inst/clk_in1
    E3                   IBUF (Prop_ibuf_I_O)         0.257     0.257 r  pll_inst/inst/clkin1_ibufg/O
                         net (fo=1, routed)           0.440     0.697    pll_inst/inst/clk_in1_clk_wiz_0
    PLLE2_ADV_X1Y1       PLLE2_ADV (Prop_plle2_adv_CLKIN1_CLKOUT0)
                                                     -2.319    -1.622 r  pll_inst/inst/plle2_adv_inst/CLKOUT0
                         net (fo=1, routed)           0.501    -1.121    pll_inst/inst/clk_out1_clk_wiz_0
    BUFGCTRL_X0Y16       BUFG (Prop_bufg_I_O)         0.026    -1.095 r  pll_inst/inst/clkout1_buf/O
                         net (fo=5373, routed)        0.579    -0.516    spi_master/clk_out1
    SLICE_X63Y73         FDRE                                         r  spi_master/sclk_reg/C
  -------------------------------------------------------------------    -------------------
    SLICE_X63Y73         FDRE (Prop_fdre_C_Q)         0.141    -0.375 r  spi_master/sclk_reg/Q
                         net (fo=2, routed)           0.443     0.068    sclk_OBUF
    D4                   OBUF (Prop_obuf_I_O)         1.247     1.315 r  sclk_OBUF_inst/O
                         net (fo=0)                   0.000     1.315    sclk
    D4                                                                r  sclk (OUT)
  -------------------------------------------------------------------    -------------------

Slack:                    inf
  Source:                 inst_svpwm/driver_inst/HB3/pwm_n_reg/C
                            (rising edge-triggered cell FDRE clocked by clk_out1_clk_wiz_0_1  {rise@0.000ns fall@10.000ns period=20.000ns})
  Destination:            HB3_bot
                            (output port)
  Path Group:             (none)
  Path Type:              Min at Fast Process Corner
  Data Path Delay:        2.129ns  (logic 1.406ns (66.038%)  route 0.723ns (33.962%))
  Logic Levels:           1  (OBUF=1)
  Clock Uncertainty:      0.255ns  ((TSJ^2 + DJ^2)^1/2) / 2 + PE
    Total System Jitter     (TSJ):    0.050ns
    Discrete Jitter          (DJ):    0.193ns
    Phase Error              (PE):    0.156ns

    Location             Delay type                Incr(ns)  Path(ns)    Netlist Resource(s)
  -------------------------------------------------------------------    -------------------
                         (clock clk_out1_clk_wiz_0_1 rise edge)
                                                      0.000     0.000 r  
    E3                                                0.000     0.000 r  clk (IN)
                         net (fo=0)                   0.000     0.000    pll_inst/inst/clk_in1
    E3                   IBUF (Prop_ibuf_I_O)         0.257     0.257 r  pll_inst/inst/clkin1_ibufg/O
                         net (fo=1, routed)           0.440     0.697    pll_inst/inst/clk_in1_clk_wiz_0
    PLLE2_ADV_X1Y1       PLLE2_ADV (Prop_plle2_adv_CLKIN1_CLKOUT0)
                                                     -2.319    -1.622 r  pll_inst/inst/plle2_adv_inst/CLKOUT0
                         net (fo=1, routed)           0.501    -1.121    pll_inst/inst/clk_out1_clk_wiz_0
    BUFGCTRL_X0Y16       BUFG (Prop_bufg_I_O)         0.026    -1.095 r  pll_inst/inst/clkout1_buf/O
                         net (fo=5373, routed)        0.562    -0.533    inst_svpwm/driver_inst/HB3/clk_out1
    SLICE_X13Y96         FDRE                                         r  inst_svpwm/driver_inst/HB3/pwm_n_reg/C
  -------------------------------------------------------------------    -------------------
    SLICE_X13Y96         FDRE (Prop_fdre_C_Q)         0.141    -0.392 r  inst_svpwm/driver_inst/HB3/pwm_n_reg/Q
                         net (fo=1, routed)           0.723     0.331    HB3_bot_OBUF
    B18                  OBUF (Prop_obuf_I_O)         1.265     1.596 r  HB3_bot_OBUF_inst/O
                         net (fo=0)                   0.000     1.596    HB3_bot
    B18                                                               r  HB3_bot (OUT)
  -------------------------------------------------------------------    -------------------

Slack:                    inf
  Source:                 inst_svpwm/driver_inst/HB1/pwm_reg/C
                            (rising edge-triggered cell FDRE clocked by clk_out1_clk_wiz_0_1  {rise@0.000ns fall@10.000ns period=20.000ns})
  Destination:            HB1_top
                            (output port)
  Path Group:             (none)
  Path Type:              Min at Fast Process Corner
  Data Path Delay:        2.113ns  (logic 1.370ns (64.826%)  route 0.743ns (35.174%))
  Logic Levels:           1  (OBUF=1)
  Clock Uncertainty:      0.255ns  ((TSJ^2 + DJ^2)^1/2) / 2 + PE
    Total System Jitter     (TSJ):    0.050ns
    Discrete Jitter          (DJ):    0.193ns
    Phase Error              (PE):    0.156ns

    Location             Delay type                Incr(ns)  Path(ns)    Netlist Resource(s)
  -------------------------------------------------------------------    -------------------
                         (clock clk_out1_clk_wiz_0_1 rise edge)
                                                      0.000     0.000 r  
    E3                                                0.000     0.000 r  clk (IN)
                         net (fo=0)                   0.000     0.000    pll_inst/inst/clk_in1
    E3                   IBUF (Prop_ibuf_I_O)         0.257     0.257 r  pll_inst/inst/clkin1_ibufg/O
                         net (fo=1, routed)           0.440     0.697    pll_inst/inst/clk_in1_clk_wiz_0
    PLLE2_ADV_X1Y1       PLLE2_ADV (Prop_plle2_adv_CLKIN1_CLKOUT0)
                                                     -2.319    -1.622 r  pll_inst/inst/plle2_adv_inst/CLKOUT0
                         net (fo=1, routed)           0.501    -1.121    pll_inst/inst/clk_out1_clk_wiz_0
    BUFGCTRL_X0Y16       BUFG (Prop_bufg_I_O)         0.026    -1.095 r  pll_inst/inst/clkout1_buf/O
                         net (fo=5373, routed)        0.641    -0.454    inst_svpwm/driver_inst/HB1/clk_out1
    SLICE_X26Y109        FDRE                                         r  inst_svpwm/driver_inst/HB1/pwm_reg/C
  -------------------------------------------------------------------    -------------------
    SLICE_X26Y109        FDRE (Prop_fdre_C_Q)         0.141    -0.313 r  inst_svpwm/driver_inst/HB1/pwm_reg/Q
                         net (fo=1, routed)           0.743     0.431    HB1_top_OBUF
    G13                  OBUF (Prop_obuf_I_O)         1.229     1.660 r  HB1_top_OBUF_inst/O
                         net (fo=0)                   0.000     1.660    HB1_top
    G13                                                               r  HB1_top (OUT)
  -------------------------------------------------------------------    -------------------

Slack:                    inf
  Source:                 inst_svpwm/driver_inst/HB1/pwm_n_reg/C
                            (rising edge-triggered cell FDRE clocked by clk_out1_clk_wiz_0_1  {rise@0.000ns fall@10.000ns period=20.000ns})
  Destination:            HB1_bot
                            (output port)
  Path Group:             (none)
  Path Type:              Min at Fast Process Corner
  Data Path Delay:        2.122ns  (logic 1.410ns (66.470%)  route 0.711ns (33.530%))
  Logic Levels:           1  (OBUF=1)
  Clock Uncertainty:      0.255ns  ((TSJ^2 + DJ^2)^1/2) / 2 + PE
    Total System Jitter     (TSJ):    0.050ns
    Discrete Jitter          (DJ):    0.193ns
    Phase Error              (PE):    0.156ns

    Location             Delay type                Incr(ns)  Path(ns)    Netlist Resource(s)
  -------------------------------------------------------------------    -------------------
                         (clock clk_out1_clk_wiz_0_1 rise edge)
                                                      0.000     0.000 r  
    E3                                                0.000     0.000 r  clk (IN)
                         net (fo=0)                   0.000     0.000    pll_inst/inst/clk_in1
    E3                   IBUF (Prop_ibuf_I_O)         0.257     0.257 r  pll_inst/inst/clkin1_ibufg/O
                         net (fo=1, routed)           0.440     0.697    pll_inst/inst/clk_in1_clk_wiz_0
    PLLE2_ADV_X1Y1       PLLE2_ADV (Prop_plle2_adv_CLKIN1_CLKOUT0)
                                                     -2.319    -1.622 r  pll_inst/inst/plle2_adv_inst/CLKOUT0
                         net (fo=1, routed)           0.501    -1.121    pll_inst/inst/clk_out1_clk_wiz_0
    BUFGCTRL_X0Y16       BUFG (Prop_bufg_I_O)         0.026    -1.095 r  pll_inst/inst/clkout1_buf/O
                         net (fo=5373, routed)        0.644    -0.451    inst_svpwm/driver_inst/HB1/clk_out1
    SLICE_X13Y105        FDRE                                         r  inst_svpwm/driver_inst/HB1/pwm_n_reg/C
  -------------------------------------------------------------------    -------------------
    SLICE_X13Y105        FDRE (Prop_fdre_C_Q)         0.141    -0.310 r  inst_svpwm/driver_inst/HB1/pwm_n_reg/Q
                         net (fo=1, routed)           0.711     0.402    HB1_bot_OBUF
    B11                  OBUF (Prop_obuf_I_O)         1.269     1.671 r  HB1_bot_OBUF_inst/O
                         net (fo=0)                   0.000     1.671    HB1_bot
    B11                                                               r  HB1_bot (OUT)
  -------------------------------------------------------------------    -------------------

Slack:                    inf
  Source:                 inst_svpwm/driver_inst/HB3/pwm_reg/C
                            (rising edge-triggered cell FDRE clocked by clk_out1_clk_wiz_0_1  {rise@0.000ns fall@10.000ns period=20.000ns})
  Destination:            HB3_top
                            (output port)
  Path Group:             (none)
  Path Type:              Min at Fast Process Corner
  Data Path Delay:        2.209ns  (logic 1.385ns (62.701%)  route 0.824ns (37.299%))
  Logic Levels:           1  (OBUF=1)
  Clock Uncertainty:      0.255ns  ((TSJ^2 + DJ^2)^1/2) / 2 + PE
    Total System Jitter     (TSJ):    0.050ns
    Discrete Jitter          (DJ):    0.193ns
    Phase Error              (PE):    0.156ns

    Location             Delay type                Incr(ns)  Path(ns)    Netlist Resource(s)
  -------------------------------------------------------------------    -------------------
                         (clock clk_out1_clk_wiz_0_1 rise edge)
                                                      0.000     0.000 r  
    E3                                                0.000     0.000 r  clk (IN)
                         net (fo=0)                   0.000     0.000    pll_inst/inst/clk_in1
    E3                   IBUF (Prop_ibuf_I_O)         0.257     0.257 r  pll_inst/inst/clkin1_ibufg/O
                         net (fo=1, routed)           0.440     0.697    pll_inst/inst/clk_in1_clk_wiz_0
    PLLE2_ADV_X1Y1       PLLE2_ADV (Prop_plle2_adv_CLKIN1_CLKOUT0)
                                                     -2.319    -1.622 r  pll_inst/inst/plle2_adv_inst/CLKOUT0
                         net (fo=1, routed)           0.501    -1.121    pll_inst/inst/clk_out1_clk_wiz_0
    BUFGCTRL_X0Y16       BUFG (Prop_bufg_I_O)         0.026    -1.095 r  pll_inst/inst/clkout1_buf/O
                         net (fo=5373, routed)        0.644    -0.451    inst_svpwm/driver_inst/HB3/clk_out1
    SLICE_X15Y103        FDRE                                         r  inst_svpwm/driver_inst/HB3/pwm_reg/C
  -------------------------------------------------------------------    -------------------
    SLICE_X15Y103        FDRE (Prop_fdre_C_Q)         0.141    -0.310 r  inst_svpwm/driver_inst/HB3/pwm_reg/Q
                         net (fo=1, routed)           0.824     0.514    HB3_top_OBUF
    D13                  OBUF (Prop_obuf_I_O)         1.244     1.759 r  HB3_top_OBUF_inst/O
                         net (fo=0)                   0.000     1.759    HB3_top
    D13                                                               r  HB3_top (OUT)
  -------------------------------------------------------------------    -------------------

Slack:                    inf
  Source:                 inst_svpwm/driver_inst/HB2/pwm_reg/C
                            (rising edge-triggered cell FDRE clocked by clk_out1_clk_wiz_0_1  {rise@0.000ns fall@10.000ns period=20.000ns})
  Destination:            HB2_top
                            (output port)
  Path Group:             (none)
  Path Type:              Min at Fast Process Corner
  Data Path Delay:        2.234ns  (logic 1.406ns (62.929%)  route 0.828ns (37.071%))
  Logic Levels:           1  (OBUF=1)
  Clock Uncertainty:      0.255ns  ((TSJ^2 + DJ^2)^1/2) / 2 + PE
    Total System Jitter     (TSJ):    0.050ns
    Discrete Jitter          (DJ):    0.193ns
    Phase Error              (PE):    0.156ns

    Location             Delay type                Incr(ns)  Path(ns)    Netlist Resource(s)
  -------------------------------------------------------------------    -------------------
                         (clock clk_out1_clk_wiz_0_1 rise edge)
                                                      0.000     0.000 r  
    E3                                                0.000     0.000 r  clk (IN)
                         net (fo=0)                   0.000     0.000    pll_inst/inst/clk_in1
    E3                   IBUF (Prop_ibuf_I_O)         0.257     0.257 r  pll_inst/inst/clkin1_ibufg/O
                         net (fo=1, routed)           0.440     0.697    pll_inst/inst/clk_in1_clk_wiz_0
    PLLE2_ADV_X1Y1       PLLE2_ADV (Prop_plle2_adv_CLKIN1_CLKOUT0)
                                                     -2.319    -1.622 r  pll_inst/inst/plle2_adv_inst/CLKOUT0
                         net (fo=1, routed)           0.501    -1.121    pll_inst/inst/clk_out1_clk_wiz_0
    BUFGCTRL_X0Y16       BUFG (Prop_bufg_I_O)         0.026    -1.095 r  pll_inst/inst/clkout1_buf/O
                         net (fo=5373, routed)        0.641    -0.454    inst_svpwm/driver_inst/HB2/clk_out1
    SLICE_X41Y106        FDRE                                         r  inst_svpwm/driver_inst/HB2/pwm_reg/C
  -------------------------------------------------------------------    -------------------
    SLICE_X41Y106        FDRE (Prop_fdre_C_Q)         0.141    -0.313 r  inst_svpwm/driver_inst/HB2/pwm_reg/Q
                         net (fo=1, routed)           0.828     0.515    HB2_top_OBUF
    A11                  OBUF (Prop_obuf_I_O)         1.265     1.780 r  HB2_top_OBUF_inst/O
                         net (fo=0)                   0.000     1.780    HB2_top
    A11                                                               r  HB2_top (OUT)
  -------------------------------------------------------------------    -------------------

Slack:                    inf
  Source:                 inst_svpwm/driver_inst/HB2/pwm_n_reg/C
                            (rising edge-triggered cell FDRE clocked by clk_out1_clk_wiz_0_1  {rise@0.000ns fall@10.000ns period=20.000ns})
  Destination:            HB2_bot
                            (output port)
  Path Group:             (none)
  Path Type:              Min at Fast Process Corner
  Data Path Delay:        2.418ns  (logic 1.388ns (57.392%)  route 1.030ns (42.608%))
  Logic Levels:           1  (OBUF=1)
  Clock Uncertainty:      0.255ns  ((TSJ^2 + DJ^2)^1/2) / 2 + PE
    Total System Jitter     (TSJ):    0.050ns
    Discrete Jitter          (DJ):    0.193ns
    Phase Error              (PE):    0.156ns

    Location             Delay type                Incr(ns)  Path(ns)    Netlist Resource(s)
  -------------------------------------------------------------------    -------------------
                         (clock clk_out1_clk_wiz_0_1 rise edge)
                                                      0.000     0.000 r  
    E3                                                0.000     0.000 r  clk (IN)
                         net (fo=0)                   0.000     0.000    pll_inst/inst/clk_in1
    E3                   IBUF (Prop_ibuf_I_O)         0.257     0.257 r  pll_inst/inst/clkin1_ibufg/O
                         net (fo=1, routed)           0.440     0.697    pll_inst/inst/clk_in1_clk_wiz_0
    PLLE2_ADV_X1Y1       PLLE2_ADV (Prop_plle2_adv_CLKIN1_CLKOUT0)
                                                     -2.319    -1.622 r  pll_inst/inst/plle2_adv_inst/CLKOUT0
                         net (fo=1, routed)           0.501    -1.121    pll_inst/inst/clk_out1_clk_wiz_0
    BUFGCTRL_X0Y16       BUFG (Prop_bufg_I_O)         0.026    -1.095 r  pll_inst/inst/clkout1_buf/O
                         net (fo=5373, routed)        0.641    -0.454    inst_svpwm/driver_inst/HB2/clk_out1
    SLICE_X41Y103        FDRE                                         r  inst_svpwm/driver_inst/HB2/pwm_n_reg/C
  -------------------------------------------------------------------    -------------------
    SLICE_X41Y103        FDRE (Prop_fdre_C_Q)         0.141    -0.313 r  inst_svpwm/driver_inst/HB2/pwm_n_reg/Q
                         net (fo=1, routed)           1.030     0.718    HB2_bot_OBUF
    D12                  OBUF (Prop_obuf_I_O)         1.247     1.965 r  HB2_bot_OBUF_inst/O
                         net (fo=0)                   0.000     1.965    HB2_bot
    D12                                                               r  HB2_bot (OUT)
  -------------------------------------------------------------------    -------------------





--------------------------------------------------------------------------------------
Path Group:  (none)
From Clock:  clkfbout_clk_wiz_0
  To Clock:  

Max Delay             1 Endpoint
Min Delay             1 Endpoint
--------------------------------------------------------------------------------------


Max Delay Paths
--------------------------------------------------------------------------------------
Slack:                    inf
  Source:                 pll_inst/inst/plle2_adv_inst/CLKFBOUT
                            (clock source 'clkfbout_clk_wiz_0'  {rise@0.000ns fall@10.000ns period=20.000ns})
  Destination:            pll_inst/inst/plle2_adv_inst/CLKFBIN
  Path Group:             (none)
  Path Type:              Max at Fast Process Corner
  Data Path Delay:        1.392ns  (logic 0.029ns (2.083%)  route 1.363ns (97.917%))
  Logic Levels:           1  (BUFG=1)
  Clock Uncertainty:      0.220ns  ((TSJ^2 + DJ^2)^1/2) / 2 + PE
    Total System Jitter     (TSJ):    0.050ns
    Discrete Jitter          (DJ):    0.119ns
    Phase Error              (PE):    0.156ns

    Location             Delay type                Incr(ns)  Path(ns)    Netlist Resource(s)
  -------------------------------------------------------------------    -------------------
                         (clock clkfbout_clk_wiz_0 fall edge)
                                                     10.000    10.000 f  
    E3                                                0.000    10.000 f  clk (IN)
                         net (fo=0)                   0.000    10.000    pll_inst/inst/clk_in1
    E3                   IBUF (Prop_ibuf_I_O)         0.445    10.445 f  pll_inst/inst/clkin1_ibufg/O
                         net (fo=1, routed)           0.481    10.926    pll_inst/inst/clk_in1_clk_wiz_0
  -------------------------------------------------------------------    -------------------
    PLLE2_ADV_X1Y1       PLLE2_ADV (Prop_plle2_adv_CLKIN1_CLKFBOUT)
                                                     -2.634     8.292 f  pll_inst/inst/plle2_adv_inst/CLKFBOUT
                         net (fo=1, routed)           0.546     8.837    pll_inst/inst/clkfbout_clk_wiz_0
    BUFGCTRL_X0Y17       BUFG (Prop_bufg_I_O)         0.029     8.866 f  pll_inst/inst/clkf_buf/O
                         net (fo=1, routed)           0.818     9.684    pll_inst/inst/clkfbout_buf_clk_wiz_0
    PLLE2_ADV_X1Y1       PLLE2_ADV                                    f  pll_inst/inst/plle2_adv_inst/CLKFBIN
  -------------------------------------------------------------------    -------------------





Min Delay Paths
--------------------------------------------------------------------------------------
Slack:                    inf
  Source:                 pll_inst/inst/plle2_adv_inst/CLKFBOUT
                            (clock source 'clkfbout_clk_wiz_0'  {rise@0.000ns fall@10.000ns period=20.000ns})
  Destination:            pll_inst/inst/plle2_adv_inst/CLKFBIN
  Path Group:             (none)
  Path Type:              Min at Slow Process Corner
  Data Path Delay:        3.133ns  (logic 0.091ns (2.905%)  route 3.042ns (97.095%))
  Logic Levels:           1  (BUFG=1)
  Clock Uncertainty:      0.220ns  ((TSJ^2 + DJ^2)^1/2) / 2 + PE
    Total System Jitter     (TSJ):    0.050ns
    Discrete Jitter          (DJ):    0.119ns
    Phase Error              (PE):    0.156ns

    Location             Delay type                Incr(ns)  Path(ns)    Netlist Resource(s)
  -------------------------------------------------------------------    -------------------
                         (clock clkfbout_clk_wiz_0 rise edge)
                                                      0.000     0.000 r  
    E3                                                0.000     0.000 r  clk (IN)
                         net (fo=0)                   0.000     0.000    pll_inst/inst/clk_in1
    E3                   IBUF (Prop_ibuf_I_O)         1.418     1.418 r  pll_inst/inst/clkin1_ibufg/O
                         net (fo=1, routed)           1.181     2.599    pll_inst/inst/clk_in1_clk_wiz_0
  -------------------------------------------------------------------    -------------------
    PLLE2_ADV_X1Y1       PLLE2_ADV (Prop_plle2_adv_CLKIN1_CLKFBOUT)
                                                     -7.736    -5.137 r  pll_inst/inst/plle2_adv_inst/CLKFBOUT
                         net (fo=1, routed)           1.576    -3.561    pll_inst/inst/clkfbout_clk_wiz_0
    BUFGCTRL_X0Y17       BUFG (Prop_bufg_I_O)         0.091    -3.470 r  pll_inst/inst/clkf_buf/O
                         net (fo=1, routed)           1.466    -2.004    pll_inst/inst/clkfbout_buf_clk_wiz_0
    PLLE2_ADV_X1Y1       PLLE2_ADV                                    r  pll_inst/inst/plle2_adv_inst/CLKFBIN
  -------------------------------------------------------------------    -------------------





--------------------------------------------------------------------------------------
Path Group:  (none)
From Clock:  clkfbout_clk_wiz_0_1
  To Clock:  

Max Delay             1 Endpoint
Min Delay             1 Endpoint
--------------------------------------------------------------------------------------


Max Delay Paths
--------------------------------------------------------------------------------------
Slack:                    inf
  Source:                 pll_inst/inst/plle2_adv_inst/CLKFBOUT
                            (clock source 'clkfbout_clk_wiz_0_1'  {rise@0.000ns fall@10.000ns period=20.000ns})
  Destination:            pll_inst/inst/plle2_adv_inst/CLKFBIN
  Path Group:             (none)
  Path Type:              Max at Fast Process Corner
  Data Path Delay:        1.392ns  (logic 0.029ns (2.083%)  route 1.363ns (97.917%))
  Logic Levels:           1  (BUFG=1)
  Clock Uncertainty:      0.218ns  ((TSJ^2 + DJ^2)^1/2) / 2 + PE
    Total System Jitter     (TSJ):    0.050ns
    Discrete Jitter          (DJ):    0.115ns
    Phase Error              (PE):    0.156ns

    Location             Delay type                Incr(ns)  Path(ns)    Netlist Resource(s)
  -------------------------------------------------------------------    -------------------
                         (clock clkfbout_clk_wiz_0_1 fall edge)
                                                     10.000    10.000 f  
    E3                                                0.000    10.000 f  clk (IN)
                         net (fo=0)                   0.000    10.000    pll_inst/inst/clk_in1
    E3                   IBUF (Prop_ibuf_I_O)         0.445    10.445 f  pll_inst/inst/clkin1_ibufg/O
                         net (fo=1, routed)           0.481    10.926    pll_inst/inst/clk_in1_clk_wiz_0
  -------------------------------------------------------------------    -------------------
    PLLE2_ADV_X1Y1       PLLE2_ADV (Prop_plle2_adv_CLKIN1_CLKFBOUT)
                                                     -2.634     8.292 f  pll_inst/inst/plle2_adv_inst/CLKFBOUT
                         net (fo=1, routed)           0.546     8.837    pll_inst/inst/clkfbout_clk_wiz_0
    BUFGCTRL_X0Y17       BUFG (Prop_bufg_I_O)         0.029     8.866 f  pll_inst/inst/clkf_buf/O
                         net (fo=1, routed)           0.818     9.684    pll_inst/inst/clkfbout_buf_clk_wiz_0
    PLLE2_ADV_X1Y1       PLLE2_ADV                                    f  pll_inst/inst/plle2_adv_inst/CLKFBIN
  -------------------------------------------------------------------    -------------------





Min Delay Paths
--------------------------------------------------------------------------------------
Slack:                    inf
  Source:                 pll_inst/inst/plle2_adv_inst/CLKFBOUT
                            (clock source 'clkfbout_clk_wiz_0_1'  {rise@0.000ns fall@10.000ns period=20.000ns})
  Destination:            pll_inst/inst/plle2_adv_inst/CLKFBIN
  Path Group:             (none)
  Path Type:              Min at Slow Process Corner
  Data Path Delay:        3.133ns  (logic 0.091ns (2.905%)  route 3.042ns (97.095%))
  Logic Levels:           1  (BUFG=1)
  Clock Uncertainty:      0.218ns  ((TSJ^2 + DJ^2)^1/2) / 2 + PE
    Total System Jitter     (TSJ):    0.050ns
    Discrete Jitter          (DJ):    0.115ns
    Phase Error              (PE):    0.156ns

    Location             Delay type                Incr(ns)  Path(ns)    Netlist Resource(s)
  -------------------------------------------------------------------    -------------------
                         (clock clkfbout_clk_wiz_0_1 rise edge)
                                                      0.000     0.000 r  
    E3                                                0.000     0.000 r  clk (IN)
                         net (fo=0)                   0.000     0.000    pll_inst/inst/clk_in1
    E3                   IBUF (Prop_ibuf_I_O)         1.418     1.418 r  pll_inst/inst/clkin1_ibufg/O
                         net (fo=1, routed)           1.181     2.599    pll_inst/inst/clk_in1_clk_wiz_0
  -------------------------------------------------------------------    -------------------
    PLLE2_ADV_X1Y1       PLLE2_ADV (Prop_plle2_adv_CLKIN1_CLKFBOUT)
                                                     -7.736    -5.137 r  pll_inst/inst/plle2_adv_inst/CLKFBOUT
                         net (fo=1, routed)           1.576    -3.561    pll_inst/inst/clkfbout_clk_wiz_0
    BUFGCTRL_X0Y17       BUFG (Prop_bufg_I_O)         0.091    -3.470 r  pll_inst/inst/clkf_buf/O
                         net (fo=1, routed)           1.466    -2.004    pll_inst/inst/clkfbout_buf_clk_wiz_0
    PLLE2_ADV_X1Y1       PLLE2_ADV                                    r  pll_inst/inst/plle2_adv_inst/CLKFBIN
  -------------------------------------------------------------------    -------------------





--------------------------------------------------------------------------------------
Path Group:  (none)
From Clock:  
  To Clock:  clk_out1_clk_wiz_0

Max Delay          5381 Endpoints
Min Delay          5381 Endpoints
--------------------------------------------------------------------------------------


Max Delay Paths
--------------------------------------------------------------------------------------
Slack:                    inf
  Source:                 reset
                            (input port)
  Destination:            spi_master/rx_data_reg[10]/CLR
                            (recovery check against rising-edge clock clk_out1_clk_wiz_0  {rise@0.000ns fall@10.000ns period=20.000ns})
  Path Group:             (none)
  Path Type:              Recovery (Max at Slow Process Corner)
  Data Path Delay:        20.207ns  (logic 1.467ns (7.259%)  route 18.740ns (92.741%))
  Logic Levels:           1  (IBUF=1)
  Clock Path Skew:        -1.971ns (DCD - SCD + CPR)
    Destination Clock Delay (DCD):    -1.971ns
    Source Clock Delay      (SCD):    0.000ns
    Clock Pessimism Removal (CPR):    0.000ns
  Clock Uncertainty:      0.260ns  ((TSJ^2 + DJ^2)^1/2) / 2 + PE
    Total System Jitter     (TSJ):    0.050ns
    Discrete Jitter          (DJ):    0.203ns
    Phase Error              (PE):    0.156ns

    Location             Delay type                Incr(ns)  Path(ns)    Netlist Resource(s)
  -------------------------------------------------------------------    -------------------
    D9                                                0.000     0.000 f  reset (IN)
                         net (fo=0)                   0.000     0.000    reset
    D9                   IBUF (Prop_ibuf_I_O)         1.467     1.467 f  reset_IBUF_inst/O
                         net (fo=4989, routed)       18.740    20.207    spi_master/reset_IBUF
    SLICE_X58Y65         FDCE                                         f  spi_master/rx_data_reg[10]/CLR
  -------------------------------------------------------------------    -------------------

                         (clock clk_out1_clk_wiz_0 rise edge)
                                                      0.000     0.000 r  
    E3                                                0.000     0.000 r  clk (IN)
                         net (fo=0)                   0.000     0.000    pll_inst/inst/clk_in1
    E3                   IBUF (Prop_ibuf_I_O)         1.418     1.418 r  pll_inst/inst/clkin1_ibufg/O
                         net (fo=1, routed)           1.181     2.599    pll_inst/inst/clk_in1_clk_wiz_0
    PLLE2_ADV_X1Y1       PLLE2_ADV (Prop_plle2_adv_CLKIN1_CLKOUT0)
                                                     -7.736    -5.137 r  pll_inst/inst/plle2_adv_inst/CLKOUT0
                         net (fo=1, routed)           1.576    -3.561    pll_inst/inst/clk_out1_clk_wiz_0
    BUFGCTRL_X0Y16       BUFG (Prop_bufg_I_O)         0.091    -3.470 r  pll_inst/inst/clkout1_buf/O
                         net (fo=5373, routed)        1.499    -1.971    spi_master/clk_out1
    SLICE_X58Y65         FDCE                                         r  spi_master/rx_data_reg[10]/C

Slack:                    inf
  Source:                 reset
                            (input port)
  Destination:            spi_master/rx_data_reg[13]/CLR
                            (recovery check against rising-edge clock clk_out1_clk_wiz_0  {rise@0.000ns fall@10.000ns period=20.000ns})
  Path Group:             (none)
  Path Type:              Recovery (Max at Slow Process Corner)
  Data Path Delay:        20.207ns  (logic 1.467ns (7.259%)  route 18.740ns (92.741%))
  Logic Levels:           1  (IBUF=1)
  Clock Path Skew:        -1.971ns (DCD - SCD + CPR)
    Destination Clock Delay (DCD):    -1.971ns
    Source Clock Delay      (SCD):    0.000ns
    Clock Pessimism Removal (CPR):    0.000ns
  Clock Uncertainty:      0.260ns  ((TSJ^2 + DJ^2)^1/2) / 2 + PE
    Total System Jitter     (TSJ):    0.050ns
    Discrete Jitter          (DJ):    0.203ns
    Phase Error              (PE):    0.156ns

    Location             Delay type                Incr(ns)  Path(ns)    Netlist Resource(s)
  -------------------------------------------------------------------    -------------------
    D9                                                0.000     0.000 f  reset (IN)
                         net (fo=0)                   0.000     0.000    reset
    D9                   IBUF (Prop_ibuf_I_O)         1.467     1.467 f  reset_IBUF_inst/O
                         net (fo=4989, routed)       18.740    20.207    spi_master/reset_IBUF
    SLICE_X58Y65         FDCE                                         f  spi_master/rx_data_reg[13]/CLR
  -------------------------------------------------------------------    -------------------

                         (clock clk_out1_clk_wiz_0 rise edge)
                                                      0.000     0.000 r  
    E3                                                0.000     0.000 r  clk (IN)
                         net (fo=0)                   0.000     0.000    pll_inst/inst/clk_in1
    E3                   IBUF (Prop_ibuf_I_O)         1.418     1.418 r  pll_inst/inst/clkin1_ibufg/O
                         net (fo=1, routed)           1.181     2.599    pll_inst/inst/clk_in1_clk_wiz_0
    PLLE2_ADV_X1Y1       PLLE2_ADV (Prop_plle2_adv_CLKIN1_CLKOUT0)
                                                     -7.736    -5.137 r  pll_inst/inst/plle2_adv_inst/CLKOUT0
                         net (fo=1, routed)           1.576    -3.561    pll_inst/inst/clk_out1_clk_wiz_0
    BUFGCTRL_X0Y16       BUFG (Prop_bufg_I_O)         0.091    -3.470 r  pll_inst/inst/clkout1_buf/O
                         net (fo=5373, routed)        1.499    -1.971    spi_master/clk_out1
    SLICE_X58Y65         FDCE                                         r  spi_master/rx_data_reg[13]/C

Slack:                    inf
  Source:                 reset
                            (input port)
  Destination:            spi_master/rx_data_reg[14]/CLR
                            (recovery check against rising-edge clock clk_out1_clk_wiz_0  {rise@0.000ns fall@10.000ns period=20.000ns})
  Path Group:             (none)
  Path Type:              Recovery (Max at Slow Process Corner)
  Data Path Delay:        20.207ns  (logic 1.467ns (7.259%)  route 18.740ns (92.741%))
  Logic Levels:           1  (IBUF=1)
  Clock Path Skew:        -1.971ns (DCD - SCD + CPR)
    Destination Clock Delay (DCD):    -1.971ns
    Source Clock Delay      (SCD):    0.000ns
    Clock Pessimism Removal (CPR):    0.000ns
  Clock Uncertainty:      0.260ns  ((TSJ^2 + DJ^2)^1/2) / 2 + PE
    Total System Jitter     (TSJ):    0.050ns
    Discrete Jitter          (DJ):    0.203ns
    Phase Error              (PE):    0.156ns

    Location             Delay type                Incr(ns)  Path(ns)    Netlist Resource(s)
  -------------------------------------------------------------------    -------------------
    D9                                                0.000     0.000 f  reset (IN)
                         net (fo=0)                   0.000     0.000    reset
    D9                   IBUF (Prop_ibuf_I_O)         1.467     1.467 f  reset_IBUF_inst/O
                         net (fo=4989, routed)       18.740    20.207    spi_master/reset_IBUF
    SLICE_X58Y65         FDCE                                         f  spi_master/rx_data_reg[14]/CLR
  -------------------------------------------------------------------    -------------------

                         (clock clk_out1_clk_wiz_0 rise edge)
                                                      0.000     0.000 r  
    E3                                                0.000     0.000 r  clk (IN)
                         net (fo=0)                   0.000     0.000    pll_inst/inst/clk_in1
    E3                   IBUF (Prop_ibuf_I_O)         1.418     1.418 r  pll_inst/inst/clkin1_ibufg/O
                         net (fo=1, routed)           1.181     2.599    pll_inst/inst/clk_in1_clk_wiz_0
    PLLE2_ADV_X1Y1       PLLE2_ADV (Prop_plle2_adv_CLKIN1_CLKOUT0)
                                                     -7.736    -5.137 r  pll_inst/inst/plle2_adv_inst/CLKOUT0
                         net (fo=1, routed)           1.576    -3.561    pll_inst/inst/clk_out1_clk_wiz_0
    BUFGCTRL_X0Y16       BUFG (Prop_bufg_I_O)         0.091    -3.470 r  pll_inst/inst/clkout1_buf/O
                         net (fo=5373, routed)        1.499    -1.971    spi_master/clk_out1
    SLICE_X58Y65         FDCE                                         r  spi_master/rx_data_reg[14]/C

Slack:                    inf
  Source:                 reset
                            (input port)
  Destination:            spi_master/rx_data_reg[11]/CLR
                            (recovery check against rising-edge clock clk_out1_clk_wiz_0  {rise@0.000ns fall@10.000ns period=20.000ns})
  Path Group:             (none)
  Path Type:              Recovery (Max at Slow Process Corner)
  Data Path Delay:        20.203ns  (logic 1.467ns (7.261%)  route 18.736ns (92.739%))
  Logic Levels:           1  (IBUF=1)
  Clock Path Skew:        -1.971ns (DCD - SCD + CPR)
    Destination Clock Delay (DCD):    -1.971ns
    Source Clock Delay      (SCD):    0.000ns
    Clock Pessimism Removal (CPR):    0.000ns
  Clock Uncertainty:      0.260ns  ((TSJ^2 + DJ^2)^1/2) / 2 + PE
    Total System Jitter     (TSJ):    0.050ns
    Discrete Jitter          (DJ):    0.203ns
    Phase Error              (PE):    0.156ns

    Location             Delay type                Incr(ns)  Path(ns)    Netlist Resource(s)
  -------------------------------------------------------------------    -------------------
    D9                                                0.000     0.000 f  reset (IN)
                         net (fo=0)                   0.000     0.000    reset
    D9                   IBUF (Prop_ibuf_I_O)         1.467     1.467 f  reset_IBUF_inst/O
                         net (fo=4989, routed)       18.736    20.203    spi_master/reset_IBUF
    SLICE_X59Y65         FDCE                                         f  spi_master/rx_data_reg[11]/CLR
  -------------------------------------------------------------------    -------------------

                         (clock clk_out1_clk_wiz_0 rise edge)
                                                      0.000     0.000 r  
    E3                                                0.000     0.000 r  clk (IN)
                         net (fo=0)                   0.000     0.000    pll_inst/inst/clk_in1
    E3                   IBUF (Prop_ibuf_I_O)         1.418     1.418 r  pll_inst/inst/clkin1_ibufg/O
                         net (fo=1, routed)           1.181     2.599    pll_inst/inst/clk_in1_clk_wiz_0
    PLLE2_ADV_X1Y1       PLLE2_ADV (Prop_plle2_adv_CLKIN1_CLKOUT0)
                                                     -7.736    -5.137 r  pll_inst/inst/plle2_adv_inst/CLKOUT0
                         net (fo=1, routed)           1.576    -3.561    pll_inst/inst/clk_out1_clk_wiz_0
    BUFGCTRL_X0Y16       BUFG (Prop_bufg_I_O)         0.091    -3.470 r  pll_inst/inst/clkout1_buf/O
                         net (fo=5373, routed)        1.499    -1.971    spi_master/clk_out1
    SLICE_X59Y65         FDCE                                         r  spi_master/rx_data_reg[11]/C

Slack:                    inf
  Source:                 reset
                            (input port)
  Destination:            spi_master/rx_data_reg[12]/CLR
                            (recovery check against rising-edge clock clk_out1_clk_wiz_0  {rise@0.000ns fall@10.000ns period=20.000ns})
  Path Group:             (none)
  Path Type:              Recovery (Max at Slow Process Corner)
  Data Path Delay:        20.203ns  (logic 1.467ns (7.261%)  route 18.736ns (92.739%))
  Logic Levels:           1  (IBUF=1)
  Clock Path Skew:        -1.971ns (DCD - SCD + CPR)
    Destination Clock Delay (DCD):    -1.971ns
    Source Clock Delay      (SCD):    0.000ns
    Clock Pessimism Removal (CPR):    0.000ns
  Clock Uncertainty:      0.260ns  ((TSJ^2 + DJ^2)^1/2) / 2 + PE
    Total System Jitter     (TSJ):    0.050ns
    Discrete Jitter          (DJ):    0.203ns
    Phase Error              (PE):    0.156ns

    Location             Delay type                Incr(ns)  Path(ns)    Netlist Resource(s)
  -------------------------------------------------------------------    -------------------
    D9                                                0.000     0.000 f  reset (IN)
                         net (fo=0)                   0.000     0.000    reset
    D9                   IBUF (Prop_ibuf_I_O)         1.467     1.467 f  reset_IBUF_inst/O
                         net (fo=4989, routed)       18.736    20.203    spi_master/reset_IBUF
    SLICE_X59Y65         FDCE                                         f  spi_master/rx_data_reg[12]/CLR
  -------------------------------------------------------------------    -------------------

                         (clock clk_out1_clk_wiz_0 rise edge)
                                                      0.000     0.000 r  
    E3                                                0.000     0.000 r  clk (IN)
                         net (fo=0)                   0.000     0.000    pll_inst/inst/clk_in1
    E3                   IBUF (Prop_ibuf_I_O)         1.418     1.418 r  pll_inst/inst/clkin1_ibufg/O
                         net (fo=1, routed)           1.181     2.599    pll_inst/inst/clk_in1_clk_wiz_0
    PLLE2_ADV_X1Y1       PLLE2_ADV (Prop_plle2_adv_CLKIN1_CLKOUT0)
                                                     -7.736    -5.137 r  pll_inst/inst/plle2_adv_inst/CLKOUT0
                         net (fo=1, routed)           1.576    -3.561    pll_inst/inst/clk_out1_clk_wiz_0
    BUFGCTRL_X0Y16       BUFG (Prop_bufg_I_O)         0.091    -3.470 r  pll_inst/inst/clkout1_buf/O
                         net (fo=5373, routed)        1.499    -1.971    spi_master/clk_out1
    SLICE_X59Y65         FDCE                                         r  spi_master/rx_data_reg[12]/C

Slack:                    inf
  Source:                 reset
                            (input port)
  Destination:            spi_master/rx_data_reg[15]/CLR
                            (recovery check against rising-edge clock clk_out1_clk_wiz_0  {rise@0.000ns fall@10.000ns period=20.000ns})
  Path Group:             (none)
  Path Type:              Recovery (Max at Slow Process Corner)
  Data Path Delay:        20.061ns  (logic 1.467ns (7.312%)  route 18.595ns (92.688%))
  Logic Levels:           1  (IBUF=1)
  Clock Path Skew:        -1.970ns (DCD - SCD + CPR)
    Destination Clock Delay (DCD):    -1.970ns
    Source Clock Delay      (SCD):    0.000ns
    Clock Pessimism Removal (CPR):    0.000ns
  Clock Uncertainty:      0.260ns  ((TSJ^2 + DJ^2)^1/2) / 2 + PE
    Total System Jitter     (TSJ):    0.050ns
    Discrete Jitter          (DJ):    0.203ns
    Phase Error              (PE):    0.156ns

    Location             Delay type                Incr(ns)  Path(ns)    Netlist Resource(s)
  -------------------------------------------------------------------    -------------------
    D9                                                0.000     0.000 f  reset (IN)
                         net (fo=0)                   0.000     0.000    reset
    D9                   IBUF (Prop_ibuf_I_O)         1.467     1.467 f  reset_IBUF_inst/O
                         net (fo=4989, routed)       18.595    20.061    spi_master/reset_IBUF
    SLICE_X58Y64         FDCE                                         f  spi_master/rx_data_reg[15]/CLR
  -------------------------------------------------------------------    -------------------

                         (clock clk_out1_clk_wiz_0 rise edge)
                                                      0.000     0.000 r  
    E3                                                0.000     0.000 r  clk (IN)
                         net (fo=0)                   0.000     0.000    pll_inst/inst/clk_in1
    E3                   IBUF (Prop_ibuf_I_O)         1.418     1.418 r  pll_inst/inst/clkin1_ibufg/O
                         net (fo=1, routed)           1.181     2.599    pll_inst/inst/clk_in1_clk_wiz_0
    PLLE2_ADV_X1Y1       PLLE2_ADV (Prop_plle2_adv_CLKIN1_CLKOUT0)
                                                     -7.736    -5.137 r  pll_inst/inst/plle2_adv_inst/CLKOUT0
                         net (fo=1, routed)           1.576    -3.561    pll_inst/inst/clk_out1_clk_wiz_0
    BUFGCTRL_X0Y16       BUFG (Prop_bufg_I_O)         0.091    -3.470 r  pll_inst/inst/clkout1_buf/O
                         net (fo=5373, routed)        1.500    -1.970    spi_master/clk_out1
    SLICE_X58Y64         FDCE                                         r  spi_master/rx_data_reg[15]/C

Slack:                    inf
  Source:                 reset
                            (input port)
  Destination:            spi_master/rx_data_reg[9]/CLR
                            (recovery check against rising-edge clock clk_out1_clk_wiz_0  {rise@0.000ns fall@10.000ns period=20.000ns})
  Path Group:             (none)
  Path Type:              Recovery (Max at Slow Process Corner)
  Data Path Delay:        20.061ns  (logic 1.467ns (7.312%)  route 18.595ns (92.688%))
  Logic Levels:           1  (IBUF=1)
  Clock Path Skew:        -1.970ns (DCD - SCD + CPR)
    Destination Clock Delay (DCD):    -1.970ns
    Source Clock Delay      (SCD):    0.000ns
    Clock Pessimism Removal (CPR):    0.000ns
  Clock Uncertainty:      0.260ns  ((TSJ^2 + DJ^2)^1/2) / 2 + PE
    Total System Jitter     (TSJ):    0.050ns
    Discrete Jitter          (DJ):    0.203ns
    Phase Error              (PE):    0.156ns

    Location             Delay type                Incr(ns)  Path(ns)    Netlist Resource(s)
  -------------------------------------------------------------------    -------------------
    D9                                                0.000     0.000 f  reset (IN)
                         net (fo=0)                   0.000     0.000    reset
    D9                   IBUF (Prop_ibuf_I_O)         1.467     1.467 f  reset_IBUF_inst/O
                         net (fo=4989, routed)       18.595    20.061    spi_master/reset_IBUF
    SLICE_X58Y64         FDCE                                         f  spi_master/rx_data_reg[9]/CLR
  -------------------------------------------------------------------    -------------------

                         (clock clk_out1_clk_wiz_0 rise edge)
                                                      0.000     0.000 r  
    E3                                                0.000     0.000 r  clk (IN)
                         net (fo=0)                   0.000     0.000    pll_inst/inst/clk_in1
    E3                   IBUF (Prop_ibuf_I_O)         1.418     1.418 r  pll_inst/inst/clkin1_ibufg/O
                         net (fo=1, routed)           1.181     2.599    pll_inst/inst/clk_in1_clk_wiz_0
    PLLE2_ADV_X1Y1       PLLE2_ADV (Prop_plle2_adv_CLKIN1_CLKOUT0)
                                                     -7.736    -5.137 r  pll_inst/inst/plle2_adv_inst/CLKOUT0
                         net (fo=1, routed)           1.576    -3.561    pll_inst/inst/clk_out1_clk_wiz_0
    BUFGCTRL_X0Y16       BUFG (Prop_bufg_I_O)         0.091    -3.470 r  pll_inst/inst/clkout1_buf/O
                         net (fo=5373, routed)        1.500    -1.970    spi_master/clk_out1
    SLICE_X58Y64         FDCE                                         r  spi_master/rx_data_reg[9]/C

Slack:                    inf
  Source:                 reset
                            (input port)
  Destination:            spi_master/rx_buffer_reg[32]/CE
                            (rising edge-triggered cell FDRE clocked by clk_out1_clk_wiz_0  {rise@0.000ns fall@10.000ns period=20.000ns})
  Path Group:             (none)
  Path Type:              Setup (Max at Slow Process Corner)
  Data Path Delay:        19.936ns  (logic 1.591ns (7.980%)  route 18.345ns (92.020%))
  Logic Levels:           2  (IBUF=1 LUT6=1)
  Clock Path Skew:        -2.030ns (DCD - SCD + CPR)
    Destination Clock Delay (DCD):    -2.030ns
    Source Clock Delay      (SCD):    0.000ns
    Clock Pessimism Removal (CPR):    0.000ns
  Clock Uncertainty:      0.260ns  ((TSJ^2 + DJ^2)^1/2) / 2 + PE
    Total System Jitter     (TSJ):    0.050ns
    Discrete Jitter          (DJ):    0.203ns
    Phase Error              (PE):    0.156ns

    Location             Delay type                Incr(ns)  Path(ns)    Netlist Resource(s)
  -------------------------------------------------------------------    -------------------
    D9                                                0.000     0.000 f  reset (IN)
                         net (fo=0)                   0.000     0.000    reset
    D9                   IBUF (Prop_ibuf_I_O)         1.467     1.467 f  reset_IBUF_inst/O
                         net (fo=4989, routed)       16.027    17.493    spi_master/reset_IBUF
    SLICE_X63Y73         LUT6 (Prop_lut6_I5_O)        0.124    17.617 r  spi_master/rx_buffer[47]_i_1/O
                         net (fo=48, routed)          2.319    19.936    spi_master/rx_buffer0
    SLICE_X56Y56         FDRE                                         r  spi_master/rx_buffer_reg[32]/CE
  -------------------------------------------------------------------    -------------------

                         (clock clk_out1_clk_wiz_0 rise edge)
                                                      0.000     0.000 r  
    E3                                                0.000     0.000 r  clk (IN)
                         net (fo=0)                   0.000     0.000    pll_inst/inst/clk_in1
    E3                   IBUF (Prop_ibuf_I_O)         1.418     1.418 r  pll_inst/inst/clkin1_ibufg/O
                         net (fo=1, routed)           1.181     2.599    pll_inst/inst/clk_in1_clk_wiz_0
    PLLE2_ADV_X1Y1       PLLE2_ADV (Prop_plle2_adv_CLKIN1_CLKOUT0)
                                                     -7.736    -5.137 r  pll_inst/inst/plle2_adv_inst/CLKOUT0
                         net (fo=1, routed)           1.576    -3.561    pll_inst/inst/clk_out1_clk_wiz_0
    BUFGCTRL_X0Y16       BUFG (Prop_bufg_I_O)         0.091    -3.470 r  pll_inst/inst/clkout1_buf/O
                         net (fo=5373, routed)        1.440    -2.030    spi_master/clk_out1
    SLICE_X56Y56         FDRE                                         r  spi_master/rx_buffer_reg[32]/C

Slack:                    inf
  Source:                 reset
                            (input port)
  Destination:            spi_master/rx_buffer_reg[33]/CE
                            (rising edge-triggered cell FDRE clocked by clk_out1_clk_wiz_0  {rise@0.000ns fall@10.000ns period=20.000ns})
  Path Group:             (none)
  Path Type:              Setup (Max at Slow Process Corner)
  Data Path Delay:        19.936ns  (logic 1.591ns (7.980%)  route 18.345ns (92.020%))
  Logic Levels:           2  (IBUF=1 LUT6=1)
  Clock Path Skew:        -2.030ns (DCD - SCD + CPR)
    Destination Clock Delay (DCD):    -2.030ns
    Source Clock Delay      (SCD):    0.000ns
    Clock Pessimism Removal (CPR):    0.000ns
  Clock Uncertainty:      0.260ns  ((TSJ^2 + DJ^2)^1/2) / 2 + PE
    Total System Jitter     (TSJ):    0.050ns
    Discrete Jitter          (DJ):    0.203ns
    Phase Error              (PE):    0.156ns

    Location             Delay type                Incr(ns)  Path(ns)    Netlist Resource(s)
  -------------------------------------------------------------------    -------------------
    D9                                                0.000     0.000 f  reset (IN)
                         net (fo=0)                   0.000     0.000    reset
    D9                   IBUF (Prop_ibuf_I_O)         1.467     1.467 f  reset_IBUF_inst/O
                         net (fo=4989, routed)       16.027    17.493    spi_master/reset_IBUF
    SLICE_X63Y73         LUT6 (Prop_lut6_I5_O)        0.124    17.617 r  spi_master/rx_buffer[47]_i_1/O
                         net (fo=48, routed)          2.319    19.936    spi_master/rx_buffer0
    SLICE_X56Y56         FDRE                                         r  spi_master/rx_buffer_reg[33]/CE
  -------------------------------------------------------------------    -------------------

                         (clock clk_out1_clk_wiz_0 rise edge)
                                                      0.000     0.000 r  
    E3                                                0.000     0.000 r  clk (IN)
                         net (fo=0)                   0.000     0.000    pll_inst/inst/clk_in1
    E3                   IBUF (Prop_ibuf_I_O)         1.418     1.418 r  pll_inst/inst/clkin1_ibufg/O
                         net (fo=1, routed)           1.181     2.599    pll_inst/inst/clk_in1_clk_wiz_0
    PLLE2_ADV_X1Y1       PLLE2_ADV (Prop_plle2_adv_CLKIN1_CLKOUT0)
                                                     -7.736    -5.137 r  pll_inst/inst/plle2_adv_inst/CLKOUT0
                         net (fo=1, routed)           1.576    -3.561    pll_inst/inst/clk_out1_clk_wiz_0
    BUFGCTRL_X0Y16       BUFG (Prop_bufg_I_O)         0.091    -3.470 r  pll_inst/inst/clkout1_buf/O
                         net (fo=5373, routed)        1.440    -2.030    spi_master/clk_out1
    SLICE_X56Y56         FDRE                                         r  spi_master/rx_buffer_reg[33]/C

Slack:                    inf
  Source:                 reset
                            (input port)
  Destination:            spi_master/rx_data_reg[28]/CLR
                            (recovery check against rising-edge clock clk_out1_clk_wiz_0  {rise@0.000ns fall@10.000ns period=20.000ns})
  Path Group:             (none)
  Path Type:              Recovery (Max at Slow Process Corner)
  Data Path Delay:        19.913ns  (logic 1.467ns (7.366%)  route 18.446ns (92.634%))
  Logic Levels:           1  (IBUF=1)
  Clock Path Skew:        -1.970ns (DCD - SCD + CPR)
    Destination Clock Delay (DCD):    -1.970ns
    Source Clock Delay      (SCD):    0.000ns
    Clock Pessimism Removal (CPR):    0.000ns
  Clock Uncertainty:      0.260ns  ((TSJ^2 + DJ^2)^1/2) / 2 + PE
    Total System Jitter     (TSJ):    0.050ns
    Discrete Jitter          (DJ):    0.203ns
    Phase Error              (PE):    0.156ns

    Location             Delay type                Incr(ns)  Path(ns)    Netlist Resource(s)
  -------------------------------------------------------------------    -------------------
    D9                                                0.000     0.000 f  reset (IN)
                         net (fo=0)                   0.000     0.000    reset
    D9                   IBUF (Prop_ibuf_I_O)         1.467     1.467 f  reset_IBUF_inst/O
                         net (fo=4989, routed)       18.446    19.913    spi_master/reset_IBUF
    SLICE_X58Y63         FDCE                                         f  spi_master/rx_data_reg[28]/CLR
  -------------------------------------------------------------------    -------------------

                         (clock clk_out1_clk_wiz_0 rise edge)
                                                      0.000     0.000 r  
    E3                                                0.000     0.000 r  clk (IN)
                         net (fo=0)                   0.000     0.000    pll_inst/inst/clk_in1
    E3                   IBUF (Prop_ibuf_I_O)         1.418     1.418 r  pll_inst/inst/clkin1_ibufg/O
                         net (fo=1, routed)           1.181     2.599    pll_inst/inst/clk_in1_clk_wiz_0
    PLLE2_ADV_X1Y1       PLLE2_ADV (Prop_plle2_adv_CLKIN1_CLKOUT0)
                                                     -7.736    -5.137 r  pll_inst/inst/plle2_adv_inst/CLKOUT0
                         net (fo=1, routed)           1.576    -3.561    pll_inst/inst/clk_out1_clk_wiz_0
    BUFGCTRL_X0Y16       BUFG (Prop_bufg_I_O)         0.091    -3.470 r  pll_inst/inst/clkout1_buf/O
                         net (fo=5373, routed)        1.500    -1.970    spi_master/clk_out1
    SLICE_X58Y63         FDCE                                         r  spi_master/rx_data_reg[28]/C





Min Delay Paths
--------------------------------------------------------------------------------------
Slack:                    inf
  Source:                 inst_svpwm/clarke_inst/mult_reg_4_reg/BCOUT[0]
                            (internal pin)
  Destination:            inst_svpwm/clarke_inst/v_beta_reg/BCIN[0]
                            (rising edge-triggered cell DSP48E1 clocked by clk_out1_clk_wiz_0  {rise@0.000ns fall@10.000ns period=20.000ns})
  Path Group:             (none)
  Path Type:              Hold (Min at Slow Process Corner)
  Data Path Delay:        0.002ns  (logic 0.000ns (0.000%)  route 0.002ns (100.000%))
  Logic Levels:           0  
  Clock Uncertainty:      0.260ns  ((TSJ^2 + DJ^2)^1/2) / 2 + PE
    Total System Jitter     (TSJ):    0.050ns
    Discrete Jitter          (DJ):    0.203ns
    Phase Error              (PE):    0.156ns

    Location             Delay type                Incr(ns)  Path(ns)    Netlist Resource(s)
  -------------------------------------------------------------------    -------------------
    DSP48_X1Y25          DSP48E1                      0.000     0.000 r  inst_svpwm/clarke_inst/mult_reg_4_reg/BCOUT[0]
                         net (fo=1, routed)           0.002     0.002    inst_svpwm/clarke_inst/mult_reg_4_reg_n_23
    DSP48_X1Y26          DSP48E1                                      r  inst_svpwm/clarke_inst/v_beta_reg/BCIN[0]
  -------------------------------------------------------------------    -------------------

                         (clock clk_out1_clk_wiz_0 rise edge)
                                                      0.000     0.000 r  
    E3                                                0.000     0.000 r  clk (IN)
                         net (fo=0)                   0.000     0.000    pll_inst/inst/clk_in1
    E3                   IBUF (Prop_ibuf_I_O)         1.489     1.489 r  pll_inst/inst/clkin1_ibufg/O
                         net (fo=1, routed)           1.253     2.742    pll_inst/inst/clk_in1_clk_wiz_0
    PLLE2_ADV_X1Y1       PLLE2_ADV (Prop_plle2_adv_CLKIN1_CLKOUT0)
                                                     -8.467    -5.725 r  pll_inst/inst/plle2_adv_inst/CLKOUT0
                         net (fo=1, routed)           1.655    -4.070    pll_inst/inst/clk_out1_clk_wiz_0
    BUFGCTRL_X0Y16       BUFG (Prop_bufg_I_O)         0.096    -3.974 r  pll_inst/inst/clkout1_buf/O
                         net (fo=5373, routed)        1.639    -2.335    inst_svpwm/clarke_inst/clk_out1
    DSP48_X1Y26          DSP48E1                                      r  inst_svpwm/clarke_inst/v_beta_reg/CLK

Slack:                    inf
  Source:                 inst_svpwm/clarke_inst/mult_reg_4_reg/BCOUT[10]
                            (internal pin)
  Destination:            inst_svpwm/clarke_inst/v_beta_reg/BCIN[10]
                            (rising edge-triggered cell DSP48E1 clocked by clk_out1_clk_wiz_0  {rise@0.000ns fall@10.000ns period=20.000ns})
  Path Group:             (none)
  Path Type:              Hold (Min at Slow Process Corner)
  Data Path Delay:        0.002ns  (logic 0.000ns (0.000%)  route 0.002ns (100.000%))
  Logic Levels:           0  
  Clock Uncertainty:      0.260ns  ((TSJ^2 + DJ^2)^1/2) / 2 + PE
    Total System Jitter     (TSJ):    0.050ns
    Discrete Jitter          (DJ):    0.203ns
    Phase Error              (PE):    0.156ns

    Location             Delay type                Incr(ns)  Path(ns)    Netlist Resource(s)
  -------------------------------------------------------------------    -------------------
    DSP48_X1Y25          DSP48E1                      0.000     0.000 r  inst_svpwm/clarke_inst/mult_reg_4_reg/BCOUT[10]
                         net (fo=1, routed)           0.002     0.002    inst_svpwm/clarke_inst/mult_reg_4_reg_n_13
    DSP48_X1Y26          DSP48E1                                      r  inst_svpwm/clarke_inst/v_beta_reg/BCIN[10]
  -------------------------------------------------------------------    -------------------

                         (clock clk_out1_clk_wiz_0 rise edge)
                                                      0.000     0.000 r  
    E3                                                0.000     0.000 r  clk (IN)
                         net (fo=0)                   0.000     0.000    pll_inst/inst/clk_in1
    E3                   IBUF (Prop_ibuf_I_O)         1.489     1.489 r  pll_inst/inst/clkin1_ibufg/O
                         net (fo=1, routed)           1.253     2.742    pll_inst/inst/clk_in1_clk_wiz_0
    PLLE2_ADV_X1Y1       PLLE2_ADV (Prop_plle2_adv_CLKIN1_CLKOUT0)
                                                     -8.467    -5.725 r  pll_inst/inst/plle2_adv_inst/CLKOUT0
                         net (fo=1, routed)           1.655    -4.070    pll_inst/inst/clk_out1_clk_wiz_0
    BUFGCTRL_X0Y16       BUFG (Prop_bufg_I_O)         0.096    -3.974 r  pll_inst/inst/clkout1_buf/O
                         net (fo=5373, routed)        1.639    -2.335    inst_svpwm/clarke_inst/clk_out1
    DSP48_X1Y26          DSP48E1                                      r  inst_svpwm/clarke_inst/v_beta_reg/CLK

Slack:                    inf
  Source:                 inst_svpwm/clarke_inst/mult_reg_4_reg/BCOUT[11]
                            (internal pin)
  Destination:            inst_svpwm/clarke_inst/v_beta_reg/BCIN[11]
                            (rising edge-triggered cell DSP48E1 clocked by clk_out1_clk_wiz_0  {rise@0.000ns fall@10.000ns period=20.000ns})
  Path Group:             (none)
  Path Type:              Hold (Min at Slow Process Corner)
  Data Path Delay:        0.002ns  (logic 0.000ns (0.000%)  route 0.002ns (100.000%))
  Logic Levels:           0  
  Clock Uncertainty:      0.260ns  ((TSJ^2 + DJ^2)^1/2) / 2 + PE
    Total System Jitter     (TSJ):    0.050ns
    Discrete Jitter          (DJ):    0.203ns
    Phase Error              (PE):    0.156ns

    Location             Delay type                Incr(ns)  Path(ns)    Netlist Resource(s)
  -------------------------------------------------------------------    -------------------
    DSP48_X1Y25          DSP48E1                      0.000     0.000 r  inst_svpwm/clarke_inst/mult_reg_4_reg/BCOUT[11]
                         net (fo=1, routed)           0.002     0.002    inst_svpwm/clarke_inst/mult_reg_4_reg_n_12
    DSP48_X1Y26          DSP48E1                                      r  inst_svpwm/clarke_inst/v_beta_reg/BCIN[11]
  -------------------------------------------------------------------    -------------------

                         (clock clk_out1_clk_wiz_0 rise edge)
                                                      0.000     0.000 r  
    E3                                                0.000     0.000 r  clk (IN)
                         net (fo=0)                   0.000     0.000    pll_inst/inst/clk_in1
    E3                   IBUF (Prop_ibuf_I_O)         1.489     1.489 r  pll_inst/inst/clkin1_ibufg/O
                         net (fo=1, routed)           1.253     2.742    pll_inst/inst/clk_in1_clk_wiz_0
    PLLE2_ADV_X1Y1       PLLE2_ADV (Prop_plle2_adv_CLKIN1_CLKOUT0)
                                                     -8.467    -5.725 r  pll_inst/inst/plle2_adv_inst/CLKOUT0
                         net (fo=1, routed)           1.655    -4.070    pll_inst/inst/clk_out1_clk_wiz_0
    BUFGCTRL_X0Y16       BUFG (Prop_bufg_I_O)         0.096    -3.974 r  pll_inst/inst/clkout1_buf/O
                         net (fo=5373, routed)        1.639    -2.335    inst_svpwm/clarke_inst/clk_out1
    DSP48_X1Y26          DSP48E1                                      r  inst_svpwm/clarke_inst/v_beta_reg/CLK

Slack:                    inf
  Source:                 inst_svpwm/clarke_inst/mult_reg_4_reg/BCOUT[12]
                            (internal pin)
  Destination:            inst_svpwm/clarke_inst/v_beta_reg/BCIN[12]
                            (rising edge-triggered cell DSP48E1 clocked by clk_out1_clk_wiz_0  {rise@0.000ns fall@10.000ns period=20.000ns})
  Path Group:             (none)
  Path Type:              Hold (Min at Slow Process Corner)
  Data Path Delay:        0.002ns  (logic 0.000ns (0.000%)  route 0.002ns (100.000%))
  Logic Levels:           0  
  Clock Uncertainty:      0.260ns  ((TSJ^2 + DJ^2)^1/2) / 2 + PE
    Total System Jitter     (TSJ):    0.050ns
    Discrete Jitter          (DJ):    0.203ns
    Phase Error              (PE):    0.156ns

    Location             Delay type                Incr(ns)  Path(ns)    Netlist Resource(s)
  -------------------------------------------------------------------    -------------------
    DSP48_X1Y25          DSP48E1                      0.000     0.000 r  inst_svpwm/clarke_inst/mult_reg_4_reg/BCOUT[12]
                         net (fo=1, routed)           0.002     0.002    inst_svpwm/clarke_inst/mult_reg_4_reg_n_11
    DSP48_X1Y26          DSP48E1                                      r  inst_svpwm/clarke_inst/v_beta_reg/BCIN[12]
  -------------------------------------------------------------------    -------------------

                         (clock clk_out1_clk_wiz_0 rise edge)
                                                      0.000     0.000 r  
    E3                                                0.000     0.000 r  clk (IN)
                         net (fo=0)                   0.000     0.000    pll_inst/inst/clk_in1
    E3                   IBUF (Prop_ibuf_I_O)         1.489     1.489 r  pll_inst/inst/clkin1_ibufg/O
                         net (fo=1, routed)           1.253     2.742    pll_inst/inst/clk_in1_clk_wiz_0
    PLLE2_ADV_X1Y1       PLLE2_ADV (Prop_plle2_adv_CLKIN1_CLKOUT0)
                                                     -8.467    -5.725 r  pll_inst/inst/plle2_adv_inst/CLKOUT0
                         net (fo=1, routed)           1.655    -4.070    pll_inst/inst/clk_out1_clk_wiz_0
    BUFGCTRL_X0Y16       BUFG (Prop_bufg_I_O)         0.096    -3.974 r  pll_inst/inst/clkout1_buf/O
                         net (fo=5373, routed)        1.639    -2.335    inst_svpwm/clarke_inst/clk_out1
    DSP48_X1Y26          DSP48E1                                      r  inst_svpwm/clarke_inst/v_beta_reg/CLK

Slack:                    inf
  Source:                 inst_svpwm/clarke_inst/mult_reg_4_reg/BCOUT[13]
                            (internal pin)
  Destination:            inst_svpwm/clarke_inst/v_beta_reg/BCIN[13]
                            (rising edge-triggered cell DSP48E1 clocked by clk_out1_clk_wiz_0  {rise@0.000ns fall@10.000ns period=20.000ns})
  Path Group:             (none)
  Path Type:              Hold (Min at Slow Process Corner)
  Data Path Delay:        0.002ns  (logic 0.000ns (0.000%)  route 0.002ns (100.000%))
  Logic Levels:           0  
  Clock Uncertainty:      0.260ns  ((TSJ^2 + DJ^2)^1/2) / 2 + PE
    Total System Jitter     (TSJ):    0.050ns
    Discrete Jitter          (DJ):    0.203ns
    Phase Error              (PE):    0.156ns

    Location             Delay type                Incr(ns)  Path(ns)    Netlist Resource(s)
  -------------------------------------------------------------------    -------------------
    DSP48_X1Y25          DSP48E1                      0.000     0.000 r  inst_svpwm/clarke_inst/mult_reg_4_reg/BCOUT[13]
                         net (fo=1, routed)           0.002     0.002    inst_svpwm/clarke_inst/mult_reg_4_reg_n_10
    DSP48_X1Y26          DSP48E1                                      r  inst_svpwm/clarke_inst/v_beta_reg/BCIN[13]
  -------------------------------------------------------------------    -------------------

                         (clock clk_out1_clk_wiz_0 rise edge)
                                                      0.000     0.000 r  
    E3                                                0.000     0.000 r  clk (IN)
                         net (fo=0)                   0.000     0.000    pll_inst/inst/clk_in1
    E3                   IBUF (Prop_ibuf_I_O)         1.489     1.489 r  pll_inst/inst/clkin1_ibufg/O
                         net (fo=1, routed)           1.253     2.742    pll_inst/inst/clk_in1_clk_wiz_0
    PLLE2_ADV_X1Y1       PLLE2_ADV (Prop_plle2_adv_CLKIN1_CLKOUT0)
                                                     -8.467    -5.725 r  pll_inst/inst/plle2_adv_inst/CLKOUT0
                         net (fo=1, routed)           1.655    -4.070    pll_inst/inst/clk_out1_clk_wiz_0
    BUFGCTRL_X0Y16       BUFG (Prop_bufg_I_O)         0.096    -3.974 r  pll_inst/inst/clkout1_buf/O
                         net (fo=5373, routed)        1.639    -2.335    inst_svpwm/clarke_inst/clk_out1
    DSP48_X1Y26          DSP48E1                                      r  inst_svpwm/clarke_inst/v_beta_reg/CLK

Slack:                    inf
  Source:                 inst_svpwm/clarke_inst/mult_reg_4_reg/BCOUT[14]
                            (internal pin)
  Destination:            inst_svpwm/clarke_inst/v_beta_reg/BCIN[14]
                            (rising edge-triggered cell DSP48E1 clocked by clk_out1_clk_wiz_0  {rise@0.000ns fall@10.000ns period=20.000ns})
  Path Group:             (none)
  Path Type:              Hold (Min at Slow Process Corner)
  Data Path Delay:        0.002ns  (logic 0.000ns (0.000%)  route 0.002ns (100.000%))
  Logic Levels:           0  
  Clock Uncertainty:      0.260ns  ((TSJ^2 + DJ^2)^1/2) / 2 + PE
    Total System Jitter     (TSJ):    0.050ns
    Discrete Jitter          (DJ):    0.203ns
    Phase Error              (PE):    0.156ns

    Location             Delay type                Incr(ns)  Path(ns)    Netlist Resource(s)
  -------------------------------------------------------------------    -------------------
    DSP48_X1Y25          DSP48E1                      0.000     0.000 r  inst_svpwm/clarke_inst/mult_reg_4_reg/BCOUT[14]
                         net (fo=1, routed)           0.002     0.002    inst_svpwm/clarke_inst/mult_reg_4_reg_n_9
    DSP48_X1Y26          DSP48E1                                      r  inst_svpwm/clarke_inst/v_beta_reg/BCIN[14]
  -------------------------------------------------------------------    -------------------

                         (clock clk_out1_clk_wiz_0 rise edge)
                                                      0.000     0.000 r  
    E3                                                0.000     0.000 r  clk (IN)
                         net (fo=0)                   0.000     0.000    pll_inst/inst/clk_in1
    E3                   IBUF (Prop_ibuf_I_O)         1.489     1.489 r  pll_inst/inst/clkin1_ibufg/O
                         net (fo=1, routed)           1.253     2.742    pll_inst/inst/clk_in1_clk_wiz_0
    PLLE2_ADV_X1Y1       PLLE2_ADV (Prop_plle2_adv_CLKIN1_CLKOUT0)
                                                     -8.467    -5.725 r  pll_inst/inst/plle2_adv_inst/CLKOUT0
                         net (fo=1, routed)           1.655    -4.070    pll_inst/inst/clk_out1_clk_wiz_0
    BUFGCTRL_X0Y16       BUFG (Prop_bufg_I_O)         0.096    -3.974 r  pll_inst/inst/clkout1_buf/O
                         net (fo=5373, routed)        1.639    -2.335    inst_svpwm/clarke_inst/clk_out1
    DSP48_X1Y26          DSP48E1                                      r  inst_svpwm/clarke_inst/v_beta_reg/CLK

Slack:                    inf
  Source:                 inst_svpwm/clarke_inst/mult_reg_4_reg/BCOUT[15]
                            (internal pin)
  Destination:            inst_svpwm/clarke_inst/v_beta_reg/BCIN[15]
                            (rising edge-triggered cell DSP48E1 clocked by clk_out1_clk_wiz_0  {rise@0.000ns fall@10.000ns period=20.000ns})
  Path Group:             (none)
  Path Type:              Hold (Min at Slow Process Corner)
  Data Path Delay:        0.002ns  (logic 0.000ns (0.000%)  route 0.002ns (100.000%))
  Logic Levels:           0  
  Clock Uncertainty:      0.260ns  ((TSJ^2 + DJ^2)^1/2) / 2 + PE
    Total System Jitter     (TSJ):    0.050ns
    Discrete Jitter          (DJ):    0.203ns
    Phase Error              (PE):    0.156ns

    Location             Delay type                Incr(ns)  Path(ns)    Netlist Resource(s)
  -------------------------------------------------------------------    -------------------
    DSP48_X1Y25          DSP48E1                      0.000     0.000 r  inst_svpwm/clarke_inst/mult_reg_4_reg/BCOUT[15]
                         net (fo=1, routed)           0.002     0.002    inst_svpwm/clarke_inst/mult_reg_4_reg_n_8
    DSP48_X1Y26          DSP48E1                                      r  inst_svpwm/clarke_inst/v_beta_reg/BCIN[15]
  -------------------------------------------------------------------    -------------------

                         (clock clk_out1_clk_wiz_0 rise edge)
                                                      0.000     0.000 r  
    E3                                                0.000     0.000 r  clk (IN)
                         net (fo=0)                   0.000     0.000    pll_inst/inst/clk_in1
    E3                   IBUF (Prop_ibuf_I_O)         1.489     1.489 r  pll_inst/inst/clkin1_ibufg/O
                         net (fo=1, routed)           1.253     2.742    pll_inst/inst/clk_in1_clk_wiz_0
    PLLE2_ADV_X1Y1       PLLE2_ADV (Prop_plle2_adv_CLKIN1_CLKOUT0)
                                                     -8.467    -5.725 r  pll_inst/inst/plle2_adv_inst/CLKOUT0
                         net (fo=1, routed)           1.655    -4.070    pll_inst/inst/clk_out1_clk_wiz_0
    BUFGCTRL_X0Y16       BUFG (Prop_bufg_I_O)         0.096    -3.974 r  pll_inst/inst/clkout1_buf/O
                         net (fo=5373, routed)        1.639    -2.335    inst_svpwm/clarke_inst/clk_out1
    DSP48_X1Y26          DSP48E1                                      r  inst_svpwm/clarke_inst/v_beta_reg/CLK

Slack:                    inf
  Source:                 inst_svpwm/clarke_inst/mult_reg_4_reg/BCOUT[16]
                            (internal pin)
  Destination:            inst_svpwm/clarke_inst/v_beta_reg/BCIN[16]
                            (rising edge-triggered cell DSP48E1 clocked by clk_out1_clk_wiz_0  {rise@0.000ns fall@10.000ns period=20.000ns})
  Path Group:             (none)
  Path Type:              Hold (Min at Slow Process Corner)
  Data Path Delay:        0.002ns  (logic 0.000ns (0.000%)  route 0.002ns (100.000%))
  Logic Levels:           0  
  Clock Uncertainty:      0.260ns  ((TSJ^2 + DJ^2)^1/2) / 2 + PE
    Total System Jitter     (TSJ):    0.050ns
    Discrete Jitter          (DJ):    0.203ns
    Phase Error              (PE):    0.156ns

    Location             Delay type                Incr(ns)  Path(ns)    Netlist Resource(s)
  -------------------------------------------------------------------    -------------------
    DSP48_X1Y25          DSP48E1                      0.000     0.000 r  inst_svpwm/clarke_inst/mult_reg_4_reg/BCOUT[16]
                         net (fo=1, routed)           0.002     0.002    inst_svpwm/clarke_inst/mult_reg_4_reg_n_7
    DSP48_X1Y26          DSP48E1                                      r  inst_svpwm/clarke_inst/v_beta_reg/BCIN[16]
  -------------------------------------------------------------------    -------------------

                         (clock clk_out1_clk_wiz_0 rise edge)
                                                      0.000     0.000 r  
    E3                                                0.000     0.000 r  clk (IN)
                         net (fo=0)                   0.000     0.000    pll_inst/inst/clk_in1
    E3                   IBUF (Prop_ibuf_I_O)         1.489     1.489 r  pll_inst/inst/clkin1_ibufg/O
                         net (fo=1, routed)           1.253     2.742    pll_inst/inst/clk_in1_clk_wiz_0
    PLLE2_ADV_X1Y1       PLLE2_ADV (Prop_plle2_adv_CLKIN1_CLKOUT0)
                                                     -8.467    -5.725 r  pll_inst/inst/plle2_adv_inst/CLKOUT0
                         net (fo=1, routed)           1.655    -4.070    pll_inst/inst/clk_out1_clk_wiz_0
    BUFGCTRL_X0Y16       BUFG (Prop_bufg_I_O)         0.096    -3.974 r  pll_inst/inst/clkout1_buf/O
                         net (fo=5373, routed)        1.639    -2.335    inst_svpwm/clarke_inst/clk_out1
    DSP48_X1Y26          DSP48E1                                      r  inst_svpwm/clarke_inst/v_beta_reg/CLK

Slack:                    inf
  Source:                 inst_svpwm/clarke_inst/mult_reg_4_reg/BCOUT[17]
                            (internal pin)
  Destination:            inst_svpwm/clarke_inst/v_beta_reg/BCIN[17]
                            (rising edge-triggered cell DSP48E1 clocked by clk_out1_clk_wiz_0  {rise@0.000ns fall@10.000ns period=20.000ns})
  Path Group:             (none)
  Path Type:              Hold (Min at Slow Process Corner)
  Data Path Delay:        0.002ns  (logic 0.000ns (0.000%)  route 0.002ns (100.000%))
  Logic Levels:           0  
  Clock Uncertainty:      0.260ns  ((TSJ^2 + DJ^2)^1/2) / 2 + PE
    Total System Jitter     (TSJ):    0.050ns
    Discrete Jitter          (DJ):    0.203ns
    Phase Error              (PE):    0.156ns

    Location             Delay type                Incr(ns)  Path(ns)    Netlist Resource(s)
  -------------------------------------------------------------------    -------------------
    DSP48_X1Y25          DSP48E1                      0.000     0.000 r  inst_svpwm/clarke_inst/mult_reg_4_reg/BCOUT[17]
                         net (fo=1, routed)           0.002     0.002    inst_svpwm/clarke_inst/mult_reg_4_reg_n_6
    DSP48_X1Y26          DSP48E1                                      r  inst_svpwm/clarke_inst/v_beta_reg/BCIN[17]
  -------------------------------------------------------------------    -------------------

                         (clock clk_out1_clk_wiz_0 rise edge)
                                                      0.000     0.000 r  
    E3                                                0.000     0.000 r  clk (IN)
                         net (fo=0)                   0.000     0.000    pll_inst/inst/clk_in1
    E3                   IBUF (Prop_ibuf_I_O)         1.489     1.489 r  pll_inst/inst/clkin1_ibufg/O
                         net (fo=1, routed)           1.253     2.742    pll_inst/inst/clk_in1_clk_wiz_0
    PLLE2_ADV_X1Y1       PLLE2_ADV (Prop_plle2_adv_CLKIN1_CLKOUT0)
                                                     -8.467    -5.725 r  pll_inst/inst/plle2_adv_inst/CLKOUT0
                         net (fo=1, routed)           1.655    -4.070    pll_inst/inst/clk_out1_clk_wiz_0
    BUFGCTRL_X0Y16       BUFG (Prop_bufg_I_O)         0.096    -3.974 r  pll_inst/inst/clkout1_buf/O
                         net (fo=5373, routed)        1.639    -2.335    inst_svpwm/clarke_inst/clk_out1
    DSP48_X1Y26          DSP48E1                                      r  inst_svpwm/clarke_inst/v_beta_reg/CLK

Slack:                    inf
  Source:                 inst_svpwm/clarke_inst/mult_reg_4_reg/BCOUT[1]
                            (internal pin)
  Destination:            inst_svpwm/clarke_inst/v_beta_reg/BCIN[1]
                            (rising edge-triggered cell DSP48E1 clocked by clk_out1_clk_wiz_0  {rise@0.000ns fall@10.000ns period=20.000ns})
  Path Group:             (none)
  Path Type:              Hold (Min at Slow Process Corner)
  Data Path Delay:        0.002ns  (logic 0.000ns (0.000%)  route 0.002ns (100.000%))
  Logic Levels:           0  
  Clock Uncertainty:      0.260ns  ((TSJ^2 + DJ^2)^1/2) / 2 + PE
    Total System Jitter     (TSJ):    0.050ns
    Discrete Jitter          (DJ):    0.203ns
    Phase Error              (PE):    0.156ns

    Location             Delay type                Incr(ns)  Path(ns)    Netlist Resource(s)
  -------------------------------------------------------------------    -------------------
    DSP48_X1Y25          DSP48E1                      0.000     0.000 r  inst_svpwm/clarke_inst/mult_reg_4_reg/BCOUT[1]
                         net (fo=1, routed)           0.002     0.002    inst_svpwm/clarke_inst/mult_reg_4_reg_n_22
    DSP48_X1Y26          DSP48E1                                      r  inst_svpwm/clarke_inst/v_beta_reg/BCIN[1]
  -------------------------------------------------------------------    -------------------

                         (clock clk_out1_clk_wiz_0 rise edge)
                                                      0.000     0.000 r  
    E3                                                0.000     0.000 r  clk (IN)
                         net (fo=0)                   0.000     0.000    pll_inst/inst/clk_in1
    E3                   IBUF (Prop_ibuf_I_O)         1.489     1.489 r  pll_inst/inst/clkin1_ibufg/O
                         net (fo=1, routed)           1.253     2.742    pll_inst/inst/clk_in1_clk_wiz_0
    PLLE2_ADV_X1Y1       PLLE2_ADV (Prop_plle2_adv_CLKIN1_CLKOUT0)
                                                     -8.467    -5.725 r  pll_inst/inst/plle2_adv_inst/CLKOUT0
                         net (fo=1, routed)           1.655    -4.070    pll_inst/inst/clk_out1_clk_wiz_0
    BUFGCTRL_X0Y16       BUFG (Prop_bufg_I_O)         0.096    -3.974 r  pll_inst/inst/clkout1_buf/O
                         net (fo=5373, routed)        1.639    -2.335    inst_svpwm/clarke_inst/clk_out1
    DSP48_X1Y26          DSP48E1                                      r  inst_svpwm/clarke_inst/v_beta_reg/CLK





--------------------------------------------------------------------------------------
Path Group:  (none)
From Clock:  
  To Clock:  clk_out1_clk_wiz_0_1

Max Delay          5381 Endpoints
Min Delay          5381 Endpoints
--------------------------------------------------------------------------------------


Max Delay Paths
--------------------------------------------------------------------------------------
Slack:                    inf
  Source:                 reset
                            (input port)
  Destination:            spi_master/rx_data_reg[10]/CLR
                            (recovery check against rising-edge clock clk_out1_clk_wiz_0_1  {rise@0.000ns fall@10.000ns period=20.000ns})
  Path Group:             (none)
  Path Type:              Recovery (Max at Slow Process Corner)
  Data Path Delay:        20.207ns  (logic 1.467ns (7.259%)  route 18.740ns (92.741%))
  Logic Levels:           1  (IBUF=1)
  Clock Path Skew:        -1.971ns (DCD - SCD + CPR)
    Destination Clock Delay (DCD):    -1.971ns
    Source Clock Delay      (SCD):    0.000ns
    Clock Pessimism Removal (CPR):    0.000ns
  Clock Uncertainty:      0.255ns  ((TSJ^2 + DJ^2)^1/2) / 2 + PE
    Total System Jitter     (TSJ):    0.050ns
    Discrete Jitter          (DJ):    0.193ns
    Phase Error              (PE):    0.156ns

    Location             Delay type                Incr(ns)  Path(ns)    Netlist Resource(s)
  -------------------------------------------------------------------    -------------------
    D9                                                0.000     0.000 f  reset (IN)
                         net (fo=0)                   0.000     0.000    reset
    D9                   IBUF (Prop_ibuf_I_O)         1.467     1.467 f  reset_IBUF_inst/O
                         net (fo=4989, routed)       18.740    20.207    spi_master/reset_IBUF
    SLICE_X58Y65         FDCE                                         f  spi_master/rx_data_reg[10]/CLR
  -------------------------------------------------------------------    -------------------

                         (clock clk_out1_clk_wiz_0_1 rise edge)
                                                      0.000     0.000 r  
    E3                                                0.000     0.000 r  clk (IN)
                         net (fo=0)                   0.000     0.000    pll_inst/inst/clk_in1
    E3                   IBUF (Prop_ibuf_I_O)         1.418     1.418 r  pll_inst/inst/clkin1_ibufg/O
                         net (fo=1, routed)           1.181     2.599    pll_inst/inst/clk_in1_clk_wiz_0
    PLLE2_ADV_X1Y1       PLLE2_ADV (Prop_plle2_adv_CLKIN1_CLKOUT0)
                                                     -7.736    -5.137 r  pll_inst/inst/plle2_adv_inst/CLKOUT0
                         net (fo=1, routed)           1.576    -3.561    pll_inst/inst/clk_out1_clk_wiz_0
    BUFGCTRL_X0Y16       BUFG (Prop_bufg_I_O)         0.091    -3.470 r  pll_inst/inst/clkout1_buf/O
                         net (fo=5373, routed)        1.499    -1.971    spi_master/clk_out1
    SLICE_X58Y65         FDCE                                         r  spi_master/rx_data_reg[10]/C

Slack:                    inf
  Source:                 reset
                            (input port)
  Destination:            spi_master/rx_data_reg[13]/CLR
                            (recovery check against rising-edge clock clk_out1_clk_wiz_0_1  {rise@0.000ns fall@10.000ns period=20.000ns})
  Path Group:             (none)
  Path Type:              Recovery (Max at Slow Process Corner)
  Data Path Delay:        20.207ns  (logic 1.467ns (7.259%)  route 18.740ns (92.741%))
  Logic Levels:           1  (IBUF=1)
  Clock Path Skew:        -1.971ns (DCD - SCD + CPR)
    Destination Clock Delay (DCD):    -1.971ns
    Source Clock Delay      (SCD):    0.000ns
    Clock Pessimism Removal (CPR):    0.000ns
  Clock Uncertainty:      0.255ns  ((TSJ^2 + DJ^2)^1/2) / 2 + PE
    Total System Jitter     (TSJ):    0.050ns
    Discrete Jitter          (DJ):    0.193ns
    Phase Error              (PE):    0.156ns

    Location             Delay type                Incr(ns)  Path(ns)    Netlist Resource(s)
  -------------------------------------------------------------------    -------------------
    D9                                                0.000     0.000 f  reset (IN)
                         net (fo=0)                   0.000     0.000    reset
    D9                   IBUF (Prop_ibuf_I_O)         1.467     1.467 f  reset_IBUF_inst/O
                         net (fo=4989, routed)       18.740    20.207    spi_master/reset_IBUF
    SLICE_X58Y65         FDCE                                         f  spi_master/rx_data_reg[13]/CLR
  -------------------------------------------------------------------    -------------------

                         (clock clk_out1_clk_wiz_0_1 rise edge)
                                                      0.000     0.000 r  
    E3                                                0.000     0.000 r  clk (IN)
                         net (fo=0)                   0.000     0.000    pll_inst/inst/clk_in1
    E3                   IBUF (Prop_ibuf_I_O)         1.418     1.418 r  pll_inst/inst/clkin1_ibufg/O
                         net (fo=1, routed)           1.181     2.599    pll_inst/inst/clk_in1_clk_wiz_0
    PLLE2_ADV_X1Y1       PLLE2_ADV (Prop_plle2_adv_CLKIN1_CLKOUT0)
                                                     -7.736    -5.137 r  pll_inst/inst/plle2_adv_inst/CLKOUT0
                         net (fo=1, routed)           1.576    -3.561    pll_inst/inst/clk_out1_clk_wiz_0
    BUFGCTRL_X0Y16       BUFG (Prop_bufg_I_O)         0.091    -3.470 r  pll_inst/inst/clkout1_buf/O
                         net (fo=5373, routed)        1.499    -1.971    spi_master/clk_out1
    SLICE_X58Y65         FDCE                                         r  spi_master/rx_data_reg[13]/C

Slack:                    inf
  Source:                 reset
                            (input port)
  Destination:            spi_master/rx_data_reg[14]/CLR
                            (recovery check against rising-edge clock clk_out1_clk_wiz_0_1  {rise@0.000ns fall@10.000ns period=20.000ns})
  Path Group:             (none)
  Path Type:              Recovery (Max at Slow Process Corner)
  Data Path Delay:        20.207ns  (logic 1.467ns (7.259%)  route 18.740ns (92.741%))
  Logic Levels:           1  (IBUF=1)
  Clock Path Skew:        -1.971ns (DCD - SCD + CPR)
    Destination Clock Delay (DCD):    -1.971ns
    Source Clock Delay      (SCD):    0.000ns
    Clock Pessimism Removal (CPR):    0.000ns
  Clock Uncertainty:      0.255ns  ((TSJ^2 + DJ^2)^1/2) / 2 + PE
    Total System Jitter     (TSJ):    0.050ns
    Discrete Jitter          (DJ):    0.193ns
    Phase Error              (PE):    0.156ns

    Location             Delay type                Incr(ns)  Path(ns)    Netlist Resource(s)
  -------------------------------------------------------------------    -------------------
    D9                                                0.000     0.000 f  reset (IN)
                         net (fo=0)                   0.000     0.000    reset
    D9                   IBUF (Prop_ibuf_I_O)         1.467     1.467 f  reset_IBUF_inst/O
                         net (fo=4989, routed)       18.740    20.207    spi_master/reset_IBUF
    SLICE_X58Y65         FDCE                                         f  spi_master/rx_data_reg[14]/CLR
  -------------------------------------------------------------------    -------------------

                         (clock clk_out1_clk_wiz_0_1 rise edge)
                                                      0.000     0.000 r  
    E3                                                0.000     0.000 r  clk (IN)
                         net (fo=0)                   0.000     0.000    pll_inst/inst/clk_in1
    E3                   IBUF (Prop_ibuf_I_O)         1.418     1.418 r  pll_inst/inst/clkin1_ibufg/O
                         net (fo=1, routed)           1.181     2.599    pll_inst/inst/clk_in1_clk_wiz_0
    PLLE2_ADV_X1Y1       PLLE2_ADV (Prop_plle2_adv_CLKIN1_CLKOUT0)
                                                     -7.736    -5.137 r  pll_inst/inst/plle2_adv_inst/CLKOUT0
                         net (fo=1, routed)           1.576    -3.561    pll_inst/inst/clk_out1_clk_wiz_0
    BUFGCTRL_X0Y16       BUFG (Prop_bufg_I_O)         0.091    -3.470 r  pll_inst/inst/clkout1_buf/O
                         net (fo=5373, routed)        1.499    -1.971    spi_master/clk_out1
    SLICE_X58Y65         FDCE                                         r  spi_master/rx_data_reg[14]/C

Slack:                    inf
  Source:                 reset
                            (input port)
  Destination:            spi_master/rx_data_reg[11]/CLR
                            (recovery check against rising-edge clock clk_out1_clk_wiz_0_1  {rise@0.000ns fall@10.000ns period=20.000ns})
  Path Group:             (none)
  Path Type:              Recovery (Max at Slow Process Corner)
  Data Path Delay:        20.203ns  (logic 1.467ns (7.261%)  route 18.736ns (92.739%))
  Logic Levels:           1  (IBUF=1)
  Clock Path Skew:        -1.971ns (DCD - SCD + CPR)
    Destination Clock Delay (DCD):    -1.971ns
    Source Clock Delay      (SCD):    0.000ns
    Clock Pessimism Removal (CPR):    0.000ns
  Clock Uncertainty:      0.255ns  ((TSJ^2 + DJ^2)^1/2) / 2 + PE
    Total System Jitter     (TSJ):    0.050ns
    Discrete Jitter          (DJ):    0.193ns
    Phase Error              (PE):    0.156ns

    Location             Delay type                Incr(ns)  Path(ns)    Netlist Resource(s)
  -------------------------------------------------------------------    -------------------
    D9                                                0.000     0.000 f  reset (IN)
                         net (fo=0)                   0.000     0.000    reset
    D9                   IBUF (Prop_ibuf_I_O)         1.467     1.467 f  reset_IBUF_inst/O
                         net (fo=4989, routed)       18.736    20.203    spi_master/reset_IBUF
    SLICE_X59Y65         FDCE                                         f  spi_master/rx_data_reg[11]/CLR
  -------------------------------------------------------------------    -------------------

                         (clock clk_out1_clk_wiz_0_1 rise edge)
                                                      0.000     0.000 r  
    E3                                                0.000     0.000 r  clk (IN)
                         net (fo=0)                   0.000     0.000    pll_inst/inst/clk_in1
    E3                   IBUF (Prop_ibuf_I_O)         1.418     1.418 r  pll_inst/inst/clkin1_ibufg/O
                         net (fo=1, routed)           1.181     2.599    pll_inst/inst/clk_in1_clk_wiz_0
    PLLE2_ADV_X1Y1       PLLE2_ADV (Prop_plle2_adv_CLKIN1_CLKOUT0)
                                                     -7.736    -5.137 r  pll_inst/inst/plle2_adv_inst/CLKOUT0
                         net (fo=1, routed)           1.576    -3.561    pll_inst/inst/clk_out1_clk_wiz_0
    BUFGCTRL_X0Y16       BUFG (Prop_bufg_I_O)         0.091    -3.470 r  pll_inst/inst/clkout1_buf/O
                         net (fo=5373, routed)        1.499    -1.971    spi_master/clk_out1
    SLICE_X59Y65         FDCE                                         r  spi_master/rx_data_reg[11]/C

Slack:                    inf
  Source:                 reset
                            (input port)
  Destination:            spi_master/rx_data_reg[12]/CLR
                            (recovery check against rising-edge clock clk_out1_clk_wiz_0_1  {rise@0.000ns fall@10.000ns period=20.000ns})
  Path Group:             (none)
  Path Type:              Recovery (Max at Slow Process Corner)
  Data Path Delay:        20.203ns  (logic 1.467ns (7.261%)  route 18.736ns (92.739%))
  Logic Levels:           1  (IBUF=1)
  Clock Path Skew:        -1.971ns (DCD - SCD + CPR)
    Destination Clock Delay (DCD):    -1.971ns
    Source Clock Delay      (SCD):    0.000ns
    Clock Pessimism Removal (CPR):    0.000ns
  Clock Uncertainty:      0.255ns  ((TSJ^2 + DJ^2)^1/2) / 2 + PE
    Total System Jitter     (TSJ):    0.050ns
    Discrete Jitter          (DJ):    0.193ns
    Phase Error              (PE):    0.156ns

    Location             Delay type                Incr(ns)  Path(ns)    Netlist Resource(s)
  -------------------------------------------------------------------    -------------------
    D9                                                0.000     0.000 f  reset (IN)
                         net (fo=0)                   0.000     0.000    reset
    D9                   IBUF (Prop_ibuf_I_O)         1.467     1.467 f  reset_IBUF_inst/O
                         net (fo=4989, routed)       18.736    20.203    spi_master/reset_IBUF
    SLICE_X59Y65         FDCE                                         f  spi_master/rx_data_reg[12]/CLR
  -------------------------------------------------------------------    -------------------

                         (clock clk_out1_clk_wiz_0_1 rise edge)
                                                      0.000     0.000 r  
    E3                                                0.000     0.000 r  clk (IN)
                         net (fo=0)                   0.000     0.000    pll_inst/inst/clk_in1
    E3                   IBUF (Prop_ibuf_I_O)         1.418     1.418 r  pll_inst/inst/clkin1_ibufg/O
                         net (fo=1, routed)           1.181     2.599    pll_inst/inst/clk_in1_clk_wiz_0
    PLLE2_ADV_X1Y1       PLLE2_ADV (Prop_plle2_adv_CLKIN1_CLKOUT0)
                                                     -7.736    -5.137 r  pll_inst/inst/plle2_adv_inst/CLKOUT0
                         net (fo=1, routed)           1.576    -3.561    pll_inst/inst/clk_out1_clk_wiz_0
    BUFGCTRL_X0Y16       BUFG (Prop_bufg_I_O)         0.091    -3.470 r  pll_inst/inst/clkout1_buf/O
                         net (fo=5373, routed)        1.499    -1.971    spi_master/clk_out1
    SLICE_X59Y65         FDCE                                         r  spi_master/rx_data_reg[12]/C

Slack:                    inf
  Source:                 reset
                            (input port)
  Destination:            spi_master/rx_data_reg[15]/CLR
                            (recovery check against rising-edge clock clk_out1_clk_wiz_0_1  {rise@0.000ns fall@10.000ns period=20.000ns})
  Path Group:             (none)
  Path Type:              Recovery (Max at Slow Process Corner)
  Data Path Delay:        20.061ns  (logic 1.467ns (7.312%)  route 18.595ns (92.688%))
  Logic Levels:           1  (IBUF=1)
  Clock Path Skew:        -1.970ns (DCD - SCD + CPR)
    Destination Clock Delay (DCD):    -1.970ns
    Source Clock Delay      (SCD):    0.000ns
    Clock Pessimism Removal (CPR):    0.000ns
  Clock Uncertainty:      0.255ns  ((TSJ^2 + DJ^2)^1/2) / 2 + PE
    Total System Jitter     (TSJ):    0.050ns
    Discrete Jitter          (DJ):    0.193ns
    Phase Error              (PE):    0.156ns

    Location             Delay type                Incr(ns)  Path(ns)    Netlist Resource(s)
  -------------------------------------------------------------------    -------------------
    D9                                                0.000     0.000 f  reset (IN)
                         net (fo=0)                   0.000     0.000    reset
    D9                   IBUF (Prop_ibuf_I_O)         1.467     1.467 f  reset_IBUF_inst/O
                         net (fo=4989, routed)       18.595    20.061    spi_master/reset_IBUF
    SLICE_X58Y64         FDCE                                         f  spi_master/rx_data_reg[15]/CLR
  -------------------------------------------------------------------    -------------------

                         (clock clk_out1_clk_wiz_0_1 rise edge)
                                                      0.000     0.000 r  
    E3                                                0.000     0.000 r  clk (IN)
                         net (fo=0)                   0.000     0.000    pll_inst/inst/clk_in1
    E3                   IBUF (Prop_ibuf_I_O)         1.418     1.418 r  pll_inst/inst/clkin1_ibufg/O
                         net (fo=1, routed)           1.181     2.599    pll_inst/inst/clk_in1_clk_wiz_0
    PLLE2_ADV_X1Y1       PLLE2_ADV (Prop_plle2_adv_CLKIN1_CLKOUT0)
                                                     -7.736    -5.137 r  pll_inst/inst/plle2_adv_inst/CLKOUT0
                         net (fo=1, routed)           1.576    -3.561    pll_inst/inst/clk_out1_clk_wiz_0
    BUFGCTRL_X0Y16       BUFG (Prop_bufg_I_O)         0.091    -3.470 r  pll_inst/inst/clkout1_buf/O
                         net (fo=5373, routed)        1.500    -1.970    spi_master/clk_out1
    SLICE_X58Y64         FDCE                                         r  spi_master/rx_data_reg[15]/C

Slack:                    inf
  Source:                 reset
                            (input port)
  Destination:            spi_master/rx_data_reg[9]/CLR
                            (recovery check against rising-edge clock clk_out1_clk_wiz_0_1  {rise@0.000ns fall@10.000ns period=20.000ns})
  Path Group:             (none)
  Path Type:              Recovery (Max at Slow Process Corner)
  Data Path Delay:        20.061ns  (logic 1.467ns (7.312%)  route 18.595ns (92.688%))
  Logic Levels:           1  (IBUF=1)
  Clock Path Skew:        -1.970ns (DCD - SCD + CPR)
    Destination Clock Delay (DCD):    -1.970ns
    Source Clock Delay      (SCD):    0.000ns
    Clock Pessimism Removal (CPR):    0.000ns
  Clock Uncertainty:      0.255ns  ((TSJ^2 + DJ^2)^1/2) / 2 + PE
    Total System Jitter     (TSJ):    0.050ns
    Discrete Jitter          (DJ):    0.193ns
    Phase Error              (PE):    0.156ns

    Location             Delay type                Incr(ns)  Path(ns)    Netlist Resource(s)
  -------------------------------------------------------------------    -------------------
    D9                                                0.000     0.000 f  reset (IN)
                         net (fo=0)                   0.000     0.000    reset
    D9                   IBUF (Prop_ibuf_I_O)         1.467     1.467 f  reset_IBUF_inst/O
                         net (fo=4989, routed)       18.595    20.061    spi_master/reset_IBUF
    SLICE_X58Y64         FDCE                                         f  spi_master/rx_data_reg[9]/CLR
  -------------------------------------------------------------------    -------------------

                         (clock clk_out1_clk_wiz_0_1 rise edge)
                                                      0.000     0.000 r  
    E3                                                0.000     0.000 r  clk (IN)
                         net (fo=0)                   0.000     0.000    pll_inst/inst/clk_in1
    E3                   IBUF (Prop_ibuf_I_O)         1.418     1.418 r  pll_inst/inst/clkin1_ibufg/O
                         net (fo=1, routed)           1.181     2.599    pll_inst/inst/clk_in1_clk_wiz_0
    PLLE2_ADV_X1Y1       PLLE2_ADV (Prop_plle2_adv_CLKIN1_CLKOUT0)
                                                     -7.736    -5.137 r  pll_inst/inst/plle2_adv_inst/CLKOUT0
                         net (fo=1, routed)           1.576    -3.561    pll_inst/inst/clk_out1_clk_wiz_0
    BUFGCTRL_X0Y16       BUFG (Prop_bufg_I_O)         0.091    -3.470 r  pll_inst/inst/clkout1_buf/O
                         net (fo=5373, routed)        1.500    -1.970    spi_master/clk_out1
    SLICE_X58Y64         FDCE                                         r  spi_master/rx_data_reg[9]/C

Slack:                    inf
  Source:                 reset
                            (input port)
  Destination:            spi_master/rx_buffer_reg[32]/CE
                            (rising edge-triggered cell FDRE clocked by clk_out1_clk_wiz_0_1  {rise@0.000ns fall@10.000ns period=20.000ns})
  Path Group:             (none)
  Path Type:              Setup (Max at Slow Process Corner)
  Data Path Delay:        19.936ns  (logic 1.591ns (7.980%)  route 18.345ns (92.020%))
  Logic Levels:           2  (IBUF=1 LUT6=1)
  Clock Path Skew:        -2.030ns (DCD - SCD + CPR)
    Destination Clock Delay (DCD):    -2.030ns
    Source Clock Delay      (SCD):    0.000ns
    Clock Pessimism Removal (CPR):    0.000ns
  Clock Uncertainty:      0.255ns  ((TSJ^2 + DJ^2)^1/2) / 2 + PE
    Total System Jitter     (TSJ):    0.050ns
    Discrete Jitter          (DJ):    0.193ns
    Phase Error              (PE):    0.156ns

    Location             Delay type                Incr(ns)  Path(ns)    Netlist Resource(s)
  -------------------------------------------------------------------    -------------------
    D9                                                0.000     0.000 f  reset (IN)
                         net (fo=0)                   0.000     0.000    reset
    D9                   IBUF (Prop_ibuf_I_O)         1.467     1.467 f  reset_IBUF_inst/O
                         net (fo=4989, routed)       16.027    17.493    spi_master/reset_IBUF
    SLICE_X63Y73         LUT6 (Prop_lut6_I5_O)        0.124    17.617 r  spi_master/rx_buffer[47]_i_1/O
                         net (fo=48, routed)          2.319    19.936    spi_master/rx_buffer0
    SLICE_X56Y56         FDRE                                         r  spi_master/rx_buffer_reg[32]/CE
  -------------------------------------------------------------------    -------------------

                         (clock clk_out1_clk_wiz_0_1 rise edge)
                                                      0.000     0.000 r  
    E3                                                0.000     0.000 r  clk (IN)
                         net (fo=0)                   0.000     0.000    pll_inst/inst/clk_in1
    E3                   IBUF (Prop_ibuf_I_O)         1.418     1.418 r  pll_inst/inst/clkin1_ibufg/O
                         net (fo=1, routed)           1.181     2.599    pll_inst/inst/clk_in1_clk_wiz_0
    PLLE2_ADV_X1Y1       PLLE2_ADV (Prop_plle2_adv_CLKIN1_CLKOUT0)
                                                     -7.736    -5.137 r  pll_inst/inst/plle2_adv_inst/CLKOUT0
                         net (fo=1, routed)           1.576    -3.561    pll_inst/inst/clk_out1_clk_wiz_0
    BUFGCTRL_X0Y16       BUFG (Prop_bufg_I_O)         0.091    -3.470 r  pll_inst/inst/clkout1_buf/O
                         net (fo=5373, routed)        1.440    -2.030    spi_master/clk_out1
    SLICE_X56Y56         FDRE                                         r  spi_master/rx_buffer_reg[32]/C

Slack:                    inf
  Source:                 reset
                            (input port)
  Destination:            spi_master/rx_buffer_reg[33]/CE
                            (rising edge-triggered cell FDRE clocked by clk_out1_clk_wiz_0_1  {rise@0.000ns fall@10.000ns period=20.000ns})
  Path Group:             (none)
  Path Type:              Setup (Max at Slow Process Corner)
  Data Path Delay:        19.936ns  (logic 1.591ns (7.980%)  route 18.345ns (92.020%))
  Logic Levels:           2  (IBUF=1 LUT6=1)
  Clock Path Skew:        -2.030ns (DCD - SCD + CPR)
    Destination Clock Delay (DCD):    -2.030ns
    Source Clock Delay      (SCD):    0.000ns
    Clock Pessimism Removal (CPR):    0.000ns
  Clock Uncertainty:      0.255ns  ((TSJ^2 + DJ^2)^1/2) / 2 + PE
    Total System Jitter     (TSJ):    0.050ns
    Discrete Jitter          (DJ):    0.193ns
    Phase Error              (PE):    0.156ns

    Location             Delay type                Incr(ns)  Path(ns)    Netlist Resource(s)
  -------------------------------------------------------------------    -------------------
    D9                                                0.000     0.000 f  reset (IN)
                         net (fo=0)                   0.000     0.000    reset
    D9                   IBUF (Prop_ibuf_I_O)         1.467     1.467 f  reset_IBUF_inst/O
                         net (fo=4989, routed)       16.027    17.493    spi_master/reset_IBUF
    SLICE_X63Y73         LUT6 (Prop_lut6_I5_O)        0.124    17.617 r  spi_master/rx_buffer[47]_i_1/O
                         net (fo=48, routed)          2.319    19.936    spi_master/rx_buffer0
    SLICE_X56Y56         FDRE                                         r  spi_master/rx_buffer_reg[33]/CE
  -------------------------------------------------------------------    -------------------

                         (clock clk_out1_clk_wiz_0_1 rise edge)
                                                      0.000     0.000 r  
    E3                                                0.000     0.000 r  clk (IN)
                         net (fo=0)                   0.000     0.000    pll_inst/inst/clk_in1
    E3                   IBUF (Prop_ibuf_I_O)         1.418     1.418 r  pll_inst/inst/clkin1_ibufg/O
                         net (fo=1, routed)           1.181     2.599    pll_inst/inst/clk_in1_clk_wiz_0
    PLLE2_ADV_X1Y1       PLLE2_ADV (Prop_plle2_adv_CLKIN1_CLKOUT0)
                                                     -7.736    -5.137 r  pll_inst/inst/plle2_adv_inst/CLKOUT0
                         net (fo=1, routed)           1.576    -3.561    pll_inst/inst/clk_out1_clk_wiz_0
    BUFGCTRL_X0Y16       BUFG (Prop_bufg_I_O)         0.091    -3.470 r  pll_inst/inst/clkout1_buf/O
                         net (fo=5373, routed)        1.440    -2.030    spi_master/clk_out1
    SLICE_X56Y56         FDRE                                         r  spi_master/rx_buffer_reg[33]/C

Slack:                    inf
  Source:                 reset
                            (input port)
  Destination:            spi_master/rx_data_reg[28]/CLR
                            (recovery check against rising-edge clock clk_out1_clk_wiz_0_1  {rise@0.000ns fall@10.000ns period=20.000ns})
  Path Group:             (none)
  Path Type:              Recovery (Max at Slow Process Corner)
  Data Path Delay:        19.913ns  (logic 1.467ns (7.366%)  route 18.446ns (92.634%))
  Logic Levels:           1  (IBUF=1)
  Clock Path Skew:        -1.970ns (DCD - SCD + CPR)
    Destination Clock Delay (DCD):    -1.970ns
    Source Clock Delay      (SCD):    0.000ns
    Clock Pessimism Removal (CPR):    0.000ns
  Clock Uncertainty:      0.255ns  ((TSJ^2 + DJ^2)^1/2) / 2 + PE
    Total System Jitter     (TSJ):    0.050ns
    Discrete Jitter          (DJ):    0.193ns
    Phase Error              (PE):    0.156ns

    Location             Delay type                Incr(ns)  Path(ns)    Netlist Resource(s)
  -------------------------------------------------------------------    -------------------
    D9                                                0.000     0.000 f  reset (IN)
                         net (fo=0)                   0.000     0.000    reset
    D9                   IBUF (Prop_ibuf_I_O)         1.467     1.467 f  reset_IBUF_inst/O
                         net (fo=4989, routed)       18.446    19.913    spi_master/reset_IBUF
    SLICE_X58Y63         FDCE                                         f  spi_master/rx_data_reg[28]/CLR
  -------------------------------------------------------------------    -------------------

                         (clock clk_out1_clk_wiz_0_1 rise edge)
                                                      0.000     0.000 r  
    E3                                                0.000     0.000 r  clk (IN)
                         net (fo=0)                   0.000     0.000    pll_inst/inst/clk_in1
    E3                   IBUF (Prop_ibuf_I_O)         1.418     1.418 r  pll_inst/inst/clkin1_ibufg/O
                         net (fo=1, routed)           1.181     2.599    pll_inst/inst/clk_in1_clk_wiz_0
    PLLE2_ADV_X1Y1       PLLE2_ADV (Prop_plle2_adv_CLKIN1_CLKOUT0)
                                                     -7.736    -5.137 r  pll_inst/inst/plle2_adv_inst/CLKOUT0
                         net (fo=1, routed)           1.576    -3.561    pll_inst/inst/clk_out1_clk_wiz_0
    BUFGCTRL_X0Y16       BUFG (Prop_bufg_I_O)         0.091    -3.470 r  pll_inst/inst/clkout1_buf/O
                         net (fo=5373, routed)        1.500    -1.970    spi_master/clk_out1
    SLICE_X58Y63         FDCE                                         r  spi_master/rx_data_reg[28]/C





Min Delay Paths
--------------------------------------------------------------------------------------
Slack:                    inf
  Source:                 inst_svpwm/clarke_inst/mult_reg_4_reg/BCOUT[0]
                            (internal pin)
  Destination:            inst_svpwm/clarke_inst/v_beta_reg/BCIN[0]
                            (rising edge-triggered cell DSP48E1 clocked by clk_out1_clk_wiz_0_1  {rise@0.000ns fall@10.000ns period=20.000ns})
  Path Group:             (none)
  Path Type:              Hold (Min at Slow Process Corner)
  Data Path Delay:        0.002ns  (logic 0.000ns (0.000%)  route 0.002ns (100.000%))
  Logic Levels:           0  
  Clock Uncertainty:      0.255ns  ((TSJ^2 + DJ^2)^1/2) / 2 + PE
    Total System Jitter     (TSJ):    0.050ns
    Discrete Jitter          (DJ):    0.193ns
    Phase Error              (PE):    0.156ns

    Location             Delay type                Incr(ns)  Path(ns)    Netlist Resource(s)
  -------------------------------------------------------------------    -------------------
    DSP48_X1Y25          DSP48E1                      0.000     0.000 r  inst_svpwm/clarke_inst/mult_reg_4_reg/BCOUT[0]
                         net (fo=1, routed)           0.002     0.002    inst_svpwm/clarke_inst/mult_reg_4_reg_n_23
    DSP48_X1Y26          DSP48E1                                      r  inst_svpwm/clarke_inst/v_beta_reg/BCIN[0]
  -------------------------------------------------------------------    -------------------

                         (clock clk_out1_clk_wiz_0_1 rise edge)
                                                      0.000     0.000 r  
    E3                                                0.000     0.000 r  clk (IN)
                         net (fo=0)                   0.000     0.000    pll_inst/inst/clk_in1
    E3                   IBUF (Prop_ibuf_I_O)         1.489     1.489 r  pll_inst/inst/clkin1_ibufg/O
                         net (fo=1, routed)           1.253     2.742    pll_inst/inst/clk_in1_clk_wiz_0
    PLLE2_ADV_X1Y1       PLLE2_ADV (Prop_plle2_adv_CLKIN1_CLKOUT0)
                                                     -8.467    -5.725 r  pll_inst/inst/plle2_adv_inst/CLKOUT0
                         net (fo=1, routed)           1.655    -4.070    pll_inst/inst/clk_out1_clk_wiz_0
    BUFGCTRL_X0Y16       BUFG (Prop_bufg_I_O)         0.096    -3.974 r  pll_inst/inst/clkout1_buf/O
                         net (fo=5373, routed)        1.639    -2.335    inst_svpwm/clarke_inst/clk_out1
    DSP48_X1Y26          DSP48E1                                      r  inst_svpwm/clarke_inst/v_beta_reg/CLK

Slack:                    inf
  Source:                 inst_svpwm/clarke_inst/mult_reg_4_reg/BCOUT[10]
                            (internal pin)
  Destination:            inst_svpwm/clarke_inst/v_beta_reg/BCIN[10]
                            (rising edge-triggered cell DSP48E1 clocked by clk_out1_clk_wiz_0_1  {rise@0.000ns fall@10.000ns period=20.000ns})
  Path Group:             (none)
  Path Type:              Hold (Min at Slow Process Corner)
  Data Path Delay:        0.002ns  (logic 0.000ns (0.000%)  route 0.002ns (100.000%))
  Logic Levels:           0  
  Clock Uncertainty:      0.255ns  ((TSJ^2 + DJ^2)^1/2) / 2 + PE
    Total System Jitter     (TSJ):    0.050ns
    Discrete Jitter          (DJ):    0.193ns
    Phase Error              (PE):    0.156ns

    Location             Delay type                Incr(ns)  Path(ns)    Netlist Resource(s)
  -------------------------------------------------------------------    -------------------
    DSP48_X1Y25          DSP48E1                      0.000     0.000 r  inst_svpwm/clarke_inst/mult_reg_4_reg/BCOUT[10]
                         net (fo=1, routed)           0.002     0.002    inst_svpwm/clarke_inst/mult_reg_4_reg_n_13
    DSP48_X1Y26          DSP48E1                                      r  inst_svpwm/clarke_inst/v_beta_reg/BCIN[10]
  -------------------------------------------------------------------    -------------------

                         (clock clk_out1_clk_wiz_0_1 rise edge)
                                                      0.000     0.000 r  
    E3                                                0.000     0.000 r  clk (IN)
                         net (fo=0)                   0.000     0.000    pll_inst/inst/clk_in1
    E3                   IBUF (Prop_ibuf_I_O)         1.489     1.489 r  pll_inst/inst/clkin1_ibufg/O
                         net (fo=1, routed)           1.253     2.742    pll_inst/inst/clk_in1_clk_wiz_0
    PLLE2_ADV_X1Y1       PLLE2_ADV (Prop_plle2_adv_CLKIN1_CLKOUT0)
                                                     -8.467    -5.725 r  pll_inst/inst/plle2_adv_inst/CLKOUT0
                         net (fo=1, routed)           1.655    -4.070    pll_inst/inst/clk_out1_clk_wiz_0
    BUFGCTRL_X0Y16       BUFG (Prop_bufg_I_O)         0.096    -3.974 r  pll_inst/inst/clkout1_buf/O
                         net (fo=5373, routed)        1.639    -2.335    inst_svpwm/clarke_inst/clk_out1
    DSP48_X1Y26          DSP48E1                                      r  inst_svpwm/clarke_inst/v_beta_reg/CLK

Slack:                    inf
  Source:                 inst_svpwm/clarke_inst/mult_reg_4_reg/BCOUT[11]
                            (internal pin)
  Destination:            inst_svpwm/clarke_inst/v_beta_reg/BCIN[11]
                            (rising edge-triggered cell DSP48E1 clocked by clk_out1_clk_wiz_0_1  {rise@0.000ns fall@10.000ns period=20.000ns})
  Path Group:             (none)
  Path Type:              Hold (Min at Slow Process Corner)
  Data Path Delay:        0.002ns  (logic 0.000ns (0.000%)  route 0.002ns (100.000%))
  Logic Levels:           0  
  Clock Uncertainty:      0.255ns  ((TSJ^2 + DJ^2)^1/2) / 2 + PE
    Total System Jitter     (TSJ):    0.050ns
    Discrete Jitter          (DJ):    0.193ns
    Phase Error              (PE):    0.156ns

    Location             Delay type                Incr(ns)  Path(ns)    Netlist Resource(s)
  -------------------------------------------------------------------    -------------------
    DSP48_X1Y25          DSP48E1                      0.000     0.000 r  inst_svpwm/clarke_inst/mult_reg_4_reg/BCOUT[11]
                         net (fo=1, routed)           0.002     0.002    inst_svpwm/clarke_inst/mult_reg_4_reg_n_12
    DSP48_X1Y26          DSP48E1                                      r  inst_svpwm/clarke_inst/v_beta_reg/BCIN[11]
  -------------------------------------------------------------------    -------------------

                         (clock clk_out1_clk_wiz_0_1 rise edge)
                                                      0.000     0.000 r  
    E3                                                0.000     0.000 r  clk (IN)
                         net (fo=0)                   0.000     0.000    pll_inst/inst/clk_in1
    E3                   IBUF (Prop_ibuf_I_O)         1.489     1.489 r  pll_inst/inst/clkin1_ibufg/O
                         net (fo=1, routed)           1.253     2.742    pll_inst/inst/clk_in1_clk_wiz_0
    PLLE2_ADV_X1Y1       PLLE2_ADV (Prop_plle2_adv_CLKIN1_CLKOUT0)
                                                     -8.467    -5.725 r  pll_inst/inst/plle2_adv_inst/CLKOUT0
                         net (fo=1, routed)           1.655    -4.070    pll_inst/inst/clk_out1_clk_wiz_0
    BUFGCTRL_X0Y16       BUFG (Prop_bufg_I_O)         0.096    -3.974 r  pll_inst/inst/clkout1_buf/O
                         net (fo=5373, routed)        1.639    -2.335    inst_svpwm/clarke_inst/clk_out1
    DSP48_X1Y26          DSP48E1                                      r  inst_svpwm/clarke_inst/v_beta_reg/CLK

Slack:                    inf
  Source:                 inst_svpwm/clarke_inst/mult_reg_4_reg/BCOUT[12]
                            (internal pin)
  Destination:            inst_svpwm/clarke_inst/v_beta_reg/BCIN[12]
                            (rising edge-triggered cell DSP48E1 clocked by clk_out1_clk_wiz_0_1  {rise@0.000ns fall@10.000ns period=20.000ns})
  Path Group:             (none)
  Path Type:              Hold (Min at Slow Process Corner)
  Data Path Delay:        0.002ns  (logic 0.000ns (0.000%)  route 0.002ns (100.000%))
  Logic Levels:           0  
  Clock Uncertainty:      0.255ns  ((TSJ^2 + DJ^2)^1/2) / 2 + PE
    Total System Jitter     (TSJ):    0.050ns
    Discrete Jitter          (DJ):    0.193ns
    Phase Error              (PE):    0.156ns

    Location             Delay type                Incr(ns)  Path(ns)    Netlist Resource(s)
  -------------------------------------------------------------------    -------------------
    DSP48_X1Y25          DSP48E1                      0.000     0.000 r  inst_svpwm/clarke_inst/mult_reg_4_reg/BCOUT[12]
                         net (fo=1, routed)           0.002     0.002    inst_svpwm/clarke_inst/mult_reg_4_reg_n_11
    DSP48_X1Y26          DSP48E1                                      r  inst_svpwm/clarke_inst/v_beta_reg/BCIN[12]
  -------------------------------------------------------------------    -------------------

                         (clock clk_out1_clk_wiz_0_1 rise edge)
                                                      0.000     0.000 r  
    E3                                                0.000     0.000 r  clk (IN)
                         net (fo=0)                   0.000     0.000    pll_inst/inst/clk_in1
    E3                   IBUF (Prop_ibuf_I_O)         1.489     1.489 r  pll_inst/inst/clkin1_ibufg/O
                         net (fo=1, routed)           1.253     2.742    pll_inst/inst/clk_in1_clk_wiz_0
    PLLE2_ADV_X1Y1       PLLE2_ADV (Prop_plle2_adv_CLKIN1_CLKOUT0)
                                                     -8.467    -5.725 r  pll_inst/inst/plle2_adv_inst/CLKOUT0
                         net (fo=1, routed)           1.655    -4.070    pll_inst/inst/clk_out1_clk_wiz_0
    BUFGCTRL_X0Y16       BUFG (Prop_bufg_I_O)         0.096    -3.974 r  pll_inst/inst/clkout1_buf/O
                         net (fo=5373, routed)        1.639    -2.335    inst_svpwm/clarke_inst/clk_out1
    DSP48_X1Y26          DSP48E1                                      r  inst_svpwm/clarke_inst/v_beta_reg/CLK

Slack:                    inf
  Source:                 inst_svpwm/clarke_inst/mult_reg_4_reg/BCOUT[13]
                            (internal pin)
  Destination:            inst_svpwm/clarke_inst/v_beta_reg/BCIN[13]
                            (rising edge-triggered cell DSP48E1 clocked by clk_out1_clk_wiz_0_1  {rise@0.000ns fall@10.000ns period=20.000ns})
  Path Group:             (none)
  Path Type:              Hold (Min at Slow Process Corner)
  Data Path Delay:        0.002ns  (logic 0.000ns (0.000%)  route 0.002ns (100.000%))
  Logic Levels:           0  
  Clock Uncertainty:      0.255ns  ((TSJ^2 + DJ^2)^1/2) / 2 + PE
    Total System Jitter     (TSJ):    0.050ns
    Discrete Jitter          (DJ):    0.193ns
    Phase Error              (PE):    0.156ns

    Location             Delay type                Incr(ns)  Path(ns)    Netlist Resource(s)
  -------------------------------------------------------------------    -------------------
    DSP48_X1Y25          DSP48E1                      0.000     0.000 r  inst_svpwm/clarke_inst/mult_reg_4_reg/BCOUT[13]
                         net (fo=1, routed)           0.002     0.002    inst_svpwm/clarke_inst/mult_reg_4_reg_n_10
    DSP48_X1Y26          DSP48E1                                      r  inst_svpwm/clarke_inst/v_beta_reg/BCIN[13]
  -------------------------------------------------------------------    -------------------

                         (clock clk_out1_clk_wiz_0_1 rise edge)
                                                      0.000     0.000 r  
    E3                                                0.000     0.000 r  clk (IN)
                         net (fo=0)                   0.000     0.000    pll_inst/inst/clk_in1
    E3                   IBUF (Prop_ibuf_I_O)         1.489     1.489 r  pll_inst/inst/clkin1_ibufg/O
                         net (fo=1, routed)           1.253     2.742    pll_inst/inst/clk_in1_clk_wiz_0
    PLLE2_ADV_X1Y1       PLLE2_ADV (Prop_plle2_adv_CLKIN1_CLKOUT0)
                                                     -8.467    -5.725 r  pll_inst/inst/plle2_adv_inst/CLKOUT0
                         net (fo=1, routed)           1.655    -4.070    pll_inst/inst/clk_out1_clk_wiz_0
    BUFGCTRL_X0Y16       BUFG (Prop_bufg_I_O)         0.096    -3.974 r  pll_inst/inst/clkout1_buf/O
                         net (fo=5373, routed)        1.639    -2.335    inst_svpwm/clarke_inst/clk_out1
    DSP48_X1Y26          DSP48E1                                      r  inst_svpwm/clarke_inst/v_beta_reg/CLK

Slack:                    inf
  Source:                 inst_svpwm/clarke_inst/mult_reg_4_reg/BCOUT[14]
                            (internal pin)
  Destination:            inst_svpwm/clarke_inst/v_beta_reg/BCIN[14]
                            (rising edge-triggered cell DSP48E1 clocked by clk_out1_clk_wiz_0_1  {rise@0.000ns fall@10.000ns period=20.000ns})
  Path Group:             (none)
  Path Type:              Hold (Min at Slow Process Corner)
  Data Path Delay:        0.002ns  (logic 0.000ns (0.000%)  route 0.002ns (100.000%))
  Logic Levels:           0  
  Clock Uncertainty:      0.255ns  ((TSJ^2 + DJ^2)^1/2) / 2 + PE
    Total System Jitter     (TSJ):    0.050ns
    Discrete Jitter          (DJ):    0.193ns
    Phase Error              (PE):    0.156ns

    Location             Delay type                Incr(ns)  Path(ns)    Netlist Resource(s)
  -------------------------------------------------------------------    -------------------
    DSP48_X1Y25          DSP48E1                      0.000     0.000 r  inst_svpwm/clarke_inst/mult_reg_4_reg/BCOUT[14]
                         net (fo=1, routed)           0.002     0.002    inst_svpwm/clarke_inst/mult_reg_4_reg_n_9
    DSP48_X1Y26          DSP48E1                                      r  inst_svpwm/clarke_inst/v_beta_reg/BCIN[14]
  -------------------------------------------------------------------    -------------------

                         (clock clk_out1_clk_wiz_0_1 rise edge)
                                                      0.000     0.000 r  
    E3                                                0.000     0.000 r  clk (IN)
                         net (fo=0)                   0.000     0.000    pll_inst/inst/clk_in1
    E3                   IBUF (Prop_ibuf_I_O)         1.489     1.489 r  pll_inst/inst/clkin1_ibufg/O
                         net (fo=1, routed)           1.253     2.742    pll_inst/inst/clk_in1_clk_wiz_0
    PLLE2_ADV_X1Y1       PLLE2_ADV (Prop_plle2_adv_CLKIN1_CLKOUT0)
                                                     -8.467    -5.725 r  pll_inst/inst/plle2_adv_inst/CLKOUT0
                         net (fo=1, routed)           1.655    -4.070    pll_inst/inst/clk_out1_clk_wiz_0
    BUFGCTRL_X0Y16       BUFG (Prop_bufg_I_O)         0.096    -3.974 r  pll_inst/inst/clkout1_buf/O
                         net (fo=5373, routed)        1.639    -2.335    inst_svpwm/clarke_inst/clk_out1
    DSP48_X1Y26          DSP48E1                                      r  inst_svpwm/clarke_inst/v_beta_reg/CLK

Slack:                    inf
  Source:                 inst_svpwm/clarke_inst/mult_reg_4_reg/BCOUT[15]
                            (internal pin)
  Destination:            inst_svpwm/clarke_inst/v_beta_reg/BCIN[15]
                            (rising edge-triggered cell DSP48E1 clocked by clk_out1_clk_wiz_0_1  {rise@0.000ns fall@10.000ns period=20.000ns})
  Path Group:             (none)
  Path Type:              Hold (Min at Slow Process Corner)
  Data Path Delay:        0.002ns  (logic 0.000ns (0.000%)  route 0.002ns (100.000%))
  Logic Levels:           0  
  Clock Uncertainty:      0.255ns  ((TSJ^2 + DJ^2)^1/2) / 2 + PE
    Total System Jitter     (TSJ):    0.050ns
    Discrete Jitter          (DJ):    0.193ns
    Phase Error              (PE):    0.156ns

    Location             Delay type                Incr(ns)  Path(ns)    Netlist Resource(s)
  -------------------------------------------------------------------    -------------------
    DSP48_X1Y25          DSP48E1                      0.000     0.000 r  inst_svpwm/clarke_inst/mult_reg_4_reg/BCOUT[15]
                         net (fo=1, routed)           0.002     0.002    inst_svpwm/clarke_inst/mult_reg_4_reg_n_8
    DSP48_X1Y26          DSP48E1                                      r  inst_svpwm/clarke_inst/v_beta_reg/BCIN[15]
  -------------------------------------------------------------------    -------------------

                         (clock clk_out1_clk_wiz_0_1 rise edge)
                                                      0.000     0.000 r  
    E3                                                0.000     0.000 r  clk (IN)
                         net (fo=0)                   0.000     0.000    pll_inst/inst/clk_in1
    E3                   IBUF (Prop_ibuf_I_O)         1.489     1.489 r  pll_inst/inst/clkin1_ibufg/O
                         net (fo=1, routed)           1.253     2.742    pll_inst/inst/clk_in1_clk_wiz_0
    PLLE2_ADV_X1Y1       PLLE2_ADV (Prop_plle2_adv_CLKIN1_CLKOUT0)
                                                     -8.467    -5.725 r  pll_inst/inst/plle2_adv_inst/CLKOUT0
                         net (fo=1, routed)           1.655    -4.070    pll_inst/inst/clk_out1_clk_wiz_0
    BUFGCTRL_X0Y16       BUFG (Prop_bufg_I_O)         0.096    -3.974 r  pll_inst/inst/clkout1_buf/O
                         net (fo=5373, routed)        1.639    -2.335    inst_svpwm/clarke_inst/clk_out1
    DSP48_X1Y26          DSP48E1                                      r  inst_svpwm/clarke_inst/v_beta_reg/CLK

Slack:                    inf
  Source:                 inst_svpwm/clarke_inst/mult_reg_4_reg/BCOUT[16]
                            (internal pin)
  Destination:            inst_svpwm/clarke_inst/v_beta_reg/BCIN[16]
                            (rising edge-triggered cell DSP48E1 clocked by clk_out1_clk_wiz_0_1  {rise@0.000ns fall@10.000ns period=20.000ns})
  Path Group:             (none)
  Path Type:              Hold (Min at Slow Process Corner)
  Data Path Delay:        0.002ns  (logic 0.000ns (0.000%)  route 0.002ns (100.000%))
  Logic Levels:           0  
  Clock Uncertainty:      0.255ns  ((TSJ^2 + DJ^2)^1/2) / 2 + PE
    Total System Jitter     (TSJ):    0.050ns
    Discrete Jitter          (DJ):    0.193ns
    Phase Error              (PE):    0.156ns

    Location             Delay type                Incr(ns)  Path(ns)    Netlist Resource(s)
  -------------------------------------------------------------------    -------------------
    DSP48_X1Y25          DSP48E1                      0.000     0.000 r  inst_svpwm/clarke_inst/mult_reg_4_reg/BCOUT[16]
                         net (fo=1, routed)           0.002     0.002    inst_svpwm/clarke_inst/mult_reg_4_reg_n_7
    DSP48_X1Y26          DSP48E1                                      r  inst_svpwm/clarke_inst/v_beta_reg/BCIN[16]
  -------------------------------------------------------------------    -------------------

                         (clock clk_out1_clk_wiz_0_1 rise edge)
                                                      0.000     0.000 r  
    E3                                                0.000     0.000 r  clk (IN)
                         net (fo=0)                   0.000     0.000    pll_inst/inst/clk_in1
    E3                   IBUF (Prop_ibuf_I_O)         1.489     1.489 r  pll_inst/inst/clkin1_ibufg/O
                         net (fo=1, routed)           1.253     2.742    pll_inst/inst/clk_in1_clk_wiz_0
    PLLE2_ADV_X1Y1       PLLE2_ADV (Prop_plle2_adv_CLKIN1_CLKOUT0)
                                                     -8.467    -5.725 r  pll_inst/inst/plle2_adv_inst/CLKOUT0
                         net (fo=1, routed)           1.655    -4.070    pll_inst/inst/clk_out1_clk_wiz_0
    BUFGCTRL_X0Y16       BUFG (Prop_bufg_I_O)         0.096    -3.974 r  pll_inst/inst/clkout1_buf/O
                         net (fo=5373, routed)        1.639    -2.335    inst_svpwm/clarke_inst/clk_out1
    DSP48_X1Y26          DSP48E1                                      r  inst_svpwm/clarke_inst/v_beta_reg/CLK

Slack:                    inf
  Source:                 inst_svpwm/clarke_inst/mult_reg_4_reg/BCOUT[17]
                            (internal pin)
  Destination:            inst_svpwm/clarke_inst/v_beta_reg/BCIN[17]
                            (rising edge-triggered cell DSP48E1 clocked by clk_out1_clk_wiz_0_1  {rise@0.000ns fall@10.000ns period=20.000ns})
  Path Group:             (none)
  Path Type:              Hold (Min at Slow Process Corner)
  Data Path Delay:        0.002ns  (logic 0.000ns (0.000%)  route 0.002ns (100.000%))
  Logic Levels:           0  
  Clock Uncertainty:      0.255ns  ((TSJ^2 + DJ^2)^1/2) / 2 + PE
    Total System Jitter     (TSJ):    0.050ns
    Discrete Jitter          (DJ):    0.193ns
    Phase Error              (PE):    0.156ns

    Location             Delay type                Incr(ns)  Path(ns)    Netlist Resource(s)
  -------------------------------------------------------------------    -------------------
    DSP48_X1Y25          DSP48E1                      0.000     0.000 r  inst_svpwm/clarke_inst/mult_reg_4_reg/BCOUT[17]
                         net (fo=1, routed)           0.002     0.002    inst_svpwm/clarke_inst/mult_reg_4_reg_n_6
    DSP48_X1Y26          DSP48E1                                      r  inst_svpwm/clarke_inst/v_beta_reg/BCIN[17]
  -------------------------------------------------------------------    -------------------

                         (clock clk_out1_clk_wiz_0_1 rise edge)
                                                      0.000     0.000 r  
    E3                                                0.000     0.000 r  clk (IN)
                         net (fo=0)                   0.000     0.000    pll_inst/inst/clk_in1
    E3                   IBUF (Prop_ibuf_I_O)         1.489     1.489 r  pll_inst/inst/clkin1_ibufg/O
                         net (fo=1, routed)           1.253     2.742    pll_inst/inst/clk_in1_clk_wiz_0
    PLLE2_ADV_X1Y1       PLLE2_ADV (Prop_plle2_adv_CLKIN1_CLKOUT0)
                                                     -8.467    -5.725 r  pll_inst/inst/plle2_adv_inst/CLKOUT0
                         net (fo=1, routed)           1.655    -4.070    pll_inst/inst/clk_out1_clk_wiz_0
    BUFGCTRL_X0Y16       BUFG (Prop_bufg_I_O)         0.096    -3.974 r  pll_inst/inst/clkout1_buf/O
                         net (fo=5373, routed)        1.639    -2.335    inst_svpwm/clarke_inst/clk_out1
    DSP48_X1Y26          DSP48E1                                      r  inst_svpwm/clarke_inst/v_beta_reg/CLK

Slack:                    inf
  Source:                 inst_svpwm/clarke_inst/mult_reg_4_reg/BCOUT[1]
                            (internal pin)
  Destination:            inst_svpwm/clarke_inst/v_beta_reg/BCIN[1]
                            (rising edge-triggered cell DSP48E1 clocked by clk_out1_clk_wiz_0_1  {rise@0.000ns fall@10.000ns period=20.000ns})
  Path Group:             (none)
  Path Type:              Hold (Min at Slow Process Corner)
  Data Path Delay:        0.002ns  (logic 0.000ns (0.000%)  route 0.002ns (100.000%))
  Logic Levels:           0  
  Clock Uncertainty:      0.255ns  ((TSJ^2 + DJ^2)^1/2) / 2 + PE
    Total System Jitter     (TSJ):    0.050ns
    Discrete Jitter          (DJ):    0.193ns
    Phase Error              (PE):    0.156ns

    Location             Delay type                Incr(ns)  Path(ns)    Netlist Resource(s)
  -------------------------------------------------------------------    -------------------
    DSP48_X1Y25          DSP48E1                      0.000     0.000 r  inst_svpwm/clarke_inst/mult_reg_4_reg/BCOUT[1]
                         net (fo=1, routed)           0.002     0.002    inst_svpwm/clarke_inst/mult_reg_4_reg_n_22
    DSP48_X1Y26          DSP48E1                                      r  inst_svpwm/clarke_inst/v_beta_reg/BCIN[1]
  -------------------------------------------------------------------    -------------------

                         (clock clk_out1_clk_wiz_0_1 rise edge)
                                                      0.000     0.000 r  
    E3                                                0.000     0.000 r  clk (IN)
                         net (fo=0)                   0.000     0.000    pll_inst/inst/clk_in1
    E3                   IBUF (Prop_ibuf_I_O)         1.489     1.489 r  pll_inst/inst/clkin1_ibufg/O
                         net (fo=1, routed)           1.253     2.742    pll_inst/inst/clk_in1_clk_wiz_0
    PLLE2_ADV_X1Y1       PLLE2_ADV (Prop_plle2_adv_CLKIN1_CLKOUT0)
                                                     -8.467    -5.725 r  pll_inst/inst/plle2_adv_inst/CLKOUT0
                         net (fo=1, routed)           1.655    -4.070    pll_inst/inst/clk_out1_clk_wiz_0
    BUFGCTRL_X0Y16       BUFG (Prop_bufg_I_O)         0.096    -3.974 r  pll_inst/inst/clkout1_buf/O
                         net (fo=5373, routed)        1.639    -2.335    inst_svpwm/clarke_inst/clk_out1
    DSP48_X1Y26          DSP48E1                                      r  inst_svpwm/clarke_inst/v_beta_reg/CLK





