0000000001111011
0000000011110101
0000000101110000
0000000111101011
0000001001100110
0000001011100000
0000001101011011
0000001111010101
0000010001010000
0000010011001011
0000010101000101
0000010111000000
0000011000111010
0000011010110101
0000011100101111
0000011110101001
0000100000100100
0000100010011110
0000100100011000
0000100110010010
0000101000001101
0000101010000111
0000101100000001
0000101101111010
0000101111110100
0000110001101110
0000110011101000
0000110101100001
0000110111011011
0000111001010100
0000111011001110
0000111101000111
0000111111000000
0001000000111001
0001000010110010
0001000100101011
0001000110100100
0001001000011100
0001001010010101
0001001100001101
0001001110000110
0001001111111110
0001010001110110
0001010011101110
0001010101100110
0001010111011101
0001011001010101
0001011011001100
0001011101000011
0001011110111011
0001100000110001
0001100010101000
0001100100011111
0001100110010101
0001101000001100
0001101010000010
0001101011111000
0001101101101110
0001101111100100
0001110001011001
0001110011001110
0001110101000100
0001110110111001
0001111000101101
0001111010100010
0001111100010110
0001111110001011
0001111111111111
0010000001110011
0010000011100110
0010000101011010
0010000111001101
0010001001000000
0010001010110011
0010001100100101
0010001110011000
0010010000001010
0010010001111100
0010010011101110
0010010101011111
0010010111010000
0010011001000001
0010011010110010
0010011100100011
0010011110010011
0010100000000011
0010100001110011
0010100011100010
0010100101010010
0010100111000001
0010101000110000
0010101010011110
0010101100001101
0010101101111011
0010101111101000
0010110001010110
0010110011000011
0010110100110000
0010110110011101
0010111000001001
0010111001110101
0010111011100001
0010111101001100
0010111110111000
0011000000100010
0011000010001101
0011000011110111
0011000101100001
0011000111001011
0011001000110101
0011001010011110
0011001100000110
0011001101101111
0011001111010111
0011010000111111
0011010010100110
0011010100001110
0011010101110101
0011010111011011
0011011001000001
0011011010100111
0011011100001101
0011011101110010
0011011111010111
0011100000111011
0011100010011111
0011100100000011
0011100101100111
0011100111001010
0011101000101100
0011101010001111
0011101011110001
0011101101010011
0011101110110100
0011110000010101
0011110001110101
0011110011010110
0011110100110101
0011110110010101
0011110111110100
0011111001010011
0011111010110001
0011111100001111
0011111101101100
0011111111001001
0100000000100110
0100000010000010
0100000011011110
0100000100111010
0100000110010101
0100000111110000
0100001001001010
0100001010100100
0100001011111101
0100001101010111
0100001110101111
0100010000000111
0100010001011111
0100010010110111
0100010100001110
0100010101100100
0100010110111010
0100011000010000
0100011001100101
0100011010111010
0100011100001111
0100011101100011
0100011110110110
0100100000001001
0100100001011100
0100100010101110
0100100100000000
0100100101010001
0100100110100010
0100100111110010
0100101001000010
0100101010010010
0100101011100001
0100101100101111
0100101101111101
0100101111001011
0100110000011000
0100110001100101
0100110010110001
0100110011111101
0100110101001000
0100110110010011
0100110111011101
0100111000100111
0100111001110000
0100111010111001
0100111100000001
0100111101001001
0100111110010001
0100111111011000
0101000000011110
0101000001100100
0101000010101001
0101000011101110
0101000100110011
0101000101110111
0101000110111010
0101000111111101
0101001000111111
0101001010000001
0101001011000011
0101001100000100
0101001101000100
0101001110000100
0101001111000011
0101010000000010
0101010001000000
0101010001111110
0101010010111011
0101010011111000
0101010100110100
0101010101110000
0101010110101011
0101010111100110
0101011000100000
0101011001011010
0101011010010011
0101011011001011
0101011100000011
0101011100111011
0101011101110010
0101011110101000
0101011111011110
0101100000010011
0101100001001000
0101100001111100
0101100010110000
0101100011100011
0101100100010101
0101100101000111
0101100101111001
0101100110101010
0101100111011010
0101101000001010
0101101000111001
0101101001101000
0101101010010110
0101101011000011
0101101011110000
0101101100011101
0101101101001001
0101101101110100
0101101110011111
0101101111001001
0101101111110011
0101110000011100
0101110001000100
0101110001101100
0101110010010011
0101110010111010
0101110011100000
0101110100000110
0101110100101011
0101110101010000
0101110101110100
0101110110010111
0101110110111010
0101110111011100
0101110111111101
0101111000011110
0101111000111111
0101111001011111
0101111001111110
0101111010011101
0101111010111011
0101111011011000
0101111011110101
0101111100010010
0101111100101101
0101111101001001
0101111101100011
0101111101111101
0101111110010111
0101111110101111
0101111111001000
0101111111011111
0101111111110110
0110000000001101
0110000000100011
0110000000111000
0110000001001101
0110000001100001
0110000001110100
0110000010000111
0110000010011001
0110000010101011
0110000010111100
0110000011001101
0110000011011101
0110000011101100
0110000011111011
0110000100001001
0110000100010110
0110000100100011
0110000100110000
0110000100111011
0110000101000110
0110000101010001
0110000101011011
0110000101100100
0110000101101101
0110000101110101
0110000101111101
0110000110000100
0110000110001010
0110000110010000
0110000110010101
0110000110011001
0110000110011101
0110000110100000
0110000110100011
0110000110100101
0110000110100111
0110000110101000
0110000110101000
0110000110101000
0110000110100111
0110000110100101
0110000110100011
0110000110100000
0110000110011101
0110000110011001
0110000110010101
0110000110010000
0110000110001010
0110000110000100
0110000101111101
0110000101110101
0110000101101101
0110000101100100
0110000101011011
0110000101010001
0110000101000110
0110000100111011
0110000100110000
0110000100100011
0110000100010110
0110000100001001
0110000011111011
0110000011101100
0110000011011101
0110000011001101
0110000010111100
0110000010101011
0110000010011001
0110000010000111
0110000001110100
0110000001100001
0110000001001101
0110000000111000
0110000000100011
0110000000001101
0101111111110110
0101111111011111
0101111111001000
0101111110101111
0101111110010111
0101111101111101
0101111101100011
0101111101001001
0101111100101101
0101111100010010
0101111011110101
0101111011011000
0101111010111011
0101111010011101
0101111001111110
0101111001011111
0101111000111111
0101111000011110
0101110111111101
0101110111011100
0101110110111010
0101110110010111
0101110101110100
0101110101010000
0101110100101011
0101110100000110
0101110011100000
0101110010111010
0101110010010011
0101110001101100
0101110001000100
0101110000011100
0101101111110011
0101101111001001
0101101110011111
0101101101110100
0101101101001001
0101101100011101
0101101011110000
0101101011000011
0101101010010110
0101101001101000
0101101000111001
0101101000001010
0101100111011010
0101100110101010
0101100101111001
0101100101000111
0101100100010101
0101100011100011
0101100010110000
0101100001111100
0101100001001000
0101100000010011
0101011111011110
0101011110101000
0101011101110010
0101011100111011
0101011100000011
0101011011001011
0101011010010011
0101011001011010
0101011000100000
0101010111100110
0101010110101011
0101010101110000
0101010100110100
0101010011111000
0101010010111011
0101010001111110
0101010001000000
0101010000000010
0101001111000011
0101001110000100
0101001101000100
0101001100000100
0101001011000011
0101001010000001
0101001000111111
0101000111111101
0101000110111010
0101000101110111
0101000100110011
0101000011101110
0101000010101001
0101000001100100
0101000000011110
0100111111011000
0100111110010001
0100111101001001
0100111100000001
0100111010111001
0100111001110000
0100111000100111
0100110111011101
0100110110010011
0100110101001000
0100110011111101
0100110010110001
0100110001100101
0100110000011000
0100101111001011
0100101101111101
0100101100101111
0100101011100001
0100101010010010
0100101001000010
0100100111110010
0100100110100010
0100100101010001
0100100100000000
0100100010101110
0100100001011100
0100100000001001
0100011110110110
0100011101100011
0100011100001111
0100011010111010
0100011001100101
0100011000010000
0100010110111010
0100010101100100
0100010100001110
0100010010110111
0100010001011111
0100010000000111
0100001110101111
0100001101010111
0100001011111101
0100001010100100
0100001001001010
0100000111110000
0100000110010101
0100000100111010
0100000011011110
0100000010000010
0100000000100110
0011111111001001
0011111101101100
0011111100001111
0011111010110001
0011111001010011
0011110111110100
0011110110010101
0011110100110101
0011110011010110
0011110001110101
0011110000010101
0011101110110100
0011101101010011
0011101011110001
0011101010001111
0011101000101100
0011100111001010
0011100101100111
0011100100000011
0011100010011111
0011100000111011
0011011111010111
0011011101110010
0011011100001101
0011011010100111
0011011001000001
0011010111011011
0011010101110101
0011010100001110
0011010010100110
0011010000111111
0011001111010111
0011001101101111
0011001100000110
0011001010011110
0011001000110101
0011000111001011
0011000101100001
0011000011110111
0011000010001101
0011000000100010
0010111110111000
0010111101001100
0010111011100001
0010111001110101
0010111000001001
0010110110011101
0010110100110000
0010110011000011
0010110001010110
0010101111101000
0010101101111011
0010101100001101
0010101010011110
0010101000110000
0010100111000001
0010100101010010
0010100011100010
0010100001110011
0010100000000011
0010011110010011
0010011100100011
0010011010110010
0010011001000001
0010010111010000
0010010101011111
0010010011101110
0010010001111100
0010010000001010
0010001110011000
0010001100100101
0010001010110011
0010001001000000
0010000111001101
0010000101011010
0010000011100110
0010000001110011
0001111111111111
0001111110001011
0001111100010110
0001111010100010
0001111000101101
0001110110111001
0001110101000100
0001110011001110
0001110001011001
0001101111100100
0001101101101110
0001101011111000
0001101010000010
0001101000001100
0001100110010101
0001100100011111
0001100010101000
0001100000110001
0001011110111011
0001011101000011
0001011011001100
0001011001010101
0001010111011101
0001010101100110
0001010011101110
0001010001110110
0001001111111110
0001001110000110
0001001100001101
0001001010010101
0001001000011100
0001000110100100
0001000100101011
0001000010110010
0001000000111001
0000111111000000
0000111101000111
0000111011001110
0000111001010100
0000110111011011
0000110101100001
0000110011101000
0000110001101110
0000101111110100
0000101101111010
0000101100000001
0000101010000111
0000101000001101
0000100110010010
0000100100011000
0000100010011110
0000100000100100
0000011110101001
0000011100101111
0000011010110101
0000011000111010
0000010111000000
0000010101000101
0000010011001011
0000010001010000
0000001111010101
0000001101011011
0000001011100000
0000001001100110
0000000111101011
0000000101110000
0000000011110101
0000000001111011
0000000000000000
1111111110000101
1111111100001011
1111111010010000
1111111000010101
1111110110011010
1111110100100000
1111110010100101
1111110000101011
1111101110110000
1111101100110101
1111101010111011
1111101001000000
1111100111000110
1111100101001011
1111100011010001
1111100001010111
1111011111011100
1111011101100010
1111011011101000
1111011001101110
1111010111110011
1111010101111001
1111010011111111
1111010010000110
1111010000001100
1111001110010010
1111001100011000
1111001010011111
1111001000100101
1111000110101100
1111000100110010
1111000010111001
1111000001000000
1110111111000111
1110111101001110
1110111011010101
1110111001011100
1110110111100100
1110110101101011
1110110011110011
1110110001111010
1110110000000010
1110101110001010
1110101100010010
1110101010011010
1110101000100011
1110100110101011
1110100100110100
1110100010111101
1110100001000101
1110011111001111
1110011101011000
1110011011100001
1110011001101011
1110010111110100
1110010101111110
1110010100001000
1110010010010010
1110010000011100
1110001110100111
1110001100110010
1110001010111100
1110001001000111
1110000111010011
1110000101011110
1110000011101010
1110000001110101
1110000000000001
1101111110001101
1101111100011010
1101111010100110
1101111000110011
1101110111000000
1101110101001101
1101110011011011
1101110001101000
1101101111110110
1101101110000100
1101101100010010
1101101010100001
1101101000110000
1101100110111111
1101100101001110
1101100011011101
1101100001101101
1101011111111101
1101011110001101
1101011100011110
1101011010101110
1101011000111111
1101010111010000
1101010101100010
1101010011110011
1101010010000101
1101010000011000
1101001110101010
1101001100111101
1101001011010000
1101001001100011
1101000111110111
1101000110001011
1101000100011111
1101000010110100
1101000001001000
1100111111011110
1100111101110011
1100111100001001
1100111010011111
1100111000110101
1100110111001011
1100110101100010
1100110011111010
1100110010010001
1100110000101001
1100101111000001
1100101101011010
1100101011110010
1100101010001011
1100101000100101
1100100110111111
1100100101011001
1100100011110011
1100100010001110
1100100000101001
1100011111000101
1100011101100001
1100011011111101
1100011010011001
1100011000110110
1100010111010100
1100010101110001
1100010100001111
1100010010101101
1100010001001100
1100001111101011
1100001110001011
1100001100101010
1100001011001011
1100001001101011
1100001000001100
1100000110101101
1100000101001111
1100000011110001
1100000010010100
1100000000110111
1011111111011010
1011111101111110
1011111100100010
1011111011000110
1011111001101011
1011111000010000
1011110110110110
1011110101011100
1011110100000011
1011110010101001
1011110001010001
1011101111111001
1011101110100001
1011101101001001
1011101011110010
1011101010011100
1011101001000110
1011100111110000
1011100110011011
1011100101000110
1011100011110001
1011100010011101
1011100001001010
1011011111110111
1011011110100100
1011011101010010
1011011100000000
1011011010101111
1011011001011110
1011011000001110
1011010110111110
1011010101101110
1011010100011111
1011010011010001
1011010010000011
1011010000110101
1011001111101000
1011001110011011
1011001101001111
1011001100000011
1011001010111000
1011001001101101
1011001000100011
1011000111011001
1011000110010000
1011000101000111
1011000011111111
1011000010110111
1011000001101111
1011000000101000
1010111111100010
1010111110011100
1010111101010111
1010111100010010
1010111011001101
1010111010001001
1010111001000110
1010111000000011
1010110111000001
1010110101111111
1010110100111101
1010110011111100
1010110010111100
1010110001111100
1010110000111101
1010101111111110
1010101111000000
1010101110000010
1010101101000101
1010101100001000
1010101011001100
1010101010010000
1010101001010101
1010101000011010
1010100111100000
1010100110100110
1010100101101101
1010100100110101
1010100011111101
1010100011000101
1010100010001110
1010100001011000
1010100000100010
1010011111101101
1010011110111000
1010011110000100
1010011101010000
1010011100011101
1010011011101011
1010011010111001
1010011010000111
1010011001010110
1010011000100110
1010010111110110
1010010111000111
1010010110011000
1010010101101010
1010010100111101
1010010100010000
1010010011100011
1010010010110111
1010010010001100
1010010001100001
1010010000110111
1010010000001101
1010001111100100
1010001110111100
1010001110010100
1010001101101101
1010001101000110
1010001100100000
1010001011111010
1010001011010101
1010001010110000
1010001010001100
1010001001101001
1010001001000110
1010001000100100
1010001000000011
1010000111100010
1010000111000001
1010000110100001
1010000110000010
1010000101100011
1010000101000101
1010000100101000
1010000100001011
1010000011101110
1010000011010011
1010000010110111
1010000010011101
1010000010000011
1010000001101001
1010000001010001
1010000000111000
1010000000100001
1010000000001010
1001111111110011
1001111111011101
1001111111001000
1001111110110011
1001111110011111
1001111110001100
1001111101111001
1001111101100111
1001111101010101
1001111101000100
1001111100110011
1001111100100011
1001111100010100
1001111100000101
1001111011110111
1001111011101010
1001111011011101
1001111011010000
1001111011000101
1001111010111010
1001111010101111
1001111010100101
1001111010011100
1001111010010011
1001111010001011
1001111010000011
1001111001111100
1001111001110110
1001111001110000
1001111001101011
1001111001100111
1001111001100011
1001111001100000
1001111001011101
1001111001011011
1001111001011001
1001111001011000
1001111001011000
1001111001011000
1001111001011001
1001111001011011
1001111001011101
1001111001100000
1001111001100011
1001111001100111
1001111001101011
1001111001110000
1001111001110110
1001111001111100
1001111010000011
1001111010001011
1001111010010011
1001111010011100
1001111010100101
1001111010101111
1001111010111010
1001111011000101
1001111011010000
1001111011011101
1001111011101010
1001111011110111
1001111100000101
1001111100010100
1001111100100011
1001111100110011
1001111101000100
1001111101010101
1001111101100111
1001111101111001
1001111110001100
1001111110011111
1001111110110011
1001111111001000
1001111111011101
1001111111110011
1010000000001010
1010000000100001
1010000000111000
1010000001010001
1010000001101001
1010000010000011
1010000010011101
1010000010110111
1010000011010011
1010000011101110
1010000100001011
1010000100101000
1010000101000101
1010000101100011
1010000110000010
1010000110100001
1010000111000001
1010000111100010
1010001000000011
1010001000100100
1010001001000110
1010001001101001
1010001010001100
1010001010110000
1010001011010101
1010001011111010
1010001100100000
1010001101000110
1010001101101101
1010001110010100
1010001110111100
1010001111100100
1010010000001101
1010010000110111
1010010001100001
1010010010001100
1010010010110111
1010010011100011
1010010100010000
1010010100111101
1010010101101010
1010010110011000
1010010111000111
1010010111110110
1010011000100110
1010011001010110
1010011010000111
1010011010111001
1010011011101011
1010011100011101
1010011101010000
1010011110000100
1010011110111000
1010011111101101
1010100000100010
1010100001011000
1010100010001110
1010100011000101
1010100011111101
1010100100110101
1010100101101101
1010100110100110
1010100111100000
1010101000011010
1010101001010101
1010101010010000
1010101011001100
1010101100001000
1010101101000101
1010101110000010
1010101111000000
1010101111111110
1010110000111101
1010110001111100
1010110010111100
1010110011111100
1010110100111101
1010110101111111
1010110111000001
1010111000000011
1010111001000110
1010111010001001
1010111011001101
1010111100010010
1010111101010111
1010111110011100
1010111111100010
1011000000101000
1011000001101111
1011000010110111
1011000011111111
1011000101000111
1011000110010000
1011000111011001
1011001000100011
1011001001101101
1011001010111000
1011001100000011
1011001101001111
1011001110011011
1011001111101000
1011010000110101
1011010010000011
1011010011010001
1011010100011111
1011010101101110
1011010110111110
1011011000001110
1011011001011110
1011011010101111
1011011100000000
1011011101010010
1011011110100100
1011011111110111
1011100001001010
1011100010011101
1011100011110001
1011100101000110
1011100110011011
1011100111110000
1011101001000110
1011101010011100
1011101011110010
1011101101001001
1011101110100001
1011101111111001
1011110001010001
1011110010101001
1011110100000011
1011110101011100
1011110110110110
1011111000010000
1011111001101011
1011111011000110
1011111100100010
1011111101111110
1011111111011010
1100000000110111
1100000010010100
1100000011110001
1100000101001111
1100000110101101
1100001000001100
1100001001101011
1100001011001011
1100001100101010
1100001110001011
1100001111101011
1100010001001100
1100010010101101
1100010100001111
1100010101110001
1100010111010100
1100011000110110
1100011010011001
1100011011111101
1100011101100001
1100011111000101
1100100000101001
1100100010001110
1100100011110011
1100100101011001
1100100110111111
1100101000100101
1100101010001011
1100101011110010
1100101101011010
1100101111000001
1100110000101001
1100110010010001
1100110011111010
1100110101100010
1100110111001011
1100111000110101
1100111010011111
1100111100001001
1100111101110011
1100111111011110
1101000001001000
1101000010110100
1101000100011111
1101000110001011
1101000111110111
1101001001100011
1101001011010000
1101001100111101
1101001110101010
1101010000011000
1101010010000101
1101010011110011
1101010101100010
1101010111010000
1101011000111111
1101011010101110
1101011100011110
1101011110001101
1101011111111101
1101100001101101
1101100011011101
1101100101001110
1101100110111111
1101101000110000
1101101010100001
1101101100010010
1101101110000100
1101101111110110
1101110001101000
1101110011011011
1101110101001101
1101110111000000
1101111000110011
1101111010100110
1101111100011010
1101111110001101
1110000000000001
1110000001110101
1110000011101010
1110000101011110
1110000111010011
1110001001000111
1110001010111100
1110001100110010
1110001110100111
1110010000011100
1110010010010010
1110010100001000
1110010101111110
1110010111110100
1110011001101011
1110011011100001
1110011101011000
1110011111001111
1110100001000101
1110100010111101
1110100100110100
1110100110101011
1110101000100011
1110101010011010
1110101100010010
1110101110001010
1110110000000010
1110110001111010
1110110011110011
1110110101101011
1110110111100100
1110111001011100
1110111011010101
1110111101001110
1110111111000111
1111000001000000
1111000010111001
1111000100110010
1111000110101100
1111001000100101
1111001010011111
1111001100011000
1111001110010010
1111010000001100
1111010010000110
1111010011111111
1111010101111001
1111010111110011
1111011001101110
1111011011101000
1111011101100010
1111011111011100
1111100001010111
1111100011010001
1111100101001011
1111100111000110
1111101001000000
1111101010111011
1111101100110101
1111101110110000
1111110000101011
1111110010100101
1111110100100000
1111110110011010
1111111000010101
1111111010010000
1111111100001011
1111111110000101
0000000000000000
0000000001111011
0000000011110101
0000000101110000
0000000111101011
0000001001100110
0000001011100000
0000001101011011
0000001111010101
0000010001010000
0000010011001011
0000010101000101
0000010111000000
0000011000111010
0000011010110101
0000011100101111
0000011110101001
0000100000100100
0000100010011110
0000100100011000
0000100110010010
0000101000001101
0000101010000111
0000101100000001
0000101101111010
0000101111110100
0000110001101110
0000110011101000
0000110101100001
0000110111011011
0000111001010100
0000111011001110
0000111101000111
0000111111000000
0001000000111001
0001000010110010
0001000100101011
0001000110100100
0001001000011100
0001001010010101
0001001100001101
0001001110000110
0001001111111110
0001010001110110
0001010011101110
0001010101100110
0001010111011101
0001011001010101
0001011011001100
0001011101000011
0001011110111011
0001100000110001
0001100010101000
0001100100011111
0001100110010101
0001101000001100
0001101010000010
0001101011111000
0001101101101110
0001101111100100
0001110001011001
0001110011001110
0001110101000100
0001110110111001
0001111000101101
0001111010100010
0001111100010110
0001111110001011
0001111111111111
0010000001110011
0010000011100110
0010000101011010
0010000111001101
0010001001000000
0010001010110011
0010001100100101
0010001110011000
0010010000001010
0010010001111100
0010010011101110
0010010101011111
0010010111010000
0010011001000001
0010011010110010
0010011100100011
0010011110010011
0010100000000011
0010100001110011
0010100011100010
0010100101010010
0010100111000001
0010101000110000
0010101010011110
0010101100001101
0010101101111011
0010101111101000
0010110001010110
0010110011000011
0010110100110000
0010110110011101
0010111000001001
0010111001110101
0010111011100001
0010111101001100
0010111110111000
0011000000100010
0011000010001101
0011000011110111
0011000101100001
0011000111001011
0011001000110101
0011001010011110
0011001100000110
0011001101101111
0011001111010111
0011010000111111
0011010010100110
0011010100001110
0011010101110101
0011010111011011
0011011001000001
0011011010100111
0011011100001101
0011011101110010
0011011111010111
0011100000111011
0011100010011111
0011100100000011
0011100101100111
0011100111001010
0011101000101100
0011101010001111
0011101011110001
0011101101010011
0011101110110100
0011110000010101
0011110001110101
0011110011010110
0011110100110101
0011110110010101
0011110111110100
0011111001010011
0011111010110001
0011111100001111
0011111101101100
0011111111001001
0100000000100110
0100000010000010
0100000011011110
0100000100111010
0100000110010101
0100000111110000
0100001001001010
0100001010100100
0100001011111101
0100001101010111
0100001110101111
0100010000000111
0100010001011111
0100010010110111
0100010100001110
0100010101100100
0100010110111010
0100011000010000
0100011001100101
0100011010111010
0100011100001111
0100011101100011
0100011110110110
0100100000001001
0100100001011100
0100100010101110
0100100100000000
0100100101010001
0100100110100010
0100100111110010
0100101001000010
0100101010010010
0100101011100001
0100101100101111
0100101101111101
0100101111001011
0100110000011000
0100110001100101
0100110010110001
0100110011111101
0100110101001000
0100110110010011
0100110111011101
0100111000100111
0100111001110000
0100111010111001
0100111100000001
0100111101001001
0100111110010001
0100111111011000
0101000000011110
0101000001100100
0101000010101001
0101000011101110
0101000100110011
0101000101110111
0101000110111010
0101000111111101
0101001000111111
0101001010000001
0101001011000011
0101001100000100
0101001101000100
0101001110000100
0101001111000011
0101010000000010
0101010001000000
0101010001111110
0101010010111011
0101010011111000
0101010100110100
0101010101110000
0101010110101011
0101010111100110
0101011000100000
0101011001011010
0101011010010011
0101011011001011
0101011100000011
0101011100111011
0101011101110010
0101011110101000
0101011111011110
0101100000010011
0101100001001000
0101100001111100
0101100010110000
0101100011100011
0101100100010101
0101100101000111
0101100101111001
0101100110101010
0101100111011010
0101101000001010
0101101000111001
0101101001101000
0101101010010110
0101101011000011
0101101011110000
0101101100011101
0101101101001001
0101101101110100
0101101110011111
0101101111001001
0101101111110011
0101110000011100
0101110001000100
0101110001101100
0101110010010011
0101110010111010
0101110011100000
0101110100000110
0101110100101011
0101110101010000
0101110101110100
0101110110010111
0101110110111010
0101110111011100
0101110111111101
0101111000011110
0101111000111111
0101111001011111
0101111001111110
0101111010011101
0101111010111011
0101111011011000
0101111011110101
0101111100010010
0101111100101101
0101111101001001
0101111101100011
0101111101111101
0101111110010111
0101111110101111
0101111111001000
0101111111011111
0101111111110110
0110000000001101
0110000000100011
0110000000111000
0110000001001101
0110000001100001
0110000001110100
0110000010000111
0110000010011001
0110000010101011
0110000010111100
0110000011001101
0110000011011101
0110000011101100
0110000011111011
0110000100001001
0110000100010110
0110000100100011
0110000100110000
0110000100111011
0110000101000110
0110000101010001
0110000101011011
0110000101100100
0110000101101101
0110000101110101
0110000101111101
0110000110000100
0110000110001010
0110000110010000
0110000110010101
0110000110011001
0110000110011101
0110000110100000
0110000110100011
0110000110100101
0110000110100111
0110000110101000
0110000110101000
0110000110101000
0110000110100111
0110000110100101
0110000110100011
0110000110100000
0110000110011101
0110000110011001
0110000110010101
0110000110010000
0110000110001010
0110000110000100
0110000101111101
0110000101110101
0110000101101101
0110000101100100
0110000101011011
0110000101010001
0110000101000110
0110000100111011
0110000100110000
0110000100100011
0110000100010110
0110000100001001
0110000011111011
0110000011101100
0110000011011101
0110000011001101
0110000010111100
0110000010101011
0110000010011001
0110000010000111
0110000001110100
0110000001100001
0110000001001101
0110000000111000
0110000000100011
0110000000001101
0101111111110110
0101111111011111
0101111111001000
0101111110101111
0101111110010111
0101111101111101
0101111101100011
0101111101001001
0101111100101101
0101111100010010
0101111011110101
0101111011011000
0101111010111011
0101111010011101
0101111001111110
0101111001011111
0101111000111111
0101111000011110
0101110111111101
0101110111011100
0101110110111010
0101110110010111
0101110101110100
0101110101010000
0101110100101011
0101110100000110
0101110011100000
0101110010111010
0101110010010011
0101110001101100
0101110001000100
0101110000011100
0101101111110011
0101101111001001
0101101110011111
0101101101110100
0101101101001001
0101101100011101
0101101011110000
0101101011000011
0101101010010110
0101101001101000
0101101000111001
0101101000001010
0101100111011010
0101100110101010
0101100101111001
0101100101000111
0101100100010101
0101100011100011
0101100010110000
0101100001111100
0101100001001000
0101100000010011
0101011111011110
0101011110101000
0101011101110010
0101011100111011
0101011100000011
0101011011001011
0101011010010011
0101011001011010
0101011000100000
0101010111100110
0101010110101011
0101010101110000
0101010100110100
0101010011111000
0101010010111011
0101010001111110
0101010001000000
0101010000000010
0101001111000011
0101001110000100
0101001101000100
0101001100000100
0101001011000011
0101001010000001
0101001000111111
0101000111111101
0101000110111010
0101000101110111
0101000100110011
0101000011101110
0101000010101001
0101000001100100
0101000000011110
0100111111011000
0100111110010001
0100111101001001
0100111100000001
0100111010111001
0100111001110000
0100111000100111
0100110111011101
0100110110010011
0100110101001000
0100110011111101
0100110010110001
0100110001100101
0100110000011000
0100101111001011
0100101101111101
0100101100101111
0100101011100001
0100101010010010
0100101001000010
0100100111110010
0100100110100010
0100100101010001
0100100100000000
0100100010101110
0100100001011100
0100100000001001
0100011110110110
0100011101100011
0100011100001111
0100011010111010
0100011001100101
0100011000010000
0100010110111010
0100010101100100
0100010100001110
0100010010110111
0100010001011111
0100010000000111
0100001110101111
0100001101010111
0100001011111101
0100001010100100
0100001001001010
0100000111110000
0100000110010101
0100000100111010
0100000011011110
0100000010000010
0100000000100110
0011111111001001
0011111101101100
0011111100001111
0011111010110001
0011111001010011
0011110111110100
0011110110010101
0011110100110101
0011110011010110
0011110001110101
0011110000010101
0011101110110100
0011101101010011
0011101011110001
0011101010001111
0011101000101100
0011100111001010
0011100101100111
0011100100000011
0011100010011111
0011100000111011
0011011111010111
0011011101110010
0011011100001101
0011011010100111
0011011001000001
0011010111011011
0011010101110101
0011010100001110
0011010010100110
0011010000111111
0011001111010111
0011001101101111
0011001100000110
0011001010011110
0011001000110101
0011000111001011
0011000101100001
0011000011110111
0011000010001101
0011000000100010
0010111110111000
0010111101001100
0010111011100001
0010111001110101
0010111000001001
0010110110011101
0010110100110000
0010110011000011
0010110001010110
0010101111101000
0010101101111011
0010101100001101
0010101010011110
0010101000110000
0010100111000001
0010100101010010
0010100011100010
0010100001110011
0010100000000011
0010011110010011
0010011100100011
0010011010110010
0010011001000001
0010010111010000
0010010101011111
0010010011101110
0010010001111100
0010010000001010
0010001110011000
0010001100100101
0010001010110011
0010001001000000
0010000111001101
0010000101011010
0010000011100110
0010000001110011
0001111111111111
0001111110001011
0001111100010110
0001111010100010
0001111000101101
0001110110111001
0001110101000100
0001110011001110
0001110001011001
0001101111100100
0001101101101110
0001101011111000
0001101010000010
0001101000001100
0001100110010101
0001100100011111
0001100010101000
0001100000110001
0001011110111011
0001011101000011
0001011011001100
0001011001010101
0001010111011101
0001010101100110
0001010011101110
0001010001110110
0001001111111110
0001001110000110
0001001100001101
0001001010010101
0001001000011100
0001000110100100
0001000100101011
0001000010110010
0001000000111001
0000111111000000
0000111101000111
0000111011001110
0000111001010100
0000110111011011
0000110101100001
0000110011101000
0000110001101110
0000101111110100
0000101101111010
0000101100000001
0000101010000111
0000101000001101
0000100110010010
0000100100011000
0000100010011110
0000100000100100
0000011110101001
0000011100101111
0000011010110101
0000011000111010
0000010111000000
0000010101000101
0000010011001011
0000010001010000
0000001111010101
0000001101011011
0000001011100000
0000001001100110
0000000111101011
0000000101110000
0000000011110101
0000000001111011
0000000000000000
1111111110000101
1111111100001011
1111111010010000
1111111000010101
1111110110011010
1111110100100000
1111110010100101
1111110000101011
1111101110110000
1111101100110101
1111101010111011
1111101001000000
1111100111000110
1111100101001011
1111100011010001
1111100001010111
1111011111011100
1111011101100010
1111011011101000
1111011001101110
1111010111110011
1111010101111001
1111010011111111
1111010010000110
1111010000001100
1111001110010010
1111001100011000
1111001010011111
1111001000100101
1111000110101100
1111000100110010
1111000010111001
1111000001000000
1110111111000111
1110111101001110
1110111011010101
1110111001011100
1110110111100100
1110110101101011
1110110011110011
1110110001111010
1110110000000010
1110101110001010
1110101100010010
1110101010011010
1110101000100011
1110100110101011
1110100100110100
1110100010111101
1110100001000101
1110011111001111
1110011101011000
1110011011100001
1110011001101011
1110010111110100
1110010101111110
1110010100001000
1110010010010010
1110010000011100
1110001110100111
1110001100110010
1110001010111100
1110001001000111
1110000111010011
1110000101011110
1110000011101010
1110000001110101
1110000000000001
1101111110001101
1101111100011010
1101111010100110
1101111000110011
1101110111000000
1101110101001101
1101110011011011
1101110001101000
1101101111110110
1101101110000100
1101101100010010
1101101010100001
1101101000110000
1101100110111111
1101100101001110
1101100011011101
1101100001101101
1101011111111101
1101011110001101
1101011100011110
1101011010101110
1101011000111111
1101010111010000
1101010101100010
1101010011110011
1101010010000101
1101010000011000
1101001110101010
1101001100111101
1101001011010000
1101001001100011
1101000111110111
1101000110001011
1101000100011111
1101000010110100
1101000001001000
1100111111011110
1100111101110011
1100111100001001
1100111010011111
1100111000110101
1100110111001011
1100110101100010
1100110011111010
1100110010010001
1100110000101001
1100101111000001
1100101101011010
1100101011110010
1100101010001011
1100101000100101
1100100110111111
1100100101011001
1100100011110011
1100100010001110
1100100000101001
1100011111000101
1100011101100001
1100011011111101
1100011010011001
1100011000110110
1100010111010100
1100010101110001
1100010100001111
1100010010101101
1100010001001100
1100001111101011
1100001110001011
1100001100101010
1100001011001011
1100001001101011
1100001000001100
1100000110101101
1100000101001111
1100000011110001
1100000010010100
1100000000110111
1011111111011010
1011111101111110
1011111100100010
1011111011000110
1011111001101011
1011111000010000
1011110110110110
1011110101011100
1011110100000011
1011110010101001
1011110001010001
1011101111111001
1011101110100001
1011101101001001
1011101011110010
1011101010011100
1011101001000110
1011100111110000
1011100110011011
1011100101000110
1011100011110001
1011100010011101
1011100001001010
1011011111110111
1011011110100100
1011011101010010
1011011100000000
1011011010101111
1011011001011110
1011011000001110
1011010110111110
1011010101101110
1011010100011111
1011010011010001
1011010010000011
1011010000110101
1011001111101000
1011001110011011
1011001101001111
1011001100000011
1011001010111000
1011001001101101
1011001000100011
1011000111011001
1011000110010000
1011000101000111
1011000011111111
1011000010110111
1011000001101111
1011000000101000
1010111111100010
1010111110011100
1010111101010111
1010111100010010
1010111011001101
1010111010001001
1010111001000110
1010111000000011
1010110111000001
1010110101111111
1010110100111101
1010110011111100
1010110010111100
1010110001111100
1010110000111101
1010101111111110
1010101111000000
1010101110000010
1010101101000101
1010101100001000
1010101011001100
1010101010010000
1010101001010101
1010101000011010
1010100111100000
1010100110100110
1010100101101101
1010100100110101
1010100011111101
1010100011000101
1010100010001110
1010100001011000
1010100000100010
1010011111101101
1010011110111000
1010011110000100
1010011101010000
1010011100011101
1010011011101011
1010011010111001
1010011010000111
1010011001010110
1010011000100110
1010010111110110
1010010111000111
1010010110011000
1010010101101010
1010010100111101
1010010100010000
1010010011100011
1010010010110111
1010010010001100
1010010001100001
1010010000110111
1010010000001101
1010001111100100
1010001110111100
1010001110010100
1010001101101101
1010001101000110
1010001100100000
1010001011111010
1010001011010101
1010001010110000
1010001010001100
1010001001101001
1010001001000110
1010001000100100
1010001000000011
1010000111100010
1010000111000001
1010000110100001
1010000110000010
1010000101100011
1010000101000101
1010000100101000
1010000100001011
1010000011101110
1010000011010011
1010000010110111
1010000010011101
1010000010000011
1010000001101001
1010000001010001
1010000000111000
1010000000100001
1010000000001010
1001111111110011
1001111111011101
1001111111001000
1001111110110011
1001111110011111
1001111110001100
1001111101111001
1001111101100111
1001111101010101
1001111101000100
1001111100110011
1001111100100011
1001111100010100
1001111100000101
1001111011110111
1001111011101010
1001111011011101
1001111011010000
1001111011000101
1001111010111010
1001111010101111
1001111010100101
1001111010011100
1001111010010011
1001111010001011
1001111010000011
1001111001111100
1001111001110110
1001111001110000
1001111001101011
1001111001100111
1001111001100011
1001111001100000
1001111001011101
1001111001011011
1001111001011001
1001111001011000
1001111001011000
1001111001011000
1001111001011001
1001111001011011
1001111001011101
1001111001100000
1001111001100011
1001111001100111
1001111001101011
1001111001110000
1001111001110110
1001111001111100
1001111010000011
1001111010001011
1001111010010011
1001111010011100
1001111010100101
1001111010101111
1001111010111010
1001111011000101
1001111011010000
1001111011011101
1001111011101010
1001111011110111
1001111100000101
1001111100010100
1001111100100011
1001111100110011
1001111101000100
1001111101010101
1001111101100111
1001111101111001
1001111110001100
1001111110011111
1001111110110011
1001111111001000
1001111111011101
1001111111110011
1010000000001010
1010000000100001
1010000000111000
1010000001010001
1010000001101001
1010000010000011
1010000010011101
1010000010110111
1010000011010011
1010000011101110
1010000100001011
1010000100101000
1010000101000101
1010000101100011
1010000110000010
1010000110100001
1010000111000001
1010000111100010
1010001000000011
1010001000100100
1010001001000110
1010001001101001
1010001010001100
1010001010110000
1010001011010101
1010001011111010
1010001100100000
1010001101000110
1010001101101101
1010001110010100
1010001110111100
1010001111100100
1010010000001101
1010010000110111
1010010001100001
1010010010001100
1010010010110111
1010010011100011
1010010100010000
1010010100111101
1010010101101010
1010010110011000
1010010111000111
1010010111110110
1010011000100110
1010011001010110
1010011010000111
1010011010111001
1010011011101011
1010011100011101
1010011101010000
1010011110000100
1010011110111000
1010011111101101
1010100000100010
1010100001011000
1010100010001110
1010100011000101
1010100011111101
1010100100110101
1010100101101101
1010100110100110
1010100111100000
1010101000011010
1010101001010101
1010101010010000
1010101011001100
1010101100001000
1010101101000101
1010101110000010
1010101111000000
1010101111111110
1010110000111101
1010110001111100
1010110010111100
1010110011111100
1010110100111101
1010110101111111
1010110111000001
1010111000000011
1010111001000110
1010111010001001
1010111011001101
1010111100010010
1010111101010111
1010111110011100
1010111111100010
1011000000101000
1011000001101111
1011000010110111
1011000011111111
1011000101000111
1011000110010000
1011000111011001
1011001000100011
1011001001101101
1011001010111000
1011001100000011
1011001101001111
1011001110011011
1011001111101000
1011010000110101
1011010010000011
1011010011010001
1011010100011111
1011010101101110
1011010110111110
1011011000001110
1011011001011110
1011011010101111
1011011100000000
1011011101010010
1011011110100100
1011011111110111
1011100001001010
1011100010011101
1011100011110001
1011100101000110
1011100110011011
1011100111110000
1011101001000110
1011101010011100
1011101011110010
1011101101001001
1011101110100001
1011101111111001
1011110001010001
1011110010101001
1011110100000011
1011110101011100
1011110110110110
1011111000010000
1011111001101011
1011111011000110
1011111100100010
1011111101111110
1011111111011010
1100000000110111
1100000010010100
1100000011110001
1100000101001111
1100000110101101
1100001000001100
1100001001101011
1100001011001011
1100001100101010
1100001110001011
1100001111101011
1100010001001100
1100010010101101
1100010100001111
1100010101110001
1100010111010100
1100011000110110
1100011010011001
1100011011111101
1100011101100001
1100011111000101
1100100000101001
1100100010001110
1100100011110011
1100100101011001
1100100110111111
1100101000100101
1100101010001011
1100101011110010
1100101101011010
1100101111000001
1100110000101001
1100110010010001
1100110011111010
1100110101100010
1100110111001011
1100111000110101
1100111010011111
1100111100001001
1100111101110011
1100111111011110
1101000001001000
1101000010110100
1101000100011111
1101000110001011
1101000111110111
1101001001100011
1101001011010000
1101001100111101
1101001110101010
1101010000011000
1101010010000101
1101010011110011
1101010101100010
1101010111010000
1101011000111111
1101011010101110
1101011100011110
1101011110001101
1101011111111101
1101100001101101
1101100011011101
1101100101001110
1101100110111111
1101101000110000
1101101010100001
1101101100010010
1101101110000100
1101101111110110
1101110001101000
1101110011011011
1101110101001101
1101110111000000
1101111000110011
1101111010100110
1101111100011010
1101111110001101
1110000000000001
1110000001110101
1110000011101010
1110000101011110
1110000111010011
1110001001000111
1110001010111100
1110001100110010
1110001110100111
1110010000011100
1110010010010010
1110010100001000
1110010101111110
1110010111110100
1110011001101011
1110011011100001
1110011101011000
1110011111001111
1110100001000101
1110100010111101
1110100100110100
1110100110101011
1110101000100011
1110101010011010
1110101100010010
1110101110001010
1110110000000010
1110110001111010
1110110011110011
1110110101101011
1110110111100100
1110111001011100
1110111011010101
1110111101001110
1110111111000111
1111000001000000
1111000010111001
1111000100110010
1111000110101100
1111001000100101
1111001010011111
1111001100011000
1111001110010010
1111010000001100
1111010010000110
1111010011111111
1111010101111001
1111010111110011
1111011001101110
1111011011101000
1111011101100010
1111011111011100
1111100001010111
1111100011010001
1111100101001011
1111100111000110
1111101001000000
1111101010111011
1111101100110101
1111101110110000
1111110000101011
1111110010100101
1111110100100000
1111110110011010
1111111000010101
1111111010010000
1111111100001011
1111111110000101
0000000000000000
0000000001111011
0000000011110101
0000000101110000
0000000111101011
0000001001100110
0000001011100000
0000001101011011
0000001111010101
0000010001010000
0000010011001011
0000010101000101
0000010111000000
0000011000111010
0000011010110101
0000011100101111
0000011110101001
0000100000100100
0000100010011110
0000100100011000
0000100110010010
0000101000001101
0000101010000111
0000101100000001
0000101101111010
0000101111110100
0000110001101110
0000110011101000
0000110101100001
0000110111011011
0000111001010100
0000111011001110
0000111101000111
0000111111000000
0001000000111001
0001000010110010
0001000100101011
0001000110100100
0001001000011100
0001001010010101
0001001100001101
0001001110000110
0001001111111110
0001010001110110
0001010011101110
0001010101100110
0001010111011101
0001011001010101
0001011011001100
0001011101000011
0001011110111011
0001100000110001
0001100010101000
0001100100011111
0001100110010101
0001101000001100
0001101010000010
0001101011111000
0001101101101110
0001101111100100
0001110001011001
0001110011001110
0001110101000100
0001110110111001
0001111000101101
0001111010100010
0001111100010110
0001111110001011
0001111111111111
0010000001110011
0010000011100110
0010000101011010
0010000111001101
0010001001000000
0010001010110011
0010001100100101
0010001110011000
0010010000001010
0010010001111100
0010010011101110
0010010101011111
0010010111010000
0010011001000001
0010011010110010
0010011100100011
0010011110010011
0010100000000011
0010100001110011
0010100011100010
0010100101010010
0010100111000001
0010101000110000
0010101010011110
0010101100001101
0010101101111011
0010101111101000
0010110001010110
0010110011000011
0010110100110000
0010110110011101
0010111000001001
0010111001110101
0010111011100001
0010111101001100
0010111110111000
0011000000100010
0011000010001101
0011000011110111
0011000101100001
0011000111001011
0011001000110101
0011001010011110
0011001100000110
0011001101101111
0011001111010111
0011010000111111
0011010010100110
0011010100001110
0011010101110101
0011010111011011
0011011001000001
0011011010100111
0011011100001101
0011011101110010
0011011111010111
0011100000111011
0011100010011111
0011100100000011
0011100101100111
0011100111001010
0011101000101100
0011101010001111
0011101011110001
0011101101010011
0011101110110100
0011110000010101
0011110001110101
0011110011010110
0011110100110101
0011110110010101
0011110111110100
0011111001010011
0011111010110001
0011111100001111
0011111101101100
0011111111001001
0100000000100110
0100000010000010
0100000011011110
0100000100111010
0100000110010101
0100000111110000
0100001001001010
0100001010100100
0100001011111101
0100001101010111
0100001110101111
0100010000000111
0100010001011111
0100010010110111
0100010100001110
0100010101100100
0100010110111010
0100011000010000
0100011001100101
0100011010111010
0100011100001111
0100011101100011
0100011110110110
0100100000001001
0100100001011100
0100100010101110
0100100100000000
0100100101010001
0100100110100010
0100100111110010
0100101001000010
0100101010010010
0100101011100001
0100101100101111
0100101101111101
0100101111001011
0100110000011000
0100110001100101
0100110010110001
0100110011111101
0100110101001000
0100110110010011
0100110111011101
0100111000100111
0100111001110000
0100111010111001
0100111100000001
0100111101001001
0100111110010001
0100111111011000
0101000000011110
0101000001100100
0101000010101001
0101000011101110
0101000100110011
0101000101110111
0101000110111010
0101000111111101
0101001000111111
0101001010000001
0101001011000011
0101001100000100
0101001101000100
0101001110000100
0101001111000011
0101010000000010
0101010001000000
0101010001111110
0101010010111011
0101010011111000
0101010100110100
0101010101110000
0101010110101011
0101010111100110
0101011000100000
0101011001011010
0101011010010011
0101011011001011
0101011100000011
0101011100111011
0101011101110010
0101011110101000
0101011111011110
0101100000010011
0101100001001000
0101100001111100
0101100010110000
0101100011100011
0101100100010101
0101100101000111
0101100101111001
0101100110101010
0101100111011010
0101101000001010
0101101000111001
0101101001101000
0101101010010110
0101101011000011
0101101011110000
0101101100011101
0101101101001001
0101101101110100
0101101110011111
0101101111001001
0101101111110011
0101110000011100
0101110001000100
0101110001101100
0101110010010011
0101110010111010
0101110011100000
0101110100000110
0101110100101011
0101110101010000
0101110101110100
0101110110010111
0101110110111010
0101110111011100
0101110111111101
0101111000011110
0101111000111111
0101111001011111
0101111001111110
0101111010011101
0101111010111011
0101111011011000
0101111011110101
0101111100010010
0101111100101101
0101111101001001
0101111101100011
0101111101111101
0101111110010111
0101111110101111
0101111111001000
0101111111011111
0101111111110110
0110000000001101
0110000000100011
0110000000111000
0110000001001101
0110000001100001
0110000001110100
0110000010000111
0110000010011001
0110000010101011
0110000010111100
0110000011001101
0110000011011101
0110000011101100
0110000011111011
0110000100001001
0110000100010110
0110000100100011
0110000100110000
0110000100111011
0110000101000110
0110000101010001
0110000101011011
0110000101100100
0110000101101101
0110000101110101
0110000101111101
0110000110000100
0110000110001010
0110000110010000
0110000110010101
0110000110011001
0110000110011101
0110000110100000
0110000110100011
0110000110100101
0110000110100111
0110000110101000
0110000110101000
0110000110101000
0110000110100111
0110000110100101
0110000110100011
0110000110100000
0110000110011101
0110000110011001
0110000110010101
0110000110010000
0110000110001010
0110000110000100
0110000101111101
0110000101110101
0110000101101101
0110000101100100
0110000101011011
0110000101010001
0110000101000110
0110000100111011
0110000100110000
0110000100100011
0110000100010110
0110000100001001
0110000011111011
0110000011101100
0110000011011101
0110000011001101
0110000010111100
0110000010101011
0110000010011001
0110000010000111
0110000001110100
0110000001100001
0110000001001101
0110000000111000
0110000000100011
0110000000001101
0101111111110110
0101111111011111
0101111111001000
0101111110101111
0101111110010111
0101111101111101
0101111101100011
0101111101001001
0101111100101101
0101111100010010
0101111011110101
0101111011011000
0101111010111011
0101111010011101
0101111001111110
0101111001011111
0101111000111111
0101111000011110
0101110111111101
0101110111011100
0101110110111010
0101110110010111
0101110101110100
0101110101010000
0101110100101011
0101110100000110
0101110011100000
0101110010111010
0101110010010011
0101110001101100
0101110001000100
0101110000011100
0101101111110011
0101101111001001
0101101110011111
0101101101110100
0101101101001001
0101101100011101
0101101011110000
0101101011000011
0101101010010110
0101101001101000
0101101000111001
0101101000001010
0101100111011010
0101100110101010
0101100101111001
0101100101000111
0101100100010101
0101100011100011
0101100010110000
0101100001111100
0101100001001000
0101100000010011
0101011111011110
0101011110101000
0101011101110010
0101011100111011
0101011100000011
0101011011001011
0101011010010011
0101011001011010
0101011000100000
0101010111100110
0101010110101011
0101010101110000
0101010100110100
0101010011111000
0101010010111011
0101010001111110
0101010001000000
0101010000000010
0101001111000011
0101001110000100
0101001101000100
0101001100000100
0101001011000011
0101001010000001
0101001000111111
0101000111111101
0101000110111010
0101000101110111
0101000100110011
0101000011101110
0101000010101001
0101000001100100
0101000000011110
0100111111011000
0100111110010001
0100111101001001
0100111100000001
0100111010111001
0100111001110000
0100111000100111
0100110111011101
0100110110010011
0100110101001000
0100110011111101
0100110010110001
0100110001100101
0100110000011000
0100101111001011
0100101101111101
0100101100101111
0100101011100001
0100101010010010
0100101001000010
0100100111110010
0100100110100010
0100100101010001
0100100100000000
0100100010101110
0100100001011100
0100100000001001
0100011110110110
0100011101100011
0100011100001111
0100011010111010
0100011001100101
0100011000010000
0100010110111010
0100010101100100
0100010100001110
0100010010110111
0100010001011111
0100010000000111
0100001110101111
0100001101010111
0100001011111101
0100001010100100
0100001001001010
0100000111110000
0100000110010101
0100000100111010
0100000011011110
0100000010000010
0100000000100110
0011111111001001
0011111101101100
0011111100001111
0011111010110001
0011111001010011
0011110111110100
0011110110010101
0011110100110101
0011110011010110
0011110001110101
0011110000010101
0011101110110100
0011101101010011
0011101011110001
0011101010001111
0011101000101100
0011100111001010
0011100101100111
0011100100000011
0011100010011111
0011100000111011
0011011111010111
0011011101110010
0011011100001101
0011011010100111
0011011001000001
0011010111011011
0011010101110101
0011010100001110
0011010010100110
0011010000111111
0011001111010111
0011001101101111
0011001100000110
0011001010011110
0011001000110101
0011000111001011
0011000101100001
0011000011110111
0011000010001101
0011000000100010
0010111110111000
0010111101001100
0010111011100001
0010111001110101
0010111000001001
0010110110011101
0010110100110000
0010110011000011
0010110001010110
0010101111101000
0010101101111011
0010101100001101
0010101010011110
0010101000110000
0010100111000001
0010100101010010
0010100011100010
0010100001110011
0010100000000011
0010011110010011
0010011100100011
0010011010110010
0010011001000001
0010010111010000
0010010101011111
0010010011101110
0010010001111100
0010010000001010
0010001110011000
0010001100100101
0010001010110011
0010001001000000
0010000111001101
0010000101011010
0010000011100110
0010000001110011
0001111111111111
0001111110001011
0001111100010110
0001111010100010
0001111000101101
0001110110111001
0001110101000100
0001110011001110
0001110001011001
0001101111100100
0001101101101110
0001101011111000
0001101010000010
0001101000001100
0001100110010101
0001100100011111
0001100010101000
0001100000110001
0001011110111011
0001011101000011
0001011011001100
0001011001010101
0001010111011101
0001010101100110
0001010011101110
0001010001110110
0001001111111110
0001001110000110
0001001100001101
0001001010010101
0001001000011100
0001000110100100
0001000100101011
0001000010110010
0001000000111001
0000111111000000
0000111101000111
0000111011001110
0000111001010100
0000110111011011
0000110101100001
0000110011101000
0000110001101110
0000101111110100
0000101101111010
0000101100000001
0000101010000111
0000101000001101
0000100110010010
0000100100011000
0000100010011110
0000100000100100
0000011110101001
0000011100101111
0000011010110101
0000011000111010
0000010111000000
0000010101000101
0000010011001011
0000010001010000
0000001111010101
0000001101011011
0000001011100000
0000001001100110
0000000111101011
0000000101110000
0000000011110101
0000000001111011
0000000000000000
1111111110000101
1111111100001011
1111111010010000
1111111000010101
1111110110011010
1111110100100000
1111110010100101
1111110000101011
1111101110110000
1111101100110101
1111101010111011
1111101001000000
1111100111000110
1111100101001011
1111100011010001
1111100001010111
1111011111011100
1111011101100010
1111011011101000
1111011001101110
1111010111110011
1111010101111001
1111010011111111
1111010010000110
1111010000001100
1111001110010010
1111001100011000
1111001010011111
1111001000100101
1111000110101100
1111000100110010
1111000010111001
1111000001000000
1110111111000111
1110111101001110
1110111011010101
1110111001011100
1110110111100100
1110110101101011
1110110011110011
1110110001111010
1110110000000010
1110101110001010
1110101100010010
1110101010011010
1110101000100011
1110100110101011
1110100100110100
1110100010111101
1110100001000101
1110011111001111
1110011101011000
1110011011100001
1110011001101011
1110010111110100
1110010101111110
1110010100001000
1110010010010010
1110010000011100
1110001110100111
1110001100110010
1110001010111100
1110001001000111
1110000111010011
1110000101011110
1110000011101010
1110000001110101
1110000000000001
1101111110001101
1101111100011010
1101111010100110
1101111000110011
1101110111000000
1101110101001101
1101110011011011
1101110001101000
1101101111110110
1101101110000100
1101101100010010
1101101010100001
1101101000110000
1101100110111111
1101100101001110
1101100011011101
1101100001101101
1101011111111101
1101011110001101
1101011100011110
1101011010101110
1101011000111111
1101010111010000
1101010101100010
1101010011110011
1101010010000101
1101010000011000
1101001110101010
1101001100111101
1101001011010000
1101001001100011
1101000111110111
1101000110001011
1101000100011111
1101000010110100
1101000001001000
1100111111011110
1100111101110011
1100111100001001
1100111010011111
1100111000110101
1100110111001011
1100110101100010
1100110011111010
1100110010010001
1100110000101001
1100101111000001
1100101101011010
1100101011110010
1100101010001011
1100101000100101
1100100110111111
1100100101011001
1100100011110011
1100100010001110
1100100000101001
1100011111000101
1100011101100001
1100011011111101
1100011010011001
1100011000110110
1100010111010100
1100010101110001
1100010100001111
1100010010101101
1100010001001100
1100001111101011
1100001110001011
1100001100101010
1100001011001011
1100001001101011
1100001000001100
1100000110101101
1100000101001111
1100000011110001
1100000010010100
1100000000110111
1011111111011010
1011111101111110
1011111100100010
1011111011000110
1011111001101011
1011111000010000
1011110110110110
1011110101011100
1011110100000011
1011110010101001
1011110001010001
1011101111111001
1011101110100001
1011101101001001
1011101011110010
1011101010011100
1011101001000110
1011100111110000
1011100110011011
1011100101000110
1011100011110001
1011100010011101
1011100001001010
1011011111110111
1011011110100100
1011011101010010
1011011100000000
1011011010101111
1011011001011110
1011011000001110
1011010110111110
1011010101101110
1011010100011111
1011010011010001
1011010010000011
1011010000110101
1011001111101000
1011001110011011
1011001101001111
1011001100000011
1011001010111000
1011001001101101
1011001000100011
1011000111011001
1011000110010000
1011000101000111
1011000011111111
1011000010110111
1011000001101111
1011000000101000
1010111111100010
1010111110011100
1010111101010111
1010111100010010
1010111011001101
1010111010001001
1010111001000110
1010111000000011
1010110111000001
1010110101111111
1010110100111101
1010110011111100
1010110010111100
1010110001111100
1010110000111101
1010101111111110
1010101111000000
1010101110000010
1010101101000101
1010101100001000
1010101011001100
1010101010010000
1010101001010101
1010101000011010
1010100111100000
1010100110100110
1010100101101101
1010100100110101
1010100011111101
1010100011000101
1010100010001110
1010100001011000
1010100000100010
1010011111101101
1010011110111000
1010011110000100
1010011101010000
1010011100011101
1010011011101011
1010011010111001
1010011010000111
1010011001010110
1010011000100110
1010010111110110
1010010111000111
1010010110011000
1010010101101010
1010010100111101
1010010100010000
1010010011100011
1010010010110111
1010010010001100
1010010001100001
1010010000110111
1010010000001101
1010001111100100
1010001110111100
1010001110010100
1010001101101101
1010001101000110
1010001100100000
1010001011111010
1010001011010101
1010001010110000
1010001010001100
1010001001101001
1010001001000110
1010001000100100
1010001000000011
1010000111100010
1010000111000001
1010000110100001
1010000110000010
1010000101100011
1010000101000101
1010000100101000
1010000100001011
1010000011101110
1010000011010011
1010000010110111
1010000010011101
1010000010000011
1010000001101001
1010000001010001
1010000000111000
1010000000100001
1010000000001010
1001111111110011
1001111111011101
1001111111001000
1001111110110011
1001111110011111
1001111110001100
1001111101111001
1001111101100111
1001111101010101
1001111101000100
1001111100110011
1001111100100011
1001111100010100
1001111100000101
1001111011110111
1001111011101010
1001111011011101
1001111011010000
1001111011000101
1001111010111010
1001111010101111
1001111010100101
1001111010011100
1001111010010011
1001111010001011
1001111010000011
1001111001111100
1001111001110110
1001111001110000
1001111001101011
1001111001100111
1001111001100011
1001111001100000
1001111001011101
1001111001011011
1001111001011001
1001111001011000
1001111001011000
1001111001011000
1001111001011001
1001111001011011
1001111001011101
1001111001100000
1001111001100011
1001111001100111
1001111001101011
1001111001110000
1001111001110110
1001111001111100
1001111010000011
1001111010001011
1001111010010011
1001111010011100
1001111010100101
1001111010101111
1001111010111010
1001111011000101
1001111011010000
1001111011011101
1001111011101010
1001111011110111
1001111100000101
1001111100010100
1001111100100011
1001111100110011
1001111101000100
1001111101010101
1001111101100111
1001111101111001
1001111110001100
1001111110011111
1001111110110011
1001111111001000
1001111111011101
1001111111110011
1010000000001010
1010000000100001
1010000000111000
1010000001010001
1010000001101001
1010000010000011
1010000010011101
1010000010110111
1010000011010011
1010000011101110
1010000100001011
1010000100101000
1010000101000101
1010000101100011
1010000110000010
1010000110100001
1010000111000001
1010000111100010
1010001000000011
1010001000100100
1010001001000110
1010001001101001
1010001010001100
1010001010110000
1010001011010101
1010001011111010
1010001100100000
1010001101000110
1010001101101101
1010001110010100
1010001110111100
1010001111100100
1010010000001101
1010010000110111
1010010001100001
1010010010001100
1010010010110111
1010010011100011
1010010100010000
1010010100111101
1010010101101010
1010010110011000
1010010111000111
1010010111110110
1010011000100110
1010011001010110
1010011010000111
1010011010111001
1010011011101011
1010011100011101
1010011101010000
1010011110000100
1010011110111000
1010011111101101
1010100000100010
1010100001011000
1010100010001110
1010100011000101
1010100011111101
1010100100110101
1010100101101101
1010100110100110
1010100111100000
1010101000011010
1010101001010101
1010101010010000
1010101011001100
1010101100001000
1010101101000101
1010101110000010
1010101111000000
1010101111111110
1010110000111101
1010110001111100
1010110010111100
1010110011111100
1010110100111101
1010110101111111
1010110111000001
1010111000000011
1010111001000110
1010111010001001
1010111011001101
1010111100010010
1010111101010111
1010111110011100
1010111111100010
1011000000101000
1011000001101111
1011000010110111
1011000011111111
1011000101000111
1011000110010000
1011000111011001
1011001000100011
1011001001101101
1011001010111000
1011001100000011
1011001101001111
1011001110011011
1011001111101000
1011010000110101
1011010010000011
1011010011010001
1011010100011111
1011010101101110
1011010110111110
1011011000001110
1011011001011110
1011011010101111
1011011100000000
1011011101010010
1011011110100100
1011011111110111
1011100001001010
1011100010011101
1011100011110001
1011100101000110
1011100110011011
1011100111110000
1011101001000110
1011101010011100
1011101011110010
1011101101001001
1011101110100001
1011101111111001
1011110001010001
1011110010101001
1011110100000011
1011110101011100
1011110110110110
1011111000010000
1011111001101011
1011111011000110
1011111100100010
1011111101111110
1011111111011010
1100000000110111
1100000010010100
1100000011110001
1100000101001111
1100000110101101
1100001000001100
1100001001101011
1100001011001011
1100001100101010
1100001110001011
1100001111101011
1100010001001100
1100010010101101
1100010100001111
1100010101110001
1100010111010100
1100011000110110
1100011010011001
1100011011111101
1100011101100001
1100011111000101
1100100000101001
1100100010001110
1100100011110011
1100100101011001
1100100110111111
1100101000100101
1100101010001011
1100101011110010
1100101101011010
1100101111000001
1100110000101001
1100110010010001
1100110011111010
1100110101100010
1100110111001011
1100111000110101
1100111010011111
1100111100001001
1100111101110011
1100111111011110
1101000001001000
1101000010110100
1101000100011111
1101000110001011
1101000111110111
1101001001100011
1101001011010000
1101001100111101
1101001110101010
1101010000011000
1101010010000101
1101010011110011
1101010101100010
1101010111010000
1101011000111111
1101011010101110
1101011100011110
1101011110001101
1101011111111101
1101100001101101
1101100011011101
1101100101001110
1101100110111111
1101101000110000
1101101010100001
1101101100010010
1101101110000100
1101101111110110
1101110001101000
1101110011011011
1101110101001101
1101110111000000
1101111000110011
1101111010100110
1101111100011010
1101111110001101
1110000000000001
1110000001110101
1110000011101010
1110000101011110
1110000111010011
1110001001000111
1110001010111100
1110001100110010
1110001110100111
1110010000011100
1110010010010010
1110010100001000
1110010101111110
1110010111110100
1110011001101011
1110011011100001
1110011101011000
1110011111001111
1110100001000101
1110100010111101
1110100100110100
1110100110101011
1110101000100011
1110101010011010
1110101100010010
1110101110001010
1110110000000010
1110110001111010
1110110011110011
1110110101101011
1110110111100100
1110111001011100
1110111011010101
1110111101001110
1110111111000111
1111000001000000
1111000010111001
1111000100110010
1111000110101100
1111001000100101
1111001010011111
1111001100011000
1111001110010010
1111010000001100
1111010010000110
1111010011111111
1111010101111001
1111010111110011
1111011001101110
1111011011101000
1111011101100010
1111011111011100
1111100001010111
1111100011010001
1111100101001011
1111100111000110
1111101001000000
1111101010111011
1111101100110101
1111101110110000
1111110000101011
1111110010100101
1111110100100000
1111110110011010
1111111000010101
1111111010010000
1111111100001011
1111111110000101
0000000000000000
0110000001000001
0110000001010110
0110000001101001
0110000001111101
0110000010001111
0110000010100001
0110000010110011
0110000011000100
0110000011010100
0110000011100100
0110000011110011
0110000100000001
0110000100001111
0110000100011100
0110000100101001
0110000100110101
0110000101000000
0110000101001011
0110000101010101
0110000101011111
0110000101101000
0110000101110001
0110000101111001
0110000110000000
0110000110000110
0110000110001101
0110000110010010
0110000110010111
0110000110011011
0110000110011111
0110000110100010
0110000110100100
0110000110100110
0110000110100111
0110000110101000
0110000110101000
0110000110100111
0110000110100110
0110000110100100
0110000110100010
0110000110011111
0110000110011011
0110000110010111
0110000110010011
0110000110001101
0110000110000111
0110000110000001
0110000101111001
0110000101110010
0110000101101001
0110000101100000
0110000101010111
0110000101001100
0110000101000010
0110000100110110
0110000100101010
0110000100011110
0110000100010000
0110000100000011
0110000011110100
0110000011100101
0110000011010110
0110000011000101
0110000010110101
0110000010100011
0110000010010001
0110000001111111
0110000001101100
0110000001011000
0110000001000100
0110000000101111
0110000000011001
0110000000000011
0101111111101100
0101111111010101
0101111110111101
0101111110100100
0101111110001011
0101111101110010
0101111101010111
0101111100111101
0101111100100001
0101111100000101
0101111011101000
0101111011001011
0101111010101101
0101111010001111
0101111001110000
0101111001010001
0101111000110000
0101111000010000
0101110111101111
0101110111001101
0101110110101010
0101110110000111
0101110101100100
0101110100111111
0101110100011011
0101110011110101
0101110011010000
0101110010101001
0101110010000010
0101110001011010
0101110000110010
0101110000001001
0101101111100000
0101101110110110
0101101110001100
0101101101100001
0101101100110101
0101101100001001
0101101011011100
0101101010101111
0101101010000001
0101101001010011
0101101000100100
0101100111110101
0101100111000101
0101100110010100
0101100101100011
0101100100110001
0101100011111111
0101100011001100
0101100010011001
0101100001100101
0101100000110000
0101011111111011
0101011111000110
0101011110010000
0101011101011001
0101011100100010
0101011011101010
0101011010110010
0101011001111001
0101011001000000
0101011000000110
0101010111001100
0101010110010001
0101010101010110
0101010100011010
0101010011011101
0101010010100000
0101010001100011
0101010000100101
0101001111100110
0101001110100111
0101001101101000
0101001100100111
0101001011100111
0101001010100110
0101001001100100
0101001000100010
0101000111011111
0101000110011100
0101000101011001
0101000100010100
0101000011010000
0101000010001011
0101000001000101
0100111111111111
0100111110111000
0100111101110001
0100111100101001
0100111011100001
0100111010011001
0100111001010000
0100111000000110
0100110110111100
0100110101110010
0100110100100111
0100110011011011
0100110010001111
0100110001000011
0100101111110110
0100101110101000
0100101101011011
0100101100001100
0100101010111110
0100101001101110
0100101000011111
0100100111001111
0100100101111110
0100100100101101
0100100011011011
0100100010001001
0100100000110111
0100011111100100
0100011110010001
0100011100111101
0100011011101001
0100011010010101
0100011000111111
0100010111101010
0100010110010100
0100010100111110
0100010011100111
0100010010010000
0100010000111000
0100001111100000
0100001110001000
0100001100101111
0100001011010110
0100001001111100
0100001000100010
0100000111000111
0100000101101101
0100000100010001
0100000010110110
0100000001011001
0011111111111101
0011111110100000
0011111101000011
0011111011100101
0011111010000111
0011111000101000
0011110111001010
0011110101101010
0011110100001011
0011110010101011
0011110001001010
0011101111101010
0011101110001001
0011101100100111
0011101011000101
0011101001100011
0011101000000001
0011100110011110
0011100100111010
0011100011010111
0011100001110011
0011100000001111
0011011110101010
0011011101000101
0011011011100000
0011011001111010
0011011000010100
0011010110101110
0011010101000111
0011010011100000
0011010001111000
0011010000010001
0011001110101001
0011001101000001
0011001011011000
0011001001101111
0011001000000110
0011000110011100
0011000100110010
0011000011001000
0011000001011110
0010111111110011
0010111110001000
0010111100011101
0010111010110001
0010111001000101
0010110111011001
0010110101101100
0010110100000000
0010110010010010
0010110000100101
0010101110111000
0010101101001010
0010101011011100
0010101001101101
0010100111111110
0010100110010000
0010100100100000
0010100010110001
0010100001000001
0010011111010001
0010011101100001
0010011011110001
0010011010000000
0010011000001111
0010010110011110
0010010100101101
0010010010111011
0010010001001001
0010001111010111
0010001101100101
0010001011110010
0010001010000000
0010001000001101
0010000110011010
0010000100100110
0010000010110011
0010000000111111
0001111111001011
0001111101010111
0001111011100011
0001111001101110
0001110111111010
0001110110000101
0001110100010000
0001110010011010
0001110000100101
0001101110101111
0001101100111010
0001101011000100
0001101001001110
0001100111010111
0001100101100001
0001100011101010
0001100001110100
0001011111111101
0001011110000110
0001011100001110
0001011010010111
0001011000100000
0001010110101000
0001010100110000
0001010010111000
0001010001000000
0001001111001000
0001001101010000
0001001011011000
0001001001011111
0001000111100111
0001000101101110
0001000011110101
0001000001111100
0001000000000011
0000111110001010
0000111100010001
0000111010011000
0000111000011110
0000110110100101
0000110100101011
0000110010110010
0000110000111000
0000101110111110
0000101101000100
0000101011001010
0000101001010000
0000100111010110
0000100101011100
0000100011100010
0000100001101000
0000011111101101
0000011101110011
0000011011111001
0000011001111110
0000011000000100
0000010110001001
0000010100001111
0000010010010100
0000010000011010
0000001110011111
0000001100100100
0000001010101010
0000001000101111
0000000110110100
0000000100111010
0000000010111111
0000000001000100
1111111111001001
1111111101001111
1111111011010100
1111111001011001
1111110111011111
1111110101100100
1111110011101001
1111110001101111
1111101111110100
1111101101111001
1111101011111111
1111101010000100
1111101000001010
1111100110001111
1111100100010101
1111100010011010
1111100000100000
1111011110100110
1111011100101100
1111011010110001
1111011000110111
1111010110111101
1111010101000011
1111010011001001
1111010001001111
1111001111010110
1111001101011100
1111001011100010
1111001001101001
1111000111101111
1111000101110110
1111000011111100
1111000010000011
1111000000001010
1110111110010001
1110111100011000
1110111010011111
1110111000100111
1110110110101110
1110110100110110
1110110010111101
1110110001000101
1110101111001101
1110101101010101
1110101011011101
1110101001100101
1110100111101110
1110100101110110
1110100011111111
1110100010001000
1110100000010001
1110011110011010
1110011100100011
1110011010101100
1110011000110110
1110010111000000
1110010101001010
1110010011010100
1110010001011110
1110001111101000
1110001101110011
1110001011111101
1110001010001000
1110001000010011
1110000110011111
1110000100101010
1110000010110110
1110000001000010
1101111111001110
1101111101011010
1101111011100110
1101111001110011
1101111000000000
1101110110001101
1101110100011010
1101110010101000
1101110000110101
1101101111000011
1101101101010010
1101101011100000
1101101001101111
1101100111111101
1101100110001100
1101100100011100
1101100010101011
1101100000111011
1101011111001011
1101011101011011
1101011011101100
1101011001111101
1101011000001110
1101010110011111
1101010100110001
1101010011000011
1101010001010101
1101001111100111
1101001101111010
1101001100001101
1101001010100000
1101001000110011
1101000111000111
1101000101011011
1101000011101111
1101000010000100
1101000000011001
1100111110101110
1100111101000100
1100111011011001
1100111001110000
1100111000000110
1100110110011101
1100110100110100
1100110011001011
1100110001100011
1100101111111011
1100101110010011
1100101100101100
1100101011000101
1100101001011110
1100100111110111
1100100110010001
1100100100101100
1100100011000110
1100100001100001
1100011111111101
1100011110011000
1100011100110100
1100011011010001
1100011001101101
1100011000001010
1100010110101000
1100010101000110
1100010011100100
1100010010000010
1100010000100001
1100001111000000
1100001101100000
1100001100000000
1100001010100000
1100001001000001
1100000111100010
1100000110000100
1100000100100101
1100000011001000
1100000001101010
1100000000001101
1011111110110001
1011111101010101
1011111011111001
1011111010011110
1011111001000011
1011110111101000
1011110110001110
1011110100110100
1011110011011011
1011110010000010
1011110000101010
1011101111010001
1011101101111010
1011101100100011
1011101011001100
1011101001110101
1011101000011111
1011100111001010
1011100101110101
1011100100100000
1011100011001100
1011100001111000
1011100000100101
1011011111010010
1011011110000000
1011011100101110
1011011011011100
1011011010001011
1011011000111010
1011010111101010
1011010110011010
1011010101001011
1011010011111100
1011010010101110
1011010001100000
1011010000010011
1011001111000110
1011001101111001
1011001100101101
1011001011100010
1011001010010111
1011001001001100
1011001000000010
1011000110111000
1011000101101111
1011000100100111
1011000011011111
1011000010010111
1011000001010000
1011000000001001
1010111111000011
1010111101111101
1010111100111000
1010111011110011
1010111010101111
1010111001101011
1010111000101000
1010110111100101
1010110110100011
1010110101100010
1010110100100000
1010110011100000
1010110010100000
1010110001100000
1010110000100001
1010101111100010
1010101110100100
1010101101100111
1010101100101010
1010101011101101
1010101010110001
1010101001110110
1010101000111011
1010101000000000
1010100111000110
1010100110001101
1010100101010100
1010100100011100
1010100011100100
1010100010101101
1010100001110110
1010100001000000
1010100000001011
1010011111010110
1010011110100001
1010011101101101
1010011100111010
1010011100000111
1010011011010100
1010011010100011
1010011001110001
1010011001000001
1010011000010001
1010010111100001
1010010110110010
1010010110000100
1010010101010110
1010010100101001
1010010011111100
1010010011010000
1010010010100100
1010010001111001
1010010001001110
1010010000100100
1010001111111011
1010001111010010
1010001110101010
1010001110000010
1010001101011011
1010001100110101
1010001100001111
1010001011101001
1010001011000101
1010001010100000
1010001001111101
1010001001011010
1010001000110111
1010001000010101
1010000111110100
1010000111010011
1010000110110011
1010000110010011
1010000101110100
1010000101010110
1010000100111000
1010000100011011
1010000011111110
1010000011100010
1010000011000110
1010000010101100
1010000010010001
1010000001110111
1010000001011110
1010000001000110
1010000000101110
1010000000010110
1010000000000000
1001111111101001
1001111111010100
1001111110111111
1001111110101010
1001111110010111
1001111110000011
1001111101110001
1001111101011111
1001111101001101
1001111100111100
1001111100101100
1001111100011100
1001111100001101
1001111011111111
1001111011110001
1001111011100100
1001111011010111
1001111011001011
1001111011000000
1001111010110101
1001111010101011
1001111010100001
1001111010011000
1001111010001111
1001111010000111
1001111010000000
1001111001111010
1001111001110011
1001111001101110
1001111001101001
1001111001100101
1001111001100001
1001111001011110
1001111001011100
1001111001011010
1001111001011001
1001111001011000
1001111001011000
1001111001011001
1001111001011010
1001111001011100
1001111001011110
1001111001100001
1001111001100101
1001111001101001
1001111001101101
1001111001110011
1001111001111001
1001111001111111
1001111010000111
1001111010001110
1001111010010111
1001111010100000
1001111010101001
1001111010110100
1001111010111110
1001111011001010
1001111011010110
1001111011100010
1001111011110000
1001111011111101
1001111100001100
1001111100011011
1001111100101010
1001111100111011
1001111101001011
1001111101011101
1001111101101111
1001111110000001
1001111110010100
1001111110101000
1001111110111100
1001111111010001
1001111111100111
1001111111111101
1010000000010100
1010000000101011
1010000001000011
1010000001011100
1010000001110101
1010000010001110
1010000010101001
1010000011000011
1010000011011111
1010000011111011
1010000100011000
1010000100110101
1010000101010011
1010000101110001
1010000110010000
1010000110101111
1010000111010000
1010000111110000
1010001000010001
1010001000110011
1010001001010110
1010001001111001
1010001010011100
1010001011000001
1010001011100101
1010001100001011
1010001100110000
1010001101010111
1010001101111110
1010001110100110
1010001111001110
1010001111110111
1010010000100000
1010010001001010
1010010001110100
1010010010011111
1010010011001011
1010010011110111
1010010100100100
1010010101010001
1010010101111111
1010010110101101
1010010111011100
1010011000001011
1010011000111011
1010011001101100
1010011010011101
1010011011001111
1010011100000001
1010011100110100
1010011101100111
1010011110011011
1010011111010000
1010100000000101
1010100000111010
1010100001110000
1010100010100111
1010100011011110
1010100100010110
1010100101001110
1010100110000111
1010100111000000
1010100111111010
1010101000110100
1010101001101111
1010101010101010
1010101011100110
1010101100100011
1010101101100000
1010101110011101
1010101111011011
1010110000011010
1010110001011001
1010110010011000
1010110011011001
1010110100011001
1010110101011010
1010110110011100
1010110111011110
1010111000100001
1010111001100100
1010111010100111
1010111011101100
1010111100110000
1010111101110101
1010111110111011
1011000000000001
1011000001001000
1011000010001111
1011000011010111
1011000100011111
1011000101100111
1011000110110000
1011000111111010
1011001001000100
1011001010001110
1011001011011001
1011001100100101
1011001101110001
1011001110111101
1011010000001010
1011010001011000
1011010010100101
1011010011110100
1011010101000010
1011010110010010
1011010111100001
1011011000110001
1011011010000010
1011011011010011
1011011100100101
1011011101110111
1011011111001001
1011100000011100
1011100001101111
1011100011000011
1011100100010111
1011100101101011
1011100111000001
1011101000010110
1011101001101100
1011101011000010
1011101100011001
1011101101110000
1011101111001000
1011110000100000
1011110001111000
1011110011010001
1011110100101010
1011110110000100
1011110111011110
1011111000111001
1011111010010011
1011111011101111
1011111101001010
1011111110100111
1100000000000011
1100000001100000
1100000010111101
1100000100011011
1100000101111001
1100000111011000
1100001000110110
1100001010010110
1100001011110101
1100001101010101
1100001110110110
1100010000010110
1100010001110111
1100010011011001
1100010100111011
1100010110011101
1100010111111111
1100011001100010
1100011011000110
1100011100101001
1100011110001101
1100011111110001
1100100001010110
1100100010111011
1100100100100000
1100100110000110
1100100111101100
1100101001010010
1100101010111001
1100101100100000
1100101110001000
1100101111101111
1100110001010111
1100110010111111
1100110100101000
1100110110010001
1100110111111010
1100111001100100
1100111011001110
1100111100111000
1100111110100010
1101000000001101
1101000001111000
1101000011100011
1101000101001111
1101000110111011
1101001000100111
1101001010010100
1101001100000000
1101001101101110
1101001111011011
1101010001001000
1101010010110110
1101010100100100
1101010110010011
1101011000000010
1101011001110000
1101011011100000
1101011101001111
1101011110111111
1101100000101111
1101100010011111
1101100100001111
1101100110000000
1101100111110001
1101101001100010
1101101011010011
1101101101000101
1101101110110111
1101110000101001
1101110010011011
1101110100001110
1101110110000000
1101110111110011
1101111001100110
1101111011011010
1101111101001101
1101111111000001
1110000000110101
1110000010101001
1110000100011101
1110000110010010
1110001000000110
1110001001111011
1110001011110000
1110001101100110
1110001111011011
1110010001010001
1110010011000110
1110010100111100
1110010110110010
1110011000101001
1110011010011111
1110011100010110
1110011110001100
1110100000000011
1110100001111010
1110100011110010
1110100101101001
1110100111100000
1110101001011000
1110101011010000
1110101101001000
1110101111000000
1110110000111000
1110110010110000
1110110100101000
1110110110100001
1110111000011001
1110111010010010
1110111100001011
1110111110000100
1110111111111101
1111000001110110
1111000011101111
1111000101101000
1111000111100010
1111001001011011
1111001011010101
1111001101001110
1111001111001000
1111010001000010
1111010010111100
1111010100110110
1111010110110000
1111011000101010
1111011010100100
1111011100011110
1111011110011000
1111100000010011
1111100010001101
1111100100000111
1111100110000010
1111100111111100
1111101001110111
1111101011110001
1111101101101100
1111101111100110
1111110001100001
1111110011011100
1111110101010110
1111110111010001
1111111001001100
1111111011000110
1111111101000001
1111111110111100
0000000000110111
0000000010110001
0000000100101100
0000000110100111
0000001000100001
0000001010011100
0000001100010111
0000001110010001
0000010000001100
0000010010000111
0000010100000001
0000010101111100
0000010111110110
0000011001110001
0000011011101011
0000011101100110
0000011111100000
0000100001011010
0000100011010100
0000100101001111
0000100111001001
0000101001000011
0000101010111101
0000101100110111
0000101110110001
0000110000101010
0000110010100100
0000110100011110
0000110110010111
0000111000010001
0000111010001010
0000111100000100
0000111101111101
0000111111110110
0001000001101111
0001000011101000
0001000101100001
0001000111011001
0001001001010010
0001001011001010
0001001101000011
0001001110111011
0001010000110011
0001010010101011
0001010100100011
0001010110011011
0001011000010010
0001011010001010
0001011100000001
0001011101111000
0001011111101111
0001100001100110
0001100011011101
0001100101010100
0001100111001010
0001101001000000
0001101010110110
0001101100101100
0001101110100010
0001110000011000
0001110010001101
0001110100000011
0001110101111000
0001110111101101
0001111001100001
0001111011010110
0001111101001010
0001111110111110
0010000000110010
0010000010100110
0010000100011010
0010000110001101
0010001000000000
0010001001110011
0010001011100110
0010001101011000
0010001111001011
0010010000111101
0010010010101110
0010010100100000
0010010110010001
0010011000000011
0010011001110100
0010011011100100
0010011101010101
0010011111000101
0010100000110101
0010100010100101
0010100100010100
0010100110000011
0010100111110010
0010101001100001
0010101011001111
0010101100111101
0010101110101011
0010110000011001
0010110010000110
0010110011110011
0010110101100000
0010110111001101
0010111000111001
0010111010100101
0010111100010001
0010111101111100
0010111111100111
0011000001010010
0011000010111100
0011000100100111
0011000110010000
0011000111111010
0011001001100011
0011001011001100
0011001100110101
0011001110011101
0011010000000101
0011010001101101
0011010011010100
0011010100111011
0011010110100010
0011011000001001
0011011001101111
0011011011010100
0011011100111010
0011011110011111
0011100000000011
0011100001101000
0011100011001100
0011100100101111
0011100110010011
0011100111110110
0011101001011000
0011101010111010
0011101100011100
0011101101111110
0011101111011111
0011110001000000
0011110010100000
0011110100000000
0011110101100000
0011110110111111
0011111000011110
0011111001111100
0011111011011011
0011111100111000
0011111110010110
0011111111110011
0100000001001111
0100000010101011
0100000100000111
0100000101100010
0100000110111101
0100001000011000
0100001001110010
0100001011001100
0100001100100101
0100001101111110
0100001111010110
0100010000101111
0100010010000110
0100010011011101
0100010100110100
0100010110001011
0100010111100001
0100011000110110
0100011010001011
0100011011100000
0100011100110100
0100011110001000
0100011111011011
0100100000101110
0100100010000000
0100100011010010
0100100100100100
0100100101110101
0100100111000110
0100101000010110
0100101001100110
0100101010110101
0100101100000100
0100101101010010
0100101110100000
0100101111101101
0100110000111010
0100110010000111
0100110011010011
0100110100011110
0100110101101001
0100110110110100
0100110111111110
0100111001001000
0100111010010001
0100111011011001
0100111100100001
0100111101101001
0100111110110000
0100111111110111
0101000000111101
0101000010000011
0101000011001000
0101000100001101
0101000101010001
0101000110010101
0101000111011000
0101001000011011
0101001001011101
0101001010011110
0101001011100000
0101001100100000
0101001101100000
0101001110100000
0101001111011111
0101010000011110
0101010001011100
0101010010011001
0101010011010110
0101010100010011
0101010101001111
0101010110001010
0101010111000101
0101011000000000
0101011000111010
0101011001110011
0101011010101100
0101011011100100
0101011100011100
0101011101010011
0101011110001010
0101011111000000
0101011111110101
0101100000101010
0101100001011111
0101100010010011
0101100011000110
0101100011111001
0101100100101100
0101100101011101
0101100110001111
0101100110111111
0101100111101111
0101101000011111
0101101001001110
0101101001111100
0101101010101010
0101101011010111
0101101100000100
0101101100110000
0101101101011100
0101101110000111
0101101110110010
0101101111011100
0101110000000101
0101110000101110
0101110001010110
0101110001111110
0101110010100101
0101110011001011
0101110011110001
0101110100010111
0101110100111011
0101110101100000
0101110110000011
0101110110100110
0101110111001001
0101110111101011
0101111000001100
0101111000101101
0101111001001101
0101111001101101
0101111010001100
0101111010101010
0101111011001000
0101111011100101
0101111100000010
0101111100011110
0101111100111010
0101111101010100
0101111101101111
0101111110001001
0101111110100010
0101111110111010
0101111111010010
0101111111101010
0110000000000000
0110000000010111
0110000000101100
0110000001000001
0110000001010110
0110000001101001
0110000001111101
0110000010001111
0110000010100001
0110000010110011
0110000011000100
0110000011010100
0110000011100100
0110000011110011
0110000100000001
0110000100001111
0110000100011100
0110000100101001
0110000100110101
0110000101000000
0110000101001011
0110000101010101
0110000101011111
0110000101101000
0110000101110001
0110000101111001
0110000110000000
0110000110000110
0110000110001101
0110000110010010
0110000110010111
0110000110011011
0110000110011111
0110000110100010
0110000110100100
0110000110100110
0110000110100111
0110000110101000
0110000110101000
0110000110100111
0110000110100110
0110000110100100
0110000110100010
0110000110011111
0110000110011011
0110000110010111
0110000110010011
0110000110001101
0110000110000111
0110000110000001
0110000101111001
0110000101110010
0110000101101001
0110000101100000
0110000101010111
0110000101001100
0110000101000010
0110000100110110
0110000100101010
0110000100011110
0110000100010000
0110000100000011
0110000011110100
0110000011100101
0110000011010110
0110000011000101
0110000010110101
0110000010100011
0110000010010001
0110000001111111
0110000001101100
0110000001011000
0110000001000100
0110000000101111
0110000000011001
0110000000000011
0101111111101100
0101111111010101
0101111110111101
0101111110100100
0101111110001011
0101111101110010
0101111101010111
0101111100111101
0101111100100001
0101111100000101
0101111011101000
0101111011001011
0101111010101101
0101111010001111
0101111001110000
0101111001010001
0101111000110000
0101111000010000
0101110111101111
0101110111001101
0101110110101010
0101110110000111
0101110101100100
0101110100111111
0101110100011011
0101110011110101
0101110011010000
0101110010101001
0101110010000010
0101110001011010
0101110000110010
0101110000001001
0101101111100000
0101101110110110
0101101110001100
0101101101100001
0101101100110101
0101101100001001
0101101011011100
0101101010101111
0101101010000001
0101101001010011
0101101000100100
0101100111110101
0101100111000101
0101100110010100
0101100101100011
0101100100110001
0101100011111111
0101100011001100
0101100010011001
0101100001100101
0101100000110000
0101011111111011
0101011111000110
0101011110010000
0101011101011001
0101011100100010
0101011011101010
0101011010110010
0101011001111001
0101011001000000
0101011000000110
0101010111001100
0101010110010001
0101010101010110
0101010100011010
0101010011011101
0101010010100000
0101010001100011
0101010000100101
0101001111100110
0101001110100111
0101001101101000
0101001100100111
0101001011100111
0101001010100110
0101001001100100
0101001000100010
0101000111011111
0101000110011100
0101000101011001
0101000100010100
0101000011010000
0101000010001011
0101000001000101
0100111111111111
0100111110111000
0100111101110001
0100111100101001
0100111011100001
0100111010011001
0100111001010000
0100111000000110
0100110110111100
0100110101110010
0100110100100111
0100110011011011
0100110010001111
0100110001000011
0100101111110110
0100101110101000
0100101101011011
0100101100001100
0100101010111110
0100101001101110
0100101000011111
0100100111001111
0100100101111110
0100100100101101
0100100011011011
0100100010001001
0100100000110111
0100011111100100
0100011110010001
0100011100111101
0100011011101001
0100011010010101
0100011000111111
0100010111101010
0100010110010100
0100010100111110
0100010011100111
0100010010010000
0100010000111000
0100001111100000
0100001110001000
0100001100101111
0100001011010110
0100001001111100
0100001000100010
0100000111000111
0100000101101101
0100000100010001
0100000010110110
0100000001011001
0011111111111101
0011111110100000
0011111101000011
0011111011100101
0011111010000111
0011111000101000
0011110111001010
0011110101101010
0011110100001011
0011110010101011
0011110001001010
0011101111101010
0011101110001001
0011101100100111
0011101011000101
0011101001100011
0011101000000001
0011100110011110
0011100100111010
0011100011010111
0011100001110011
0011100000001111
0011011110101010
0011011101000101
0011011011100000
0011011001111010
0011011000010100
0011010110101110
0011010101000111
0011010011100000
0011010001111000
0011010000010001
0011001110101001
0011001101000001
0011001011011000
0011001001101111
0011001000000110
0011000110011100
0011000100110010
0011000011001000
0011000001011110
0010111111110011
0010111110001000
0010111100011101
0010111010110001
0010111001000101
0010110111011001
0010110101101100
0010110100000000
0010110010010010
0010110000100101
0010101110111000
0010101101001010
0010101011011100
0010101001101101
0010100111111110
0010100110010000
0010100100100000
0010100010110001
0010100001000001
0010011111010001
0010011101100001
0010011011110001
0010011010000000
0010011000001111
0010010110011110
0010010100101101
0010010010111011
0010010001001001
0010001111010111
0010001101100101
0010001011110010
0010001010000000
0010001000001101
0010000110011010
0010000100100110
0010000010110011
0010000000111111
0001111111001011
0001111101010111
0001111011100011
0001111001101110
0001110111111010
0001110110000101
0001110100010000
0001110010011010
0001110000100101
0001101110101111
0001101100111010
0001101011000100
0001101001001110
0001100111010111
0001100101100001
0001100011101010
0001100001110100
0001011111111101
0001011110000110
0001011100001110
0001011010010111
0001011000100000
0001010110101000
0001010100110000
0001010010111000
0001010001000000
0001001111001000
0001001101010000
0001001011011000
0001001001011111
0001000111100111
0001000101101110
0001000011110101
0001000001111100
0001000000000011
0000111110001010
0000111100010001
0000111010011000
0000111000011110
0000110110100101
0000110100101011
0000110010110010
0000110000111000
0000101110111110
0000101101000100
0000101011001010
0000101001010000
0000100111010110
0000100101011100
0000100011100010
0000100001101000
0000011111101101
0000011101110011
0000011011111001
0000011001111110
0000011000000100
0000010110001001
0000010100001111
0000010010010100
0000010000011010
0000001110011111
0000001100100100
0000001010101010
0000001000101111
0000000110110100
0000000100111010
0000000010111111
0000000001000100
1111111111001001
1111111101001111
1111111011010100
1111111001011001
1111110111011111
1111110101100100
1111110011101001
1111110001101111
1111101111110100
1111101101111001
1111101011111111
1111101010000100
1111101000001010
1111100110001111
1111100100010101
1111100010011010
1111100000100000
1111011110100110
1111011100101100
1111011010110001
1111011000110111
1111010110111101
1111010101000011
1111010011001001
1111010001001111
1111001111010110
1111001101011100
1111001011100010
1111001001101001
1111000111101111
1111000101110110
1111000011111100
1111000010000011
1111000000001010
1110111110010001
1110111100011000
1110111010011111
1110111000100111
1110110110101110
1110110100110110
1110110010111101
1110110001000101
1110101111001101
1110101101010101
1110101011011101
1110101001100101
1110100111101110
1110100101110110
1110100011111111
1110100010001000
1110100000010001
1110011110011010
1110011100100011
1110011010101100
1110011000110110
1110010111000000
1110010101001010
1110010011010100
1110010001011110
1110001111101000
1110001101110011
1110001011111101
1110001010001000
1110001000010011
1110000110011111
1110000100101010
1110000010110110
1110000001000010
1101111111001110
1101111101011010
1101111011100110
1101111001110011
1101111000000000
1101110110001101
1101110100011010
1101110010101000
1101110000110101
1101101111000011
1101101101010010
1101101011100000
1101101001101111
1101100111111101
1101100110001100
1101100100011100
1101100010101011
1101100000111011
1101011111001011
1101011101011011
1101011011101100
1101011001111101
1101011000001110
1101010110011111
1101010100110001
1101010011000011
1101010001010101
1101001111100111
1101001101111010
1101001100001101
1101001010100000
1101001000110011
1101000111000111
1101000101011011
1101000011101111
1101000010000100
1101000000011001
1100111110101110
1100111101000100
1100111011011001
1100111001110000
1100111000000110
1100110110011101
1100110100110100
1100110011001011
1100110001100011
1100101111111011
1100101110010011
1100101100101100
1100101011000101
1100101001011110
1100100111110111
1100100110010001
1100100100101100
1100100011000110
1100100001100001
1100011111111101
1100011110011000
1100011100110100
1100011011010001
1100011001101101
1100011000001010
1100010110101000
1100010101000110
1100010011100100
1100010010000010
1100010000100001
1100001111000000
1100001101100000
1100001100000000
1100001010100000
1100001001000001
1100000111100010
1100000110000100
1100000100100101
1100000011001000
1100000001101010
1100000000001101
1011111110110001
1011111101010101
1011111011111001
1011111010011110
1011111001000011
1011110111101000
1011110110001110
1011110100110100
1011110011011011
1011110010000010
1011110000101010
1011101111010001
1011101101111010
1011101100100011
1011101011001100
1011101001110101
1011101000011111
1011100111001010
1011100101110101
1011100100100000
1011100011001100
1011100001111000
1011100000100101
1011011111010010
1011011110000000
1011011100101110
1011011011011100
1011011010001011
1011011000111010
1011010111101010
1011010110011010
1011010101001011
1011010011111100
1011010010101110
1011010001100000
1011010000010011
1011001111000110
1011001101111001
1011001100101101
1011001011100010
1011001010010111
1011001001001100
1011001000000010
1011000110111000
1011000101101111
1011000100100111
1011000011011111
1011000010010111
1011000001010000
1011000000001001
1010111111000011
1010111101111101
1010111100111000
1010111011110011
1010111010101111
1010111001101011
1010111000101000
1010110111100101
1010110110100011
1010110101100010
1010110100100000
1010110011100000
1010110010100000
1010110001100000
1010110000100001
1010101111100010
1010101110100100
1010101101100111
1010101100101010
1010101011101101
1010101010110001
1010101001110110
1010101000111011
1010101000000000
1010100111000110
1010100110001101
1010100101010100
1010100100011100
1010100011100100
1010100010101101
1010100001110110
1010100001000000
1010100000001011
1010011111010110
1010011110100001
1010011101101101
1010011100111010
1010011100000111
1010011011010100
1010011010100011
1010011001110001
1010011001000001
1010011000010001
1010010111100001
1010010110110010
1010010110000100
1010010101010110
1010010100101001
1010010011111100
1010010011010000
1010010010100100
1010010001111001
1010010001001110
1010010000100100
1010001111111011
1010001111010010
1010001110101010
1010001110000010
1010001101011011
1010001100110101
1010001100001111
1010001011101001
1010001011000101
1010001010100000
1010001001111101
1010001001011010
1010001000110111
1010001000010101
1010000111110100
1010000111010011
1010000110110011
1010000110010011
1010000101110100
1010000101010110
1010000100111000
1010000100011011
1010000011111110
1010000011100010
1010000011000110
1010000010101100
1010000010010001
1010000001110111
1010000001011110
1010000001000110
1010000000101110
1010000000010110
1010000000000000
1001111111101001
1001111111010100
1100111111011111
1100111111010101
1100111111001011
1100111111000010
1100111110111000
1100111110101111
1100111110100111
1100111110011110
1100111110010110
1100111110001110
1100111110000111
1100111101111111
1100111101111001
1100111101110010
1100111101101100
1100111101100110
1100111101100000
1100111101011010
1100111101010101
1100111101010000
1100111101001100
1100111101001000
1100111101000100
1100111101000000
1100111100111101
1100111100111010
1100111100110111
1100111100110101
1100111100110010
1100111100110001
1100111100101111
1100111100101110
1100111100101101
1100111100101100
1100111100101100
1100111100101100
1100111100101100
1100111100101101
1100111100101110
1100111100101111
1100111100110000
1100111100110010
1100111100110100
1100111100110111
1100111100111001
1100111100111100
1100111101000000
1100111101000011
1100111101000111
1100111101001011
1100111101010000
1100111101010101
1100111101011010
1100111101011111
1100111101100101
1100111101101011
1100111101110001
1100111101111000
1100111101111111
1100111110000110
1100111110001101
1100111110010101
1100111110011101
1100111110100110
1100111110101110
1100111110110111
1100111111000001
1100111111001010
1100111111010100
1100111111011110
1100111111101001
1100111111110011
1100111111111111
1101000000001010
1101000000010110
1101000000100010
1101000000101110
1101000000111010
1101000001000111
1101000001010100
1101000001100010
1101000001101111
1101000001111101
1101000010001100
1101000010011010
1101000010101001
1101000010111000
1101000011001000
1101000011011000
1101000011101000
1101000011111000
1101000100001001
1101000100011010
1101000100101011
1101000100111100
1101000101001110
1101000101100000
1101000101110011
1101000110000101
1101000110011000
1101000110101011
1101000110111111
1101000111010011
1101000111100111
1101000111111011
1101001000010000
1101001000100101
1101001000111010
1101001001010000
1101001001100101
1101001001111011
1101001010010010
1101001010101000
1101001010111111
1101001011010111
1101001011101110
1101001100000110
1101001100011110
1101001100110110
1101001101001111
1101001101100111
1101001110000001
1101001110011010
1101001110110100
1101001111001110
1101001111101000
1101010000000010
1101010000011101
1101010000111000
1101010001010011
1101010001101111
1101010010001011
1101010010100111
1101010011000011
1101010011100000
1101010011111101
1101010100011010
1101010100110111
1101010101010101
1101010101110011
1101010110010001
1101010110110000
1101010111001111
1101010111101110
1101011000001101
1101011000101100
1101011001001100
1101011001101100
1101011010001101
1101011010101101
1101011011001110
1101011011101111
1101011100010000
1101011100110010
1101011101010100
1101011101110110
1101011110011000
1101011110111011
1101011111011110
1101100000000001
1101100000100100
1101100001000111
1101100001101011
1101100010001111
1101100010110100
1101100011011000
1101100011111101
1101100100100010
1101100101000111
1101100101101101
1101100110010010
1101100110111000
1101100111011111
1101101000000101
1101101000101100
1101101001010011
1101101001111010
1101101010100001
1101101011001001
1101101011110001
1101101100011001
1101101101000001
1101101101101010
1101101110010010
1101101110111011
1101101111100100
1101110000001110
1101110000111000
1101110001100001
1101110010001011
1101110010110110
1101110011100000
1101110100001011
1101110100110110
1101110101100001
1101110110001100
1101110110111000
1101110111100100
1101111000010000
1101111000111100
1101111001101001
1101111010010101
1101111011000010
1101111011101111
1101111100011100
1101111101001010
1101111101110111
1101111110100101
1101111111010011
1110000000000010
1110000000110000
1110000001011111
1110000010001101
1110000010111101
1110000011101100
1110000100011011
1110000101001011
1110000101111011
1110000110101011
1110000111011011
1110001000001011
1110001000111100
1110001001101100
1110001010011101
1110001011001110
1110001100000000
1110001100110001
1110001101100011
1110001110010101
1110001111000111
1110001111111001
1110010000101011
1110010001011110
1110010010010000
1110010011000011
1110010011110110
1110010100101001
1110010101011101
1110010110010000
1110010111000100
1110010111111000
1110011000101100
1110011001100000
1110011010010100
1110011011001001
1110011011111101
1110011100110010
1110011101100111
1110011110011100
1110011111010001
1110100000000111
1110100000111100
1110100001110010
1110100010101000
1110100011011101
1110100100010100
1110100101001010
1110100110000000
1110100110110111
1110100111101101
1110101000100100
1110101001011011
1110101010010010
1110101011001001
1110101100000001
1110101100111000
1110101101110000
1110101110101000
1110101111011111
1110110000010111
1110110001001111
1110110010001000
1110110011000000
1110110011111000
1110110100110001
1110110101101010
1110110110100010
1110110111011011
1110111000010100
1110111001001110
1110111010000111
1110111011000000
1110111011111010
1110111100110011
1110111101101101
1110111110100111
1110111111100000
1111000000011010
1111000001010100
1111000010001111
1111000011001001
1111000100000011
1111000100111110
1111000101111000
1111000110110011
1111000111101110
1111001000101000
1111001001100011
1111001010011110
1111001011011001
1111001100010100
1111001101010000
1111001110001011
1111001111000110
1111010000000010
1111010000111101
1111010001111001
1111010010110100
1111010011110000
1111010100101100
1111010101101000
1111010110100100
1111010111100000
1111011000011100
1111011001011000
1111011010010100
1111011011010000
1111011100001101
1111011101001001
1111011110000101
1111011111000010
1111011111111110
1111100000111011
1111100001111000
1111100010110100
1111100011110001
1111100100101110
1111100101101010
1111100110100111
1111100111100100
1111101000100001
1111101001011110
1111101010011011
1111101011011000
1111101100010101
1111101101010010
1111101110001111
1111101111001100
1111110000001001
1111110001000110
1111110010000100
1111110011000001
1111110011111110
1111110100111011
1111110101111001
1111110110110110
1111110111110011
1111111000110001
1111111001101110
1111111010101011
1111111011101000
1111111100100110
1111111101100011
1111111110100001
1111111111011110
0000000000011011
0000000001011001
0000000010010110
0000000011010011
0000000100010001
0000000101001110
0000000110001011
0000000111001001
0000001000000110
0000001001000011
0000001010000001
0000001010111110
0000001011111011
0000001100111000
0000001101110110
0000001110110011
0000001111110000
0000010000101101
0000010001101010
0000010010100111
0000010011100100
0000010100100001
0000010101011110
0000010110011011
0000010111011000
0000011000010101
0000011001010010
0000011010001111
0000011011001100
0000011100001000
0000011101000101
0000011110000010
0000011110111110
0000011111111011
0000100000110111
0000100001110100
0000100010110000
0000100011101101
0000100100101001
0000100101100101
0000100110100001
0000100111011101
0000101000011010
0000101001010110
0000101010010001
0000101011001101
0000101100001001
0000101101000101
0000101110000001
0000101110111100
0000101111111000
0000110000110011
0000110001101111
0000110010101010
0000110011100101
0000110100100000
0000110101011011
0000110110010110
0000110111010001
0000111000001100
0000111001000111
0000111010000001
0000111010111100
0000111011110110
0000111100110001
0000111101101011
0000111110100101
0000111111011111
0001000000011001
0001000001010011
0001000010001101
0001000011000110
0001000100000000
0001000100111010
0001000101110011
0001000110101100
0001000111100101
0001001000011110
0001001001010111
0001001010010000
0001001011001001
0001001100000001
0001001100111010
0001001101110010
0001001110101010
0001001111100010
0001010000011010
0001010001010010
0001010010001010
0001010011000010
0001010011111001
0001010100110000
0001010101101000
0001010110011111
0001010111010110
0001011000001100
0001011001000011
0001011001111010
0001011010110000
0001011011100110
0001011100011100
0001011101010010
0001011110001000
0001011110111110
0001011111110100
0001100000101001
0001100001011110
0001100010010011
0001100011001000
0001100011111101
0001100100110010
0001100101100110
0001100110011010
0001100111001111
0001101000000011
0001101000110110
0001101001101010
0001101010011110
0001101011010001
0001101100000100
0001101100110111
0001101101101010
0001101110011101
0001101111001111
0001110000000010
0001110000110100
0001110001100110
0001110010011000
0001110011001001
0001110011111011
0001110100101100
0001110101011101
0001110110001110
0001110110111111
0001110111101111
0001111000100000
0001111001010000
0001111010000000
0001111010110000
0001111011100000
0001111100001111
0001111100111110
0001111101101101
0001111110011100
0001111111001011
0001111111111001
0010000000101000
0010000001010110
0010000010000100
0010000010110001
0010000011011111
0010000100001100
0010000100111001
0010000101100110
0010000110010011
0010000110111111
0010000111101011
0010001000010111
0010001001000011
0010001001101111
0010001010011010
0010001011000101
0010001011110000
0010001100011011
0010001101000110
0010001101110000
0010001110011010
0010001111000100
0010001111101110
0010010000010111
0010010001000000
0010010001101001
0010010010010010
0010010010111010
0010010011100011
0010010100001011
0010010100110011
0010010101011010
0010010110000010
0010010110101001
0010010111010000
0010010111110111
0010011000011101
0010011001000011
0010011001101001
0010011010001111
0010011010110101
0010011011011010
0010011011111111
0010011100100100
0010011101001000
0010011101101101
0010011110010001
0010011110110101
0010011111011000
0010011111111011
0010100000011111
0010100001000001
0010100001100100
0010100010000110
0010100010101000
0010100011001010
0010100011101100
0010100100001101
0010100100101110
0010100101001111
0010100101110000
0010100110010000
0010100110110000
0010100111010000
0010100111110000
0010101000001111
0010101000101110
0010101001001101
0010101001101011
0010101010001010
0010101010100111
0010101011000101
0010101011100011
0010101100000000
0010101100011101
0010101100111010
0010101101010110
0010101101110010
0010101110001110
0010101110101010
0010101111000101
0010101111100000
0010101111111011
0010110000010101
0010110000101111
0010110001001001
0010110001100011
0010110001111101
0010110010010110
0010110010101111
0010110011000111
0010110011100000
0010110011111000
0010110100001111
0010110100100111
0010110100111110
0010110101010101
0010110101101100
0010110110000010
0010110110011000
0010110110101110
0010110111000100
0010110111011001
0010110111101110
0010111000000010
0010111000010111
0010111000101011
0010111000111111
0010111001010010
0010111001100110
0010111001111001
0010111010001011
0010111010011110
0010111010110000
0010111011000010
0010111011010011
0010111011100100
0010111011110101
0010111100000110
0010111100010110
0010111100100111
0010111100110110
0010111101000110
0010111101010101
0010111101100100
0010111101110011
0010111110000001
0010111110001111
0010111110011101
0010111110101010
0010111110110111
0010111111000100
0010111111010001
0010111111011101
0010111111101001
0010111111110101
0011000000000000
0011000000001011
0011000000010110
0011000000100001
0011000000101011
0011000000110101
0011000000111110
0011000001001000
0011000001010001
0011000001011001
0011000001100010
0011000001101010
0011000001110010
0011000001111001
0011000010000001
0011000010000111
0011000010001110
0011000010010100
0011000010011010
0011000010100000
0011000010100110
0011000010101011
0011000010110000
0011000010110100
0011000010111000
0011000010111100
0011000011000000
0011000011000011
0011000011000110
0011000011001001
0011000011001011
0011000011001110
0011000011001111
0011000011010001
0011000011010010
0011000011010011
0011000011010100
0011000011010100
0011000011010100
0011000011010100
0011000011010011
0011000011010010
0011000011010001
0011000011010000
0011000011001110
0011000011001100
0011000011001001
0011000011000111
0011000011000100
0011000011000000
0011000010111101
0011000010111001
0011000010110101
0011000010110000
0011000010101011
0011000010100110
0011000010100001
0011000010011011
0011000010010101
0011000010001111
0011000010001000
0011000010000001
0011000001111010
0011000001110011
0011000001101011
0011000001100011
0011000001011010
0011000001010010
0011000001001001
0011000000111111
0011000000110110
0011000000101100
0011000000100010
0011000000010111
0011000000001101
0011000000000001
0010111111110110
0010111111101010
0010111111011110
0010111111010010
0010111111000110
0010111110111001
0010111110101100
0010111110011110
0010111110010001
0010111110000011
0010111101110100
0010111101100110
0010111101010111
0010111101001000
0010111100111000
0010111100101000
0010111100011000
0010111100001000
0010111011110111
0010111011100110
0010111011010101
0010111011000100
0010111010110010
0010111010100000
0010111010001101
0010111001111011
0010111001101000
0010111001010101
0010111001000001
0010111000101101
0010111000011001
0010111000000101
0010110111110000
0010110111011011
0010110111000110
0010110110110000
0010110110011011
0010110110000101
0010110101101110
0010110101011000
0010110101000001
0010110100101001
0010110100010010
0010110011111010
0010110011100010
0010110011001010
0010110010110001
0010110010011001
0010110001111111
0010110001100110
0010110001001100
0010110000110010
0010110000011000
0010101111111110
0010101111100011
0010101111001000
0010101110101101
0010101110010001
0010101101110101
0010101101011001
0010101100111101
0010101100100000
0010101100000011
0010101011100110
0010101011001001
0010101010101011
0010101010001101
0010101001101111
0010101001010000
0010101000110001
0010101000010010
0010100111110011
0010100111010100
0010100110110100
0010100110010100
0010100101110011
0010100101010011
0010100100110010
0010100100010001
0010100011110000
0010100011001110
0010100010101100
0010100010001010
0010100001101000
0010100001000101
0010100000100010
0010011111111111
0010011111011100
0010011110111001
0010011110010101
0010011101110001
0010011101001100
0010011100101000
0010011100000011
0010011011011110
0010011010111001
0010011010010011
0010011001101110
0010011001001000
0010011000100001
0010010111111011
0010010111010100
0010010110101101
0010010110000110
0010010101011111
0010010100110111
0010010100001111
0010010011100111
0010010010111111
0010010010010110
0010010001101110
0010010001000101
0010010000011100
0010001111110010
0010001111001000
0010001110011111
0010001101110101
0010001101001010
0010001100100000
0010001011110101
0010001011001010
0010001010011111
0010001001110100
0010001001001000
0010001000011100
0010000111110000
0010000111000100
0010000110010111
0010000101101011
0010000100111110
0010000100010001
0010000011100100
0010000010110110
0010000010001001
0010000001011011
0010000000101101
0001111111111110
0001111111010000
0001111110100001
0001111101110011
0001111101000011
0001111100010100
0001111011100101
0001111010110101
0001111010000101
0001111001010101
0001111000100101
0001110111110101
0001110111000100
0001110110010100
0001110101100011
0001110100110010
0001110100000000
0001110011001111
0001110010011101
0001110001101011
0001110000111001
0001110000000111
0001101111010101
0001101110100010
0001101101110000
0001101100111101
0001101100001010
0001101011010111
0001101010100011
0001101001110000
0001101000111100
0001101000001000
0001100111010100
0001100110100000
0001100101101100
0001100100110111
0001100100000011
0001100011001110
0001100010011001
0001100001100100
0001100000101111
0001011111111001
0001011111000100
0001011110001110
0001011101011000
0001011100100011
0001011011101100
0001011010110110
0001011010000000
0001011001001001
0001011000010011
0001010111011100
0001010110100101
0001010101101110
0001010100110111
0001010011111111
0001010011001000
0001010010010000
0001010001011000
0001010000100001
0001001111101001
0001001110110001
0001001101111000
0001001101000000
0001001100001000
0001001011001111
0001001010010110
0001001001011110
0001001000100101
0001000111101100
0001000110110010
0001000101111001
0001000101000000
0001000100000110
0001000011001101
0001000010010011
0001000001011001
0001000000100000
0000111111100110
0000111110101100
0000111101110001
0000111100110111
0000111011111101
0000111011000010
0000111010001000
0000111001001101
0000111000010010
0000110111011000
0000110110011101
0000110101100010
0000110100100111
0000110011101100
0000110010110000
0000110001110101
0000110000111010
0000101111111110
0000101111000011
0000101110000111
0000101101001100
0000101100010000
0000101011010100
0000101010011000
0000101001011100
0000101000100000
0000100111100100
0000100110101000
0000100101101100
0000100100110000
0000100011110011
0000100010110111
0000100001111011
0000100000111110
0000100000000010
0000011111000101
0000011110001000
0000011101001100
0000011100001111
0000011011010010
0000011010010110
0000011001011001
0000011000011100
0000010111011111
0000010110100010
0000010101100101
0000010100101000
0000010011101011
0000010010101110
0000010001110001
0000010000110100
0000001111110111
0000001110111010
0000001101111100
0000001100111111
0000001100000010
0000001011000101
0000001010000111
0000001001001010
0000001000001101
0000000111001111
0000000110010010
0000000101010101
0000000100011000
0000000011011010
0000000010011101
0000000001011111
0000000000100010
1111111111100101
1111111110100111
1111111101101010
1111111100101101
1111111011101111
1111111010110010
1111111001110101
1111111000110111
1111110111111010
1111110110111101
1111110101111111
1111110101000010
1111110100000101
1111110011001000
1111110010001010
1111110001001101
1111110000010000
1111101111010011
1111101110010110
1111101101011001
1111101100011100
1111101011011111
1111101010100010
1111101001100101
1111101000101000
1111100111101011
1111100110101110
1111100101110001
1111100100110100
1111100011111000
1111100010111011
1111100001111110
1111100001000010
1111100000000101
1111011111001001
1111011110001100
1111011101010000
1111011100010011
1111011011010111
1111011010011011
1111011001011111
1111011000100011
1111010111100110
1111010110101010
1111010101101111
1111010100110011
1111010011110111
1111010010111011
1111010001111111
1111010001000100
1111010000001000
1111001111001101
1111001110010001
1111001101010110
1111001100011011
1111001011100000
1111001010100101
1111001001101010
1111001000101111
1111000111110100
1111000110111001
1111000101111111
1111000101000100
1111000100001010
1111000011001111
1111000010010101
1111000001011011
1111000000100001
1110111111100111
1110111110101101
1110111101110011
1110111100111010
1110111100000000
1110111011000110
1110111010001101
1110111001010100
1110111000011011
1110110111100010
1110110110101001
1110110101110000
1110110100110111
1110110011111111
1110110011000110
1110110010001110
1110110001010110
1110110000011110
1110101111100110
1110101110101110
1110101101110110
1110101100111110
1110101100000111
1110101011010000
1110101010011000
1110101001100001
1110101000101010
1110100111110100
1110100110111101
1110100110000110
1110100101010000
1110100100011010
1110100011100100
1110100010101110
1110100001111000
1110100001000010
1110100000001100
1110011111010111
1110011110100010
1110011101101101
1110011100111000
1110011100000011
1110011011001110
1110011010011010
1110011001100110
1110011000110001
1110010111111101
1110010111001010
1110010110010110
1110010101100010
1110010100101111
1110010011111100
1110010011001001
1110010010010110
1110010001100011
1110010000110001
1110001111111110
1110001111001100
1110001110011010
1110001101101000
1110001100110111
1110001100000101
1110001011010100
1110001010100011
1110001001110010
1110001001000001
1110001000010001
1110000111100000
1110000110110000
1110000110000000
1110000101010000
1110000100100000
1110000011110001
1110000011000010
1110000010010011
1110000001100100
1110000000110101
1110000000000111
1101111111011000
1101111110101010
1101111101111100
1101111101001111
1101111100100001
1101111011110100
1101111011000111
1101111010011010
1101111001101101
1101111001000001
1101111000010101
1101110111101001
1101110110111101
1101110110010001
1101110101100110
1101110100111011
1101110100010000
1101110011100101
1101110010111010
1101110010010000
1101110001100110
1101110000111100
1101110000010010
1101101111101001
1101101111000000
1101101110010111
1101101101101110
1101101101000110
1101101100011101
1101101011110101
1101101011001101
1101101010100110
1101101001111110
1101101001010111
1101101000110000
1101101000001001
1101100111100011
1101100110111101
1101100110010111
1101100101110001
1101100101001011
1101100100100110
1101100100000001
1101100011011100
1101100010111000
1101100010010011
1101100001101111
1101100001001011
1101100000101000
1101100000000101
1101011111100001
1101011110111111
1101011110011100
1101011101111010
1101011101011000
1101011100110110
1101011100010100
1101011011110011
1101011011010010
1101011010110001
1101011010010000
1101011001110000
1101011001010000
1101011000110000
1101011000010000
1101010111110001
1101010111010010
1101010110110011
1101010110010101
1101010101110110
1101010101011001
1101010100111011
1101010100011101
1101010100000000
1101010011100011
1101010011000110
1101010010101010
1101010010001110
1101010001110010
1101010001010110
1101010000111011
1101010000100000
1101010000000101
1101001111101011
1101001111010001
1101001110110111
1101001110011101
1101001110000011
1101001101101010
1101001101010001
1101001100111001
1101001100100000
1101001100001000
1101001011110001
1101001011011001
1101001011000010
1101001010101011
1101001010010100
1101001001111110
1101001001101000
1101001001010010
1101001000111100
1101001000100111
1101001000010010
1101000111111110
1101000111101001
1101000111010101
1101000111000001
1101000110101110
1101000110011010
1101000110000111
1101000101110101
1101000101100010
1101000101010000
1101000100111110
1101000100101101
1101000100011100
1101000100001011
1101000011111010
1101000011101010
1101000011011001
1101000011001010
1101000010111010
1101000010101011
1101000010011100
1101000010001101
1101000001111111
1101000001110001
1101000001100011
1101000001010110
1101000001001001
1101000000111100
1101000000101111
1101000000100011
1101000000010111
1101000000001011
1101000000000000
1100111111110101
1100111111101010
1100111111011011
1100111111001101
1100111111000000
1100111110110011
1100111110100111
1100111110011011
1100111110010000
1100111110000101
1100111101111011
1100111101110010
1100111101101001
1100111101100001
1100111101011001
1100111101010010
1100111101001100
1100111101000110
1100111101000001
1100111100111100
1100111100111000
1100111100110101
1100111100110010
1100111100101111
1100111100101110
1100111100101101
1100111100101100
1100111100101100
1100111100101101
1100111100101110
1100111100110000
1100111100110010
1100111100110101
1100111100111001
1100111100111101
1100111101000010
1100111101000111
1100111101001101
1100111101010100
1100111101011011
1100111101100011
1100111101101011
1100111101110100
1100111101111101
1100111110000111
1100111110010010
1100111110011101
1100111110101001
1100111110110110
1100111111000011
1100111111010000
1100111111011110
1100111111101101
1100111111111100
1101000000001100
1101000000011101
1101000000101110
1101000000111111
1101000001010010
1101000001100100
1101000001111000
1101000010001100
1101000010100000
1101000010110101
1101000011001011
1101000011100001
1101000011111000
1101000100001111
1101000100100111
1101000101000000
1101000101011001
1101000101110011
1101000110001101
1101000110101000
1101000111000011
1101000111011111
1101000111111011
1101001000011000
1101001000110110
1101001001010100
1101001001110011
1101001010010010
1101001010110010
1101001011010010
1101001011110011
1101001100010100
1101001100110110
1101001101011001
1101001101111100
1101001110011111
1101001111000011
1101001111101000
1101010000001101
1101010000110011
1101010001011001
1101010010000000
1101010010100111
1101010011001111
1101010011110111
1101010100100000
1101010101001001
1101010101110011
1101010110011110
1101010111001000
1101010111110100
1101011000100000
1101011001001100
1101011001111001
1101011010100111
1101011011010101
1101011100000011
1101011100110010
1101011101100001
1101011110010001
1101011111000010
1101011111110011
1101100000100100
1101100001010110
1101100010001000
1101100010111011
1101100011101110
1101100100100010
1101100101010110
1101100110001011
1101100111000000
1101100111110110
1101101000101100
1101101001100010
1101101010011001
1101101011010001
1101101100001001
1101101101000001
1101101101111010
1101101110110011
1101101111101101
1101110000100111
1101110001100001
1101110010011100
1101110011011000
1101110100010100
1101110101010000
1101110110001100
1101110111001010
1101111000000111
1101111001000101
1101111010000011
1101111011000010
1101111100000001
1101111101000001
1101111110000001
1101111111000001
1110000000000010
1110000001000011
1110000010000100
1110000011000110
1110000100001000
1110000101001011
1110000110001110
1110000111010001
1110001000010101
1110001001011001
1110001010011101
1110001011100010
1110001100100111
1110001101101101
1110001110110011
1110001111111001
1110010000111111
1110010010000110
1110010011001101
1110010100010101
1110010101011101
1110010110100101
1110010111101101
1110011000110110
1110011001111111
1110011011001001
1110011100010010
1110011101011100
1110011110100111
1110011111110001
1110100000111100
1110100010000111
1110100011010011
1110100100011110
1110100101101010
1110100110110111
1110101000000011
1110101001010000
1110101010011101
1110101011101011
1110101100111000
1110101110000110
1110101111010100
1110110000100011
1110110001110001
1110110011000000
1110110100001111
1110110101011110
1110110110101110
1110110111111110
1110111001001110
1110111010011110
1110111011101110
1110111100111111
1110111110001111
1110111111100000
1111000000110010
1111000010000011
1111000011010101
1111000100100110
1111000101111000
1111000111001010
1111001000011101
1111001001101111
1111001011000010
1111001100010100
1111001101100111
1111001110111010
1111010000001110
1111010001100001
1111010010110100
1111010100001000
1111010101011100
1111010110110000
1111011000000100
1111011001011000
1111011010101100
1111011100000001
1111011101010101
1111011110101010
1111011111111110
1111100001010011
1111100010101000
1111100011111101
1111100101010010
1111100110100111
1111100111111100
1111101001010010
1111101010100111
1111101011111100
1111101101010010
1111101110100111
1111101111111101
1111110001010011
1111110010101000
1111110011111110
1111110101010100
1111110110101010
1111110111111111
1111111001010101
1111111010101011
1111111100000001
1111111101010111
1111111110101101
0000000000000011
0000000001011001
0000000010101111
0000000100000100
0000000101011010
0000000110110000
0000001000000110
0000001001011100
0000001010110010
0000001100000111
0000001101011101
0000001110110011
0000010000001000
0000010001011110
0000010010110100
0000010100001001
0000010101011110
0000010110110100
0000011000001001
0000011001011110
0000011010110011
0000011100001000
0000011101011101
0000011110110010
0000100000000111
0000100001011100
0000100010110000
0000100100000101
0000100101011001
0000100110101101
0000101000000010
0000101001010110
0000101010101001
0000101011111101
0000101101010001
0000101110100100
0000101111111000
0000110001001011
0000110010011110
0000110011110001
0000110101000100
0000110110010110
0000110111101001
0000111000111011
0000111010001101
0000111011011111
0000111100110001
0000111110000010
0000111111010100
0001000000100101
0001000001110110
0001000011000110
0001000100010111
0001000101100111
0001000110111000
0001001000000111
0001001001010111
0001001010100111
0001001011110110
0001001101000101
0001001110010100
0001001111100010
0001010000110001
0001010001111111
0001010011001101
0001010100011010
0001010101101000
0001010110110101
0001011000000010
0001011001001110
0001011010011010
0001011011100110
0001011100110010
0001011101111110
0001011111001001
0001100000010100
0001100001011110
0001100010101000
0001100011110010
0001100100111100
0001100110000110
0001100111001111
0001101000010111
0001101001100000
0001101010101000
0001101011110000
0001101100110111
0001101101111110
0001101111000101
0001110000001100
0001110001010010
0001110010011000
0001110011011101
0001110100100010
0001110101100111
0001110110101011
0001110111101111
0001111000110011
0001111001110110
0001111010111001
0001111011111100
0001111100111110
0001111110000000
0001111111000010
0010000000000011
0010000001000011
0010000010000100
0010000011000011
0010000100000011
0010000101000010
0010000110000001
0010000110111111
0010000111111101
0010001000111010
0010001001110111
0010001010110100
0010001011110000
0010001100101100
0010001101100111
0010001110100010
0010001111011101
0010010000010111
0010010001010001
0010010010001010
0010010011000011
0010010011111011
0010010100110011
0010010101101010
0010010110100001
0010010111011000
0010011000001110
0010011001000011
0010011001111000
0010011010101101
0010011011100001
0010011100010101
0010011101001000
0010011101111011
0010011110101101
0010011111011111
0010100000010001
0010100001000001
0010100001110010
0010100010100010
0010100011010001
0010100100000000
0010100100101110
0010100101011100
0010100110001010
0010100110110111
0010100111100011
0010101000001111
0010101000111010
0010101001100101
0010101010010000
0010101010111001
0010101011100011
0010101100001100
0010101100110100
0010101101011100
0010101110000011
0010101110101010
0010101111010000
0010101111110101
0010110000011011
0010110000111111
0010110001100011
0010110010000111
0010110010101010
0010110011001100
0010110011101110
0010110100001111
0010110100110000
0010110101010000
0010110101110000
0010110110001111
0010110110101110
0010110111001100
0010110111101010
0010111000000111
0010111000100011
0010111000111111
0010111001011010
0010111001110101
0010111010001111
0010111010101001
0010111011000010
0010111011011010
0010111011110010
0010111100001001
0010111100100000
0010111100110110
0010111101001100
0010111101100001
0010111101110110
0010111110001001
0010111110011101
0010111110110000
0010111111000010
0010111111010011
0010111111100100
0010111111110101
0011000000000101
0011000000010100
0011000000100011
0011000000110001
0011000000111110
0011000001001011
0011000001011000
0011000001100011
0011000001101111
0011000001111001
0011000010000011
0011000010001101
0011000010010110
0011000010011110
0011000010100110
0011000010101101
0011000010110011
0011000010111001
0011000010111110
0011000011000011
0011000011000111
0011000011001011
0011000011001110
0011000011010000
0011000011010010
0011000011010011
0011000011010100
0011000011010100
0011000011010011
0011000011010010
0011000011010000
0011000011001110
0011000011001011
0011000011001000
0011000011000100
0011000010111111
0011000010111010
0011000010110100
0011000010101101
0011000010100110
0011000010011111
0011000010010110
0011000010001110
0011000010000100
0011000001111010
0011000001110000
0011000001100100
0011000001011001
0011000001001100
0011000000111111
0011000000110010
0011000000100100
0011000000010101
0011000000000110
0010111111110110
0010111111100110
0010111111010101
0010111111000011
0010111110110001
0010111110011110
0010111110001011
0010111101110111
0010111101100011
0010111101001110
0010111100111000
0010111100100010
0010111100001011
0010111011110100
0010111011011100
0010111011000100
0010111010101011
0010111010010001
0010111001110111
0010111001011100
0010111001000001
0010111000100101
0010111000001001
0010110111101100
0010110111001110
0010110110110000
0010110110010010
0010110101110011
0010110101010011
0010110100110011
0010110100010010
0010110011110001
0010110011001111
0010110010101100
0010110010001010
0010110001100110
0010110001000010
0010110000011101
0010101111111000
0010101111010011
0010101110101101
0010101110000110
0010101101011111
0010101100110111
0010101100001111
0010101011100110
0010101010111101
0010101010010011
0010101001101001
0010101000111110
0010101000010010
0010100111100111
0010100110111010
0010100110001101
0010100101100000
0010100100110010
0010100100000100
0010100011010101
0010100010100101
0010100001110110
0010100001000101
0010100000010100
0010011111100011
0010011110110001
0010011101111111
0010011101001100
0010011100011001
0010011011100101
0010011010110001
0010011001111101
0010011001001000
0010011000010010
0010010111011100
0010010110100101
0010010101101111
0010010100110111
0010010011111111
0010010011000111
0010010010001110
0010010001010101
0010010000011100
0010001111100010
0010001110100111
0010001101101100
0010001100110001
0010001011110101
0010001010111001
0010001001111100
0010001000111111
0010001000000010
0010000111000100
0010000110000110
0010000101000111
0010000100001000
0010000011001000
0010000010001001
0010000001001000
0010000000001000
0001111111000111
0001111110000101
0001111101000011
0001111100000001
0001111010111111
0001111001111100
0001111000111001
0001110111110101
0001110110110001
0001110101101100
0001110100101000
0001110011100011
0001110010011101
0001110001010111
0001110000010001
0001101111001011
0001101110000100
0001101100111101
0001101011110101
0001101010101110
0001101001100110
0001101000011101
0001100111010100
0001100110001011
0001100101000010
0001100011111000
0001100010101110
0001100001100100
0001100000011010
0001011111001111
0001011110000100
0001011100111000
0001011011101100
0001011010100000
0001011001010100
0001011000001000
0001010110111011
0001010101101110
0001010100100000
0001010011010011
0001010010000101
0001010000110111
0001001111101001
0001001110011010
0001001101001011
0001001011111100
0001001010101101
0001001001011110
0001001000001110
0001000110111110
0001000101101110
0001000100011101
0001000011001101
0001000001111100
0001000000101011
0000111111011010
0000111110001001
0000111100110111
0000111011100101
0000111010010100
0000111001000001
0000110111101111
0000110110011101
0000110101001010
0000110011110111
0000110010100101
0000110001010010
0000101111111110
0000101110101011
0000101101010111
0000101100000100
0000101010110000
0000101001011100
0000101000001000
0000100110110100
0000100101100000
0000100100001011
0000100010110111
0000100001100010
0000100000001110
0000011110111001
0000011101100100
0000011100001111
0000011010111010
0000011001100101
0000011000010000
0000010110111011
0000010101100101
0000010100010000
0000010010111010
0000010001100101
0000010000001111
0000001110111010
0000001101100100
0000001100001110
0000001010111000
0000001001100011
0000001000001101
0000000110110111
0000000101100001
0000000100001011
0000000010110101
0000000001011111
0000000000001010
1111111110110100
1111111101011110
1111111100001000
1111111010110010
1111111001011100
1111111000000110
1111110110110000
1111110101011011
1111110100000101
1111110010101111
1111110001011001
1111110000000100
1111101110101110
1111101101011001
1111101100000011
1111101010101110
1111101001011000
1111101000000011
1111100110101110
1111100101011001
1111100100000100
1111100010101111
1111100001011010
1111100000000101
1111011110110000
1111011101011100
1111011100000111
1111011010110011
1111011001011111
1111011000001010
1111010110110110
1111010101100011
1111010100001111
1111010010111011
1111010001101000
1111010000010100
1111001111000001
1111001101101110
1111001100011011
1111001011001000
1111001001110110
1111001000100011
1111000111010001
1111000101111111
1111000100101101
1111000011011011
1111000010001001
1111000000111000
1110111111100111
1110111110010110
1110111101000101
1110111011110100
1110111010100100
1110111001010100
1110111000000100
1110110110110100
1110110101100101
1110110100010101
1110110011000110
1110110001110111
1110110000101001
1110101111011010
1110101110001100
1110101100111110
1110101011110001
1110101010100011
1110101001010110
1110101000001001
1110100110111101
1110100101110001
1110100100100100
1110100011011001
1110100010001101
1110100001000010
1110011111110111
1110011110101100
1110011101100010
1110011100011000
1110011011001110
1110011010000101
1110011000111100
1110010111110011
1110010110101010
1110010101100010
1110010100011010
1110010011010011
1110010010001100
1110010001000101
1110001111111110
1110001110111000
1110001101110010
1110001100101101
1110001011101000
1110001010100011
1110001001011110
1110001000011010
1110000111010110
1110000110010011
1110000101010000
1110000100001101
1110000011001011
1110000010001001
1110000001001000
1110000000000111
1101111111000110
1101111110000110
1101111101000110
1101111100000110
1101111011000111
1101111010001000
1101111001001010
1101111000001100
1101110111001110
1101110110010001
1101110101010101
1101110100011000
1101110011011100
1101110010100001
1101110001100110
1101110000101011
1101101111110001
1101101110111000
1101101101111110
1101101101000110
1101101100001101
1101101011010101
1101101010011110
1101101001100111
1101101000110000
1101100111111010
1101100111000100
1101100110001111
1101100101011010
1101100100100110
1101100011110010
1101100010111111
1101100010001100
1101100001011010
1101100000101000
1101011111110110
1101011111000110
1101011110010101
1101011101100101
1101011100110110
1101011100000111
1101011011011000
1101011010101010
1101011001111101
1101011001010000
1101011000100011
1101010111110111
1101010111001100
1101010110100001
1101010101110110
1101010101001101
1101010100100011
1101010011111010
1101010011010010
1101010010101010
1101010010000011
1101010001011100
1101010000110110
1101010000010000
1101001111101011
1101001111000110
1101001110100010
1101001101111110
1101001101011011
1101001100111001
1101001100010111
1101001011110101
1101001011010100
1101001010110100
1101001010010100
1101001001110101
1101001001010110
1101001000111000
1101001000011011
1101000111111110
1101000111100001
1101000111000101
1101000110101010
1101000110001111
1101000101110101
1101000101011011
1101000101000010
1101000100101001
1101000100010001
1101000011111010
1101000011100011
1101000011001101
1101000010110111
1101000010100010
1101000010001101
1101000001111001
1101000001100110
1101000001010011
1101000001000001
1101000000101111
1101000000011110
1101000000001110
1100111111111110
1100111111101110
1100111111011111
1100111111010001
1100111111000100
1100111110110111
1100111110101010
1100111110011110
1100111110010011
1100111110001000
1100111101111110
1100111101110101
1100111101101100
1100111101100011
1100111101011011
1100111101010100
1100111101001110
1100111101001000
1100111101000010
1100111100111101
1100111100111001
1100111100110110
1100111100110010
1100111100110000
1100111100101110
1100111100101101
1100111100101100
1100111100101100
1100111100101101
1100111100101110
1100111100101111
1100111100110010
1100111100110100
1100111100111000
1100111100111100
1100111101000000
1100111101000110
1100111101001011
1100111101010010
1100111101011001
1100111101100000
1100111101101000
1100111101110001
1100111101111011
1100111110000100
1100111110001111
1100111110011010
1100111110100110
1100111110110010
1100111110111111
1100111111001100
1100111111011010
1100111111101001
1100111111111000
1101000000001000
1101000000011000
1101000000101001
1101000000111010
1101000001001100
1101000001011111
1101000001110010
1101000010000110
1101000010011010
1101000010101111
1101000011000101
1101000011011011
1101000011110010
1101000100001001
1101000100100001
1101000100111001
1101000101010010
1101000101101011
1101000110000101
1101000110100000
1101000110111011
1101000111010111
1101000111110011
1101001000010000
1101001000101101
1101001001001011
1101001001101010
1101001010001001
1101001010101000
1101001011001001
1101001011101001
1101001100001010
1101001100101100
1101001101001111
1101001101110001
1101001110010101
1101001110111001
1101001111011101
1101010000000010
1101010000101000
1101010001001110
1101010001110101
1101010010011100
1101010011000011
1101010011101011
1101010100010100
1101010100111101
1101010101100111
1101010110010001
1101010110111100
1101010111100111
1101011000010011
1101011000111111
1101011001101100
1101011010011010
1101011011000111
1101011011110110
1101011100100100
1101011101010100
1101011110000100
1101011110110100
1101011111100101
1101100000010110
1101100001000111
1101100001111010
1101100010101100
1101100011100000
1101100100010011
1101100101000111
1101100101111100
1101100110110001
1101100111100110
1101101000011100
1101101001010011
1101101010001010
1101101011000001
1101101011111001
1101101100110001
1101101101101010
1101101110100011
1101101111011100
1101110000010110
1101110001010001
1101110010001011
1101110011000111
1101110100000010
1101110100111111
1101110101111011
1101110110111000
1101110111110101
1101111000110011
1101111001110001
1101111010110000
1101111011101111
1101111100101110
1101111101101110
1101111110101110
1101111111101111
1110000000110000
1110000001110001
1110000010110011
1110000011110101
1110000100111000
1110000101111011
1110000110111110
1110001000000001
1110001001000101
1110001010001010
1110001011001110
1110001100010011
1110001101011001
1110001110011111
1110001111100101
1110010000101011
1110010001110010
1110010010111001
1110010100000000
1110010101001000
1110010110010000
1110010111011000
1110011000100001
1110011001101010
1110011010110011
1110011011111101
1110011101000111
1110011110010001
1110011111011100
1110100000100111
1110100001110010
1110100010111101
1110100100001001
1110100101010101
1110100110100001
1110100111101101
1110101000111010
1110101010000111
1110101011010100
1110101100100010
1110101101110000
1110101110111110
1110110000001100
1110110001011011
1110110010101001
1110110011111000
1110110101001000
1110110110010111
1110110111100111
1110111000110111
1110111010000111
1110111011010111
1110111100101000
1110111101111000
1110111111001001
1111000000011010
1111000001101100
1111000010111101
1111000100001111
1111000101100001
1111000110110011
1111001000000101
1111001001010111
1111001010101010
1111001011111101
1111001101010000
1111001110100011
1111001111110110
1111010001001001
1111010010011101
1111010011110000
1111010101000100
1111010110011000
1111010111101100
1111011001000000
1111011010010100
1111011011101000
1111011100111101
1111011110010001
1111011111100110
1111100000111011
1111100010010000
1111100011100101
1111100100111010
1111100110001111
1111100111100100
1111101000111001
1111101010001111
1111101011100100
1111101100111001
1111101110001111
1111101111100101
1111110000111010
1111110010010000
1111110011100110
1111110100111011
1111110110010001
1111110111100111
1111111000111101
1111111010010011
1111111011101000
1111111100111110
1111111110010100
1111111111101010
0000000001000000
0000000010010110
0000000011101100
0000000101000010
0000000110011000
0000000111101101
0000001001000011
0000001010011001
0000001011101111
0000001101000101
0000001110011010
0000001111110000
0000010001000110
0000010010011011
0000010011110001
0000010101000110
0000010110011011
0000010111110001
0000011001000110
0000011010011011
0000011011110000
0000011101000101
0000011110011010
0000011111101111
0000100001000100
0000100010011000
0000100011101101
0000100101000001
0000100110010101
0000100111101010
0000101000111110
0000101010010001
0000101011100101
0000101100111001
0000101110001101
0000101111100000
0000110000110011
0000110010000110
0000110011011001
0000110100101100
0000110101111111
0000110111010001
0000111000100011
0000111001110110
0000111011001000
0000111100011001
0000111101101011
0000111110111100
0001000000001110
0001000001011111
0001000010101111
0001000100000000
0001000101010000
0001000110100001
0001000111110001
0001001001000000
0001001010010000
0001001011011111
0001001100101110
0001001101111101
0001001111001100
0001010000011010
0001010001101001
0001010010110110
0001010100000100
0001010101010010
0001010110011111
0001010111101100
0001011000111000
0001011010000101
0001011011010001
0001011100011100
0001011101101000
0001011110110011
0001011111111110
0001100001001001
0001100010010011
0001100011011101
0001100100100111
0001100101110001
0001100110111010
0001101000000011
0001101001001011
0001101010010011
0001101011011011
0001101100100011
0001101101101010
0001101110110001
0001101111111000
0001110000111110
0001110010000100
0001110011001001
0001110100001111
0001110101010011
0001110110011000
0001110111011100
0001111000100000
0001111001100011
0001111010100110
0001111011101001
0001111100101011
0001111101101101
0001111110101111
0001111111110000
0010000000110001
0010000001110001
0010000010110001
0010000011110001
0010000100110000
0010000101101111
0010000110101101
0010000111101011
0010001000101001
0010001001100110
0010001010100011
0010001011011111
0010001100011011
0010001101010111
0010001110010010
0010001111001100
0010010000000110
0010010001000000
0010010001111010
0010010010110010
0010010011101011
0010010100100011
0010010101011010
0010010110010001
0010010111001000
0010010111111110
0010011000110100
0010011001101001
0010011010011110
0010011011010010
0010011100000110
0010011100111010
0010011101101101
0010011110011111
0010011111010001
0010100000000011
0010100000110100
0010100001100100
0010100010010100
0010100011000100
0010100011110011
0010100100100001
0010100101001111
0010100101111101
0010100110101010
0010100111010110
0010101000000010
0010101000101110
0010101001011001
0010101010000011
0010101010101101
0010101011010111
0010101100000000
0010101100101000
0010101101010000
0010101101111000
0010101110011111
0010101111000101
0010101111101011
0010110000010000
0010110000110101
0010110001011001
0010110001111101
0010110010100000
0010110011000010
0010110011100100
0010110100000110
0010110100100111
0010110101000111
0010110101100111
0010110110000111
0010110110100101
0010110111000100
0010110111100001
0010110111111110
0010111000011011
0010111000110111
0010111001010010
0010111001101101
0010111010001000
0010111010100001
0010111010111011
0010111011010011
0010111011101011
0010111100000011
0010111100011010
0010111100110000
0010111101000110
0010111101011011
0010111101110000
0010111110000100
0010111110010111
0010111110101010
0010111110111101
0010111111001110
0010111111100000
0010111111110000
0011000000000000
0011000000010000
0011000000011111
0011000000101101
0011000000111011
0011000001001000
0011000001010100
0011000001100000
0011000001101100
0011000001110110
0011000010000001
0011000010001010
0011000010010011
0011000010011100
0011000010100011
0011000010101011
0011000010110001
0011000010111000
0011000010111101
0011000011000010
0011000011000110
0011000011001010
0011000011001101
0011000011010000
0011000011010010
0011000011010011
0011000011010100
0011000011010100
0011000011010100
0011000011010011
0011000011010001
0011000011001111
0011000011001100
0011000011001001
0011000011000101
0011000011000000
0011000010111011
0011000010110101
0011000010101111
0011000010101000
0011000010100001
0011000010011001
0011000010010000
0011000010000111
0011000001111101
0011000001110011
0011000001101000
0011000001011100
0011000001010000
0011000001000011
0011000000110110
0011000000101000
0011000000011001
0011000000001010
0010111111111011
0010111111101010
0010111111011010
0010111111001000
0010111110110110
0010111110100100
0010111110010001
0010111101111101
0010111101101001
0010111101010100
0010111100111110
0010111100101000
0010111100010010
0010111011111011
0010111011100011
0010111011001011
0010111010110010
0010111010011000
0010111001111110
0010111001100100
0010111001001001
0010111000101101
0010111000010001
0010110111110100
0010110111010111
0010110110111001
0010110110011011
0010110101111100
0010110101011100
0010110100111100
0010110100011011
0010110011111010
0010110011011001
0010110010110110
0010110010010100
0010110001110000
0010110001001100
0010110000101000
0010110000000011
0010101111011110
0010101110111000
0010101110010001
0010101101101010
0010101101000010
0010101100011010
0010101011110010
0010101011001001
0010101010011111
0010101001110101
0010101001001010
0010101000011111
0010100111110011
0010100111000111
0010100110011010
0010100101101101
0010100100111111
0010100100010001
0010100011100010
0010100010110011
0010100010000011
0010100001010011
0010100000100010
0010011111110001
0010011111000000
0010011110001110
0010011101011011
0010011100101000
0010011011110100
0010011011000000
0010011010001100
0010011001010111
0010011000100001
0010010111101011
0010010110110101
0010010101111110
0010010101000111
0010010100001111
0010010011010111
0010010010011111
0010010001100110
0010010000101100
0010001111110010
0010001110111000
0010001101111101
0010001101000010
0010001100000110
0010001011001010
0010001010001110
0010001001010001
0010001000010011
0010000111010110
0010000110010111
0010000101011001
0010000100011010
0010000011011011
0010000010011011
0010000001011011
0010000000011010
0001111111011001
0001111110011000
0001111101010110
0001111100010100
0001111011010010
0001111010001111
0001111001001100
0001111000001000
0001110111000100
0001110110000000
0001110100111011
0001110011110110
0001110010110001
0001110001101011
0001110000100101
0001101111011111
0001101110011000
0001101101010001
0001101100001010
0001101011000010
0001101001111010
0001101000110010
0001100111101001
0001100110100000
0001100101010111
0001100100001101
0001100011000100
0001100001111001
0001100000101111
0001011111100100
0001011110011001
0001011101001110
0001011100000010
0001011010110110
0001011001101010
0001011000011110
0001010111010001
0001010110000100
0001010100110111
0001010011101001
0001010010011011
0001010001001101
0001001111111111
0001001110110001
0001001101100010
0001001100010011
0001001011000100
0001001001110100
0001001000100101
0001000111010101
0001000110000101
0001000100110100
0001000011100100
0001000010010011
0001000001000010
0000111111110001
0000111110100000
0000111101001110
0000111011111101
0000111010101011
0000111001011001
0000111000000111
0000110110110100
0000110101100010
0000110100001111
0000110010111100
0000110001101001
0000110000010110
0000101111000011
0000101101101111
0000101100011100
0000101011001000
0000101001110100
0000101000100000
0000100111001100
0000100101111000
0000100100100100
0000100011001111
0000100001111011
0000100000100110
0000011111010001
0000011101111100
0000011100100111
0000011011010010
0000011001111101
0000011000101000
0000010111010011
0000010101111110
0000010100101000
0000010011010011
0000010001111101
0000010000101000
0000001111010010
0000001101111100
0000001100100111
0000001011010001
0000001001111011
0000001000100101
0000000111001111
0000000101111010
0000000100100100
0000000011001110
0000000001111000
0000000000100010
1111111111001100
1111111101110110
1111111100100000
1111111011001011
1111111001110101
1111111000011111
1111110111001001
1111110101110011
1111110100011101
1111110011001000
1111110001110010
1111110000011100
1111101111000111
1111101101110001
1111101100011100
1111101011000110
1111101001110001
1111101000011100
1111100111000110
1111100101110001
1111100100011100
1111100011000111
1111100001110010
1111100000011101
1111011111001001
1111011101110100
1111011100011111
1111011011001011
1111011001110111
1111011000100011
1111010111001110
1111010101111010
1111010100100111
1111010011010011
1111010001111111
1111010000101100
1111001111011001
1111001110000110
1111001100110011
1111001011100000
1111001010001101
1111001000111011
1111000111101000
1111000110010110
1111000101000100
1111000011110010
1111000010100001
1111000001001111
1110111111111110
1110111110101101
1110111101011100
1110111100001011
1110111010111011
1110111001101011
1110111000011011
1110110111001011
1110110101111011
1110110100101100
1110110011011101
1110110010001110
1110110000111111
1110101111110001
1110101110100011
1110101101010101
1110101100000111
1110101010111001
1110101001101100
1110101000011111
1110100111010011
1110100110000110
1110100100111010
1110100011101110
1110100010100011
1110100001010111
1110100000001100
1110011111000010
1110011101110111
1110011100101101
1110011011100011
1110011010011010
1110011001010001
1110011000001000
1110010110111111
1110010101110111
1110010100101111
1110010011100111
1110010010100000
1110010001011001
1110010000010010
1110001111001100
1110001110000110
1110001101000001
1110001011111011
1110001010110110
1110001001110010
1110001000101110
1110000111101010
1110000110100110
1110000101100011
1110000100100000
1110000011011110
1110000010011100
1110000001011011
1110000000011001
1101111111011000
1101111110011000
1101111101011000
1101111100011000
1101111011011001
1101111010011010
1101111001011100
1101111000011110
1101110111100000
1101110110100011
1101110101100110
1101110100101010
1101110011101110
1101110010110010
1101110001110111
1101110000111100
1101110000000010
1101101111001000
1101101110001111
1101101101010110
1101101100011101
1101101011100101
1101101010101110
1101101001110110
1101101001000000
1101101000001001
1101100111010100
1101100110011110
1101100101101001
1101100100110101
1101100100000001
1101100011001110
1101100010011011
1101100001101000
1101100000110110
1101100000000101
1101011111010011
1101011110100011
1101011101110011
1101011101000011
1101011100010100
1101011011100101
1101011010110111
1101011010001010
1101011001011101
1101011000110000
1101011000000100
1101010111011000
1101010110101101
1101010110000011
1101010101011001
1101010100101111
1101010100000110
1101010011011101
1101010010110101
1101010010001110
1101010001100111
1101010001000001
1101010000011011
1101001111110101
1101001111010001
1101001110101100
1101001110001000
1101001101100101
1101001101000011
1101001100100000
1101001011111111
1101001011011110
1101001010111101
1101001010011101
1101001001111110
1101001001011111
1101001001000001
1101001000100011
1101001000000110
1101000111101001
1101000111001101
1101000110110010
1101000110010111
1101000101111100
1101000101100010
1101000101001001
1101000100110000
1101000100011000
1101000100000001
1101000011101010
1101000011010011
1101000010111101
1101000010101000
1101000010010011
1101000001111111
1101000001101011
1101000001011000
1101000001000110
1101000000110100
1101000000100011
1101000000010010
1101000000000010
1100111111110011
1100111111100100
1100111111010101
1100111111000111
1100111110111010
1100111110101110
1100111110100010
1100111110010110
1100111110001011
1100111110000001
1100111101110111
1100111101101110
1100111101100110
1100111101011110
1100111101010110
1100111101001111
1100111101001001
1100111101000100
1100111100111111
1100111100111010
1100111100110111
1100111100110011
1100111100110001
1100111100101111
1100111100101101
1100111100101100
1100111100101100
1100111100101100
1100111100101101
1100111100101111
1100111100110001
1100111100110011
1100111100110111
1100111100111011
1100111100111111
1100111101000100
1100111101001010
1100111101010000
1100111101010111
1100111101011110
1100111101100110
1100111101101111
1100111101111000
1100111110000010
1100111110001100
1100111110010111
1100111110100010
1100111110101110
1100111110111011
1100111111001000
1100111111010110
1100111111100100
1100111111110011
1101000000000011
1101000000010011
1101000000100100
1101000000110101
1101000001000111
1101000001011010
1101000001101101
1101000010000000
1101000010010100
1101000010101001
1101000010111111
1101000011010101
1101000011101011
1101000100000010
1101000100011010
1101000100110010
1101000101001011
1101000101100100
1101000101111110
1101000110011000
1101000110110011
1101000111001111
1101000111101011
1101001000001000
1101001000100101
1101001001000011
1101001001100001
1101001010000000
1101001010011111
1101001010111111
1101001011100000
1101001100000001
1101001100100011
1101001101000101
1101001101100111
1101001110001011
1101001110101110
1101001111010011
1101001111111000
1101010000011101
1101010001000011
1101010001101001
1101010010010000
1101010010111000
1101010011100000
1101010100001001
1101010100110010
1101010101011011
1101010110000101
1101010110110000
1101010111011011
1101011000000111
1101011000110011
1101011001011111
1101011010001101
1101011010111010
1101011011101000
1101011100010111
1101011101000110
1101011101110110
1101011110100110
1101011111010111
1101100000001000
1101100000111001
1101100001101011
1101100010011110
1101100011010001
1101100100000100
1101100100111000
1101100101101101
1101100110100010
1101100111010111
1101101000001101
1101101001000011
1101101001111010
1101101010110001
1101101011101001
1101101100100001
1101101101011001
1101101110010010
1101101111001100
1101110000000110
1101110001000000
1101110001111011
1101110010110110
1101110011110001
1101110100101101
1101110101101010
1101110110100111
1101110111100100
1101111000100010
1101111001100000
1101111010011110
1101111011011101
1101111100011100
1101111101011100
1101111110011100
1101111111011101
1110000000011101
1110000001011111
1110000010100000
1110000011100010
1110000100100101
1110000101100111
1110000110101011
1110000111101110
1110001000110010
1110001001110110
1110001010111011
1110001100000000
1110001101000101
1110001110001011
1110001111010001
1110010000010111
1110010001011110
1110010010100101
1110010011101100
1110010100110011
1110010101111011
1110010111000100
1110011000001100
1110011001010101
1110011010011111
1110011011101000
1110011100110010
1110011101111100
1110011111000110
1110100000010001
1110100001011100
1110100010101000
1110100011110011
1110100100111111
1110100110001011
1110100111011000
1110101000100100
1110101001110001
1110101010111110
1110101100001100
1110101101011010
1110101110101000
1110101111110110
1110110001000100
1110110010010011
1110110011100010
1110110100110001
1110110110000000
1110110111010000
1110111000100000
1110111001110000
1110111011000000
1110111100010001
1110111101100001
1110111110110010
1111000000000011
1111000001010100
1111000010100110
1111000011111000
1111000101001001
1111000110011011
1111000111101110
1111001001000000
1111001010010010
1111001011100101
1111001100111000
1111001110001011
1111001111011110
1111010000110001
1111010010000101
1111010011011000
1111010100101100
1111010110000000
1111010111010100
1111011000101000
1111011001111100
1111011011010000
1111011100100101
1111011101111001
1111011111001110
1111100000100011
1111100001111000
1111100011001100
1111100100100001
1111100101110111
1111100111001100
1111101000100001
1111101001110110
1111101011001100
1111101100100001
1111101101110111
1111101111001100
1111110000100010
1111110001110111
1111110011001101
1111110100100011
1111110101111001
1111110111001110
1111111000100100
1111111001111010
1111111011010000
1111111100100110
1111111101111100
1111111111010010
0000000000101000
0000000001111101
0000000011010011
0000000100101001
0000000101111111
0000000111010101
0000001000101011
0000001010000001
0000001011010110
0000001100101100
0000001110000010
0000001111010111
0000010000101101
0000010010000011
0000010011011000
0000010100101110
0000010110000011
0000010111011000
0000011000101110
0000011010000011
0000011011011000
0000011100101101
0000011110000010
0000011111010111
0000100000101011
0000100010000000
0000100011010101
0000100100101001
0000100101111101
0000100111010001
0000101000100110
0000101001111010
0000101011001101
0000101100100001
0000101101110101
0000101111001000
0000110000011011
0000110001101111
0000110011000010
0000110100010100
0000110101100111
0000110110111010
0000111000001100
0000111001011110
0000111010110000
0000111100000010
0000111101010100
0000111110100101
0000111111110110
0001000001000111
0001000010011000
0001000011101001
0001000100111010
0001000110001010
0001000111011010
0001001000101010
0001001001111001
0001001011001001
0001001100011000
0001001101100111
0001001110110110
0001010000000100
0001010001010010
0001010010100000
0001010011101110
0001010100111011
0001010110001001
0001010111010110
0001011000100010
0001011001101111
0001011010111011
0001011100000111
0001011101010010
0001011110011110
0001011111101001
0001100000110100
0001100001111110
0001100011001000
0001100100010010
0001100101011100
0001100110100101
0001100111101110
0001101000110110
0001101001111111
0001101011000111
0001101100001110
0001101101010110
0001101110011101
0001101111100100
0001110000101010
0001110001110000
0001110010110110
0001110011111011
0001110101000000
0001110110000100
0001110111001001
0001111000001101
0001111001010000
0001111010010011
0001111011010110
0001111100011000
0001111101011010
0001111110011100
0001111111011101
0010000000011110
0010000001011111
0010000010011111
0010000011011111
0010000100011110
0010000101011101
0010000110011011
0010000111011010
0010001000010111
0010001001010101
0010001010010001
0010001011001110
0010001100001010
0010001101000110
0010001110000001
0010001110111011
0010001111110110
0010010000110000
0010010001101001
0010010010100010
0010010011011011
0010010100010011
0010010101001011
0010010110000010
0010010110111001
0010010111101111
0010011000100101
0010011001011010
0010011010001111
0010011011000100
0010011011111000
0010011100101011
0010011101011110
0010011110010001
0010011111000011
0010011111110100
0010100000100110
0010100001010110
0010100010000110
0010100010110110
0010100011100101
0010100100010100
0010100101000010
0010100101110000
0010100110011101
0010100111001010
0010100111110110
0010101000100010
0010101001001101
0010101001110111
0010101010100010
0010101011001011
0010101011110100
0010101100011101
0010101101000101
0010101101101100
0010101110010011
0010101110111010
0010101111100000
0010110000000101
0010110000101010
0010110001001111
0010110001110010
0010110010010110
0010110010111001
0010110011011011
0010110011111100
0010110100011110
0010110100111110
0010110101011110
0010110101111110
0010110110011101
0010110110111011
0010110111011001
0010110111110110
0010111000010011
0010111000101111
0010111001001011
0010111001100110
0010111010000000
0010111010011010
0010111010110011
0010111011001100
0010111011100100
0010111011111100
0010111100010011
0010111100101010
0010111101000000
0010111101010101
0010111101101010
0010111101111110
0010111110010010
0010111110100101
0010111110110111
0010111111001001
0010111111011011
0010111111101011
0010111111111100
0011000000001011
0011000000011010
0011000000101001
0011000000110111
0011000001000100
0011000001010001
0011000001011101
0011000001101000
0011000001110011
0011000001111110
0011000010000111
0011000010010001
0011000010011001
0011000010100001
0011000010101001
0011000010110000
0011000010110110
0011000010111100
0011000011000001
0011000011000101
0011000011001001
0011000011001100
0011000011001111
0011000011010001
0011000011010011
0011000011010100
0011000011010100
0011000011010100
0011000011010011
0011000011010010
0011000011010000
0011000011001101
0011000011001010
0011000011000110
0011000011000010
0011000010111101
0011000010110111
0011000010110001
0011000010101010
0011000010100011
0011000010011011
0011000010010011
0011000010001010
0011000010000000
0011000001110110
0011000001101011
0011000001011111
0011000001010011
0011000001000111
0011000000111010
0011000000101100
0011000000011110
0011000000001111
0010111111111111
0010111111101111
0010111111011110
0010111111001101
0010111110111011
0010111110101001
0010111110010110
0010111110000011
0010111101101110
0010111101011010
0010111101000100
0010111100101111
0010111100011000
0010111100000001
0010111011101010
0010111011010010
0010111010111001
0010111010100000
0010111010000110
0010111001101100
0010111001010001
0010111000110101
0010111000011001
0010110111111101
0010110111011111
0010110111000010
0010110110100011
0010110110000101
0010110101100101
0010110101000101
0010110100100101
0010110100000100
0010110011100010
0010110011000000
0010110010011110
0010110001111010
0010110001010111
0010110000110010
0010110000001110
0010101111101000
0010101111000010
0010101110011100
0010101101110101
0010101101001110
0010101100100110
0010101011111101
0010101011010100
0010101010101011
0010101010000001
0010101001010110
0010101000101011
0010101000000000
0010100111010100
0010100110100111
0010100101111010
0010100101001100
0010100100011110
0010100011110000
0010100011000001
0010100010010001
0010100001100001
0010100000110000
0010011111111111
0010011111001110
0010011110011100
0010011101101001
0010011100110110
0010011100000011
0010011011001111
0010011010011011
0010011001100110
0010011000110001
0010010111111011
0010010111000101
0010010110001110
0010010101010111
0010010100011111
0010010011100111
0010010010101111
0010010001110110
0010010000111101
0010010000000011
0010001111001000
0010001110001110
0010001101010011
0010001100010111
0010001011011011
0010001010011111
0010001001100010
0010001000100101
0010000111100111
0010000110101001
0010000101101011
0010000100101100
0010000011101101
0010000010101101
0010000001101101
0010000000101101
0001111111101100
0001111110101011
0001111101101001
0001111100100111
0001111011100101
0001111010100010
0001111001011111
0001111000011100
0001110111011000
0001110110010100
0001110101001111
0001110100001010
0001110011000101
0001110001111111
0001110000111001
0001101111110011
0001101110101101
0001101101100110
0001101100011110
0001101011010111
0001101010001111
0001101001000111
0001100111111110
0001100110110101
0001100101101100
0001100100100010
0001100011011001
0001100010001111
0001100001000100
0001011111111001
0001011110101111
0001011101100011
0001011100011000
0001011011001100
0001011010000000
0001011000110011
0001010111100111
0001010110011010
0001010101001101
0001010011111111
0001010010110010
0001010001100100
0001010000010101
0001001111000111
0001001101111000
0001001100101001
0001001011011010
0001001010001011
0001001000111011
0001000111101100
0001000110011100
0001000101001011
0001000011111011
0001000010101010
0001000001011001
0001000000001000
0000111110110111
0000111101100110
0000111100010100
0000111011000010
0000111001110000
0000111000011110
0000110111001100
0000110101111001
0000110100100111
0000110011010100
0000110010000001
0000110000101110
0000101111011011
0000101110000111
0000101100110100
0000101011100000
0000101010001100
0000101000111000
0000100111100100
0000100110010000
0000100100111100
0000100011100111
0000100010010011
0000100000111110
0000011111101001
0000011110010101
0000011101000000
0000011011101011
0000011010010110
0000011001000000
0000010111101011
0000010110010110
0000010101000001
0000010011101011
0000010010010110
0000010001000000
0000001111101010
0000001110010101
0000001100111111
0000001011101001
0000001010010100
0000001000111110
0000000111101000
0000000110010010
0000000100111100
0000000011100110
0000000010010001
0000000000111011
1111111111100101
1111111110001111
1111111100111001
1111111011100011
1111111010001101
1111111000110111
1111110111100001
1111110110001100
1111110100110110
1111110011100000
1111110010001010
1111110000110101
1111101111011111
1111101110001010
1111101100110100
1111101011011111
1111101010001001
1111101000110100
1111100111011111
1111100110001001
1111100100110100
1111100011011111
1111100010001010
1111100000110110
1111011111100001
1111011110001100
1111011100111000
1111011011100011
1111011010001111
1111011000111011
1111010111100110
1111010110010010
1111010100111111
1111010011101011
1111010010010111
1111010001000100
1111001111110001
1111001110011101
1111001101001010
1111001011110111
1111001010100101
1111001001010010
1111001000000000
1111000110101110
1111000101011100
1111000100001010
1111000010111000
1111000001100111
1111000000010101
1110111111000100
1110111101110011
1110111100100010
1110111011010010
1110111010000010
1110111000110010
1110110111100010
1110110110010010
1110110101000011
1110110011110011
1110110010100100
1110110001010110
1110110000000111
1110101110111001
1110101101101011
1110101100011101
1110101011010000
1110101010000010
1110101000110101
1110100111101001
1110100110011100
1110100101010000
1110100100000100
1110100010111000
1110100001101101
1110100000100010
1110011111010111
1110011110001101
1110011101000010
1110011011111000
1110011010101111
1110011001100110
1110011000011101
1110010111010100
1110010110001100
1110010101000011
1110010011111100
1110010010110100
1110010001101101
1110010000100111
1110001111100000
1110001110011010
1110001101010100
1110001100001111
1110001011001010
1110001010000101
1110001001000001
1110000111111101
1110000110111010
1110000101110110
1110000100110011
1110000011110001
1110000010101111
1110000001101101
1110000000101100
1101111111101011
1101111110101010
1101111101101010
1101111100101010
1101111011101011
1101111010101100
1101111001101101
1101111000101111
1101110111110010
1101110110110100
1101110101110111
1101110100111011
1101110011111111
1101110011000011
1101110010001000
1101110001001101
1101110000010010
1101101111011001
1101101110011111
1101101101100110
1101101100101101
1101101011110101
1101101010111101
1101101010000110
1101101001001111
1101101000011001
1101100111100011
1101100110101101
1101100101111000
1101100101000100
1101100100010000
1101100011011100
1101100010101001
1101100001110110
1101100001000100
1101100000010011
1101011111100001
1101011110110001
1101011110000000
1101011101010001
1101011100100001
1101011011110011
1101011011000100
1101011010010111
1101011001101001
1101011000111101
1101011000010000
1101010111100101
1101010110111001
1101010110001111
1101010101100100
1101010100111011
1101010100010010
1101010011101001
1101010011000001
1101010010011001
1101010001110010
1101010001001011
1101010000100101
1101010000000000
1101001111011011
1101001110110111
1101001110010011
1101001101101111
1101001101001100
1101001100101010
1101001100001000
1101001011100111
1101001011000111
1101001010100110
1101001010000111
1101001001101000
1101001001001001
1101001000101011
1101001000001110
1101000111110001
1101000111010101
1101000110111001
1101000110011110
1101000110000100
1101000101101010
1101000101010000
1101000100110111
1101000100011111
1101000100000111
1101000011110000
1101000011011001
1101000011000011
1101000010101110
1101000010011001
1101000010000101
1101000001110001
1101000001011110
1101000001001011
1101000000111001
1101000000101000
1101000000010111
1101000000000111
1100111111110111
1100111111101000
1100111111011001
1100111111001011
1100111110111110
1100111110110001
1100111110100101
1100111110011001
1100111110001110
1100111110000100
1100111101111010
1100111101110001
1100111101101000
1100111101100000
1100111101011000
1100111101010001
1100111101001011
1100111101000101
1100111101000000
1100111100111100
1100111100111000
1100111100110100
1100111100110001
1100111100101111
1100111100101101
1100111100101100
1100111100101100
1100111100101100
1100111100101101
1100111100101110
1100111100110000
1100111100110011
1100111100110110
1100111100111001
1100111100111110
1100111101000011
1100111101001000
1100111101001110
1100111101010101
1100111101011100
1100111101100100
1100111101101100
1100111101110101
1100111101111111
1100111110001001
1100111110010100
1100111110011111
1100111110101011
1100111110110111
1100111111000100
1100111111010010
1100111111100000
1100111111101111
1100111111111111
1101000000001111
1101000000011111
1101000000110000
1101000001000010
1101000001010100
1101000001100111
1101000001111011
1101000010001111
1101000010100011
1101000010111000
1101000011001110
1101000011100101
1101000011111011
1101000100010011
1101000100101011
1101000101000011
1101000101011101
1101000101110110
1101000110010001
1101000110101011
1101000111000111
1101000111100011
1101000111111111
1101001000011100
1101001000111010
1101001001011000
1101001001110111
1101001010010110
1101001010110110
1101001011010111
1101001011110111
1101001100011001
1101001100111011
1101001101011101
1101001110000001
1101001110100100
1101001111001000
1101001111101101
1101010000010010
1101010000111000
1101010001011110
1101010010000101
1101010010101101
1101010011010100
1101010011111101
1101010100100110
1101010101001111
1101010101111001
1101010110100100
1101010111001111
1101010111111010
1101011000100110
1101011001010011
1101011010000000
1101011010101101
1101011011011011
1101011100001010
1101011100111001
1101011101101000
1101011110011000
1101011111001001
1101011111111010
1101100000101011
1101100001011101
1101100010001111
1101100011000010
1101100011110110
1101100100101001
1101100101011110
1101100110010010
1101100111001000
1101100111111101
1101101000110100
1101101001101010
1101101010100001
1101101011011001
1101101100010001
1101101101001001
1101101110000010
1101101110111011
1101101111110101
1101110000101111
1101110001101010
1101110010100101
1101110011100000
1101110100011100
1101110101011000
1101110110010101
1101110111010010
1101111000010000
1101111001001110
1101111010001100
1101111011001011
1101111100001010
1101111101001010
1101111110001010
1101111111001010
1110000000001011
1110000001001100
1110000010001101
1110000011001111
1110000100010010
1110000101010100
1110000110010111
1110000111011011
1110001000011111
1110001001100011
1110001010100111
1110001011101100
1110001100110001
1110001101110111
1110001110111101
1110010000000011
1110010001001001
1110010010010000
1110010011010111
1110010100011111
1110010101100111
1110010110101111
1110010111111000
1110011001000000
1110011010001010
1110011011010011
1110011100011101
1110011101100111
1110011110110001
1110011111111100
1110100001000111
1110100010010010
1110100011011101
1110100100101001
1110100101110101
1110100111000010
1110101000001110
1110101001011011
1110101010101000
1110101011110110
1110101101000011
1110101110010001
1110101111011111
1110110000101110
1110110001111100
1110110011001011
1110110100011010
1110110101101010
1110110110111001
1110111000001001
1110111001011001
1110111010101001
1110111011111010
1110111101001010
1110111110011011
1110111111101100
1111000000111101
1111000010001111
1111000011100000
1111000100110010
1111000110000100
1111000111010110
1111001000101000
1111001001111011
1111001011001101
1111001100100000
1111001101110011
1111001111000110
1111010000011001
1111010001101101
1111010011000000
1111010100010100
1111010101101000
1111010110111100
1111011000010000
1111011001100100
1111011010111000
1111011100001101
1111011101100001
1111011110110110
1111100000001010
1111100001011111
1111100010110100
1111100100001001
1111100101011110
1111100110110011
1111101000001001
1111101001011110
1111101010110011
1111101100001001
1111101101011110
1111101110110100
1111110000001001
1111110001011111
1111110010110101
1111110100001010
1111110101100000
1111110110110110
1111111000001100
1111111001100010
1111111010110111
1111111100001101
1111111101100011
1111111110111001
0000000000001111
0000000001100101
0000000010111011
0000000100010001
0000000101100111
0000000110111100
0000001000010010
0000001001101000
0000001010111110
0000001100010100
0000001101101001
0000001110111111
0000010000010101
0000010001101010
0000010011000000
0000010100010101
0000010101101011
0000010111000000
0000011000010101
0000011001101010
0000011011000000
0000011100010101
0000011101101001
0000011110111110
0000100000010011
0000100001101000
0000100010111100
0000100100010001
0000100101100101
0000100110111001
0000101000001110
0000101001100010
0000101010110101
0000101100001001
0000101101011101
0000101110110000
0000110000000100
0000110001010111
0000110010101010
0000110011111101
0000110101001111
0000110110100010
0000110111110100
0000111001000111
0000111010011001
0000111011101011
0000111100111100
0000111110001110
0000111111011111
0001000000110000
0001000010000001
0001000011010010
0001000100100011
0001000101110011
0001000111000011
0001001000010011
0001001001100011
0001001010110010
0001001100000001
0001001101010000
0001001110011111
0001001111101110
0001010000111100
0001010010001010
0001010011011000
0001010100100101
0001010101110011
0001010111000000
0001011000001100
0001011001011001
0001011010100101
0001011011110001
0001011100111101
0001011110001000
0001011111010011
0001100000011110
0001100001101001
0001100010110011
0001100011111101
0001100101000111
0001100110010000
0001100111011001
0001101000100010
0001101001101010
0001101010110010
0001101011111010
0001101101000001
0001101110001001
0001101111001111
0001110000010110
0001110001011100
0001110010100010
0001110011100111
0001110100101100
0001110101110001
0001110110110101
0001110111111001
0001111000111101
0001111010000000
0001111011000011
0001111100000110
0001111101001000
0001111110001001
0001111111001011
0010000000001100
0010000001001100
0010000010001101
0010000011001101
0010000100001100
0010000101001011
0010000110001010
0010000111001000
0010001000000110
0010001001000011
0010001010000000
0010001010111101
0010001011111001
0010001100110101
0010001101110000
0010001110101011
0010001111100101
0010010000011111
0010010001011001
0010010010010010
0010010011001011
0010010100000011
0010010100111011
0010010101110010
0010010110101001
0010010111011111
0010011000010101
0010011001001011
0010011010000000
0010011010110101
0010011011101001
0010011100011100
0010011101010000
0010011110000010
0010011110110101
0010011111100110
0010100000011000
0010100001001000
0010100001111001
0010100010101000
0010100011011000
0010100100000111
0010100100110101
0010100101100011
0010100110010000
0010100110111101
0010100111101001
0010101000010101
0010101001000000
0010101001101011
0010101010010110
0010101010111111
0010101011101001
0010101100010001
0010101100111010
0010101101100001
0010101110001000
0010101110101111
0010101111010101
0010101111111011
0010110000100000
0010110001000100
0010110001101000
0010110010001100
0010110010101111
0010110011010001
0010110011110011
0010110100010100
0010110100110101
0010110101010101
0010110101110101
0010110110010100
0010110110110010
0010110111010000
0010110111101110
0010111000001011
0010111000100111
0010111001000011
0010111001011110
0010111001111001
0010111010010011
0010111010101100
0010111011000101
0010111011011110
0010111011110101
0010111100001101
0010111100100011
0010111100111001
0010111101001111
0010111101100100
0010111101111000
0010111110001100
0010111110011111
0010111110110010
0010111111000100
0010111111010110
0010111111100111
0010111111110111
0011000000000111
0011000000010110
0011000000100101
0011000000110011
0011000001000000
0011000001001101
0011000001011001
0011000001100101
0011000001110000
0011000001111011
0011000010000101
0011000010001110
0011000010010111
0011000010011111
0011000010100111
0011000010101110
0011000010110100
0011000010111010
0011000010111111
0011000011000100
0011000011001000
0011000011001011
0011000011001110
0011000011010001
0011000011010010
0011000011010011
0011000011010100
0011000011010100
0011000011010011
0011000011010010
0011000011010000
0011000011001110
0011000011001011
0011000011000111
0011000011000011
0011000010111110
0011000010111001
0011000010110011
0011000010101100
0011000010100101
0011000010011101
0011000010010101
0011000010001100
0011000010000011
0011000001111001
0011000001101110
0011000001100011
0011000001010111
0011000001001010
0011000000111101
0011000000110000
0011000000100010
0011000000010011
0011000000000100
0010111111110100
0010111111100011
0010111111010010
0010111111000001
0010111110101110
0010111110011100
0010111110001000
0010111101110100
0010111101100000
0010111101001011
0010111100110101
0010111100011111
0010111100001000
0010111011110001
0010111011011001
0010111011000000
0010111010100111
0010111010001101
0010111001110011
0010111001011000
0010111000111101
0010111000100001
0010111000000101
0010110111101000
0010110111001010
0010110110101100
0010110110001101
0010110101101110
0010110101001110
0010110100101110
0010110100001101
0010110011101100
0010110011001010
0010110010100111
0010110010000100
0010110001100001
0010110000111101
0010110000011000
0010101111110011
0010101111001101
0010101110100111
0010101110000000
0010101101011001
0010101100110001
0010101100001001
0010101011100000
0010101010110111
0010101010001101
0010101001100010
0010101000111000
0010101000001100
0010100111100000
0010100110110100
0010100110000111
0010100101011001
0010100100101011
0010100011111101
0010100011001110
0010100010011111
0010100001101111
0010100000111110
0010100000001101
0010011111011100
0010011110101010
0010011101111000
0010011101000101
0010011100010010
0010011011011110
0010011010101010
0010011001110101
0010011001000000
0010011000001010
0010010111010100
0010010110011110
0010010101100111
0010010100101111
0010010011110111
0010010010111111
0010010010000110
0010010001001101
0010010000010011
0010001111011001
0010001110011111
0010001101100100
0010001100101000
0010001011101100
0010001010110000
0010001001110100
0010001000110110
0010000111111001
0010000110111011
0010000101111101
0010000100111110
0010000011111111
0010000010111111
0010000001111111
0010000000111111
0001111111111110
0001111110111101
0001111101111100
0001111100111010
0001111011111000
0001111010110101
0001111001110010
0001111000101111
0001110111101011
0001110110100111
0001110101100011
0001110100011110
0001110011011001
0001110010010011
0001110001001101
0001110000000111
0001101111000001
0001101101111010
0001101100110011
0001101011101011
0001101010100011
0001101001011011
0001101000010011
0001100111001010
0001100110000001
0001100100110111
0001100011101110
0001100010100100
0001100001011001
0001100000001111
0001011111000100
0001011101111001
0001011100101101
0001011011100010
0001011010010110
0001011001001001
0001010111111101
0001010110110000
0001010101100011
0001010100010101
0001010011001000
0001010001111010
0001010000101100
0001001111011101
0001001110001111
0001001101000000
0001001011110001
0001001010100010
0001001001010010
0001001000000010
0001000110110010
0001000101100010
0001000100010010
0001000011000001
0001000001110001
0001000000100000
0000111111001110
0000111101111101
0000111100101011
0000111011011010
0000111010001000
0000111000110110
0000110111100011
0000110110010001
0000110100111110
0000110011101100
0000110010011001
0000110001000110
0000101111110010
0000101110011111
0000101101001100
0000101011111000
0000101010100100
0000101001010000
0000100111111100
0000100110101000
0000100101010100
0000100011111111
0000100010101011
0000100001010110
0000100000000010
0000011110101101
0000011101011000
0000011100000011
0000011010101110
0000011001011001
0000011000000100
0000010110101110
0000010101011001
0000010100000100
0000010010101110
0000010001011001
0000010000000011
0000001110101101
0000001101011000
0000001100000010
0000001010101100
0000001001010110
0000001000000001
0000000110101011
0000000101010101
0000000011111111
0000000010101001
0000000001010011
1111111111111101
1111111110100111
1111111101010001
1111111011111100
1111111010100110
1111111001010000
1111110111111010
1111110110100100
1111110101001110
1111110011111001
1111110010100011
1111110001001101
1111101111111000
1111101110100010
1111101101001100
1111101011110111
1111101010100010
1111101001001100
1111100111110111
1111100110100010
1111100101001101
1111100011111000
1111100010100011
1111100001001110
1111011111111001
1111011110100100
1111011101010000
1111011011111011
1111011010100111
1111011001010011
1111010111111110
1111010110101010
1111010101010111
1111010100000011
1111010010101111
1111010001011100
1111010000001000
1111001110110101
1111001101100010
1111001100001111
1111001010111100
1111001001101010
1111001000010111
1111000111000101
1111000101110011
1111000100100001
1111000011001111
1111000001111110
1111000000101100
1110111111011011
1110111110001010
1110111100111010
1110111011101001
1110111010011001
1110111001001000
1110110111111001
1110110110101001
1110110101011001
1110110100001010
1110110010111011
1110110001101100
1110110000011110
1110101111001111
1110101110000001
1110101100110011
1110101011100110
1110101010011000
1110101001001011
1110100111111110
1110100110110010
1110100101100110
1110100100011010
1110100011001110
1110100010000010
1110100000110111
1110011111101100
1110011110100010
1110011101011000
1110011100001110
1110011011000100
1110011001111010
1110011000110001
1110010111101001
1110010110100000
1110010101011000
1110010100010000
1110010011001001
1110010010000010
1110010000111011
1110001111110100
1110001110101110
1110001101101000
1110001100100011
1110001011011110
1110001010011001
1110001001010101
1110001000010001
1110000111001101
1110000110001010
1110000101000111
1110000100000100
1110000011000010
1110000010000000
1110000000111110
1101111111111101
1101111110111101
1101111101111100
1101111100111101
1101111011111101
1101111010111110
1101111001111111
1101111001000001
1101111000000011
1101110111000110
1101110110001001
1101110101001100
1101110100010000
1101110011010100
1101110010011001
1101110001011110
1101110000100011
1101101111101001
1101101110101111
1101101101110110
1101101100111101
1101101100000101
1101101011001101
1101101010010110
1101101001011111
1101101000101000
1101100111110010
1101100110111101
1101100110001000
1101100101010011
1101100100011111
1101100011101011
1101100010111000
1101100010000101
1101100001010011
1101100000100001
1101011111101111
1101011110111111
1101011110001110
1101011101011110
1101011100101111
1101011100000000
1101011011010010
1101011010100100
1101011001110110
1101011001001001
1101011000011101
1101010111110001
1101010111000110
1101010110011011
1101010101110000
1101010101000111
1101010100011101
1101010011110100
1101010011001100
1101010010100100
1101010001111101
1101010001010110
1101010000110000
1101010000001011
1101001111100101
1101001111000001
1101001110011101
1101001101111001
1101001101010110
1101001100110100
1101001100010010
1101001011110001
1101001011010000
1101001010110000
1101001010010000
1101001001110001
1101001001010010
1101001000110100
1101001000010110
1101000111111001
1101000111011101
1101000111000001
1101000110100110
1101000110001011
1101000101110001
1101000101010111
1101000100111110
1101000100100110
1101000100001110
1101000011110111
1101000011100000
1101000011001010
1101000010110100
1101000010011111
1101000010001010
1101000001110111
1101000001100011
1101000001010000
1101000000111110
1101000000101101
1101000000011100
1101000000001011
1100111111111011
1100111111101100
1100111111011101
1100111111001111
1100111111000010
1100111110110101
1100111110101000
1100111110011101
1100111110010001
1100111110000111
1100111101111101
1100111101110011
1100111101101010
1100111101100010
1100111101011010
1100111101010011
1100111101001101
1100111101000111
1100111101000010
1100111100111101
1100111100111001
1100111100110101
1100111100110010
1100111100110000
1100111100101110
1100111100101101
1100111100101100
1100111100101100
1100111100101101
1100111100101110
1100111100110000
1100111100110010
1100111100110101
1100111100111000
1100111100111100
1100111101000001
1100111101000110
1100111101001100
1100111101010011
1100111101011010
1100111101100001
1100111101101010
1100111101110010
1100111101111100
1100111110000110
1100111110010000
1100111110011100
1100111110100111
1100111110110100
1100111111000001
1100111111001110
1100111111011100
1100111111101011
1100111111111010
1101000000001010
1101000000011010
1101000000101011
1101000000111101
1101000001001111
1101000001100010
1101000001110101
1101000010001001
1101000010011101
1101000010110010
1101000011001000
1101000011011110
1101000011110101
1101000100001100
1101000100100100
1101000100111100
1101000101010101
1101000101101111
1101000110001001
1101000110100100
1101000110111111
1101000111011011
1101000111110111
1101001000010100
1101001000110010
1101001001010000
1101001001101110
1101001010001101
1101001010101101
1101001011001101
1101001011101110
1101001100001111
1101001100110001
1101001101010100
1101001101110110
1101001110011010
1101001110111110
1101001111100011
1101010000001000
1101010000101101
1101010001010011
1101010001111010
1101010010100001
1101010011001001
1101010011110001
1101010100011010
1101010101000011
1101010101101101
1101010110010111
1101010111000010
1101010111101110
1101011000011001
1101011001000110
1101011001110011
1101011010100000
1101011011001110
1101011011111100
1101011100101011
1101011101011011
1101011110001010
1101011110111011
1101011111101100
1101100000011101
1101100001001111
1101100010000001
1101100010110100
1101100011100111
1101100100011011
1101100101001111
1101100110000011
1101100110111000
1101100111101110
1101101000100100
1101101001011011
1101101010010001
1101101011001001
1101101100000001
1101101100111001
1101101101110010
1101101110101011
1101101111100100
1101110000011110
1101110001011001
1101110010010100
1101110011001111
1101110100001011
1101110101000111
1101110110000100
1101110111000001
1101110111111110
1101111000111100
1101111001111010
1101111010111001
1101111011111000
1101111100111000
1101111101110111
1101111110111000
1101111111111000
1110000000111001
1110000001111011
1110000010111101
1110000011111111
1110000101000001
1110000110000100
1110000111000111
1110001000001011
1110001001001111
1110001010010100
1110001011011000
1110001100011101
1110001101100011
1110001110101001
1110001111101111
1110010000110101
1110010001111100
1110010011000011
1110010100001011
1110010101010010
1110010110011010
1110010111100011
1110011000101100
1110011001110101
1110011010111110
1110011100001000
1110011101010010
1110011110011100
1110011111100110
1110100000110001
1110100001111100
1110100011001000
1110100100010100
1110100101100000
1110100110101100
1110100111111000
1110101001000101
1110101010010010
1110101011100000
1110101100101101
1110101101111011
1110101111001001
1110110000010111
1110110001100110
1110110010110101
1110110100000100
1110110101010011
1110110110100010
1110110111110010
1110111001000010
1110111010010010
1110111011100011
1110111100110011
1110111110000100
1110111111010101
1111000000100110
1111000001110111
1111000011001001
1111000100011011
1111000101101100
1111000110111111
1111001000010001
1111001001100011
1111001010110110
1111001100001001
1111001101011011
1111001110101110
1111010000000010
1111010001010101
1111010010101001
1111010011111100
1111010101010000
1111010110100100
1111010111111000
1111011001001100
1111011010100000
1111011011110101
1111011101001001
1111011110011110
1111011111110010
1111100001000111
1111100010011100
1111100011110001
1111100101000110
1111100110011011
1111100111110000
1111101001000101
1111101010011011
1111101011110000
1111101101000110
1111101110011011
1111101111110001
1111110001000110
1111110010011100
1111110011110010
1111110101001000
1111110110011101
1111110111110011
1111111001001001
1111111010011111
1111111011110101
1111111101001011
1111111110100001
1111111111110110
0000000001001100
0000000010100010
0000000011111000
0000000101001110
0000000110100100
0000000111111010
0000001001010000
0000001010100101
0000001011111011
0000001101010001
0000001110100111
0000001111111100
0000010001010010
0000010010100111
0000010011111101
0000010101010010
0000010110101000
0000010111111101
0000011001010010
0000011010100111
0000011011111100
0000011101010001
0000011110100110
0000011111111011
0000100001010000
0000100010100100
0000100011111001
0000100101001101
0000100110100001
0000100111110110
0000101001001010
0000101010011101
0000101011110001
0000101101000101
0000101110011000
0000101111101100
0000110000111111
0000110010010010
0000110011100101
0000110100111000
0000110110001010
0000110111011101
0000111000101111
0000111010000001
0000111011010011
0000111100100101
0000111101110111
0000111111001000
0001000000011001
0001000001101010
0001000010111011
0001000100001100
0001000101011100
0001000110101100
0001000111111100
0001001001001100
0001001010011011
0001001011101011
0001001100111010
0001001110001001
0001001111010111
0001010000100110
0001010001110100
0001010011000010
0001010100001111
0001010101011101
0001010110101010
0001010111110111
0001011001000011
0001011010001111
0001011011011100
0001011100100111
0001011101110011
0001011110111110
0001100000001001
0001100001010100
0001100010011110
0001100011101000
0001100100110010
0001100101111011
0001100111000100
0001101000001101
0001101001010110
0001101010011110
0001101011100110
0001101100101101
0001101101110100
0001101110111011
0001110000000010
0001110001001000
0001110010001110
0001110011010011
0001110100011000
0001110101011101
0001110110100010
0001110111100110
0001111000101010
0001111001101101
0001111010110000
0001111011110011
0001111100110101
0001111101110111
0001111110111000
0001111111111001
0010000000111010
0010000001111010
0010000010111010
0010000011111010
0010000100111001
0010000101111000
0010000110110110
0010000111110100
0010001000110010
0010001001101111
0010001010101011
0010001011101000
0010001100100100
0010001101011111
0010001110011010
0010001111010101
0010010000001111
0010010001001000
0010010010000010
0010010010111010
0010010011110011
0010010100101011
0010010101100010
0010010110011001
0010010111010000
0010011000000110
0010011000111100
0010011001110001
0010011010100110
0010011011011010
0010011100001110
0010011101000001
0010011101110100
0010011110100110
0010011111011000
0010100000001010
0010100000111010
0010100001101011
0010100010011011
0010100011001010
0010100011111001
0010100100101000
0010100101010110
0010100110000011
0010100110110000
0010100111011101
0010101000001001
0010101000110100
0010101001011111
0010101010001010
0010101010110011
0010101011011101
0010101100000110
0010101100101110
0010101101010110
0010101101111101
0010101110100100
0010101111001010
0010101111110000
0010110000010101
0010110000111010
0010110001011110
0010110010000010
0010110010100101
0010110011000111
0010110011101001
0010110100001011
0010110100101100
0010110101001100
0010110101101100
0010110110001011
0010110110101010
0010110111001000
0010110111100101
0010111000000010
0010111000011111
0010111000111011
0010111001010110
0010111001110001
0010111010001011
0010111010100101
0010111010111110
0010111011010111
0010111011101111
0010111100000110
0010111100011101
0010111100110011
0010111101001001
0010111101011110
0010111101110011
0010111110000111
0010111110011010
0010111110101101
0010111110111111
0010111111010001
0010111111100010
0010111111110010
0011000000000010
0011000000010010
0011000000100001
0011000000101111
0011000000111100
0011000001001001
0011000001010110
0011000001100010
0011000001101101
0011000001111000
0011000010000010
0011000010001011
0011000010010100
0011000010011101
0011000010100101
0011000010101100
0011000010110010
0011000010111000
0011000010111110
0011000011000011
0011000011000111
0011000011001010
0011000011001110
0011000011010000
0011000011010010
0011000011010011
0011000011010100
0011000011010100
0011000011010011
0011000011010010
0011000011010001
0011000011001110
0011000011001100
0011000011001000
0011000011000100
0011000011000000
0011000010111010
0011000010110101
0011000010101110
0011000010100111
0011000010100000
0011000010011000
0011000010001111
0011000010000101
0011000001111100
0011000001110001
0011000001100110
0011000001011010
0011000001001110
0011000001000001
0011000000110100
0011000000100110
0011000000010111
0011000000001000
0010111111111000
0010111111101000
0010111111010111
0010111111000110
0010111110110100
0010111110100001
0010111110001110
0010111101111010
0010111101100110
0010111101010001
0010111100111011
0010111100100101
0010111100001110
0010111011110111
0010111011011111
0010111011000111
0010111010101110
0010111010010101
0010111001111011
0010111001100000
0010111001000101
0010111000101001
0010111000001101
0010110111110000
0010110111010011
0010110110110101
0010110110010110
0010110101110111
0010110101011000
0010110100110111
0010110100010111
0010110011110110
0010110011010100
0010110010110001
0010110010001111
0010110001101011
0010110001000111
0010110000100011
0010101111111110
0010101111011000
0010101110110010
0010101110001011
0010101101100100
0010101100111101
0010101100010101
0010101011101100
0010101011000011
0010101010011001
0010101001101111
0010101001000100
0010101000011001
0010100111101101
0010100111000001
0010100110010100
0010100101100110
0010100100111001
0010100100001010
0010100011011100
0010100010101100
0010100001111100
0010100001001100
0010100000011011
0010011111101010
0010011110111001
0010011110000110
0010011101010100
0010011100100000
0010011011101101
0010011010111001
0010011010000100
0010011001001111
0010011000011010
0010010111100100
0010010110101101
0010010101110110
0010010100111111
0010010100000111
0010010011001111
0010010010010110
0010010001011101
0010010000100100
0010001111101010
0010001110101111
0010001101110101
0010001100111001
0010001011111110
0010001011000001
0010001010000101
0010001001001000
0010001000001011
0010000111001101
0010000110001111
0010000101010000
0010000100010001
0010000011010010
0010000010010010
0010000001010010
0010000000010001
0001111111010000
0001111110001111
0001111101001101
0001111100001011
0001111011001000
0001111010000101
0001111001000010
0001110111111111
0001110110111011
0001110101110110
0001110100110010
0001110011101101
0001110010100111
0001110001100001
0001110000011011
0001101111010101
0001101110001110
0001101101000111
0001101100000000
0001101010111000
0001101001110000
0001101000101000
0001100111011111
0001100110010110
0001100101001101
0001100100000011
0001100010111001
0001100001101111
0001100000100100
0001011111011001
0001011110001110
0001011101000011
0001011011110111
0001011010101011
0001011001011111
0001011000010011
0001010111000110
0001010101111001
0001010100101100
0001010011011110
0001010010010000
0001010001000010
0001001111110100
0001001110100101
0001001101010111
0001001100001000
0001001010111000
0001001001101001
0001001000011001
0001000111001001
0001000101111001
0001000100101001
0001000011011000
0001000010001000
0001000000110111
0000111111100110
0000111110010100
0000111101000011
0000111011110001
0000111010011111
0000111001001101
0000110111111011
0000110110101001
0000110101010110
0000110100000011
0000110010110000
0000110001011101
0000110000001010
0000101110110111
0000101101100011
0000101100010000
0000101010111100
0000101001101000
0000101000010100
0000100111000000
0000100101101100
0000100100011000
0000100011000011
0000100001101111
0000100000011010
0000011111000101
0000011101110000
0000011100011011
0000011011000110
0000011001110001
0000011000011100
0000010111000111
0000010101110001
0000010100011100
0000010011000111
0000010001110001
0000010000011011
0000001111000110
0000001101110000
0000001100011010
0000001011000101
0000001001101111
0000001000011001
0000000111000011
0000000101101101
0000000100011000
0000000011000010
0000000001101100
0000000000010110
1111111111000000
1111111101101010
1111111100010100
1111111010111110
1111111001101000
1111111000010011
1111110110111101
1111110101100111
1111110100010001
1111110010111011
1111110001100110
1111110000010000
1111101110111010
1111101101100101
1111101100001111
1111101010111010
1111101001100101
1111101000001111
1111100110111010
1111100101100101
1111100100010000
1111100010111011
1111100001100110
1111100000010001
1111011110111100
1111011101101000
1111011100010011
1111011010111111
1111011001101011
1111011000010110
1111010111000010
1111010101101111
1111010100011011
1111010011000111
1111010001110011
1111010000100000
1111001111001101
1111001101111010
1111001100100111
1111001011010100
1111001010000001
1111001000101111
1111000111011101
1111000110001010
1111000100111000
1111000011100111
1111000010010101
1111000001000100
1110111111110010
1110111110100001
1110111101010001
1110111100000000
1110111010110000
1110111001011111
1110111000001111
1110110111000000
1110110101110000
1110110100100001
1110110011010010
1110110010000011
1110110000110100
1110101111100110
1110101110010111
1110101101001010
1110101011111100
1110101010101110
1110101001100001
1110101000010100
1110100111001000
1110100101111011
1110100100101111
1110100011100100
1110100010011000
1110100001001101
1110100000000010
1110011110110111
1110011101101101
1110011100100011
1110011011011001
1110011010001111
1110011001000110
1110010111111101
1110010110110101
1110010101101101
1110010100100101
1110010011011101
1110010010010110
1110010001001111
1110010000001000
1110001111000010
1110001101111100
1110001100110111
1110001011110001
1110001010101101
1110001001101000
1110001000100100
1110000111100000
1110000110011101
1110000101011010
1110000100010111
1110000011010101
1110000010010011
1110000001010001
1110000000010000
1101111111001111
1101111110001111
1101111101001111
1101111100001111
1101111011010000
1101111010010001
1101111001010011
1101111000010101
1101110111010111
1101110110011010
1101110101011101
1101110100100001
1101110011100101
1101110010101001
1101110001101110
1101110000110100
1101101111111010
1101101111000000
1101101110000110
1101101101001110
1101101100010101
1101101011011101
1101101010100110
1101101001101111
1101101000111000
1101101000000010
1101100111001100
1101100110010111
1101100101100010
1101100100101110
1101100011111010
1101100011000110
1101100010010011
1101100001100001
1101100000101111
1101011111111101
1101011111001100
1101011110011100
1101011101101100
1101011100111100
1101011100001101
1101011011011111
1101011010110001
1101011010000011
1101011001010110
1101011000101010
1101010111111110
1101010111010010
1101010110100111
1101010101111101
1101010101010011
1101010100101001
1101010100000000
1101010011011000
1101010010110000
1101010010001000
1101010001100001
1101010000111011
1101010000010101
1101001111110000
1101001111001011
1101001110100111
1101001110000011
1101001101100000
1101001100111110
1101001100011100
1101001011111010
1101001011011001
1101001010111001
1101001010011001
1101001001111001
1101001001011011
1101001000111100
1101001000011111
1101001000000010
1101000111100101
1101000111001001
1101000110101110
1101000110010011
1101000101111000
1101000101011111
1101000101000101
1101000100101101
1101000100010101
1101000011111101
1101000011100110
1101000011010000
1101000010111010
1101000010100101
1101000010010000
1101000001111100
1101000001101001
1101000001010110
1101000001000011
1101000000110010
1101000000100000
1101000000010000
1101000000000000
1100111111110000
1100111111100001
1100111111010011
1100111111000101
1100111110111000
1100111110101100
1100111110100000
1100111110010100
1100111110001010
1100111101111111
1100111101110110
1100111101101101
1100111101100100
1100111101011101
1100111101010101
1100111101001111
1100111101001000
1100111101000011
1100111100111110
1100111100111010
1100111100110110
1100111100110011
1100111100110000
1100111100101110
1100111100101101
1100111100101100
1100111100101100
1100111100101100
1100111100101101
1100111100101111
1100111100110001
1100111100110100
1100111100110111
1100111100111011
1100111101000000
1100111101000101
1100111101001011
1100111101010001
1100111101011000
1100111101011111
1100111101100111
1100111101110000
1100111101111001
1100111110000011
1100111110001101
1100111110011000
1100111110100100
1100111110110000
1100111110111101
1100111111001010
1100111111011000
1100111111100111
1100111111110110
1101000000000101
1101000000010110
1101000000100110
1101000000111000
1101000001001010
1101000001011100
1101000001101111
1101000010000011
1101000010010111
1101000010101100
1101000011000010
1101000011011000
1101000011101110
1101000100000101
1101000100011101
1101000100110101
1101000101001110
1101000101101000
1101000110000010
1101000110011100
1101000110110111
1101000111010011
1101000111101111
1101001000001100
1101001000101001
1101001001000111
1101001001100101
1101001010000100
1101001010100100
1101001011000100
1101001011100101
1101001100000110
1101001100100111
1101001101001010
1101001101101100
1101001110010000
1101001110110100
1101001111011000
1101001111111101
1101010000100010
1101010001001000
1101010001101111
1101010010010110
1101010010111110
1101010011100110
1101010100001110
1101010100110111
1101010101100001
1101010110001011
1101010110110110
1101010111100001
1101011000001101
1101011000111001
1101011001100110
1101011010010011
1101011011000001
1101011011101111
1101011100011110
1101011101001101
1101011101111101
1101011110101101
1101011111011110
1101100000001111
1101100001000000
1101100001110010
1101100010100101
1101100011011000
1101100100001100
1101100101000000
1101100101110100
1101100110101001
1101100111011111
1101101000010101
1101101001001011
1101101010000010
1101101010111001
1101101011110001
1101101100101001
1101101101100001
1101101110011010
1101101111010100
1101110000001110
1101110001001000
1101110010000011
1101110010111110
1101110011111010
1101110100110110
1101110101110010
1101110110101111
1101110111101101
1101111000101010
1101111001101001
1101111010100111
1101111011100110
1101111100100101
1101111101100101
1101111110100101
1101111111100110
1110000000100111
1110000001101000
1110000010101010
1110000011101100
1110000100101110
1110000101110001
1110000110110100
1110000111111000
1110001000111100
1110001010000000
1110001011000101
1110001100001010
1110001101001111
1110001110010101
1110001111011011
1110010000100001
1110010001101000
1110010010101111
1110010011110110
1110010100111110
1110010110000110
1110010111001110
1110011000010111
1110011001100000
1110011010101001
1110011011110011
1110011100111100
1110011110000111
1110011111010001
1110100000011100
1110100001100111
1110100010110010
1110100011111110
1110100101001010
1110100110010110
1110100111100010
1110101000101111
1110101001111100
1110101011001001
1110101100010111
1110101101100101
1110101110110011
1110110000000001
1110110001001111
1110110010011110
1110110011101101
1110110100111100
1110110110001100
1110110111011011
1110111000101011
1110111001111011
1110111011001100
1110111100011100
1110111101101101
1110111110111110
1111000000001111
1111000001100000
1111000010110010
1111000100000011
1111000101010101
1111000110100111
1111000111111001
1111001001001100
1111001010011110
1111001011110001
1111001101000100
1111001110010111
1111001111101010
1111010000111101
1111010010010001
1111010011100100
1111010100111000
1111010110001100
1111010111100000
1111011000110100
1111011010001000
1111011011011100
1111011100110001
1111011110000101
1111011111011010
1111100000101111
1111100010000100
1111100011011001
1111100100101110
1111100110000011
1111100111011000
1111101000101101
1111101010000010
1111101011011000
1111101100101101
1111101110000011
1111101111011000
1111110000101110
1111110010000100
1111110011011001
1111110100101111
1111110110000101
1111110111011011
1111111000110001
1111111010000110
1111111011011100
1111111100110010
1111111110001000
1111111111011110
0000000000110100
0000000010001010
0000000011100000
0000000100110101
0000000110001011
0000000111100001
0000001000110111
0000001010001101
0000001011100011
0000001100111000
0000001110001110
0000001111100100
0000010000111001
0000010010001111
0000010011100100
0000010100111010
0000010110001111
0000010111100100
0000011000111010
0000011010001111
0000011011100100
0000011100111001
0000011110001110
0000011111100011
0000100000110111
0000100010001100
0000100011100001
0000100100110101
0000100110001001
0000100111011101
0000101000110010
0000101010000110
0000101011011001
0000101100101101
0000101110000001
0000101111010100
0000110000100111
0000110001111010
0000110011001101
0000110100100000
0000110101110011
0000110111000101
0000111000011000
0000111001101010
0000111010111100
0000111100001110
0000111101011111
0000111110110001
0001000000000010
0001000001010011
0001000010100100
0001000011110101
0001000101000101
0001000110010101
0001000111100101
0001001000110101
0001001010000101
0001001011010100
0001001100100011
0001001101110010
0001001111000001
0001010000001111
0001010001011101
0001010010101011
0001010011111001
0001010101000111
0001010110010100
0001010111100001
0001011000101101
0001011001111010
0001011011000110
0001011100010010
0001011101011101
0001011110101001
0001011111110100
0001100000111110
0001100010001001
0001100011010011
0001100100011101
0001100101100110
0001100110101111
0001100111111000
0001101001000001
0001101010001001
0001101011010001
0001101100011001
0001101101100000
0001101110100111
0001101111101110
0001110000110100
0001110001111010
0001110010111111
0001110100000101
0001110101001010
0001110110001110
0001110111010010
0001111000010110
0001111001011010
0001111010011101
0001111011100000
0001111100100010
0001111101100100
0001111110100101
0001111111100111
0010000000101000
0010000001101000
0010000010101000
0010000011101000
0010000100100111
0010000101100110
0010000110100100
0010000111100010
0010001000100000
0010001001011101
0010001010011010
0010001011010110
0010001100010010
0010001101001110
0010001110001001
0010001111000100
0010001111111110
0010010000111000
0010010001110001
0010010010101010
0010010011100011
0010010100011011
0010010101010010
0010010110001010
0010010111000000
0010010111110111
0010011000101100
0010011001100010
0010011010010111
0010011011001011
0010011011111111
0010011100110010
0010011101100101
0010011110011000
0010011111001010
0010011111111011
0010100000101101
0010100001011101
0010100010001101
0010100010111101
0010100011101100
0010100100011011
0010100101001001
0010100101110110
0010100110100011
0010100111010000
0010100111111100
0010101000101000
0010101001010011
0010101001111101
0010101010100111
0010101011010001
0010101011111010
0010101100100011
0010101101001011
0010101101110010
0010101110011001
0010101110111111
0010101111100101
0010110000001011
0010110000101111
0010110001010100
0010110001111000
0010110010011011
0010110010111101
0010110011100000
0010110100000001
0010110100100010
0010110101000011
0010110101100011
0010110110000010
0010110110100001
0010110110111111
0010110111011101
0010110111111010
0010111000010111
0010111000110011
0010111001001110
0010111001101001
0010111010000100
0010111010011110
0010111010110111
0010111011010000
0010111011101000
0010111011111111
0010111100010110
0010111100101101
0010111101000011
0010111101011000
0010111101101101
0010111110000001
0010111110010101
0010111110101000
0010111110111010
0010111111001100
0010111111011101
0010111111101110
0010111111111110
0011000000001101
0011000000011100
0011000000101011
0011000000111001
0011000001000110
0011000001010010
0011000001011110
0011000001101010
0011000001110101
0011000001111111
0011000010001001
0011000010010010
0011000010011010
0011000010100010
0011000010101010
0011000010110001
0011000010110111
0011000010111100
0011000011000001
0011000011000110
0011000011001001
0011000011001101
0011000011001111
0011000011010001
0011000011010011
0011000011010100
0011000011010100
0011000011010100
0011000011010011
0011000011010001
0011000011001111
0011000011001101
0011000011001001
0011000011000101
0011000011000001
0011000010111100
0011000010110110
0011000010110000
0011000010101001
0011000010100010
0011000010011010
0011000010010001
0011000010001000
0011000001111110
0011000001110100
0011000001101001
0011000001011110
0011000001010010
0011000001000101
0011000000111000
0011000000101010
0011000000011100
0011000000001101
0010111111111101
0010111111101101
0010111111011100
0010111111001011
0010111110111001
0010111110100110
0010111110010011
0010111110000000
0010111101101100
0010111101010111
0010111101000001
0010111100101011
0010111100010101
0010111011111110
0010111011100110
0010111011001110
0010111010110101
0010111010011100
0010111010000010
0010111001101000
0010111001001101
0010111000110001
0010111000010101
0010110111111000
0010110111011011
0010110110111101
0010110110011111
0010110110000000
0010110101100001
0010110101000001
0010110100100000
0010110011111111
0010110011011101
0010110010111011
0010110010011001
0010110001110101
0010110001010010
0010110000101101
0010110000001000
0010101111100011
0010101110111101
0010101110010111
0010101101110000
0010101101001000
0010101100100000
0010101011110111
0010101011001110
0010101010100101
0010101001111011
0010101001010000
0010101000100101
0010100111111001
0010100111001101
0010100110100001
0010100101110011
0010100101000110
0010100100011000
0010100011101001
0010100010111010
0010100010001010
0010100001011010
0010100000101001
0010011111111000
0010011111000111
0010011110010101
0010011101100010
0010011100101111
0010011011111100
0010011011001000
0010011010010011
0010011001011110
0010011000101001
0010010111110011
0010010110111101
0010010110000110
0010010101001111
0010010100010111
0010010011011111
0010010010100111
0010010001101110
0010010000110100
0010001111111010
0010001111000000
0010001110000101
0010001101001010
0010001100001111
0010001011010011
0010001010010110
0010001001011001
0010001000011100
0010000111011110
0010000110100000
0010000101100010
0010000100100011
0010000011100100
0010000010100100
0010000001100100
0010000000100011
0001111111100011
0001111110100001
0001111101100000
0001111100011110
0001111011011011
0001111010011001
0001111001010101
0001111000010010
0001110111001110
0001110110001010
0001110101000101
0001110100000000
0001110010111011
0001110001110101
0001110000101111
0001101111101001
0001101110100010
0001101101011011
0001101100010100
0001101011001101
0001101010000101
0001101000111100
0001100111110100
0001100110101011
0001100101100001
0001100100011000
0001100011001110
0001100010000100
0001100000111010
0001011111101111
0001011110100100
0001011101011000
0001011100001101
0001011011000001
0001011001110101
0001011000101000
0001010111011100
0001010110001111
0001010101000010
0001010011110100
0001010010100110
0001010001011000
0001010000001010
0001001110111100
0001001101101101
0001001100011110
0001001011001111
0001001010000000
0001001000110000
0001000111100000
0001000110010000
0001000101000000
0001000011101111
0001000010011111
0001000001001110
0000111111111101
0000111110101100
0000111101011010
0000111100001000
0000111010110111
0000111001100101
0000111000010010
0000110111000000
0000110101101110
0000110100011011
0000110011001000
0000110001110101
0000110000100010
0000101111001111
0000101101111011
0000101100101000
0000101011010100
0000101010000000
0000101000101100
0000100111011000
0000100110000100
0000100100110000
0000100011011011
0000100010000111
0000100000110010
0000011111011101
0000011110001000
0000011100110100
0000011011011111
0000011010001001
0000011000110100
0000010111011111
0000010110001010
0000010100110100
0000010011011111
0000010010001001
0000010000110100
0000001111011110
0000001110001001
0000001100110011
0000001011011101
0000001010000111
0000001000110010
0000000111011100
0000000110000110
0000000100110000
0000000011011010
0000000010000100
0000000000101110
1111111111011000
1111111110000011
1111111100101101
1111111011010111
1111111010000001
1111111000101011
1111110111010101
1111110101111111
1111110100101010
1111110011010100
1111110001111110
1111110000101001
1111101111010011
1111101101111101
1111101100101000
1111101011010010
1111101001111101
1111101000101000
1111100111010010
1111100101111101
1111100100101000
1111100011010011
1111100001111110
1111100000101001
1111011111010101
1111011110000000
1111011100101011
1111011011010111
1111011010000011
1111011000101111
1111010111011010
1111010110000110
1111010100110011
1111010011011111
1111010010001011
1111010000111000
1111001111100101
1111001110010001
1111001100111110
1111001011101100
1111001010011001
1111001001000110
1111000111110100
1111000110100010
1111000101010000
1111000011111110
1111000010101100
1111000001011011
1111000000001010
1110111110111001
1110111101101000
1110111100010111
1110111011000110
1110111001110110
1110111000100110
1110110111010110
1110110110000111
1110110100110111
1110110011101000
1110110010011001
1110110001001010
1110101111111100
1110101110101110
1110101101100000
1110101100010010
1110101011000101
1110101001110111
1110101000101010
1110100111011110
1110100110010001
1110100101000101
1110100011111001
1110100010101110
1110100001100010
1110100000010111
1110011111001100
1110011110000010
1110011100111000
1110011011101110
1110011010100100
1110011001011011
1110011000010010
1110010111001010
1110010110000001
1110010100111001
1110010011110010
1110010010101010
1110010001100011
1110010000011100
1110001111010110
1110001110010000
1110001101001010
1110001100000101
1110001011000000
1110001001111100
1110001000110111
1110000111110011
1110000110110000
1110000101101101
1110000100101010
1110000011101000
1110000010100110
1110000001100100
1110000000100011
1101111111100010
1101111110100001
1101111101100001
1101111100100001
1101111011100010
1101111010100011
1101111001100101
1101111000100110
1101110111101001
1101110110101011
1101110101101111
1101110100110010
1101110011110110
1101110010111010
1101110001111111
1101110001000101
1101110000001010
1101101111010000
1101101110010111
1101101101011110
1101101100100101
1101101011101101
1101101010110101
1101101001111110
1101101001000111
1101101000010001
1101100111011011
1101100110100110
1101100101110001
1101100100111100
1101100100001000
1101100011010101
1101100010100010
1101100001101111
1101100000111101
1101100000001100
1101011111011010
1101011110101010
1101011101111010
1101011101001010
1101011100011011
1101011011101100
1101011010111110
1101011010010000
1101011001100011
1101011000110110
1101011000001010
1101010111011110
1101010110110011
1101010110001001
1101010101011110
1101010100110101
1101010100001100
1101010011100011
1101010010111011
1101010010010100
1101010001101101
1101010001000110
1101010000100000
1101001111111011
1101001111010110
1101001110110001
1101001110001110
1101001101101010
1101001101000111
1101001100100101
1101001100000100
1101001011100010
1101001011000010
1101001010100010
1101001010000010
1101001001100011
1101001001000101
1101001000100111
1101001000001010
1101000111101101
1101000111010001
1101000110110101
1101000110011010
1101000110000000
1101000101100110
1101000101001101
1101000100110100
1101000100011100
1101000100000100
1101000011101101
1101000011010110
1101000011000000
1101000010101011
1101000010010110
1101000010000010
1101000001101110
1101000001011011
1101000001001001
1101000000110111
1101000000100101
1101000000010101
1101000000000100
1100111111110101
1100111111100110
1100111111010111
1100111111001001
1100111110111100
1100111110101111
1100111110100011
1100111110011000
1100111110001101
1100111110000010
1100111101111001
1100111101101111
1100111101100111
1100111101011111
1100111101010111
1100111101010000
1100111101001010
1100111101000100
1100111100111111
1100111100111011
1100111100110111
1100111100110100
1100111100110001
1100111100101111
1100111100101101
1100111100101100
1100111100101100
1100111100101100
1100111100101101
1100111100101110
1100111100110000
1100111100110011
1100111100110110
1100111100111010
1100111100111110
1100111101000011
1100111101001001
1100111101001111
1100111101010110
1100111101011101
1100111101100101
1100111101101101
1100111101110110
1100111110000000
1100111110001010
1100111110010101
1100111110100001
1100111110101101
1100111110111001
1100111111000110
1100111111010100
1100111111100010
1100111111110001
1101000000000001
1101000000010001
1101000000100010
1101000000110011
1101000001000101
1101000001010111
1101000001101010
1101000001111101
1101000010010010
1101000010100110
1101000010111100
1101000011010001
1101000011101000
1101000011111111
1101000100010110
1101000100101110
1101000101000111
1101000101100000
1101000101111010
1101000110010100
1101000110101111
1101000111001011
1101000111100111
1101001000000011
1101001000100001
1101001000111110
1101001001011101
1101001001111011
1101001010011011
1101001010111011
1101001011011011
1101001011111100
1101001100011110
1101001101000000
1101001101100010
1101001110000110
1101001110101001
1101001111001110
1101001111110010
1101010000011000
1101010000111110
1101010001100100
1101010010001011
1101010010110010
1101010011011010
1101010100000011
1101010100101100
1101010101010101
1101010101111111
1101010110101010
1101010111010101
1101011000000000
1101011000101100
1101011001011001
1101011010000110
1101011010110100
1101011011100010
1101011100010000
1101011100111111
1101011101101111
1101011110011111
1101011111010000
1101100000000001
1101100000110010
1101100001100100
1101100010010111
1101100011001010
1101100011111101
1101100100110001
1101100101100101
1101100110011010
1101100111001111
1101101000000101
1101101000111011
1101101001110010
1101101010101001
1101101011100001
1101101100011001
1101101101010001
1101101110001010
1101101111000011
1101101111111101
1101110000111000
1101110001110010
1101110010101101
1101110011101001
1101110100100101
1101110101100001
1101110110011110
1101110111011011
1101111000011001
1101111001010111
1101111010010101
1101111011010100
1101111100010011
1101111101010011
1101111110010011
1101111111010011
1110000000010100
1110000001010101
1110000010010111
1110000011011001
1110000100011011
1110000101011110
1110000110100001
1110000111100100
1110001000101000
1110001001101100
1110001010110001
1110001011110110
1110001100111011
1110001110000001
1110001111000111
1110010000001101
1110010001010011
1110010010011010
1110010011100010
1110010100101001
1110010101110001
1110010110111001
1110011000000010
1110011001001011
1110011010010100
1110011011011110
1110011100100111
1110011101110001
1110011110111100
1110100000000111
1110100001010001
1110100010011101
1110100011101000
1110100100110100
1110100110000000
1110100111001101
1110101000011001
1110101001100110
1110101010110011
1110101100000001
1110101101001110
1110101110011100
1110101111101011
1110110000111001
1110110010001000
1110110011010111
1110110100100110
1110110101110101
1110110111000101
1110111000010100
1110111001100100
1110111010110101
1110111100000101
1110111101010110
1110111110100111
1110111111111000
1111000001001001
1111000010011010
1111000011101100
1111000100111110
1111000110010000
1111000111100010
1111001000110100
1111001010000111
1111001011011001
1111001100101100
1111001101111111
1111001111010010
1111010000100101
1111010001111001
1111010011001100
1111010100100000
1111010101110100
1111010111001000
1111011000011100
1111011001110000
1111011011000100
1111011100011001
1111011101101101
1111011111000010
1111100000010111
1111100001101011
1111100011000000
1111100100010101
1111100101101010
1111100111000000
1111101000010101
1111101001101010
1111101010111111
1111101100010101
1111101101101010
1111101111000000
1111110000010110
1111110001101011
1111110011000001
1111110100010111
1111110101101100
1111110111000010
1111111000011000
1111111001101110
1111111011000100
1111111100011010
1111111101101111
1111111111000101
0000000000011011
0000000001110001
0000000011000111
0000000100011101
0000000101110011
0000000111001001
0000001000011111
0000001001110100
0000001011001010
0000001100100000
0000001101110110
0000001111001011
0000010000100001
0000010001110110
0000010011001100
0000010100100001
0000010101110111
0000010111001100
0000011000100001
0000011001110111
0000011011001100
0000011100100001
0000011101110110
0000011111001010
0000100000011111
0000100001110100
0000100011001000
0000100100011101
0000100101110001
0000100111000101
0000101000011010
0000101001101110
0000101011000001
0000101100010101
0000101101101001
0000101110111100
0000110000001111
0000110001100011
0000110010110110
0000110100001001
0000110101011011
0000110110101110
0000111000000000
0000111001010010
0000111010100100
0000111011110110
0000111101001000
0000111110011001
0000111111101011
0001000000111100
0001000010001101
0001000011011110
0001000100101110
0001000101111110
0001000111001110
0001001000011110
0001001001101110
0001001010111101
0001001100001101
0001001101011100
0001001110101010
0001001111111001
0001010001000111
0001010010010101
0001010011100011
0001010100110000
0001010101111110
0001010111001011
0001011000010111
0001011001100100
0001011010110000
0001011011111100
0001011101001000
0001011110010011
0001011111011110
0001100000101001
0001100001110011
0001100010111110
0001100100001000
0001100101010001
0001100110011010
0001100111100011
0001101000101100
0001101001110100
0001101010111101
0001101100000100
0001101101001100
0001101110010011
0001101111011001
0001110000100000
0001110001100110
0001110010101100
0001110011110001
0001110100110110
0001110101111011
0001110110111111
0001111000000011
0001111001000110
0001111010001010
0001111011001101
0001111100001111
0001111101010001
0001111110010011
0001111111010100
0010000000010101
0010000001010110
0010000010010110
0010000011010110
0010000100010101
0010000101010100
0010000110010011
0010000111010001
0010001000001110
0010001001001100
0010001010001001
0010001011000101
0010001100000001
0010001100111101
0010001101111000
0010001110110011
0010001111101110
0010010000100111
0010010001100001
0010010010011010
0010010011010011
0010010100001011
0010010101000011
0010010101111010
0010010110110001
0010010111100111
0010011000011101
0010011001010011
0010011010001000
0010011010111100
0010011011110000
0010011100100100
0010011101010111
0010011110001010
0010011110111100
0010011111101101
0010100000011111
0010100001001111
0010100010000000
0010100010101111
0010100011011111
0010100100001101
0010100100111100
0010100101101001
0010100110010111
0010100111000011
0010100111110000
0010101000011011
0010101001000111
0010101001110001
0010101010011100
0010101011000101
0010101011101110
0010101100010111
0010101100111111
0010101101100111
0010101110001110
0010101110110101
0010101111011011
0010110000000000
0010110000100101
0010110001001001
0010110001101101
0010110010010001
0010110010110100
0010110011010110
0010110011111000
0010110100011001
0010110100111001
0010110101011010
0010110101111001
0010110110011000
0010110110110111
0010110111010101
0010110111110010
0010111000001111
0010111000101011
0010111001000111
0010111001100010
0010111001111100
0010111010010110
0010111010110000
0010111011001001
0010111011100001
0010111011111001
0010111100010000
0010111100100111
0010111100111101
0010111101010010
0010111101100111
0010111101111011
0010111110001111
0010111110100010
0010111110110101
0010111111000111
0010111111011000
0010111111101001
0010111111111001
0011000000001001
0011000000011000
0011000000100111
0011000000110101
0011000001000010
0011000001001111
0011000001011011
0011000001100111
0011000001110010
0011000001111100
0011000010000110
0011000010001111
0011000010011000
0011000010100000
0011000010101000
0011000010101111
0011000010110101
0011000010111011
0011000011000000
0011000011000100
0011000011001000
0011000011001100
0011000011001111
0011000011010001
0011000011010011
0011000011010100
0011000011010100
0011000011010100
0011000011010011
0011000011010010
0011000011010000
0011000011001101
0011000011001010
0011000011000111
0011000011000010
0011000010111101
0011000010111000
0011000010110010
0011000010101011
0011000010100100
0011000010011100
0011000010010100
0011000010001011
0011000010000001
0011000001110111
0011000001101100
0011000001100001
0011000001010101
0011000001001001
0011000000111100
0011000000101110
0011000000100000
0011000000010001
0011000000000001
0010111111110001
0010111111100001
0010111111010000
0010111110111110
0010111110101100
0010111110011001
0010111110000101
0010111101110001
0010111101011101
0010111101001000
0010111100110010
0010111100011011
0010111100000101
0010111011101101
0010111011010101
0010111010111101
0010111010100011
0010111010001010
0010111001101111
0010111001010101
0010111000111001
0010111000011101
0010111000000001
0010110111100100
0010110111000110
0010110110101000
0010110110001001
0010110101101010
0010110101001010
0010110100101001
0010110100001001
0010110011100111
0010110011000101
0010110010100011
0010110001111111
0010110001011100
0010110000111000
0010110000010011
0010101111101110
0010101111001000
0010101110100010
0010101101111011
0010101101010011
0010101100101100
0010101100000011
0010101011011010
0010101010110001
0010101010000111
0010101001011100
0010101000110001
0010101000000110
0010100111011010
0010100110101101
0010100110000000
0010100101010011
0010100100100101
0010100011110110
0010100011000111
0010100010011000
0010100001101000
0010100000110111
0010100000000110
0010011111010101
0010011110100011
0010011101110001
0010011100111110
0010011100001010
0010011011010111
0010011010100010
0010011001101110
0010011000111000
0010011000000011
0010010111001100
0010010110010110
0010010101011111
0010010100100111
0010010011101111
0010010010110111
0010010001111110
0010010001000101
0010010000001011
0010001111010001
0010001110010110
0010001101011011
0010001100100000
0010001011100100
0010001010101000
0010001001101011
0010001000101110
0010000111110000
0010000110110010
0010000101110100
0010000100110101
0010000011110110
0010000010110110
0010000001110110
0010000000110110
0001111111110101
0001111110110100
0001111101110011
0001111100110001
0001111011101110
0001111010101100
0001111001101001
0001111000100101
0001110111100001
0001110110011101
0001110101011001
0001110100010100
0001110011001111
0001110010001001
0001110001000011
0001101111111101
0001101110110111
0001101101110000
0001101100101001
0001101011100001
0001101010011001
0001101001010001
0001101000001000
0001100111000000
0001100101110110
0001100100101101
0001100011100011
0001100010011001
0001100001001111
0001100000000100
0001011110111001
0001011101101110
0001011100100011
0001011011010111
0001011010001011
0001011000111110
0001010111110010
0001010110100101
0001010101011000
0001010100001010
0001010010111101
0001010001101111
0001010000100001
0001001111010010
0001001110000100
0001001100110101
0001001011100110
0001001010010110
0001001001000111
0001000111110111
0001000110100111
0001000101010111
0001000100000110
0001000010110110
0001000001100101
0001000000010100
0000111111000011
0000111101110001
0000111100100000
0000111011001110
0000111001111100
0000111000101010
0000110111011000
0000110110000101
0000110100110011
0000110011100000
0000110010001101
0000110000111010
0000101111100111
0000101110010011
0000101101000000
0000101011101100
0000101010011000
0000101001000100
0000100111110000
0000100110011100
0000100101001000
0000100011110011
0000100010011111
0000100001001010
0000011111110110
0000011110100001
0000011101001100
0000011011110111
0000011010100010
0000011001001101
0000010111110111
0000010110100010
0000010101001101
0000010011110111
0000010010100010
0000010001001100
0000001111110111
0000001110100001
0000001101001011
0000001011110110
0000001010100000
0000001001001010
0000000111110100
0000000110011110
0000000101001001
0000000011110011
0000000010011101
0000000001000111
1111111111110001
1111111110011011
1111111101000101
1111111011101111
1111111010011001
1111111001000100
1111110111101110
1111110110011000
1111110101000010
1111110011101100
1111110010010111
1111110001000001
1111101111101011
1111101110010110
1111101101000000
1111101011101011
1111101010010101
1111101001000000
1111100111101011
1111100110010110
1111100101000000
1111100011101011
1111100010010111
1111100001000010
1111011111101101
1111011110011000
1111011101000100
1111011011101111
1111011010011011
1111011001000111
1111010111110010
1111010110011110
1111010101001011
1111010011110111
1111010010100011
1111010001010000
1111001111111100
1111001110101001
1111001101010110
1111001100000011
1111001010110001
1111001001011110
1111001000001100
1111000110111001
1111000101100111
1111000100010101
1111000011000100
1111000001110010
1111000000100001
1110111111010000
1110111101111111
1110111100101110
1110111011011101
1110111010001101
1110111000111101
1110110111101101
1110110110011101
1110110101001110
1110110011111111
1110110010110000
1110110001100001
1110110000010010
1110101111000100
1110101101110110
1110101100101000
1110101011011011
1110101010001101
1110101001000000
1110100111110100
1110100110100111
1110100101011011
1110100100001111
1110100011000011
1110100001111000
1110100000101101
1110011111100010
1110011110010111
1110011101001101
1110011100000011
1110011010111001
1110011001110000
1110011000100111
1110010111011110
1110010110010110
1110010101001110
1110010100000110
1110010010111111
1110010001110111
1110010000110001
1110001111101010
1110001110100100
1110001101011110
1110001100011001
1110001011010100
1110001010001111
1110001001001011
1110001000000111
1110000111000011
1110000110000000
1110000100111101
1110000011111010
1110000010111000
1110000001110111
1110000000110101
1101111111110100
1101111110110100
1101111101110011
1101111100110011
1101111011110100
1101111010110101
1101111001110110
1101111000111000
1101110111111010
1101110110111101
1101110110000000
1101110101000011
1101110100000111
1101110011001011
1101110010010000
1101110001010101
1101110000011011
1101101111100001
1101101110100111
1101101101101110
1101101100110101
1101101011111101
1101101011000101
1101101010001110
1101101001010111
1101101000100001
1101100111101011
1101100110110101
1101100110000000
1101100101001011
1101100100010111
1101100011100100
1101100010110000
1101100001111110
1101100001001011
1101100000011010
1101011111101000
1101011110111000
1101011110000111
1101011101011000
1101011100101000
1101011011111001
1101011011001011
1101011010011101
1101011001110000
1101011001000011
1101011000010111
1101010111101011
1101010111000000
1101010110010101
1101010101101010
1101010101000001
1101010100010111
1101010011101111
1101010011000110
1101010010011111
1101010001111000
1101010001010001
1101010000101011
1101010000000101
1101001111100000
1101001110111100
1101001110011000
1101001101110100
1101001101010001
1101001100101111
1101001100001101
1101001011101100
1101001011001011
1101001010101011
1101001010001011
1101001001101100
1101001001001110
1101001000110000
1101001000010010
1101000111110101
1101000111011001
1101000110111101
1101000110100010
1101000110000111
1101000101101101
1101000101010100
1101000100111011
1101000100100010
1101000100001011
1101000011110011
1101000011011101
1101000011000111
1101000010110001
1101000010011100
1101000010001000
1101000001110100
1101000001100001
1101000001001110
1101000000111100
1101000000101010
1101000000011001
1101000000001001
1100111111111001
1100111111101010
1100111111011011
1100111111001101
1100111111000000
1100111110110011
1100111110100111
1100111110011011
1100111110010000
1100111110000101
1100111101111011
1100111101110010
1100111101101001
1100111101100001
1100111101011001
1100111101010010
1100111101001100
1100111101000110
1100111101000001
1100111100111100
1100111100111000
1100111100110101
1100111100110010
1100111100101111
1100111100101110
1100111100101101
1100111100101100
1100111100101100
1100111100101101
1100111100101110
1100111100110000
1100111100110010
1100111100110101
1100111100111001
1100111100111101
1100111101000010
1100111101000111
1100111101001101
1100111101010100
1100111101011011
1100111101100011
1100111101101011
1100111101110100
1100111101111101
1100111110000111
1100111110010010
1100111110011101
1100111110101001
1100111110110110
1100111111000011
1100111111010000
1100111111011110
1100111111101101
1100111111111100
1101000000001100
1101000000011101
1101000000101110
1101000000111111
1101000001010010
1101000001100100
1101000001111000
1101000010001100
1101000010100000
1101000010110101
1101000011001011
1101000011100001
1101000011111000
1101000100001111
1101000100100111
1101000101000000
1101000101011001
1101000101110011
1101000110001101
1101000110101000
1101000111000011
1101000111011111
1101000111111011
1101001000011000
1101001000110110
1101001001010100
1101001001110011
1101001010010010
1101001010110010
1101001011010010
1101001011110011
1101001100010100
1101001100110110
1101001101011001
1101001101111100
1101001110011111
1101001111000011
1101001111101000
1101010000001101
1101010000110011
1101010001011001
1101010010000000
1101010010100111
1101010011001111
1101010011110111
1101010100100000
1101010101001001
1101010101110011
1101010110011110
1101010111001000
1101010111110100
1101011000100000
1101011001001100
1101011001111001
1101011010100111
1101011011010101
1101011100000011
1101011100110010
1101011101100001
1101011110010001
1101011111000010
1101011111110011
1101100000100100
1101100001010110
1101100010001000
1101100010111011
1101100011101110
1101100100100010
1101100101010110
1101100110001011
1101100111000000
1101100111110110
1101101000101100
1101101001100010
1101101010011001
1101101011010001
1101101100001001
1101101101000001
1101101101111010
1101101110110011
1101101111101101
1101110000100111
1101110001100001
1101110010011100
1101110011011000
1101110100010100
1101110101010000
1101110110001100
1101110111001010
1101111000000111
1101111001000101
1101111010000011
1101111011000010
1101111100000001
1101111101000001
1101111110000001
1101111111000001
1110000000000010
1110000001000011
1110000010000100
1110000011000110
1110000100001000
1110000101001011
1110000110001110
1110000111010001
1110001000010101
1110001001011001
1110001010011101
1110001011100010
1110001100100111
1110001101101101
1110001110110011
1110001111111001
1110010000111111
1110010010000110
1110010011001101
1110010100010101
1110010101011101
1110010110100101
1110010111101101
1110011000110110
1110011001111111
1110011011001001
1110011100010010
1110011101011100
1110011110100111
1110011111110001
1110100000111100
1110100010000111
1110100011010011
1110100100011110
1110100101101010
1110100110110111
1110101000000011
1110101001010000
1110101010011101
1110101011101011
1110101100111000
1110101110000110
1110101111010100
1110110000100011
1110110001110001
1110110011000000
1110110100001111
1110110101011110
1110110110101110
1110110111111110
1110111001001110
1110111010011110
1110111011101110
1110111100111111
1110111110001111
1110111111100000
1111000000110010
1111000010000011
1111000011010101
1111000100100110
1111000101111000
1111000111001010
1111001000011101
1111001001101111
1111001011000010
1111001100010100
1111001101100111
1111001110111010
1111010000001110
1111010001100001
1111010010110100
1111010100001000
1111010101011100
1111010110110000
1111011000000100
1111011001011000
1111011010101100
1111011100000001
1111011101010101
1111011110101010
1111011111111110
1111100001010011
1111100010101000
1111100011111101
1111100101010010
1111100110100111
1111100111111100
1111101001010010
1111101010100111
1111101011111100
1111101101010010
1111101110100111
1111101111111101
1111110001010011
1111110010101000
1111110011111110
1111110101010100
1111110110101010
1111110111111111
1111111001010101
1111111010101011
1111111100000001
1111111101010111
1111111110101101
0000000000000011
0000000001011001
0000000010101111
0000000100000100
0000000101011010
0000000110110000
0000001000000110
0000001001011100
0000001010110010
0000001100000111
0000001101011101
0000001110110011
0000010000001000
0000010001011110
0000010010110100
0000010100001001
0000010101011110
0000010110110100
0000011000001001
0000011001011110
0000011010110011
0000011100001000
0000011101011101
0000011110110010
0000100000000111
0000100001011100
0000100010110000
0000100100000101
0000100101011001
0000100110101101
0000101000000010
0000101001010110
0000101010101001
0000101011111101
0000101101010001
0000101110100100
0000101111111000
0000110001001011
0000110010011110
0000110011110001
0000110101000100
0000110110010110
0000110111101001
0000111000111011
0000111010001101
0000111011011111
0000111100110001
0000111110000010
0000111111010100
0001000000100101
0001000001110110
0001000011000110
0001000100010111
0001000101100111
0001000110111000
0001001000000111
0001001001010111
0001001010100111
0001001011110110
0001001101000101
0001001110010100
0001001111100010
0001010000110001
0001010001111111
0001010011001101
0001010100011010
0001010101101000
0001010110110101
0001011000000010
0001011001001110
0001011010011010
0001011011100110
0001011100110010
0001011101111110
0001011111001001
0001100000010100
0001100001011110
0001100010101000
0001100011110010
0001100100111100
0001100110000110
0001100111001111
0001101000010111
0001101001100000
0001101010101000
0001101011110000
0001101100110111
0001101101111110
0001101111000101
0001110000001100
0001110001010010
0001110010011000
0001110011011101
0001110100100010
0001110101100111
0001110110101011
0001110111101111
0001111000110011
0001111001110110
0001111010111001
0001111011111100
0001111100111110
0001111110000000
0001111111000010
0010000000000011
0010000001000011
0010000010000100
0010000011000011
0010000100000011
0010000101000010
0010000110000001
0010000110111111
0010000111111101
0010001000111010
0010001001110111
0010001010110100
0010001011110000
0010001100101100
0010001101100111
0010001110100010
0010001111011101
0010010000010111
0010010001010001
0010010010001010
0010010011000011
0010010011111011
0010010100110011
0010010101101010
0010010110100001
0010010111011000
0010011000001110
0010011001000011
0010011001111000
0010011010101101
0010011011100001
0010011100010101
0010011101001000
0010011101111011
0010011110101101
0010011111011111
0010100000010001
0010100001000001
0010100001110010
0010100010100010
0010100011010001
0010100100000000
0010100100101110
0010100101011100
0010100110001010
0010100110110111
0010100111100011
0010101000001111
0010101000111010
0010101001100101
0010101010010000
0010101010111001
0010101011100011
0010101100001100
0010101100110100
0010101101011100
0010101110000011
0010101110101010
0010101111010000
0010101111110101
0010110000011011
0010110000111111
0010110001100011
0010110010000111
0010110010101010
0010110011001100
0010110011101110
0010110100001111
0010110100110000
0010110101010000
0010110101110000
0010110110001111
0010110110101110
0010110111001100
0010110111101010
0010111000000111
0010111000100011
0010111000111111
0010111001011010
0010111001110101
0010111010001111
0010111010101001
0010111011000010
0010111011011010
0010111011110010
0010111100001001
0010111100100000
0010111100110110
0010111101001100
0010111101100001
0010111101110110
0010111110001001
0010111110011101
0010111110110000
0010111111000010
0010111111010011
0010111111100100
0010111111110101
0011000000000101
0011000000010100
0011000000100011
0011000000110001
0011000000111110
0011000001001011
0011000001011000
0011000001100011
0011000001101111
0011000001111001
0011000010000011
0011000010001101
0011000010010110
0011000010011110
0011000010100110
0011000010101101
0011000010110011
0011000010111001
0011000010111110
0011000011000011
0011000011000111
0011000011001011
0011000011001110
0011000011010000
0011000011010010
0011000011010011
0011000011010100
0011000011010100
0011000011010011
0011000011010010
0011000011010000
0011000011001110
0011000011001011
0011000011001000
0011000011000100
0011000010111111
0011000010111010
0011000010110100
0011000010101101
0011000010100110
0011000010011111
0011000010010110
0011000010001110
0011000010000100
0011000001111010
0011000001110000
0011000001100100
0011000001011001
0011000001001100
0011000000111111
0011000000110010
0011000000100100
0011000000010101
0011000000000110
0010111111110110
0010111111100110
0010111111010101
0010111111000011
0010111110110001
0010111110011110
0010111110001011
0010111101110111
0010111101100011
0010111101001110
0010111100111000
0010111100100010
0010111100001011
0010111011110100
0010111011011100
0010111011000100
0010111010101011
0010111010010001
0010111001110111
0010111001011100
0010111001000001
0010111000100101
0010111000001001
0010110111101100
0010110111001110
0010110110110000
0010110110010010
0010110101110011
0010110101010011
0010110100110011
0010110100010010
0010110011110001
0010110011001111
0010110010101100
0010110010001010
0010110001100110
0010110001000010
0010110000011101
0010101111111000
0010101111010011
0010101110101101
0010101110000110
0010101101011111
0010101100110111
0010101100001111
0010101011100110
0010101010111101
0010101010010011
0010101001101001
0010101000111110
0010101000010010
0010100111100111
0010100110111010
0010100110001101
0010100101100000
0010100100110010
0010100100000100
0010100011010101
0010100010100101
0010100001110110
0010100001000101
0010100000010100
0010011111100011
0010011110110001
0010011101111111
0010011101001100
0010011100011001
0010011011100101
0010011010110001
0010011001111101
0010011001001000
0010011000010010
0010010111011100
0010010110100101
0010010101101111
0010010100110111
0010010011111111
0010010011000111
0010010010001110
0010010001010101
0010010000011100
0010001111100010
0010001110100111
0010001101101100
0010001100110001
0010001011110101
0010001010111001
0010001001111100
0010001000111111
0010001000000010
0010000111000100
0010000110000110
0010000101000111
0010000100001000
0010000011001000
0010000010001001
0010000001001000
0010000000001000
0001111111000111
0001111110000101
0001111101000011
0001111100000001
0001111010111111
0001111001111100
0001111000111001
0001110111110101
0001110110110001
0001110101101100
0001110100101000
0001110011100011
0001110010011101
0001110001010111
0001110000010001
0001101111001011
0001101110000100
0001101100111101
0001101011110101
0001101010101110
0001101001100110
0001101000011101
0001100111010100
0001100110001011
0001100101000010
0001100011111000
0001100010101110
0001100001100100
0001100000011010
0001011111001111
0001011110000100
0001011100111000
0001011011101100
0001011010100000
0001011001010100
0001011000001000
0001010110111011
0001010101101110
0001010100100000
0001010011010011
0001010010000101
0001010000110111
0001001111101001
0001001110011010
0001001101001011
0001001011111100
0001001010101101
0001001001011110
0001001000001110
0001000110111110
0001000101101110
0001000100011101
0001000011001101
0001000001111100
0001000000101011
0000111111011010
0000111110001001
0000111100110111
0000111011100101
0000111010010100
0000111001000001
0000110111101111
0000110110011101
0000110101001010
0000110011110111
0000110010100101
0000110001010010
0000101111111110
0000101110101011
0000101101010111
0000101100000100
0000101010110000
0000101001011100
0000101000001000
0000100110110100
0000100101100000
0000100100001011
0000100010110111
0000100001100010
0000100000001110
0000011110111001
0000011101100100
0000011100001111
0000011010111010
0000011001100101
0000011000010000
0000010110111011
0000010101100101
0000010100010000
0000010010111010
0000010001100101
0000010000001111
0000001110111010
0000001101100100
0000001100001110
0000001010111000
0000001001100011
0000001000001101
0000000110110111
0000000101100001
0000000100001011
0000000010110101
0000000001011111
0000000000001010
1111111110110100
1111111101011110
1111111100001000
1111111010110010
1111111001011100
1111111000000110
1111110110110000
1111110101011011
1111110100000101
1111110010101111
1111110001011001
1111110000000100
1111101110101110
1111101101011001
1111101100000011
1111101010101110
1111101001011000
1111101000000011
1111100110101110
1111100101011001
1111100100000100
1111100010101111
1111100001011010
1111100000000101
1111011110110000
1111011101011100
1111011100000111
1111011010110011
1111011001011111
1111011000001010
1111010110110110
1111010101100011
1111010100001111
1111010010111011
1111010001101000
1111010000010100
1111001111000001
1111001101101110
1111001100011011
1111001011001000
1111001001110110
1111001000100011
1111000111010001
1111000101111111
1111000100101101
1111000011011011
1111000010001001
1111000000111000
1110111111100111
1110111110010110
1110111101000101
1110111011110100
1110111010100100
1110111001010100
1110111000000100
1110110110110100
1110110101100101
1110110100010101
1110110011000110
1110110001110111
1110110000101001
1110101111011010
1110101110001100
1110101100111110
1110101011110001
1110101010100011
1110101001010110
1110101000001001
1110100110111101
1110100101110001
1110100100100100
1110100011011001
1110100010001101
1110100001000010
1110011111110111
1110011110101100
1110011101100010
1110011100011000
1110011011001110
1110011010000101
1110011000111100
1110010111110011
1110010110101010
1110010101100010
1110010100011010
1110010011010011
1110010010001100
1110010001000101
1110001111111110
1110001110111000
1110001101110010
1110001100101101
1110001011101000
1110001010100011
1110001001011110
1110001000011010
1110000111010110
1110000110010011
1110000101010000
1110000100001101
1110000011001011
1110000010001001
1110000001001000
1110000000000111
1101111111000110
1101111110000110
1101111101000110
1101111100000110
1101111011000111
1101111010001000
1101111001001010
1101111000001100
1101110111001110
1101110110010001
1101110101010101
1101110100011000
1101110011011100
1101110010100001
1101110001100110
1101110000101011
1101101111110001
1101101110111000
1101101101111110
1101101101000110
1101101100001101
1101101011010101
1101101010011110
1101101001100111
1101101000110000
1101100111111010
1101100111000100
1101100110001111
1101100101011010
1101100100100110
1101100011110010
1101100010111111
1101100010001100
1101100001011010
1101100000101000
1101011111110110
1101011111000110
1101011110010101
1101011101100101
1101011100110110
1101011100000111
1101011011011000
1101011010101010
1101011001111101
1101011001010000
1101011000100011
1101010111110111
1101010111001100
1101010110100001
1101010101110110
1101010101001101
1101010100100011
1101010011111010
1101010011010010
1101010010101010
1101010010000011
1101010001011100
1101010000110110
1101010000010000
1101001111101011
1101001111000110
1101001110100010
1101001101111110
1101001101011011
1101001100111001
1101001100010111
1101001011110101
1101001011010100
1101001010110100
1101001010010100
1101001001110101
1101001001010110
1101001000111000
1101001000011011
1101000111111110
1101000111100001
1101000111000101
1101000110101010
1101000110001111
1101000101110101
1101000101011011
1101000101000010
1101000100101001
1101000100010001
1101000011111010
1101000011100011
1101000011001101
1101000010110111
1101000010100010
1101000010001101
1101000001111001
1101000001100110
1101000001010011
1101000001000001
1101000000101111
1101000000011110
1101000000001110
1100111111111110
1100111111101110
1100111111011111
1100111111010001
1100111111000100
1100111110110111
1100111110101010
1100111110011110
1100111110010011
1100111110001000
1100111101111110
1100111101110101
1100111101101100
1100111101100011
1100111101011011
1100111101010100
1100111101001110
1100111101001000
1100111101000010
1100111100111101
1100111100111001
1100111100110110
1100111100110010
1100111100110000
1100111100101110
1100111100101101
1100111100101100
1100111100101100
1100111100101101
1100111100101110
1100111100101111
1100111100110010
1100111100110100
1100111100111000
1100111100111100
1100111101000000
1100111101000110
1100111101001011
1100111101010010
1100111101011001
1100111101100000
1100111101101000
1100111101110001
1100111101111011
1100111110000100
1100111110001111
1100111110011010
1100111110100110
1100111110110010
1100111110111111
1100111111001100
1100111111011010
1100111111101001
1100111111111000
1101000000001000
1101000000011000
1101000000101001
1101000000111010
1101000001001100
1101000001011111
1101000001110010
1101000010000110
1101000010011010
1101000010101111
1101000011000101
1101000011011011
1101000011110010
1101000100001001
1101000100100001
1101000100111001
1101000101010010
1101000101101011
1101000110000101
1101000110100000
1101000110111011
1101000111010111
1101000111110011
1101001000010000
1101001000101101
1101001001001011
1101001001101010
1101001010001001
1101001010101000
1101001011001001
1101001011101001
1101001100001010
1101001100101100
1101001101001111
1101001101110001
1101001110010101
1101001110111001
1101001111011101
1101010000000010
1101010000101000
1101010001001110
1101010001110101
1101010010011100
1101010011000011
1101010011101011
1101010100010100
1101010100111101
1101010101100111
1101010110010001
1101010110111100
1101010111100111
1101011000010011
1101011000111111
1101011001101100
1101011010011010
1101011011000111
1101011011110110
1101011100100100
1101011101010100
1101011110000100
1101011110110100
1101011111100101
1101100000010110
1101100001000111
1101100001111010
1101100010101100
1101100011100000
1101100100010011
1101100101000111
1101100101111100
1101100110110001
1101100111100110
1101101000011100
1101101001010011
1101101010001010
1101101011000001
1101101011111001
1101101100110001
1101101101101010
1101101110100011
1101101111011100
1101110000010110
1101110001010001
1101110010001011
1101110011000111
1101110100000010
1101110100111111
1101110101111011
1101110110111000
1101110111110101
1101111000110011
1101111001110001
1101111010110000
1101111011101111
1101111100101110
1101111101101110
1101111110101110
1101111111101111
1110000000110000
1110000001110001
1110000010110011
1110000011110101
1110000100111000
1110000101111011
1110000110111110
1110001000000001
1110001001000101
1110001010001010
1110001011001110
1110001100010011
1110001101011001
1110001110011111
1110001111100101
1110010000101011
1110010001110010
1110010010111001
1110010100000000
1110010101001000
1110010110010000
1110010111011000
1110011000100001
1110011001101010
1110011010110011
1110011011111101
1110011101000111
1110011110010001
1110011111011100
1110100000100111
1110100001110010
1110100010111101
1110100100001001
1110100101010101
1110100110100001
1110100111101101
1110101000111010
1110101010000111
1110101011010100
1110101100100010
1110101101110000
1110101110111110
1110110000001100
1110110001011011
1110110010101001
1110110011111000
1110110101001000
1110110110010111
1110110111100111
1110111000110111
1110111010000111
1110111011010111
1110111100101000
1110111101111000
1110111111001001
1111000000011010
1111000001101100
1111000010111101
1111000100001111
1111000101100001
1111000110110011
1111001000000101
1111001001010111
1111001010101010
1111001011111101
1111001101010000
1111001110100011
1111001111110110
1111010001001001
1111010010011101
1111010011110000
1111010101000100
1111010110011000
1111010111101100
1111011001000000
1111011010010100
1111011011101000
1111011100111101
1111011110010001
1111011111100110
1111100000111011
1111100010010000
1111100011100101
1111100100111010
1111100110001111
1111100111100100
1111101000111001
1111101010001111
1111101011100100
1111101100111001
1111101110001111
1111101111100101
1111110000111010
1111110010010000
1111110011100110
1111110100111011
1111110110010001
1111110111100111
1111111000111101
1111111010010011
1111111011101000
1111111100111110
1111111110010100
1111111111101010
0000000001000000
0000000010010110
0000000011101100
0000000101000010
0000000110011000
0000000111101101
0000001001000011
0000001010011001
0000001011101111
0000001101000101
0000001110011010
0000001111110000
0000010001000110
0000010010011011
0000010011110001
0000010101000110
0000010110011011
0000010111110001
0000011001000110
0000011010011011
0000011011110000
0000011101000101
0000011110011010
0000011111101111
0000100001000100
0000100010011000
0000100011101101
0000100101000001
0000100110010101
0000100111101010
0000101000111110
0000101010010001
0000101011100101
0000101100111001
0000101110001101
0000101111100000
0000110000110011
0000110010000110
0000110011011001
0000110100101100
0000110101111111
0000110111010001
0000111000100011
0000111001110110
0000111011001000
0000111100011001
0000111101101011
0000111110111100
0001000000001110
0001000001011111
0001000010101111
0001000100000000
0001000101010000
0001000110100001
0001000111110001
0001001001000000
0001001010010000
0001001011011111
0001001100101110
0001001101111101
0001001111001100
0001010000011010
0001010001101001
0001010010110110
0001010100000100
0001010101010010
0001010110011111
0001010111101100
0001011000111000
0001011010000101
0001011011010001
0001011100011100
0001011101101000
0001011110110011
0001011111111110
0001100001001001
0001100010010011
0001100011011101
0001100100100111
0001100101110001
0001100110111010
0001101000000011
0001101001001011
0001101010010011
0001101011011011
0001101100100011
0001101101101010
0001101110110001
0001101111111000
0001110000111110
0001110010000100
0001110011001001
0001110100001111
0001110101010011
0001110110011000
0001110111011100
0001111000100000
0001111001100011
0001111010100110
0001111011101001
0001111100101011
0001111101101101
0001111110101111
0001111111110000
0010000000110001
0010000001110001
0010000010110001
0010000011110001
0010000100110000
0010000101101111
0010000110101101
0010000111101011
0010001000101001
0010001001100110
0010001010100011
0010001011011111
0010001100011011
0010001101010111
0010001110010010
0010001111001100
0010010000000110
0010010001000000
0010010001111010
0010010010110010
0010010011101011
0010010100100011
0010010101011010
0010010110010001
0010010111001000
0010010111111110
0010011000110100
0010011001101001
0010011010011110
0010011011010010
0010011100000110
0010011100111010
0010011101101101
0010011110011111
0010011111010001
0010100000000011
0010100000110100
0010100001100100
0010100010010100
0010100011000100
0010100011110011
0010100100100001
0010100101001111
0010100101111101
0010100110101010
0010100111010110
0010101000000010
0010101000101110
0010101001011001
0010101010000011
0010101010101101
0010101011010111
0010101100000000
0010101100101000
0010101101010000
0010101101111000
0010101110011111
0010101111000101
0010101111101011
0010110000010000
0010110000110101
0010110001011001
0010110001111101
0010110010100000
0010110011000010
0010110011100100
0010110100000110
0010110100100111
0010110101000111
0010110101100111
0010110110000111
0010110110100101
0010110111000100
0010110111100001
0010110111111110
0010111000011011
0010111000110111
0010111001010010
0010111001101101
0010111010001000
0010111010100001
0010111010111011
0010111011010011
0010111011101011
0010111100000011
0010111100011010
0010111100110000
0010111101000110
0010111101011011
0010111101110000
0010111110000100
0010111110010111
0010111110101010
0010111110111101
0010111111001110
0010111111100000
0010111111110000
0011000000000000
0011000000010000
0011000000011111
0011000000101101
0011000000111011
0011000001001000
0011000001010100
0011000001100000
0011000001101100
0011000001110110
0011000010000001
0011000010001010
0011000010010011
0011000010011100
0011000010100011
0011000010101011
0011000010110001
0011000010111000
0011000010111101
0011000011000010
0011000011000110
0011000011001010
0011000011001101
0011000011010000
0011000011010010
0011000011010011
0011000011010100
0011000011010100
0011000011010100
0011000011010011
0011000011010001
0011000011001111
0011000011001100
0011000011001001
0011000011000101
0011000011000000
0011000010111011
0011000010110101
0011000010101111
0011000010101000
0011000010100001
0011000010011001
0011000010010000
0011000010000111
0011000001111101
0011000001110011
0011000001101000
0011000001011100
0011000001010000
0011000001000011
0011000000110110
0011000000101000
0011000000011001
0011000000001010
0010111111111011
0010111111101010
0010111111011010
0010111111001000
0010111110110110
0010111110100100
0010111110010001
0010111101111101
0010111101101001
0010111101010100
0010111100111110
0010111100101000
0010111100010010
0010111011111011
0010111011100011
0010111011001011
0010111010110010
0010111010011000
0010111001111110
0010111001100100
0010111001001001
0010111000101101
0010111000010001
0010110111110100
0010110111010111
0010110110111001
0010110110011011
0010110101111100
0010110101011100
0010110100111100
0010110100011011
0010110011111010
0010110011011001
0010110010110110
0010110010010100
0010110001110000
0010110001001100
0010110000101000
0010110000000011
0010101111011110
0010101110111000
0010101110010001
0010101101101010
0010101101000010
0010101100011010
0010101011110010
0010101011001001
0010101010011111
0010101001110101
0010101001001010
0010101000011111
0010100111110011
0010100111000111
0010100110011010
0010100101101101
0010100100111111
0010100100010001
0010100011100010
0010100010110011
0010100010000011
0010100001010011
0010100000100010
0010011111110001
0010011111000000
0010011110001110
0010011101011011
0010011100101000
0010011011110100
0010011011000000
0010011010001100
0010011001010111
0010011000100001
0010010111101011
0010010110110101
0010010101111110
0010010101000111
0010010100001111
0010010011010111
0010010010011111
0010010001100110
0010010000101100
0010001111110010
0010001110111000
0010001101111101
0010001101000010
0010001100000110
0010001011001010
0010001010001110
0010001001010001
0010001000010011
0010000111010110
0010000110010111
0010000101011001
0010000100011010
0010000011011011
0010000010011011
0010000001011011
0010000000011010
0001111111011001
0001111110011000
0001111101010110
0001111100010100
0001111011010010
0001111010001111
0001111001001100
0001111000001000
0001110111000100
0001110110000000
0001110100111011
0001110011110110
0001110010110001
0001110001101011
0001110000100101
0001101111011111
0001101110011000
0001101101010001
0001101100001010
0001101011000010
0001101001111010
0001101000110010
0001100111101001
0001100110100000
0001100101010111
0001100100001101
0001100011000100
0001100001111001
0001100000101111
0001011111100100
0001011110011001
0001011101001110
0001011100000010
0001011010110110
0001011001101010
0001011000011110
0001010111010001
0001010110000100
0001010100110111
0001010011101001
0001010010011011
0001010001001101
0001001111111111
0001001110110001
0001001101100010
0001001100010011
0001001011000100
0001001001110100
0001001000100101
0001000111010101
0001000110000101
0001000100110100
0001000011100100
0001000010010011
0001000001000010
0000111111110001
0000111110100000
0000111101001110
0000111011111101
0000111010101011
0000111001011001
0000111000000111
0000110110110100
0000110101100010
0000110100001111
0000110010111100
0000110001101001
0000110000010110
0000101111000011
0000101101101111
0000101100011100
0000101011001000
0000101001110100
0000101000100000
0000100111001100
0000100101111000
0000100100100100
0000100011001111
0000100001111011
0000100000100110
0000011111010001
0000011101111100
0000011100100111
0000011011010010
0000011001111101
0000011000101000
0000010111010011
0000010101111110
0000010100101000
0000010011010011
0000010001111101
0000010000101000
0000001111010010
0000001101111100
0000001100100111
0000001011010001
0000001001111011
0000001000100101
0000000111001111
0000000101111010
0000000100100100
0000000011001110
0000000001111000
0000000000100010
1111111111001100
1111111101110110
1111111100100000
1111111011001011
1111111001110101
1111111000011111
1111110111001001
1111110101110011
1111110100011101
1111110011001000
1111110001110010
1111110000011100
1111101111000111
1111101101110001
1111101100011100
1111101011000110
1111101001110001
1111101000011100
1111100111000110
1111100101110001
1111100100011100
1111100011000111
1111100001110010
1111100000011101
1111011111001001
1111011101110100
1111011100011111
1111011011001011
1111011001110111
1111011000100011
1111010111001110
1111010101111010
1111010100100111
1111010011010011
1111010001111111
1111010000101100
1111001111011001
1111001110000110
1111001100110011
1111001011100000
1111001010001101
1111001000111011
1111000111101000
1111000110010110
1111000101000100
1111000011110010
1111000010100001
1111000001001111
1110111111111110
1110111110101101
1110111101011100
1110111100001011
1110111010111011
1110111001101011
1110111000011011
1110110111001011
1110110101111011
1110110100101100
1110110011011101
1110110010001110
1110110000111111
1110101111110001
1110101110100011
1110101101010101
1110101100000111
1110101010111001
1110101001101100
1110101000011111
1110100111010011
1110100110000110
1110100100111010
1110100011101110
1110100010100011
1110100001010111
1110100000001100
1110011111000010
1110011101110111
1110011100101101
1110011011100011
1110011010011010
1110011001010001
1110011000001000
1110010110111111
1110010101110111
1110010100101111
1110010011100111
1110010010100000
1110010001011001
1110010000010010
1110001111001100
1110001110000110
1110001101000001
1110001011111011
1110001010110110
1110001001110010
1110001000101110
1110000111101010
1110000110100110
1110000101100011
1110000100100000
1110000011011110
1110000010011100
1110000001011011
1110000000011001
1101111111011000
1101111110011000
1101111101011000
1101111100011000
1101111011011001
1101111010011010
1101111001011100
1101111000011110
1101110111100000
1101110110100011
1101110101100110
1101110100101010
1101110011101110
1101110010110010
1101110001110111
1101110000111100
1101110000000010
1101101111001000
1101101110001111
1101101101010110
1101101100011101
1101101011100101
1101101010101110
1101101001110110
1101101001000000
1101101000001001
1101100111010100
1101100110011110
1101100101101001
1101100100110101
1101100100000001
1101100011001110
1101100010011011
1101100001101000
1101100000110110
1101100000000101
1101011111010011
1101011110100011
1101011101110011
1101011101000011
1101011100010100
1101011011100101
1101011010110111
1101011010001010
1101011001011101
1101011000110000
1101011000000100
1101010111011000
1101010110101101
1101010110000011
1101010101011001
1101010100101111
1101010100000110
1101010011011101
1101010010110101
1101010010001110
1101010001100111
1101010001000001
1101010000011011
1101001111110101
1101001111010001
1101001110101100
1101001110001000
1101001101100101
1101001101000011
1101001100100000
1101001011111111
1101001011011110
1101001010111101
1101001010011101
1101001001111110
1101001001011111
1101001001000001
1101001000100011
1101001000000110
1101000111101001
1101000111001101
1101000110110010
1101000110010111
1101000101111100
1101000101100010
1101000101001001
1101000100110000
1101000100011000
1101000100000001
1101000011101010
1101000011010011
1101000010111101
1101000010101000
1101000010010011
1101000001111111
1101000001101011
1101000001011000
1101000001000110
1101000000110100
1101000000100011
1101000000010010
1101000000000010
1100111111110011
1100111111100100
1100111111010101
1100111111000111
1100111110111010
1100111110101110
1100111110100010
1100111110010110
1100111110001011
1100111110000001
1100111101110111
1100111101101110
1100111101100110
1100111101011110
1100111101010110
1100111101001111
1100111101001001
1100111101000100
1100111100111111
1100111100111010
1100111100110111
1100111100110011
1100111100110001
1100111100101111
1100111100101101
1100111100101100
1100111100101100
1100111100101100
1100111100101101
1100111100101111
1100111100110001
1100111100110011
1100111100110111
1100111100111011
1100111100111111
1100111101000100
1100111101001010
1100111101010000
1100111101010111
1100111101011110
1100111101100110
1100111101101111
1100111101111000
1100111110000010
1100111110001100
1100111110010111
1100111110100010
1100111110101110
1100111110111011
1100111111001000
1100111111010110
1100111111100100
1100111111110011
1101000000000011
1101000000010011
1101000000100100
1101000000110101
1101000001000111
1101000001011010
1101000001101101
1101000010000000
1101000010010100
1101000010101001
1101000010111111
1101000011010101
1101000011101011
1101000100000010
1101000100011010
1101000100110010
1101000101001011
1101000101100100
1101000101111110
1101000110011000
1101000110110011
1101000111001111
1101000111101011
1101001000001000
1101001000100101
1101001001000011
1101001001100001
1101001010000000
1101001010011111
1101001010111111
1101001011100000
1101001100000001
1101001100100011
1101001101000101
1101001101100111
1101001110001011
1101001110101110
1101001111010011
1101001111111000
1101010000011101
1101010001000011
1101010001101001
1101010010010000
1101010010111000
1101010011100000
1101010100001001
1101010100110010
1101010101011011
1101010110000101
1101010110110000
1101010111011011
1101011000000111
1101011000110011
1101011001011111
1101011010001101
1101011010111010
1101011011101000
1101011100010111
1101011101000110
1101011101110110
1101011110100110
1101011111010111
1101100000001000
1101100000111001
1101100001101011
1101100010011110
1101100011010001
1101100100000100
1101100100111000
1101100101101101
1101100110100010
1101100111010111
1101101000001101
1101101001000011
1101101001111010
1101101010110001
1101101011101001
1101101100100001
1101101101011001
1101101110010010
1101101111001100
1101110000000110
1101110001000000
1101110001111011
1101110010110110
1101110011110001
1101110100101101
1101110101101010
1101110110100111
1101110111100100
1101111000100010
1101111001100000
1101111010011110
1101111011011101
1101111100011100
1101111101011100
1101111110011100
1101111111011101
1110000000011101
1110000001011111
1110000010100000
1110000011100010
1110000100100101
1110000101100111
1110000110101011
1110000111101110
1110001000110010
1110001001110110
1110001010111011
1110001100000000
1110001101000101
1110001110001011
1110001111010001
1110010000010111
1110010001011110
1110010010100101
1110010011101100
1110010100110011
1110010101111011
1110010111000100
1110011000001100
1110011001010101
1110011010011111
1110011011101000
1110011100110010
1110011101111100
1110011111000110
1110100000010001
1110100001011100
1110100010101000
1110100011110011
1110100100111111
1110100110001011
1110100111011000
1110101000100100
1110101001110001
1110101010111110
1110101100001100
1110101101011010
1110101110101000
1110101111110110
1110110001000100
1110110010010011
1110110011100010
1110110100110001
1110110110000000
1110110111010000
1110111000100000
1110111001110000
1110111011000000
1110111100010001
1110111101100001
1110111110110010
1111000000000011
1111000001010100
1111000010100110
1111000011111000
1111000101001001
1111000110011011
1111000111101110
1111001001000000
1111001010010010
1111001011100101
1111001100111000
1111001110001011
1111001111011110
1111010000110001
1111010010000101
1111010011011000
1111010100101100
1111010110000000
1111010111010100
1111011000101000
1111011001111100
1111011011010000
1111011100100101
1111011101111001
1111011111001110
1111100000100011
1111100001111000
1111100011001100
1111100100100001
1111100101110111
1111100111001100
1111101000100001
1111101001110110
1111101011001100
1111101100100001
1111101101110111
1111101111001100
1111110000100010
1111110001110111
1111110011001101
1111110100100011
1111110101111001
1111110111001110
1111111000100100
1111111001111010
1111111011010000
1111111100100110
1111111101111100
1111111111010010
0000000000101000
0000000001111101
0000000011010011
0000000100101001
0000000101111111
0000000111010101
0000001000101011
0000001010000001
0000001011010110
0000001100101100
0000001110000010
0000001111010111
0000010000101101
0000010010000011
0000010011011000
0000010100101110
0000010110000011
0000010111011000
0000011000101110
0000011010000011
0000011011011000
0000011100101101
0000011110000010
0000011111010111
0000100000101011
0000100010000000
0000100011010101
0000100100101001
0000100101111101
0000100111010001
0000101000100110
0000101001111010
0000101011001101
0000101100100001
0000101101110101
0000101111001000
0000110000011011
0000110001101111
0000110011000010
0000110100010100
0000110101100111
0000110110111010
0000111000001100
0000111001011110
0000111010110000
0000111100000010
0000111101010100
0000111110100101
0000111111110110
0001000001000111
0001000010011000
0001000011101001
0001000100111010
0001000110001010
0001000111011010
0001001000101010
0001001001111001
0001001011001001
0001001100011000
0001001101100111
0001001110110110
0001010000000100
0001010001010010
0001010010100000
0001010011101110
0001010100111011
0001010110001001
0001010111010110
0001011000100010
0001011001101111
0001011010111011
0001011100000111
0001011101010010
0001011110011110
0001011111101001
0001100000110100
0001100001111110
0001100011001000
0001100100010010
0001100101011100
0001100110100101
0001100111101110
0001101000110110
0001101001111111
0001101011000111
0001101100001110
0001101101010110
0001101110011101
0001101111100100
0001110000101010
0001110001110000
0001110010110110
0001110011111011
0001110101000000
0001110110000100
0001110111001001
0001111000001101
0001111001010000
0001111010010011
0001111011010110
0001111100011000
0001111101011010
0001111110011100
0001111111011101
0010000000011110
0010000001011111
0010000010011111
0010000011011111
0010000100011110
0010000101011101
0010000110011011
0010000111011010
0010001000010111
0010001001010101
0010001010010001
0010001011001110
0010001100001010
0010001101000110
0010001110000001
0010001110111011
0010001111110110
0010010000110000
0010010001101001
0010010010100010
0010010011011011
0010010100010011
0010010101001011
0010010110000010
0010010110111001
0010010111101111
0010011000100101
0010011001011010
0010011010001111
0010011011000100
0010011011111000
0010011100101011
0010011101011110
0010011110010001
0010011111000011
0010011111110100
0010100000100110
0010100001010110
0010100010000110
0010100010110110
0010100011100101
0010100100010100
0010100101000010
0010100101110000
0010100110011101
0010100111001010
0010100111110110
0010101000100010
0010101001001101
0010101001110111
0010101010100010
0010101011001011
0010101011110100
0010101100011101
0010101101000101
0010101101101100
0010101110010011
0010101110111010
0010101111100000
0010110000000101
0010110000101010
0010110001001111
0010110001110010
0010110010010110
0010110010111001
0010110011011011
0010110011111100
0010110100011110
0010110100111110
0010110101011110
0010110101111110
0010110110011101
0010110110111011
0010110111011001
0010110111110110
0010111000010011
0010111000101111
0010111001001011
0010111001100110
0010111010000000
0010111010011010
0010111010110011
0010111011001100
0010111011100100
0010111011111100
0010111100010011
0010111100101010
0010111101000000
0010111101010101
0010111101101010
0010111101111110
0010111110010010
0010111110100101
0010111110110111
0010111111001001
0010111111011011
0010111111101011
0010111111111100
0011000000001011
0011000000011010
0011000000101001
0011000000110111
0011000001000100
0011000001010001
0011000001011101
0011000001101000
0011000001110011
0011000001111110
0011000010000111
0011000010010001
0011000010011001
0011000010100001
0011000010101001
0011000010110000
0011000010110110
0011000010111100
0011000011000001
0011000011000101
0011000011001001
0011000011001100
0011000011001111
0011000011010001
0011000011010011
0011000011010100
0011000011010100
0011000011010100
0011000011010011
0011000011010010
0011000011010000
0011000011001101
0011000011001010
0011000011000110
0011000011000010
0011000010111101
0011000010110111
0011000010110001
0011000010101010
0011000010100011
0011000010011011
0011000010010011
0011000010001010
0011000010000000
0011000001110110
0011000001101011
0011000001011111
0011000001010011
0011000001000111
0011000000111010
0011000000101100
0011000000011110
0011000000001111
0010111111111111
0010111111101111
0010111111011110
0010111111001101
0010111110111011
0010111110101001
0010111110010110
0010111110000011
0010111101101110
0010111101011010
0010111101000100
0010111100101111
0010111100011000
0010111100000001
0010111011101010
0010111011010010
0010111010111001
0010111010100000
0010111010000110
0010111001101100
0010111001010001
0010111000110101
0010111000011001
0010110111111101
0010110111011111
0010110111000010
0010110110100011
0010110110000101
0010110101100101
0010110101000101
0010110100100101
0010110100000100
0010110011100010
0010110011000000
0010110010011110
0010110001111010
0010110001010111
0010110000110010
0010110000001110
0010101111101000
0010101111000010
0010101110011100
0010101101110101
0010101101001110
0010101100100110
0010101011111101
0010101011010100
0010101010101011
0010101010000001
0010101001010110
0010101000101011
0010101000000000
0010100111010100
0010100110100111
0010100101111010
0010100101001100
0010100100011110
0010100011110000
0010100011000001
0010100010010001
0010100001100001
0010100000110000
0010011111111111
0010011111001110
0010011110011100
0010011101101001
0010011100110110
0010011100000011
0010011011001111
0010011010011011
0010011001100110
0010011000110001
0010010111111011
0010010111000101
0010010110001110
0010010101010111
0010010100011111
0010010011100111
0010010010101111
0010010001110110
0010010000111101
0010010000000011
0010001111001000
0010001110001110
0010001101010011
0010001100010111
0010001011011011
0010001010011111
0010001001100010
0010001000100101
0010000111100111
0010000110101001
0010000101101011
0010000100101100
0010000011101101
0010000010101101
0010000001101101
0010000000101101
0001111111101100
0001111110101011
0001111101101001
0001111100100111
0001111011100101
0001111010100010
0001111001011111
0001111000011100
0001110111011000
0001110110010100
0001110101001111
0001110100001010
0001110011000101
0001110001111111
0001110000111001
0001101111110011
0001101110101101
0001101101100110
0001101100011110
0001101011010111
0001101010001111
0001101001000111
0001100111111110
0001100110110101
0001100101101100
0001100100100010
0001100011011001
0001100010001111
0001100001000100
0001011111111001
0001011110101111
0001011101100011
0001011100011000
0001011011001100
0001011010000000
0001011000110011
0001010111100111
0001010110011010
0001010101001101
0001010011111111
0001010010110010
0001010001100100
0001010000010101
0001001111000111
0001001101111000
0001001100101001
0001001011011010
0001001010001011
0001001000111011
0001000111101100
0001000110011100
0001000101001011
0001000011111011
0001000010101010
0001000001011001
0001000000001000
0000111110110111
0000111101100110
0000111100010100
0000111011000010
0000111001110000
0000111000011110
0000110111001100
0000110101111001
0000110100100111
0000110011010100
0000110010000001
0000110000101110
0000101111011011
0000101110000111
0000101100110100
0000101011100000
0000101010001100
0000101000111000
0000100111100100
0000100110010000
0000100100111100
0000100011100111
0000100010010011
0000100000111110
0000011111101001
0000011110010101
0000011101000000
0000011011101011
0000011010010110
0000011001000000
0000010111101011
0000010110010110
0000010101000001
0000010011101011
0000010010010110
0000010001000000
0000001111101010
0000001110010101
0000001100111111
0000001011101001
0000001010010100
0000001000111110
0000000111101000
0000000110010010
0000000100111100
0000000011100110
0000000010010001
0000000000111011
1111111111100101
1111111110001111
1111111100111001
1111111011100011
1111111010001101
1111111000110111
1111110111100001
1111110110001100
1111110100110110
1111110011100000
1111110010001010
1111110000110101
1111101111011111
1111101110001010
1111101100110100
1111101011011111
1111101010001001
1111101000110100
1111100111011111
1111100110001001
1111100100110100
1111100011011111
1111100010001010
1111100000110110
1111011111100001
1111011110001100
1111011100111000
1111011011100011
1111011010001111
1111011000111011
1111010111100110
1111010110010010
1111010100111111
1111010011101011
1111010010010111
1111010001000100
1111001111110001
1111001110011101
1111001101001010
1111001011110111
1111001010100101
1111001001010010
1111001000000000
1111000110101110
1111000101011100
1111000100001010
1111000010111000
1111000001100111
1111000000010101
1110111111000100
1110111101110011
1110111100100010
1110111011010010
1110111010000010
1110111000110010
1110110111100010
1110110110010010
1110110101000011
1110110011110011
1110110010100100
1110110001010110
1110110000000111
1110101110111001
1110101101101011
1110101100011101
1110101011010000
1110101010000010
1110101000110101
1110100111101001
1110100110011100
1110100101010000
1110100100000100
1110100010111000
1110100001101101
1110100000100010
1110011111010111
1110011110001101
1110011101000010
1110011011111000
1110011010101111
1110011001100110
1110011000011101
1110010111010100
1110010110001100
1110010101000011
1110010011111100
1110010010110100
1110010001101101
1110010000100111
1110001111100000
1110001110011010
1110001101010100
1110001100001111
1110001011001010
1110001010000101
1110001001000001
1110000111111101
1110000110111010
1110000101110110
1110000100110011
1110000011110001
1110000010101111
1110000001101101
1110000000101100
1101111111101011
1101111110101010
1101111101101010
1101111100101010
1101111011101011
1101111010101100
1101111001101101
1101111000101111
1101110111110010
1101110110110100
1101110101110111
1101110100111011
1101110011111111
1101110011000011
1101110010001000
1101110001001101
1101110000010010
1101101111011001
1101101110011111
1101101101100110
1101101100101101
1101101011110101
1101101010111101
1101101010000110
1101101001001111
1101101000011001
1101100111100011
1101100110101101
1101100101111000
1101100101000100
1101100100010000
1101100011011100
1101100010101001
1101100001110110
1101100001000100
1101100000010011
1101011111100001
1101011110110001
1101011110000000
1101011101010001
1101011100100001
1101011011110011
1101011011000100
1101011010010111
1101011001101001
1101011000111101
1101011000010000
1101010111100101
1101010110111001
1101010110001111
1101010101100100
1101010100111011
1101010100010010
1101010011101001
1101010011000001
1101010010011001
1101010001110010
1101010001001011
1101010000100101
1101010000000000
1101001111011011
1101001110110111
1101001110010011
1101001101101111
1101001101001100
1101001100101010
1101001100001000
1101001011100111
1101001011000111
1101001010100110
1101001010000111
1101001001101000
1101001001001001
1101001000101011
1101001000001110
1101000111110001
1101000111010101
1101000110111001
1101000110011110
1101000110000100
1101000101101010
1101000101010000
1101000100110111
1101000100011111
1101000100000111
1101000011110000
1101000011011001
1101000011000011
1101000010101110
1101000010011001
1101000010000101
1101000001110001
1101000001011110
1101000001001011
1101000000111001
1101000000101000
1101000000010111
1101000000000111
1100111111110111
1100111111101000
1100111111011001
1100111111001011
1100111110111110
1100111110110001
1100111110100101
1100111110011001
1100111110001110
1100111110000100
1100111101111010
1100111101110001
1100111101101000
1100111101100000
1100111101011000
1100111101010001
1100111101001011
1100111101000101
1100111101000000
1100111100111100
1100111100111000
1100111100110100
1100111100110001
1100111100101111
1100111100101101
1100111100101100
1100111100101100
1100111100101100
1100111100101101
1100111100101110
1100111100110000
1100111100110011
1100111100110110
1100111100111001
1100111100111110
1100111101000011
1100111101001000
1100111101001110
1100111101010101
1100111101011100
1100111101100100
1100111101101100
1100111101110101
1100111101111111
1100111110001001
1100111110010100
1100111110011111
1100111110101011
1100111110110111
1100111111000100
1100111111010010
1100111111100000
1100111111101111
1100111111111111
1101000000001111
1101000000011111
1101000000110000
1101000001000010
1101000001010100
1101000001100111
1101000001111011
1101000010001111
1101000010100011
1101000010111000
1101000011001110
1101000011100101
1101000011111011
1101000100010011
1101000100101011
1101000101000011
1101000101011101
1101000101110110
1101000110010001
1101000110101011
1101000111000111
1101000111100011
1101000111111111
1101001000011100
1101001000111010
1101001001011000
1101001001110111
1101001010010110
1101001010110110
1101001011010111
1101001011110111
1101001100011001
1101001100111011
1101001101011101
1101001110000001
1101001110100100
1101001111001000
1101001111101101
1101010000010010
1101010000111000
1101010001011110
1101010010000101
1101010010101101
1101010011010100
1101010011111101
1101010100100110
1101010101001111
1101010101111001
1101010110100100
1101010111001111
1101010111111010
1101011000100110
1101011001010011
1101011010000000
1101011010101101
1101011011011011
1101011100001010
1101011100111001
1101011101101000
1101011110011000
1101011111001001
1101011111111010
1101100000101011
1101100001011101
1101100010001111
1101100011000010
1101100011110110
1101100100101001
1101100101011110
1101100110010010
1101100111001000
1101100111111101
1101101000110100
1101101001101010
1101101010100001
1101101011011001
1101101100010001
1101101101001001
1101101110000010
1101101110111011
1101101111110101
1101110000101111
1101110001101010
1101110010100101
1101110011100000
1101110100011100
1101110101011000
1101110110010101
1101110111010010
1101111000010000
1101111001001110
1101111010001100
1101111011001011
1101111100001010
1101111101001010
1101111110001010
1101111111001010
1110000000001011
1110000001001100
1110000010001101
1110000011001111
1110000100010010
1110000101010100
1110000110010111
1110000111011011
1110001000011111
1110001001100011
1110001010100111
1110001011101100
1110001100110001
1110001101110111
1110001110111101
1110010000000011
1110010001001001
1110010010010000
1110010011010111
1110010100011111
1110010101100111
1110010110101111
1110010111111000
1110011001000000
1110011010001010
1110011011010011
1110011100011101
1110011101100111
1110011110110001
1110011111111100
1110100001000111
1110100010010010
1110100011011101
1110100100101001
1110100101110101
1110100111000010
1110101000001110
1110101001011011
1110101010101000
1110101011110110
1110101101000011
1110101110010001
1110101111011111
1110110000101110
1110110001111100
1110110011001011
1110110100011010
1110110101101010
1110110110111001
1110111000001001
1110111001011001
1110111010101001
1110111011111010
1110111101001010
1110111110011011
1110111111101100
1111000000111101
1111000010001111
1111000011100000
1111000100110010
1111000110000100
1111000111010110
1111001000101000
1111001001111011
1111001011001101
1111001100100000
1111001101110011
1111001111000110
1111010000011001
1111010001101101
1111010011000000
1111010100010100
1111010101101000
1111010110111100
1111011000010000
1111011001100100
1111011010111000
1111011100001101
1111011101100001
1111011110110110
1111100000001010
1111100001011111
1111100010110100
1111100100001001
1111100101011110
1111100110110011
1111101000001001
1111101001011110
1111101010110011
1111101100001001
1111101101011110
1111101110110100
1111110000001001
1111110001011111
1111110010110101
1111110100001010
1111110101100000
1111110110110110
1111111000001100
1111111001100010
1111111010110111
1111111100001101
1111111101100011
1111111110111001
0000000000001111
0000000001100101
0000000010111011
0000000100010001
0000000101100111
0000000110111100
0000001000010010
0000001001101000
0000001010111110
0000001100010100
0000001101101001
0000001110111111
0000010000010101
0000010001101010
0000010011000000
0000010100010101
0000010101101011
0000010111000000
0000011000010101
0000011001101010
0000011011000000
0000011100010101
0000011101101001
0000011110111110
0000100000010011
0000100001101000
0000100010111100
0000100100010001
0000100101100101
0000100110111001
0000101000001110
0000101001100010
0000101010110101
0000101100001001
0000101101011101
0000101110110000
0000110000000100
0000110001010111
0000110010101010
0000110011111101
0000110101001111
0000110110100010
0000110111110100
0000111001000111
0000111010011001
0000111011101011
0000111100111100
0000111110001110
0000111111011111
0001000000110000
0001000010000001
0001000011010010
0001000100100011
0001000101110011
0001000111000011
0001001000010011
0001001001100011
0001001010110010
0001001100000001
0001001101010000
0001001110011111
0001001111101110
0001010000111100
0001010010001010
0001010011011000
0001010100100101
0001010101110011
0001010111000000
0001011000001100
0001011001011001
0001011010100101
0001011011110001
0001011100111101
0001011110001000
0001011111010011
0001100000011110
0001100001101001
0001100010110011
0001100011111101
0001100101000111
0001100110010000
0001100111011001
0001101000100010
0001101001101010
0001101010110010
0001101011111010
0001101101000001
0001101110001001
0001101111001111
0001110000010110
0001110001011100
0001110010100010
0001110011100111
0001110100101100
0001110101110001
0001110110110101
0001110111111001
0001111000111101
0001111010000000
0001111011000011
0001111100000110
0001111101001000
0001111110001001
0001111111001011
0010000000001100
0010000001001100
0010000010001101
0010000011001101
0010000100001100
0010000101001011
0010000110001010
0010000111001000
0010001000000110
0010001001000011
0010001010000000
0010001010111101
0010001011111001
0010001100110101
0010001101110000
0010001110101011
0010001111100101
0010010000011111
0010010001011001
0010010010010010
0010010011001011
0010010100000011
0010010100111011
0010010101110010
0010010110101001
0010010111011111
0010011000010101
0010011001001011
0010011010000000
0010011010110101
0010011011101001
0010011100011100
0010011101010000
0010011110000010
0010011110110101
0010011111100110
0010100000011000
0010100001001000
0010100001111001
0010100010101000
0010100011011000
0010100100000111
0010100100110101
0010100101100011
0010100110010000
0010100110111101
0010100111101001
0010101000010101
0010101001000000
0010101001101011
0010101010010110
0010101010111111
0010101011101001
0010101100010001
0010101100111010
0010101101100001
0010101110001000
0010101110101111
0010101111010101
0010101111111011
0010110000100000
0010110001000100
0010110001101000
0010110010001100
0010110010101111
0010110011010001
0010110011110011
0010110100010100
0010110100110101
0010110101010101
0010110101110101
0010110110010100
0010110110110010
0010110111010000
0010110111101110
0010111000001011
0010111000100111
0010111001000011
0010111001011110
0010111001111001
0010111010010011
0010111010101100
0010111011000101
0010111011011110
0010111011110101
0010111100001101
0010111100100011
0010111100111001
0010111101001111
0010111101100100
0010111101111000
0010111110001100
0010111110011111
0010111110110010
0010111111000100
0010111111010110
0010111111100111
0010111111110111
0011000000000111
0011000000010110
0011000000100101
0011000000110011
0011000001000000
0011000001001101
0011000001011001
0011000001100101
0011000001110000
0011000001111011
0011000010000101
0011000010001110
0011000010010111
0011000010011111
0011000010100111
0011000010101110
0011000010110100
0011000010111010
0011000010111111
0011000011000100
0011000011001000
0011000011001011
0011000011001110
0011000011010001
0011000011010010
0011000011010011
0011000011010100
0011000011010100
0011000011010011
0011000011010010
0011000011010000
0011000011001110
0011000011001011
0011000011000111
0011000011000011
0011000010111110
0011000010111001
0011000010110011
0011000010101100
0011000010100101
0011000010011101
0011000010010101
0011000010001100
0011000010000011
0011000001111001
0011000001101110
0011000001100011
0011000001010111
0011000001001010
0011000000111101
0011000000110000
0011000000100010
0011000000010011
0011000000000100
0010111111110100
0010111111100011
0010111111010010
0010111111000001
0010111110101110
0010111110011100
0010111110001000
0010111101110100
0010111101100000
0010111101001011
0010111100110101
0010111100011111
0010111100001000
0010111011110001
0010111011011001
0010111011000000
0010111010100111
0010111010001101
0010111001110011
0010111001011000
0010111000111101
0010111000100001
0010111000000101
0010110111101000
0010110111001010
0010110110101100
0010110110001101
0010110101101110
0010110101001110
0010110100101110
0010110100001101
0010110011101100
0010110011001010
0010110010100111
0010110010000100
0010110001100001
0010110000111101
0010110000011000
0010101111110011
0010101111001101
0010101110100111
0010101110000000
0010101101011001
0010101100110001
0010101100001001
0010101011100000
0010101010110111
0010101010001101
0010101001100010
0010101000111000
0010101000001100
0010100111100000
0010100110110100
0010100110000111
0010100101011001
0010100100101011
0010100011111101
0010100011001110
0010100010011111
0010100001101111
0010100000111110
0010100000001101
0010011111011100
0010011110101010
0010011101111000
0010011101000101
0010011100010010
0010011011011110
0010011010101010
0010011001110101
0010011001000000
0010011000001010
0010010111010100
0010010110011110
0010010101100111
0010010100101111
0010010011110111
0010010010111111
0010010010000110
0010010001001101
0010010000010011
0010001111011001
0010001110011111
0010001101100100
0010001100101000
0010001011101100
0010001010110000
0010001001110100
0010001000110110
0010000111111001
0010000110111011
0010000101111101
0010000100111110
0010000011111111
0010000010111111
0010000001111111
0010000000111111
0001111111111110
0001111110111101
0001111101111100
0001111100111010
0001111011111000
0001111010110101
0001111001110010
0001111000101111
0001110111101011
0001110110100111
0001110101100011
0001110100011110
0001110011011001
0001110010010011
0001110001001101
0001110000000111
0001101111000001
0001101101111010
0001101100110011
0001101011101011
0001101010100011
0001101001011011
0001101000010011
0001100111001010
0001100110000001
0001100100110111
0001100011101110
0001100010100100
0001100001011001
0001100000001111
0001011111000100
0001011101111001
0001011100101101
0001011011100010
0001011010010110
0001011001001001
0001010111111101
0001010110110000
0001010101100011
0001010100010101
0001010011001000
0001010001111010
0001010000101100
0001001111011101
0001001110001111
0001001101000000
0001001011110001
0001001010100010
0001001001010010
0001001000000010
0001000110110010
0001000101100010
0001000100010010
0001000011000001
0001000001110001
0001000000100000
0000111111001110
0000111101111101
0000111100101011
0000111011011010
0000111010001000
0000111000110110
0000110111100011
0000110110010001
0000110100111110
0000110011101100
0000110010011001
0000110001000110
0000101111110010
0000101110011111
0000101101001100
0000101011111000
0000101010100100
0000101001010000
0000100111111100
0000100110101000
0000100101010100
0000100011111111
0000100010101011
0000100001010110
0000100000000010
0000011110101101
0000011101011000
0000011100000011
0000011010101110
0000011001011001
0000011000000100
0000010110101110
0000010101011001
0000010100000100
0000010010101110
0000010001011001
0000010000000011
0000001110101101
0000001101011000
0000001100000010
0000001010101100
0000001001010110
0000001000000001
0000000110101011
0000000101010101
0000000011111111
0000000010101001
0000000001010011
1111111111111101
1111111110100111
1111111101010001
1111111011111100
1111111010100110
1111111001010000
1111110111111010
1111110110100100
1111110101001110
1111110011111001
1111110010100011
1111110001001101
1111101111111000
1111101110100010
1111101101001100
1111101011110111
1111101010100010
1111101001001100
1111100111110111
1111100110100010
1111100101001101
1111100011111000
1111100010100011
1111100001001110
1111011111111001
1111011110100100
1111011101010000
1111011011111011
1111011010100111
1111011001010011
1111010111111110
1111010110101010
1111010101010111
1111010100000011
1111010010101111
1111010001011100
1111010000001000
1111001110110101
1111001101100010
1111001100001111
1111001010111100
1111001001101010
1111001000010111
1111000111000101
1111000101110011
1111000100100001
1111000011001111
1111000001111110
1111000000101100
1110111111011011
1110111110001010
1110111100111010
1110111011101001
1110111010011001
1110111001001000
1110110111111001
1110110110101001
1110110101011001
1110110100001010
1110110010111011
1110110001101100
1110110000011110
1110101111001111
1110101110000001
1110101100110011
1110101011100110
1110101010011000
1110101001001011
1110100111111110
1110100110110010
1110100101100110
1110100100011010
1110100011001110
1110100010000010
1110100000110111
1110011111101100
1110011110100010
1110011101011000
1110011100001110
1110011011000100
1110011001111010
1110011000110001
1110010111101001
1110010110100000
1110010101011000
1110010100010000
1110010011001001
1110010010000010
1110010000111011
1110001111110100
1110001110101110
1110001101101000
1110001100100011
1110001011011110
1110001010011001
1110001001010101
1110001000010001
1110000111001101
1110000110001010
1110000101000111
1110000100000100
1110000011000010
1110000010000000
1110000000111110
1101111111111101
1101111110111101
1101111101111100
1101111100111101
1101111011111101
1101111010111110
1101111001111111
1101111001000001
1101111000000011
1101110111000110
1101110110001001
1101110101001100
1101110100010000
1101110011010100
1101110010011001
1101110001011110
1101110000100011
1101101111101001
1101101110101111
1101101101110110
1101101100111101
1101101100000101
1101101011001101
1101101010010110
1101101001011111
1101101000101000
1101100111110010
1101100110111101
1101100110001000
1101100101010011
1101100100011111
1101100011101011
1101100010111000
1101100010000101
1101100001010011
1101100000100001
1101011111101111
1101011110111111
1101011110001110
1101011101011110
1101011100101111
1101011100000000
1101011011010010
1101011010100100
1101011001110110
1101011001001001
1101011000011101
1101010111110001
1101010111000110
1101010110011011
1101010101110000
1101010101000111
1101010100011101
1101010011110100
1101010011001100
1101010010100100
1101010001111101
1101010001010110
1101010000110000
1101010000001011
1101001111100101
1101001111000001
1101001110011101
1101001101111001
1101001101010110
1101001100110100
1101001100010010
1101001011110001
1101001011010000
1101001010110000
1101001010010000
1101001001110001
1101001001010010
1101001000110100
1101001000010110
1101000111111001
1101000111011101
1101000111000001
1101000110100110
1101000110001011
1101000101110001
1101000101010111
1101000100111110
1101000100100110
1101000100001110
1101000011110111
1101000011100000
1101000011001010
1101000010110100
1101000010011111
1101000010001010
1101000001110111
1101000001100011
1101000001010000
1101000000111110
1101000000101101
1101000000011100
1101000000001011
1100111111111011
1100111111101100
1100111111011101
1100111111001111
1100111111000010
1100111110110101
1100111110101000
1100111110011101
1100111110010001
1100111110000111
1100111101111101
1100111101110011
1100111101101010
1100111101100010
1100111101011010
1100111101010011
1100111101001101
1100111101000111
1100111101000010
1100111100111101
1100111100111001
1100111100110101
1100111100110010
1100111100110000
1100111100101110
1100111100101101
1100111100101100
1100111100101100
1100111100101101
1100111100101110
1100111100110000
1100111100110010
1100111100110101
1100111100111000
1100111100111100
1100111101000001
1100111101000110
1100111101001100
1100111101010011
1100111101011010
1100111101100001
1100111101101010
1100111101110010
1100111101111100
1100111110000110
1100111110010000
1100111110011100
1100111110100111
1100111110110100
1100111111000001
1100111111001110
1100111111011100
1100111111101011
1100111111111010
1101000000001010
1101000000011010
1101000000101011
1101000000111101
1101000001001111
1101000001100010
1101000001110101
1101000010001001
1101000010011101
1101000010110010
1101000011001000
1101000011011110
1101000011110101
1101000100001100
1101000100100100
1101000100111100
1101000101010101
1101000101101111
1101000110001001
1101000110100100
1101000110111111
1101000111011011
1101000111110111
1101001000010100
1101001000110010
1101001001010000
1101001001101110
1101001010001101
1101001010101101
1101001011001101
1101001011101110
1101001100001111
1101001100110001
1101001101010100
1101001101110110
1101001110011010
1101001110111110
1101001111100011
1101010000001000
1101010000101101
1101010001010011
1101010001111010
1101010010100001
1101010011001001
1101010011110001
1101010100011010
1101010101000011
1101010101101101
1101010110010111
1101010111000010
1101010111101110
1101011000011001
1101011001000110
1101011001110011
1101011010100000
1101011011001110
1101011011111100
1101011100101011
1101011101011011
1101011110001010
1101011110111011
1101011111101100
1101100000011101
1101100001001111
1101100010000001
1101100010110100
1101100011100111
1101100100011011
1101100101001111
1101100110000011
1101100110111000
1101100111101110
1101101000100100
1101101001011011
1101101010010001
1101101011001001
1101101100000001
1101101100111001
1101101101110010
1101101110101011
1101101111100100
1101110000011110
1101110001011001
1101110010010100
1101110011001111
1101110100001011
1101110101000111
1101110110000100
1101110111000001
1101110111111110
1101111000111100
1101111001111010
1101111010111001
1101111011111000
1101111100111000
1101111101110111
1101111110111000
1101111111111000
1110000000111001
1110000001111011
1110000010111101
1110000011111111
1110000101000001
1110000110000100
1110000111000111
1110001000001011
1110001001001111
1110001010010100
1110001011011000
1110001100011101
1110001101100011
1110001110101001
1110001111101111
1110010000110101
1110010001111100
1110010011000011
1110010100001011
1110010101010010
1110010110011010
1110010111100011
1110011000101100
1110011001110101
1110011010111110
1110011100001000
1110011101010010
1110011110011100
1110011111100110
1110100000110001
1110100001111100
1110100011001000
1110100100010100
1110100101100000
1110100110101100
1110100111111000
1110101001000101
1110101010010010
1110101011100000
1110101100101101
1110101101111011
1110101111001001
1110110000010111
1110110001100110
1110110010110101
1110110100000100
1110110101010011
1110110110100010
1110110111110010
1110111001000010
1110111010010010
1110111011100011
1110111100110011
1110111110000100
1110111111010101
1111000000100110
1111000001110111
1111000011001001
1111000100011011
1111000101101100
1111000110111111
1111001000010001
1111001001100011
1111001010110110
1111001100001001
1111001101011011
1111001110101110
1111010000000010
1111010001010101
1111010010101001
1111010011111100
1111010101010000
1111010110100100
1111010111111000
1111011001001100
1111011010100000
1111011011110101
1111011101001001
1111011110011110
1111011111110010
1111100001000111
1111100010011100
1111100011110001
1111100101000110
1111100110011011
1111100111110000
1111101001000101
1111101010011011
1111101011110000
1111101101000110
1111101110011011
1111101111110001
1111110001000110
1111110010011100
1111110011110010
1111110101001000
1111110110011101
1111110111110011
1111111001001001
1111111010011111
1111111011110101
1111111101001011
1111111110100001
1111111111110110
0000000001001100
0000000010100010
0000000011111000
0000000101001110
0000000110100100
0000000111111010
0000001001010000
0000001010100101
0000001011111011
0000001101010001
0000001110100111
0000001111111100
0000010001010010
0000010010100111
0000010011111101
0000010101010010
0000010110101000
0000010111111101
0000011001010010
0000011010100111
0000011011111100
0000011101010001
0000011110100110
0000011111111011
0000100001010000
0000100010100100
0000100011111001
0000100101001101
0000100110100001
0000100111110110
0000101001001010
0000101010011101
0000101011110001
0000101101000101
0000101110011000
0000101111101100
0000110000111111
0000110010010010
0000110011100101
0000110100111000
0000110110001010
0000110111011101
0000111000101111
0000111010000001
0000111011010011
0000111100100101
0000111101110111
0000111111001000
0001000000011001
0001000001101010
0001000010111011
0001000100001100
0001000101011100
0001000110101100
0001000111111100
0001001001001100
0001001010011011
0001001011101011
0001001100111010
0001001110001001
0001001111010111
0001010000100110
0001010001110100
0001010011000010
0001010100001111
0001010101011101
0001010110101010
0001010111110111
0001011001000011
0001011010001111
0001011011011100
0001011100100111
0001011101110011
0001011110111110
0001100000001001
0001100001010100
0001100010011110
0001100011101000
0001100100110010
0001100101111011
0001100111000100
0001101000001101
0001101001010110
0001101010011110
0001101011100110
0001101100101101
0001101101110100
0001101110111011
0001110000000010
0001110001001000
0001110010001110
0001110011010011
0001110100011000
0001110101011101
0001110110100010
0001110111100110
0001111000101010
0001111001101101
0001111010110000
0001111011110011
0001111100110101
0001111101110111
0001111110111000
0001111111111001
0010000000111010
0010000001111010
0010000010111010
0010000011111010
0010000100111001
0010000101111000
0010000110110110
0010000111110100
0010001000110010
0010001001101111
0010001010101011
0010001011101000
0010001100100100
0010001101011111
0010001110011010
0010001111010101
0010010000001111
0010010001001000
0010010010000010
0010010010111010
0010010011110011
0010010100101011
0010010101100010
0010010110011001
0010010111010000
0010011000000110
0010011000111100
0010011001110001
0010011010100110
0010011011011010
0010011100001110
0010011101000001
0010011101110100
0010011110100110
0010011111011000
0010100000001010
0010100000111010
0010100001101011
0010100010011011
0010100011001010
0010100011111001
0010100100101000
0010100101010110
0010100110000011
0010100110110000
0010100111011101
0010101000001001
0010101000110100
0010101001011111
0010101010001010
0010101010110011
0010101011011101
0010101100000110
0010101100101110
0010101101010110
0010101101111101
0010101110100100
0010101111001010
0010101111110000
0010110000010101
0010110000111010
0010110001011110
0010110010000010
0010110010100101
0010110011000111
0010110011101001
0010110100001011
0010110100101100
0010110101001100
0010110101101100
0010110110001011
0010110110101010
0010110111001000
0010110111100101
0010111000000010
0010111000011111
0010111000111011
0010111001010110
0010111001110001
0010111010001011
0010111010100101
0010111010111110
0010111011010111
0010111011101111
0010111100000110
0010111100011101
0010111100110011
0010111101001001
0010111101011110
0010111101110011
0010111110000111
0010111110011010
0010111110101101
0010111110111111
0010111111010001
0010111111100010
0010111111110010
0011000000000010
0011000000010010
0011000000100001
0011000000101111
0011000000111100
0011000001001001
0011000001010110
0011000001100010
0011000001101101
0011000001111000
0011000010000010
0011000010001011
0011000010010100
0011000010011101
0011000010100101
0011000010101100
0011000010110010
0011000010111000
0011000010111110
0011000011000011
0011000011000111
0011000011001010
0011000011001110
0011000011010000
0011000011010010
0011000011010011
0011000011010100
0011000011010100
0011000011010011
0011000011010010
0011000011010001
0011000011001110
0011000011001100
0011000011001000
0011000011000100
0011000011000000
0011000010111010
0011000010110101
0011000010101110
0011000010100111
0011000010100000
0011000010011000
0011000010001111
0011000010000101
0011000001111100
0011000001110001
0011000001100110
0011000001011010
0011000001001110
0011000001000001
0011000000110100
0011000000100110
0011000000010111
0011000000001000
0010111111111000
0010111111101000
0010111111010111
0010111111000110
0010111110110100
0010111110100001
0010111110001110
0010111101111010
0010111101100110
0010111101010001
0010111100111011
0010111100100101
0010111100001110
0010111011110111
0010111011011111
0010111011000111
0010111010101110
0010111010010101
0010111001111011
0010111001100000
0010111001000101
0010111000101001
0010111000001101
0010110111110000
0010110111010011
0010110110110101
0010110110010110
0010110101110111
0010110101011000
0010110100110111
0010110100010111
0010110011110110
0010110011010100
0010110010110001
0010110010001111
0010110001101011
0010110001000111
0010110000100011
0010101111111110
0010101111011000
0010101110110010
0010101110001011
0010101101100100
0010101100111101
0010101100010101
0010101011101100
0010101011000011
0010101010011001
0010101001101111
0010101001000100
0010101000011001
0010100111101101
0010100111000001
0010100110010100
0010100101100110
0010100100111001
0010100100001010
0010100011011100
0010100010101100
0010100001111100
0010100001001100
0010100000011011
0010011111101010
0010011110111001
0010011110000110
0010011101010100
0010011100100000
0010011011101101
0010011010111001
0010011010000100
0010011001001111
0010011000011010
0010010111100100
0010010110101101
0010010101110110
0010010100111111
0010010100000111
0010010011001111
0010010010010110
0010010001011101
0010010000100100
0010001111101010
0010001110101111
0010001101110101
0010001100111001
0010001011111110
0010001011000001
0010001010000101
0010001001001000
0010001000001011
0010000111001101
0010000110001111
0010000101010000
0010000100010001
0010000011010010
0010000010010010
0010000001010010
0010000000010001
0001111111010000
0001111110001111
0001111101001101
0001111100001011
0001111011001000
0001111010000101
0001111001000010
0001110111111111
0001110110111011
0001110101110110
0001110100110010
0001110011101101
0001110010100111
0001110001100001
0001110000011011
0001101111010101
0001101110001110
0001101101000111
0001101100000000
0001101010111000
0001101001110000
0001101000101000
0001100111011111
0001100110010110
0001100101001101
0001100100000011
0001100010111001
0001100001101111
0001100000100100
0001011111011001
0001011110001110
0001011101000011
0001011011110111
0001011010101011
0001011001011111
0001011000010011
0001010111000110
0001010101111001
0001010100101100
0001010011011110
0001010010010000
0001010001000010
0001001111110100
0001001110100101
0001001101010111
0001001100001000
0001001010111000
0001001001101001
0001001000011001
0001000111001001
0001000101111001
0001000100101001
0001000011011000
0001000010001000
0001000000110111
0000111111100110
0000111110010100
0000111101000011
0000111011110001
0000111010011111
0000111001001101
0000110111111011
0000110110101001
0000110101010110
0000110100000011
0000110010110000
0000110001011101
0000110000001010
0000101110110111
0000101101100011
0000101100010000
0000101010111100
0000101001101000
0000101000010100
0000100111000000
0000100101101100
0000100100011000
0000100011000011
0000100001101111
0000100000011010
0000011111000101
0000011101110000
0000011100011011
0000011011000110
0000011001110001
0000011000011100
0000010111000111
0000010101110001
0000010100011100
0000010011000111
0000010001110001
0000010000011011
0000001111000110
0000001101110000
0000001100011010
0000001011000101
0000001001101111
0000001000011001
0000000111000011
0000000101101101
0000000100011000
0000000011000010
0000000001101100
0000000000010110
1111111111000000
1111111101101010
1111111100010100
1111111010111110
1111111001101000
1111111000010011
1111110110111101
1111110101100111
1111110100010001
1111110010111011
1111110001100110
1111110000010000
1111101110111010
1111101101100101
1111101100001111
1111101010111010
1111101001100101
1111101000001111
1111100110111010
1111100101100101
1111100100010000
1111100010111011
1111100001100110
1111100000010001
1111011110111100
1111011101101000
1111011100010011
1111011010111111
1111011001101011
1111011000010110
1111010111000010
1111010101101111
1111010100011011
1111010011000111
1111010001110011
1111010000100000
1111001111001101
1111001101111010
1111001100100111
1111001011010100
1111001010000001
1111001000101111
1111000111011101
1111000110001010
1111000100111000
1111000011100111
1111000010010101
1111000001000100
1110111111110010
1110111110100001
1110111101010001
1110111100000000
1110111010110000
1110111001011111
1110111000001111
1110110111000000
1110110101110000
1110110100100001
1110110011010010
1110110010000011
1110110000110100
1110101111100110
1110101110010111
1110101101001010
1110101011111100
1110101010101110
1110101001100001
1110101000010100
1110100111001000
1110100101111011
1110100100101111
1110100011100100
1110100010011000
1110100001001101
1110100000000010
1110011110110111
1110011101101101
1110011100100011
1110011011011001
1110011010001111
1110011001000110
1110010111111101
1110010110110101
1110010101101101
1110010100100101
1110010011011101
1110010010010110
1110010001001111
1110010000001000
1110001111000010
1110001101111100
1110001100110111
1110001011110001
1110001010101101
1110001001101000
1110001000100100
1110000111100000
1110000110011101
1110000101011010
1110000100010111
1110000011010101
1110000010010011
1110000001010001
1110000000010000
1101111111001111
1101111110001111
1101111101001111
1101111100001111
1101111011010000
1101111010010001
1101111001010011
1101111000010101
1101110111010111
1101110110011010
1101110101011101
1101110100100001
1101110011100101
1101110010101001
1101110001101110
1101110000110100
1101101111111010
1101101111000000
1101101110000110
1101101101001110
1101101100010101
1101101011011101
1101101010100110
1101101001101111
1101101000111000
1101101000000010
1101100111001100
1101100110010111
1101100101100010
1101100100101110
1101100011111010
1101100011000110
1101100010010011
1101100001100001
1101100000101111
1101011111111101
1101011111001100
1101011110011100
1101011101101100
1101011100111100
1101011100001101
1101011011011111
1101011010110001
1101011010000011
1101011001010110
1101011000101010
1101010111111110
1101010111010010
1101010110100111
1101010101111101
1101010101010011
1101010100101001
1101010100000000
1101010011011000
1101010010110000
1101010010001000
1101010001100001
1101010000111011
1101010000010101
1101001111110000
1101001111001011
1101001110100111
1101001110000011
1101001101100000
1101001100111110
1101001100011100
1101001011111010
1101001011011001
1101001010111001
1101001010011001
1101001001111001
1101001001011011
1101001000111100
1101001000011111
1101001000000010
1101000111100101
1101000111001001
1101000110101110
1101000110010011
1101000101111000
1101000101011111
1101000101000101
1101000100101101
1101000100010101
1101000011111101
1101000011100110
1101000011010000
1101000010111010
1101000010100101
1101000010010000
1101000001111100
1101000001101001
1101000001010110
1101000001000011
1101000000110010
1101000000100000
1101000000010000
1101000000000000
1100111111110000
1100111111100001
1100111111010011
1100111111000101
1100111110111000
1100111110101100
1100111110100000
1100111110010100
1100111110001010
1100111101111111
1100111101110110
1100111101101101
1100111101100100
1100111101011101
1100111101010101
1100111101001111
1100111101001000
1100111101000011
1100111100111110
1100111100111010
1100111100110110
1100111100110011
1100111100110000
1100111100101110
1100111100101101
1100111100101100
1100111100101100
1100111100101100
1100111100101101
1100111100101111
1100111100110001
1100111100110100
1100111100110111
1100111100111011
1100111101000000
1100111101000101
1100111101001011
1100111101010001
1100111101011000
1100111101011111
1100111101100111
1100111101110000
1100111101111001
1100111110000011
1100111110001101
1100111110011000
1100111110100100
1100111110110000
1100111110111101
1100111111001010
1100111111011000
1100111111100111
1100111111110110
1101000000000101
1101000000010110
1101000000100110
1101000000111000
1101000001001010
1101000001011100
1101000001101111
1101000010000011
1101000010010111
1101000010101100
1101000011000010
1101000011011000
1101000011101110
1101000100000101
1101000100011101
1101000100110101
1101000101001110
1101000101101000
1101000110000010
1101000110011100
1101000110110111
1101000111010011
1101000111101111
1101001000001100
1101001000101001
1101001001000111
1101001001100101
1101001010000100
1101001010100100
1101001011000100
1101001011100101
1101001100000110
1101001100100111
1101001101001010
1101001101101100
1101001110010000
1101001110110100
1101001111011000
1101001111111101
1101010000100010
1101010001001000
1101010001101111
1101010010010110
1101010010111110
1101010011100110
1101010100001110
1101010100110111
1101010101100001
1101010110001011
1101010110110110
1101010111100001
1101011000001101
1101011000111001
1101011001100110
1101011010010011
1101011011000001
1101011011101111
1101011100011110
1101011101001101
1101011101111101
1101011110101101
1101011111011110
1101100000001111
1101100001000000
1101100001110010
1101100010100101
1101100011011000
1101100100001100
1101100101000000
1101100101110100
1101100110101001
1101100111011111
1101101000010101
1101101001001011
1101101010000010
1101101010111001
1101101011110001
1101101100101001
1101101101100001
1101101110011010
1101101111010100
1101110000001110
1101110001001000
1101110010000011
1101110010111110
1101110011111010
1101110100110110
1101110101110010
1101110110101111
1101110111101101
1101111000101010
1101111001101001
1101111010100111
1101111011100110
1101111100100101
1101111101100101
1101111110100101
1101111111100110
1110000000100111
1110000001101000
1110000010101010
1110000011101100
1110000100101110
1110000101110001
1110000110110100
1110000111111000
1110001000111100
1110001010000000
1110001011000101
1110001100001010
1110001101001111
1110001110010101
1110001111011011
1110010000100001
1110010001101000
1110010010101111
1110010011110110
1110010100111110
1110010110000110
1110010111001110
1110011000010111
1110011001100000
1110011010101001
1110011011110011
1110011100111100
1110011110000111
1110011111010001
1110100000011100
1110100001100111
1110100010110010
1110100011111110
1110100101001010
1110100110010110
1110100111100010
1110101000101111
1110101001111100
1110101011001001
1110101100010111
1110101101100101
1110101110110011
1110110000000001
1110110001001111
1110110010011110
1110110011101101
1110110100111100
1110110110001100
1110110111011011
1110111000101011
1110111001111011
1110111011001100
1110111100011100
1110111101101101
1110111110111110
1111000000001111
1111000001100000
1111000010110010
1111000100000011
1111000101010101
1111000110100111
1111000111111001
1111001001001100
1111001010011110
1111001011110001
1111001101000100
1111001110010111
1111001111101010
1111010000111101
1111010010010001
1111010011100100
1111010100111000
1111010110001100
1111010111100000
1111011000110100
1111011010001000
1111011011011100
1111011100110001
1111011110000101
1111011111011010
1111100000101111
1111100010000100
1111100011011001
1111100100101110
1111100110000011
1111100111011000
1111101000101101
1111101010000010
1111101011011000
1111101100101101
1111101110000011
1111101111011000
1111110000101110
1111110010000100
1111110011011001
1111110100101111
1111110110000101
1111110111011011
1111111000110001
1111111010000110
1111111011011100
1111111100110010
1111111110001000
1111111111011110
0000000000110100
0000000010001010
0000000011100000
0000000100110101
0000000110001011
0000000111100001
0000001000110111
0000001010001101
0000001011100011
0000001100111000
0000001110001110
0000001111100100
0000010000111001
0000010010001111
0000010011100100
0000010100111010
0000010110001111
0000010111100100
0000011000111010
0000011010001111
0000011011100100
0000011100111001
0000011110001110
0000011111100011
0000100000110111
0000100010001100
0000100011100001
0000100100110101
0000100110001001
0000100111011101
0000101000110010
0000101010000110
0000101011011001
0000101100101101
0000101110000001
0000101111010100
0000110000100111
0000110001111010
0000110011001101
0000110100100000
0000110101110011
0000110111000101
0000111000011000
0000111001101010
0000111010111100
0000111100001110
0000111101011111
0000111110110001
0001000000000010
0001000001010011
0001000010100100
0001000011110101
0001000101000101
0001000110010101
0001000111100101
0001001000110101
0001001010000101
0001001011010100
0001001100100011
0001001101110010
0001001111000001
0001010000001111
0001010001011101
0001010010101011
0001010011111001
0001010101000111
0001010110010100
0001010111100001
0001011000101101
0001011001111010
0001011011000110
0001011100010010
0001011101011101
0001011110101001
0001011111110100
0001100000111110
0001100010001001
0001100011010011
0001100100011101
0001100101100110
0001100110101111
0001100111111000
0001101001000001
0001101010001001
0001101011010001
0001101100011001
0001101101100000
0001101110100111
0001101111101110
0001110000110100
0001110001111010
0001110010111111
0001110100000101
0001110101001010
0001110110001110
0001110111010010
0001111000010110
0001111001011010
0001111010011101
0001111011100000
0001111100100010
0001111101100100
0001111110100101
0001111111100111
0010000000101000
0010000001101000
0010000010101000
0010000011101000
0010000100100111
0010000101100110
0010000110100100
0010000111100010
0010001000100000
0010001001011101
0010001010011010
0010001011010110
0010001100010010
0010001101001110
0010001110001001
0010001111000100
0010001111111110
0010010000111000
0010010001110001
0010010010101010
0010010011100011
0010010100011011
0010010101010010
0010010110001010
0010010111000000
0010010111110111
0010011000101100
0010011001100010
0010011010010111
0010011011001011
0010011011111111
0010011100110010
0010011101100101
0010011110011000
0010011111001010
0010011111111011
0010100000101101
0010100001011101
0010100010001101
0010100010111101
0010100011101100
0010100100011011
0010100101001001
0010100101110110
0010100110100011
0010100111010000
0010100111111100
0010101000101000
0010101001010011
0010101001111101
0010101010100111
0010101011010001
0010101011111010
0010101100100011
0010101101001011
0010101101110010
0010101110011001
0010101110111111
0010101111100101
0010110000001011
0010110000101111
0010110001010100
0010110001111000
0010110010011011
0010110010111101
0010110011100000
0010110100000001
0010110100100010
0010110101000011
0010110101100011
0010110110000010
0010110110100001
0010110110111111
0010110111011101
0010110111111010
0010111000010111
0010111000110011
0010111001001110
0010111001101001
0010111010000100
0010111010011110
0010111010110111
0010111011010000
0010111011101000
0010111011111111
0010111100010110
0010111100101101
0010111101000011
0010111101011000
0010111101101101
0010111110000001
0010111110010101
0010111110101000
0010111110111010
0010111111001100
0010111111011101
0010111111101110
0010111111111110
0011000000001101
0011000000011100
0011000000101011
0011000000111001
0011000001000110
0011000001010010
0011000001011110
0011000001101010
0011000001110101
0011000001111111
0011000010001001
0011000010010010
0011000010011010
0011000010100010
0011000010101010
0011000010110001
0011000010110111
0011000010111100
0011000011000001
0011000011000110
0011000011001001
0011000011001101
0011000011001111
0011000011010001
0011000011010011
0011000011010100
0011000011010100
0011000011010100
0011000011010011
0011000011010001
0011000011001111
0011000011001101
0011000011001001
0011000011000101
0011000011000001
0011000010111100
0011000010110110
0011000010110000
0011000010101001
0011000010100010
0011000010011010
0011000010010001
0011000010001000
0011000001111110
0011000001110100
0011000001101001
0011000001011110
0011000001010010
0011000001000101
0011000000111000
0011000000101010
0011000000011100
0011000000001101
0010111111111101
0010111111101101
0010111111011100
0010111111001011
0010111110111001
0010111110100110
0010111110010011
0010111110000000
0010111101101100
0010111101010111
0010111101000001
0010111100101011
0010111100010101
0010111011111110
0010111011100110
0010111011001110
0010111010110101
0010111010011100
0010111010000010
0010111001101000
0010111001001101
0010111000110001
0010111000010101
0010110111111000
0010110111011011
0010110110111101
0010110110011111
0010110110000000
0010110101100001
0010110101000001
0010110100100000
0010110011111111
0010110011011101
0010110010111011
0010110010011001
0010110001110101
0010110001010010
0010110000101101
0010110000001000
0010101111100011
0010101110111101
0010101110010111
0010101101110000
0010101101001000
0010101100100000
0010101011110111
0010101011001110
0010101010100101
0010101001111011
0010101001010000
0010101000100101
0010100111111001
0010100111001101
0010100110100001
0010100101110011
0010100101000110
0010100100011000
0010100011101001
0010100010111010
0010100010001010
0010100001011010
0010100000101001
0010011111111000
0010011111000111
0010011110010101
0010011101100010
0010011100101111
0010011011111100
0010011011001000
0010011010010011
0010011001011110
0010011000101001
0010010111110011
0010010110111101
0010010110000110
0010010101001111
0010010100010111
0010010011011111
0010010010100111
0010010001101110
0010010000110100
0010001111111010
0010001111000000
0010001110000101
0010001101001010
0010001100001111
0010001011010011
0010001010010110
0010001001011001
0010001000011100
0010000111011110
0010000110100000
0010000101100010
0010000100100011
0010000011100100
0010000010100100
0010000001100100
0010000000100011
0001111111100011
0001111110100001
0001111101100000
0001111100011110
0001111011011011
0001111010011001
0001111001010101
0001111000010010
0001110111001110
0001110110001010
0001110101000101
0001110100000000
0001110010111011
0001110001110101
0001110000101111
0001101111101001
0001101110100010
0001101101011011
0001101100010100
0001101011001101
0001101010000101
0001101000111100
0001100111110100
0001100110101011
0001100101100001
0001100100011000
0001100011001110
0001100010000100
0001100000111010
0001011111101111
0001011110100100
0001011101011000
0001011100001101
0001011011000001
0001011001110101
0001011000101000
0001010111011100
0001010110001111
0001010101000010
0001010011110100
0001010010100110
0001010001011000
0001010000001010
0001001110111100
0001001101101101
0001001100011110
0001001011001111
0001001010000000
0001001000110000
0001000111100000
0001000110010000
0001000101000000
0001000011101111
0001000010011111
0001000001001110
0000111111111101
0000111110101100
0000111101011010
0000111100001000
0000111010110111
0000111001100101
0000111000010010
0000110111000000
0000110101101110
0000110100011011
0000110011001000
0000110001110101
0000110000100010
0000101111001111
0000101101111011
0000101100101000
0000101011010100
0000101010000000
0000101000101100
0000100111011000
0000100110000100
0000100100110000
0000100011011011
0000100010000111
0000100000110010
0000011111011101
0000011110001000
0000011100110100
0000011011011111
0000011010001001
0000011000110100
0000010111011111
0000010110001010
0000010100110100
0000010011011111
0000010010001001
0000010000110100
0000001111011110
0000001110001001
0000001100110011
0000001011011101
0000001010000111
0000001000110010
0000000111011100
0000000110000110
0000000100110000
0000000011011010
0000000010000100
0000000000101110
1111111111011000
1111111110000011
1111111100101101
1111111011010111
1111111010000001
1111111000101011
1111110111010101
1111110101111111
1111110100101010
1111110011010100
1111110001111110
1111110000101001
1111101111010011
1111101101111101
1111101100101000
1111101011010010
1111101001111101
1111101000101000
1111100111010010
1111100101111101
1111100100101000
1111100011010011
1111100001111110
1111100000101001
1111011111010101
1111011110000000
1111011100101011
1111011011010111
1111011010000011
1111011000101111
1111010111011010
1111010110000110
1111010100110011
1111010011011111
1111010010001011
1111010000111000
1111001111100101
1111001110010001
1111001100111110
1111001011101100
1111001010011001
1111001001000110
1111000111110100
1111000110100010
1111000101010000
1111000011111110
1111000010101100
1111000001011011
1111000000001010
1110111110111001
1110111101101000
1110111100010111
1110111011000110
1110111001110110
1110111000100110
1110110111010110
1110110110000111
1110110100110111
1110110011101000
1110110010011001
1110110001001010
1110101111111100
1110101110101110
1110101101100000
1110101100010010
1110101011000101
1110101001110111
1110101000101010
1110100111011110
1110100110010001
1110100101000101
1110100011111001
1110100010101110
1110100001100010
1110100000010111
1110011111001100
1110011110000010
1110011100111000
1110011011101110
1110011010100100
1110011001011011
1110011000010010
1110010111001010
1110010110000001
1110010100111001
1110010011110010
1110010010101010
1110010001100011
1110010000011100
1110001111010110
1110001110010000
1110001101001010
1110001100000101
1110001011000000
1110001001111100
1110001000110111
1110000111110011
1110000110110000
1110000101101101
1110000100101010
1110000011101000
1110000010100110
1110000001100100
1110000000100011
1101111111100010
1101111110100001
1101111101100001
1101111100100001
1101111011100010
1101111010100011
1101111001100101
1101111000100110
1101110111101001
1101110110101011
1101110101101111
1101110100110010
1101110011110110
1101110010111010
1101110001111111
1101110001000101
1101110000001010
1101101111010000
1101101110010111
1101101101011110
1101101100100101
1101101011101101
1101101010110101
1101101001111110
1101101001000111
1101101000010001
1101100111011011
1101100110100110
1101100101110001
1101100100111100
1101100100001000
1101100011010101
1101100010100010
1101100001101111
1101100000111101
1101100000001100
1101011111011010
1101011110101010
1101011101111010
1101011101001010
1101011100011011
1101011011101100
1101011010111110
1101011010010000
1101011001100011
1101011000110110
1101011000001010
1101010111011110
1101010110110011
1101010110001001
1101010101011110
1101010100110101
1101010100001100
1101010011100011
1101010010111011
1101010010010100
1101010001101101
1101010001000110
1101010000100000
1101001111111011
1101001111010110
1101001110110001
1101001110001110
1101001101101010
1101001101000111
1101001100100101
1101001100000100
1101001011100010
1101001011000010
1101001010100010
1101001010000010
1101001001100011
1101001001000101
1101001000100111
1101001000001010
1101000111101101
1101000111010001
1101000110110101
1101000110011010
1101000110000000
1101000101100110
1101000101001101
1101000100110100
1101000100011100
1101000100000100
1101000011101101
1101000011010110
1101000011000000
1101000010101011
1101000010010110
1101000010000010
1101000001101110
1101000001011011
1101000001001001
1101000000110111
1101000000100101
1101000000010101
1101000000000100
1100111111110101
1100111111100110
1100111111010111
1100111111001001
1100111110111100
1100111110101111
1100111110100011
1100111110011000
1100111110001101
1100111110000010
1100111101111001
1100111101101111
1100111101100111
1100111101011111
1100111101010111
1100111101010000
1100111101001010
1100111101000100
1100111100111111
1100111100111011
1100111100110111
1100111100110100
1100111100110001
1100111100101111
1100111100101101
1100111100101100
1100111100101100
1100111100101100
1100111100101101
1100111100101110
1100111100110000
1100111100110011
1100111100110110
1100111100111010
1100111100111110
1100111101000011
1100111101001001
1100111101001111
1100111101010110
1100111101011101
1100111101100101
1100111101101101
1100111101110110
1100111110000000
1100111110001010
1100111110010101
1100111110100001
1100111110101101
1100111110111001
1100111111000110
1100111111010100
1100111111100010
1100111111110001
1101000000000001
1101000000010001
1101000000100010
1101000000110011
1101000001000101
1101000001010111
1101000001101010
1101000001111101
1101000010010010
1101000010100110
1101000010111100
1101000011010001
1101000011101000
1101000011111111
1101000100010110
1101000100101110
1101000101000111
1101000101100000
1101000101111010
1101000110010100
1101000110101111
1101000111001011
1101000111100111
1101001000000011
1101001000100001
1101001000111110
1101001001011101
1101001001111011
1101001010011011
1101001010111011
1101001011011011
1101001011111100
1101001100011110
1101001101000000
1101001101100010
1101001110000110
1101001110101001
1101001111001110
1101001111110010
1101010000011000
1101010000111110
1101010001100100
1101010010001011
1101010010110010
1101010011011010
1101010100000011
1101010100101100
1101010101010101
1101010101111111
1101010110101010
1101010111010101
1101011000000000
1101011000101100
1101011001011001
1101011010000110
1101011010110100
1101011011100010
1101011100010000
1101011100111111
1101011101101111
1101011110011111
1101011111010000
1101100000000001
1101100000110010
1101100001100100
1101100010010111
1101100011001010
1101100011111101
1101100100110001
1101100101100101
1101100110011010
1101100111001111
1101101000000101
1101101000111011
1101101001110010
1101101010101001
1101101011100001
1101101100011001
1101101101010001
1101101110001010
1101101111000011
1101101111111101
1101110000111000
1101110001110010
1101110010101101
1101110011101001
1101110100100101
1101110101100001
1101110110011110
1101110111011011
1101111000011001
1101111001010111
1101111010010101
1101111011010100
1101111100010011
1101111101010011
1101111110010011
1101111111010011
1110000000010100
1110000001010101
1110000010010111
1110000011011001
1110000100011011
1110000101011110
1110000110100001
1110000111100100
1110001000101000
1110001001101100
1110001010110001
1110001011110110
1110001100111011
1110001110000001
1110001111000111
1110010000001101
1110010001010011
1110010010011010
1110010011100010
1110010100101001
1110010101110001
1110010110111001
1110011000000010
1110011001001011
1110011010010100
1110011011011110
1110011100100111
1110011101110001
1110011110111100
1110100000000111
1110100001010001
1110100010011101
1110100011101000
1110100100110100
1110100110000000
1110100111001101
1110101000011001
1110101001100110
1110101010110011
1110101100000001
1110101101001110
1110101110011100
1110101111101011
1110110000111001
1110110010001000
1110110011010111
1110110100100110
1110110101110101
1110110111000101
1110111000010100
1110111001100100
1110111010110101
1110111100000101
1110111101010110
1110111110100111
1110111111111000
1111000001001001
1111000010011010
1111000011101100
1111000100111110
1111000110010000
1111000111100010
1111001000110100
1111001010000111
1111001011011001
1111001100101100
1111001101111111
1111001111010010
1111010000100101
1111010001111001
1111010011001100
1111010100100000
1111010101110100
1111010111001000
1111011000011100
1111011001110000
1111011011000100
1111011100011001
1111011101101101
1111011111000010
1111100000010111
1111100001101011
1111100011000000
1111100100010101
1111100101101010
1111100111000000
1111101000010101
1111101001101010
1111101010111111
1111101100010101
1111101101101010
1111101111000000
1111110000010110
1111110001101011
1111110011000001
1111110100010111
1111110101101100
1111110111000010
1111111000011000
1111111001101110
1111111011000100
1111111100011010
1111111101101111
1111111111000101
0000000000011011
0000000001110001
0000000011000111
0000000100011101
0000000101110011
0000000111001001
0000001000011111
0000001001110100
0000001011001010
0000001100100000
0000001101110110
0000001111001011
0000010000100001
0000010001110110
0000010011001100
0000010100100001
0000010101110111
0000010111001100
0000011000100001
0000011001110111
0000011011001100
0000011100100001
0000011101110110
0000011111001010
0000100000011111
0000100001110100
0000100011001000
0000100100011101
0000100101110001
0000100111000101
0000101000011010
0000101001101110
0000101011000001
0000101100010101
0000101101101001
0000101110111100
0000110000001111
0000110001100011
0000110010110110
0000110100001001
0000110101011011
0000110110101110
0000111000000000
0000111001010010
0000111010100100
0000111011110110
0000111101001000
0000111110011001
0000111111101011
0001000000111100
0001000010001101
0001000011011110
0001000100101110
0001000101111110
0001000111001110
0001001000011110
0001001001101110
0001001010111101
0001001100001101
0001001101011100
0001001110101010
0001001111111001
0001010001000111
0001010010010101
0001010011100011
0001010100110000
0001010101111110
0001010111001011
0001011000010111
0001011001100100
0001011010110000
0001011011111100
0001011101001000
0001011110010011
0001011111011110
0001100000101001
0001100001110011
0001100010111110
0001100100001000
0001100101010001
0001100110011010
0001100111100011
0001101000101100
0001101001110100
0001101010111101
0001101100000100
0001101101001100
0001101110010011
0001101111011001
0001110000100000
0001110001100110
0001110010101100
0001110011110001
0001110100110110
0001110101111011
0001110110111111
0001111000000011
0001111001000110
0001111010001010
0001111011001101
0001111100001111
0001111101010001
0001111110010011
0001111111010100
0010000000010101
0010000001010110
0010000010010110
0010000011010110
0010000100010101
0010000101010100
0010000110010011
0010000111010001
0010001000001110
0010001001001100
0010001010001001
0010001011000101
0010001100000001
0010001100111101
0010001101111000
0010001110110011
0010001111101110
0010010000100111
0010010001100001
0010010010011010
0010010011010011
0010010100001011
0010010101000011
0010010101111010
0010010110110001
0010010111100111
0010011000011101
0010011001010011
0010011010001000
0010011010111100
0010011011110000
0010011100100100
0010011101010111
0010011110001010
0010011110111100
0010011111101101
0010100000011111
0010100001001111
0010100010000000
0010100010101111
0010100011011111
0010100100001101
0010100100111100
0010100101101001
0010100110010111
0010100111000011
0010100111110000
0010101000011011
0010101001000111
0010101001110001
0010101010011100
0010101011000101
0010101011101110
0010101100010111
0010101100111111
0010101101100111
0010101110001110
0010101110110101
0010101111011011
0010110000000000
0010110000100101
0010110001001001
0010110001101101
0010110010010001
0010110010110100
0010110011010110
0010110011111000
0010110100011001
0010110100111001
0010110101011010
0010110101111001
0010110110011000
0010110110110111
0010110111010101
0010110111110010
0010111000001111
0010111000101011
0010111001000111
0010111001100010
0010111001111100
0010111010010110
0010111010110000
0010111011001001
0010111011100001
0010111011111001
0010111100010000
0010111100100111
0010111100111101
0010111101010010
0010111101100111
0010111101111011
0010111110001111
0010111110100010
0010111110110101
0010111111000111
0010111111011000
0010111111101001
0010111111111001
0011000000001001
0011000000011000
0011000000100111
0011000000110101
0011000001000010
0011000001001111
0011000001011011
0011000001100111
0011000001110010
0011000001111100
0011000010000110
0011000010001111
0011000010011000
0011000010100000
0011000010101000
0011000010101111
0011000010110101
0011000010111011
0011000011000000
0011000011000100
0011000011001000
0011000011001100
0011000011001111
0011000011010001
0011000011010011
0011000011010100
0011000011010100
0011000011010100
0011000011010011
0011000011010010
0011000011010000
0011000011001101
0011000011001010
0011000011000111
0011000011000010
0011000010111101
0011000010111000
0011000010110010
0011000010101011
0011000010100100
0011000010011100
0011000010010100
0011000010001011
0011000010000001
0011000001110111
0011000001101100
0011000001100001
0011000001010101
0011000001001001
0011000000111100
0011000000101110
0011000000100000
0011000000010001
0011000000000001
0010111111110001
0010111111100001
0010111111010000
0010111110111110
0010111110101100
0010111110011001
0010111110000101
0010111101110001
0010111101011101
0010111101001000
0010111100110010
0010111100011011
0010111100000101
0010111011101101
0010111011010101
0010111010111101
0010111010100011
0010111010001010
0010111001101111
0010111001010101
0010111000111001
0010111000011101
0010111000000001
0010110111100100
0010110111000110
0010110110101000
0010110110001001
0010110101101010
0010110101001010
0010110100101001
0010110100001001
0010110011100111
0010110011000101
0010110010100011
0010110001111111
0010110001011100
0010110000111000
0010110000010011
0010101111101110
0010101111001000
0010101110100010
0010101101111011
0010101101010011
0010101100101100
0010101100000011
0010101011011010
0010101010110001
0010101010000111
0010101001011100
0010101000110001
0010101000000110
0010100111011010
0010100110101101
0010100110000000
0010100101010011
0010100100100101
0010100011110110
0010100011000111
0010100010011000
0010100001101000
0010100000110111
0010100000000110
0010011111010101
0010011110100011
0010011101110001
0010011100111110
0010011100001010
0010011011010111
0010011010100010
0010011001101110
0010011000111000
0010011000000011
0010010111001100
0010010110010110
0010010101011111
0010010100100111
0010010011101111
0010010010110111
0010010001111110
0010010001000101
0010010000001011
0010001111010001
0010001110010110
0010001101011011
0010001100100000
0010001011100100
0010001010101000
0010001001101011
0010001000101110
0010000111110000
0010000110110010
0010000101110100
0010000100110101
0010000011110110
0010000010110110
0010000001110110
0010000000110110
0001111111110101
0001111110110100
0001111101110011
0001111100110001
0001111011101110
0001111010101100
0001111001101001
0001111000100101
0001110111100001
0001110110011101
0001110101011001
0001110100010100
0001110011001111
0001110010001001
0001110001000011
0001101111111101
0001101110110111
0001101101110000
0001101100101001
0001101011100001
0001101010011001
0001101001010001
0001101000001000
0001100111000000
0001100101110110
0001100100101101
0001100011100011
0001100010011001
0001100001001111
0001100000000100
0001011110111001
0001011101101110
0001011100100011
0001011011010111
0001011010001011
0001011000111110
0001010111110010
0001010110100101
0001010101011000
0001010100001010
0001010010111101
0001010001101111
0001010000100001
0001001111010010
0001001110000100
0001001100110101
0001001011100110
0001001010010110
0001001001000111
0001000111110111
0001000110100111
0001000101010111
0001000100000110
0001000010110110
0001000001100101
0001000000010100
0000111111000011
0000111101110001
0000111100100000
0000111011001110
0000111001111100
0000111000101010
0000110111011000
0000110110000101
0000110100110011
0000110011100000
0000110010001101
0000110000111010
0000101111100111
0000101110010011
0000101101000000
0000101011101100
0000101010011000
0000101001000100
0000100111110000
0000100110011100
0000100101001000
0000100011110011
0000100010011111
0000100001001010
0000011111110110
0000011110100001
0000011101001100
0000011011110111
0000011010100010
0000011001001101
0000010111110111
0000010110100010
0000010101001101
0000010011110111
0000010010100010
0000010001001100
0000001111110111
0000001110100001
0000001101001011
0000001011110110
0000001010100000
0000001001001010
0000000111110100
0000000110011110
0000000101001001
0000000011110011
0000000010011101
0000000001000111
1111111111110001
1111111110011011
1111111101000101
1111111011101111
1111111010011001
1111111001000100
1111110111101110
1111110110011000
1111110101000010
1111110011101100
1111110010010111
1111110001000001
1111101111101011
1111101110010110
1111101101000000
1111101011101011
1111101010010101
1111101001000000
1111100111101011
1111100110010110
1111100101000000
1111100011101011
1111100010010111
1111100001000010
1111011111101101
1111011110011000
1111011101000100
1111011011101111
1111011010011011
1111011001000111
1111010111110010
1111010110011110
1111010101001011
1111010011110111
1111010010100011
1111010001010000
1111001111111100
1111001110101001
1111001101010110
1111001100000011
1111001010110001
1111001001011110
1111001000001100
1111000110111001
1111000101100111
1111000100010101
1111000011000100
1111000001110010
1111000000100001
1110111111010000
1110111101111111
1110111100101110
1110111011011101
1110111010001101
1110111000111101
1110110111101101
1110110110011101
1110110101001110
1110110011111111
1110110010110000
1110110001100001
1110110000010010
1110101111000100
1110101101110110
1110101100101000
1110101011011011
1110101010001101
1110101001000000
1110100111110100
1110100110100111
1110100101011011
1110100100001111
1110100011000011
1110100001111000
1110100000101101
1110011111100010
1110011110010111
1110011101001101
1110011100000011
1110011010111001
1110011001110000
1110011000100111
1110010111011110
1110010110010110
1110010101001110
1110010100000110
1110010010111111
1110010001110111
1110010000110001
1110001111101010
1110001110100100
1110001101011110
1110001100011001
1110001011010100
1110001010001111
1110001001001011
1110001000000111
1110000111000011
1110000110000000
1110000100111101
1110000011111010
1110000010111000
1110000001110111
1110000000110101
1101111111110100
1101111110110100
1101111101110011
1101111100110011
1101111011110100
1101111010110101
1101111001110110
1101111000111000
1101110111111010
1101110110111101
1101110110000000
1101110101000011
1101110100000111
1101110011001011
1101110010010000
1101110001010101
1101110000011011
1101101111100001
1101101110100111
1101101101101110
1101101100110101
1101101011111101
1101101011000101
1101101010001110
1101101001010111
1101101000100001
1101100111101011
1101100110110101
1101100110000000
1101100101001011
1101100100010111
1101100011100100
1101100010110000
1101100001111110
1101100001001011
1101100000011010
1101011111101000
1101011110111000
1101011110000111
1101011101011000
1101011100101000
1101011011111001
1101011011001011
1101011010011101
1101011001110000
1101011001000011
1101011000010111
1101010111101011
1101010111000000
1101010110010101
1101010101101010
1101010101000001
1101010100010111
1101010011101111
1101010011000110
1101010010011111
1101010001111000
1101010001010001
1101010000101011
1101010000000101
1101001111100000
1101001110111100
1101001110011000
1101001101110100
1101001101010001
1101001100101111
1101001100001101
1101001011101100
1101001011001011
1101001010101011
1101001010001011
1101001001101100
1101001001001110
1101001000110000
1101001000010010
1101000111110101
1101000111011001
1101000110111101
1101000110100010
1101000110000111
1101000101101101
1101000101010100
1101000100111011
1101000100100010
1101000100001011
1101000011110011
1101000011011101
1101000011000111
1101000010110001
1101000010011100
1101000010001000
1101000001110100
1101000001100001
1101000001001110
1101000000111100
1101000000101010
1101000000011001
1101000000001001
1100111111111001
1100111111101010
1100111111011011
1100111111001101
1100111111000000
1100111110110011
1100111110100111
1100111110011011
1100111110010000
1100111110000101
1100111101111011
1100111101110010
1100111101101001
1100111101100001
1100111101011001
1100111101010010
1100111101001100
1100111101000110
1100111101000001
1100111100111100
1100111100111000
1100111100110101
1100111100110010
1100111100101111
1100111100101110
1100111100101101
1100111100101100
1100111100101100
1100111100101101
1100111100101110
1100111100110000
1100111100110010
1100111100110101
1100111100111001
1100111100111101
1100111101000010
1100111101000111
1100111101001101
1100111101010100
1100111101011011
1100111101100011
1100111101101011
1100111101110100
1100111101111101
1100111110000111
1100111110010010
1100111110011101
1100111110101001
1100111110110110
1100111111000011
1100111111010000
1100111111011110
1100111111101101
1100111111111100
1101000000001100
1101000000011101
1101000000101110
1101000000111111
1101000001010010
1101000001100100
1101000001111000
1101000010001100
1101000010100000
1101000010110101
1101000011001011
1101000011100001
1101000011111000
1101000100001111
1101000100100111
1101000101000000
1101000101011001
1101000101110011
1101000110001101
1101000110101000
1101000111000011
1101000111011111
1101000111111011
1101001000011000
1101001000110110
1101001001010100
1101001001110011
1101001010010010
1101001010110010
1101001011010010
1101001011110011
1101001100010100
1101001100110110
1101001101011001
1101001101111100
1101001110011111
1101001111000011
1101001111101000
1101010000001101
1101010000110011
1101010001011001
1101010010000000
1101010010100111
1101010011001111
1101010011110111
1101010100100000
1101010101001001
1101010101110011
1101010110011110
1101010111001000
1101010111110100
1101011000100000
1101011001001100
1101011001111001
1101011010100111
1101011011010101
1101011100000011
1101011100110010
1101011101100001
1101011110010001
1101011111000010
1101011111110011
1101100000100100
1101100001010110
1101100010001000
1101100010111011
1101100011101110
1101100100100010
1101100101010110
1101100110001011
1101100111000000
1101100111110110
1101101000101100
1101101001100010
1101101010011001
1101101011010001
1101101100001001
1101101101000001
1101101101111010
1101101110110011
1101101111101101
1101110000100111
1101110001100001
1101110010011100
1101110011011000
1101110100010100
1101110101010000
1101110110001100
1101110111001010
1101111000000111
1101111001000101
1101111010000011
1101111011000010
1101111100000001
1101111101000001
1101111110000001
1101111111000001
1110000000000010
1110000001000011
1110000010000100
1110000011000110
1110000100001000
1110000101001011
1110000110001110
1110000111010001
1110001000010101
1110001001011001
1110001010011101
1110001011100010
1110001100100111
1110001101101101
1110001110110011
1110001111111001
1110010000111111
1110010010000110
1110010011001101
1110010100010101
1110010101011101
1110010110100101
1110010111101101
1110011000110110
1110011001111111
1110011011001001
1110011100010010
1110011101011100
1110011110100111
1110011111110001
1110100000111100
1110100010000111
1110100011010011
1110100100011110
1110100101101010
1110100110110111
1110101000000011
1110101001010000
1110101010011101
1110101011101011
1110101100111000
1110101110000110
1110101111010100
1110110000100011
1110110001110001
1110110011000000
1110110100001111
1110110101011110
1110110110101110
1110110111111110
1110111001001110
1110111010011110
1110111011101110
1110111100111111
1110111110001111
1110111111100000
1111000000110010
1111000010000011
1111000011010101
1111000100100110
1111000101111000
1111000111001010
1111001000011101
1111001001101111
1111001011000010
1111001100010100
1111001101100111
1111001110111010
1111010000001110
1111010001100001
1111010010110100
1111010100001000
1111010101011100
1111010110110000
1111011000000100
1111011001011000
1111011010101100
1111011100000001
1111011101010101
1111011110101010
1111011111111110
1111100001010011
1111100010101000
1111100011111101
1111100101010010
1111100110100111
1111100111111100
1111101001010010
1111101010100111
1111101011111100
1111101101010010
1111101110100111
1111101111111101
1111110001010011
1111110010101000
1111110011111110
1111110101010100
1111110110101010
1111110111111111
1111111001010101
1111111010101011
1111111100000001
1111111101010111
1111111110101101
0000000000000011
0000000001011001
0000000010101111
0000000100000100
0000000101011010
0000000110110000
0000001000000110
0000001001011100
0000001010110010
0000001100000111
0000001101011101
0000001110110011
0000010000001000
0000010001011110
0000010010110100
0000010100001001
0000010101011110
0000010110110100
0000011000001001
0000011001011110
0000011010110011
0000011100001000
0000011101011101
0000011110110010
0000100000000111
0000100001011100
0000100010110000
0000100100000101
0000100101011001
0000100110101101
0000101000000010
0000101001010110
0000101010101001
0000101011111101
0000101101010001
0000101110100100
0000101111111000
0000110001001011
0000110010011110
0000110011110001
0000110101000100
0000110110010110
0000110111101001
0000111000111011
0000111010001101
0000111011011111
0000111100110001
0000111110000010
0000111111010100
0001000000100101
0001000001110110
0001000011000110
0001000100010111
0001000101100111
0001000110111000
0001001000000111
0001001001010111
0001001010100111
0001001011110110
0001001101000101
0001001110010100
0001001111100010
0001010000110001
0001010001111111
0001010011001101
0001010100011010
0001010101101000
0001010110110101
0001011000000010
0001011001001110
0001011010011010
0001011011100110
0001011100110010
0001011101111110
0001011111001001
0001100000010100
0001100001011110
0001100010101000
0001100011110010
0001100100111100
0001100110000110
0001100111001111
0001101000010111
0001101001100000
0001101010101000
0001101011110000
0001101100110111
0001101101111110
0001101111000101
0001110000001100
0001110001010010
0001110010011000
0001110011011101
0001110100100010
0001110101100111
0001110110101011
0001110111101111
0001111000110011
0001111001110110
0001111010111001
0001111011111100
0001111100111110
0001111110000000
0001111111000010
0010000000000011
0010000001000011
0010000010000100
0010000011000011
0010000100000011
0010000101000010
0010000110000001
0010000110111111
0010000111111101
0010001000111010
0010001001110111
0010001010110100
0010001011110000
0010001100101100
0010001101100111
0010001110100010
0010001111011101
0010010000010111
0010010001010001
0010010010001010
0010010011000011
0010010011111011
0010010100110011
0010010101101010
0010010110100001
0010010111011000
0010011000001110
0010011001000011
0010011001111000
0010011010101101
0010011011100001
0010011100010101
0010011101001000
0010011101111011
0010011110101101
0010011111011111
0010100000010001
0010100001000001
0010100001110010
0010100010100010
0010100011010001
0010100100000000
0010100100101110
0010100101011100
0010100110001010
0010100110110111
0010100111100011
0010101000001111
0010101000111010
0010101001100101
0010101010010000
0010101010111001
0010101011100011
0010101100001100
0010101100110100
0010101101011100
0010101110000011
0010101110101010
0010101111010000
0010101111110101
0010110000011011
0010110000111111
0010110001100011
0010110010000111
0010110010101010
0010110011001100
0010110011101110
0010110100001111
0010110100110000
0010110101010000
0010110101110000
0010110110001111
0010110110101110
0010110111001100
0010110111101010
0010111000000111
0010111000100011
0010111000111111
0010111001011010
0010111001110101
0010111010001111
0010111010101001
0010111011000010
0010111011011010
0010111011110010
0010111100001001
0010111100100000
0010111100110110
0010111101001100
0010111101100001
0010111101110110
0010111110001001
0010111110011101
0010111110110000
0010111111000010
0010111111010011
0010111111100100
0010111111110101
0011000000000101
0011000000010100
0011000000100011
0011000000110001
0011000000111110
0011000001001011
0011000001011000
0011000001100011
0011000001101111
0011000001111001
0011000010000011
0011000010001101
0011000010010110
0011000010011110
0011000010100110
0011000010101101
0011000010110011
0011000010111001
0011000010111110
0011000011000011
0011000011000111
0011000011001011
0011000011001110
0011000011010000
0011000011010010
0011000011010011
0011000011010100
0011000011010100
0011000011010011
0011000011010010
0011000011010000
0011000011001110
0011000011001011
0011000011001000
0011000011000100
0011000010111111
0011000010111010
0011000010110100
0011000010101101
0011000010100110
0011000010011111
0011000010010110
0011000010001110
0011000010000100
0011000001111010
0011000001110000
0011000001100100
0011000001011001
0011000001001100
0011000000111111
0011000000110010
0011000000100100
0011000000010101
0011000000000110
0010111111110110
0010111111100110
0010111111010101
0010111111000011
0010111110110001
0010111110011110
0010111110001011
0010111101110111
0010111101100011
0010111101001110
0010111100111000
0010111100100010
0010111100001011
0010111011110100
0010111011011100
0010111011000100
0010111010101011
0010111010010001
0010111001110111
0010111001011100
0010111001000001
0010111000100101
0010111000001001
0010110111101100
0010110111001110
0010110110110000
0010110110010010
0010110101110011
0010110101010011
0010110100110011
0010110100010010
0010110011110001
0010110011001111
0010110010101100
0010110010001010
0010110001100110
0010110001000010
0010110000011101
0010101111111000
0010101111010011
0010101110101101
0010101110000110
0010101101011111
0010101100110111
0010101100001111
0010101011100110
0010101010111101
0010101010010011
0010101001101001
0010101000111110
0010101000010010
0010100111100111
0010100110111010
0010100110001101
0010100101100000
0010100100110010
0010100100000100
0010100011010101
0010100010100101
0010100001110110
0010100001000101
0010100000010100
0010011111100011
0010011110110001
0010011101111111
0010011101001100
0010011100011001
0010011011100101
0010011010110001
0010011001111101
0010011001001000
0010011000010010
0010010111011100
0010010110100101
0010010101101111
0010010100110111
0010010011111111
0010010011000111
0010010010001110
0010010001010101
0010010000011100
0010001111100010
0010001110100111
0010001101101100
0010001100110001
0010001011110101
0010001010111001
0010001001111100
0010001000111111
0010001000000010
0010000111000100
0010000110000110
0010000101000111
0010000100001000
0010000011001000
0010000010001001
0010000001001000
0010000000001000
0001111111000111
0001111110000101
0001111101000011
0001111100000001
0001111010111111
0001111001111100
0001111000111001
0001110111110101
0001110110110001
0001110101101100
0001110100101000
0001110011100011
0001110010011101
0001110001010111
0001110000010001
0001101111001011
0001101110000100
0001101100111101
0001101011110101
0001101010101110
0001101001100110
0001101000011101
0001100111010100
0001100110001011
0001100101000010
0001100011111000
0001100010101110
0001100001100100
0001100000011010
0001011111001111
0001011110000100
0001011100111000
0001011011101100
0001011010100000
0001011001010100
0001011000001000
0001010110111011
0001010101101110
0001010100100000
0001010011010011
0001010010000101
0001010000110111
0001001111101001
0001001110011010
0001001101001011
0001001011111100
0001001010101101
0001001001011110
0001001000001110
0001000110111110
0001000101101110
0001000100011101
0001000011001101
0001000001111100
0001000000101011
0000111111011010
0000111110001001
0000111100110111
0000111011100101
0000111010010100
0000111001000001
0000110111101111
0000110110011101
0000110101001010
0000110011110111
0000110010100101
0000110001010010
0000101111111110
0000101110101011
0000101101010111
0000101100000100
0000101010110000
0000101001011100
0000101000001000
0000100110110100
0000100101100000
0000100100001011
0000100010110111
0000100001100010
0000100000001110
0000011110111001
0000011101100100
0000011100001111
0000011010111010
0000011001100101
0000011000010000
0000010110111011
0000010101100101
0000010100010000
0000010010111010
0000010001100101
0000010000001111
0000001110111010
0000001101100100
0000001100001110
0000001010111000
0000001001100011
0000001000001101
0000000110110111
0000000101100001
0000000100001011
0000000010110101
0000000001011111
0000000000001010
1111111110110100
1111111101011110
1111111100001000
1111111010110010
1111111001011100
1111111000000110
1111110110110000
1111110101011011
1111110100000101
1111110010101111
1111110001011001
1111110000000100
1111101110101110
1111101101011001
1111101100000011
1111101010101110
1111101001011000
1111101000000011
1111100110101110
1111100101011001
1111100100000100
1111100010101111
1111100001011010
1111100000000101
1111011110110000
1111011101011100
1111011100000111
1111011010110011
1111011001011111
1111011000001010
1111010110110110
1111010101100011
1111010100001111
1111010010111011
1111010001101000
1111010000010100
1111001111000001
1111001101101110
1111001100011011
1111001011001000
1111001001110110
1111001000100011
1111000111010001
1111000101111111
1111000100101101
1111000011011011
1111000010001001
1111000000111000
1110111111100111
1110111110010110
1110111101000101
1110111011110100
1110111010100100
1110111001010100
1110111000000100
1110110110110100
1110110101100101
1110110100010101
1110110011000110
1110110001110111
1110110000101001
1110101111011010
1110101110001100
1110101100111110
1110101011110001
1110101010100011
1110101001010110
1110101000001001
1110100110111101
1110100101110001
1110100100100100
1110100011011001
1110100010001101
1110100001000010
1110011111110111
1110011110101100
1110011101100010
1110011100011000
1110011011001110
1110011010000101
1110011000111100
1110010111110011
1110010110101010
1110010101100010
1110010100011010
1110010011010011
1110010010001100
1110010001000101
1110001111111110
1110001110111000
1110001101110010
1110001100101101
1110001011101000
1110001010100011
1110001001011110
1110001000011010
1110000111010110
1110000110010011
1110000101010000
1110000100001101
1110000011001011
1110000010001001
1110000001001000
1110000000000111
1101111111000110
1101111110000110
1101111101000110
1101111100000110
1101111011000111
1101111010001000
1101111001001010
1101111000001100
1101110111001110
1101110110010001
1101110101010101
1101110100011000
1101110011011100
1101110010100001
1101110001100110
1101110000101011
1101101111110001
1101101110111000
1101101101111110
1101101101000110
1101101100001101
1101101011010101
1101101010011110
1101101001100111
1101101000110000
1101100111111010
1101100111000100
1101100110001111
1101100101011010
1101100100100110
1101100011110010
1101100010111111
1101100010001100
1101100001011010
1101100000101000
1101011111110110
1101011111000110
1101011110010101
1101011101100101
1101011100110110
1101011100000111
1101011011011000
1101011010101010
1101011001111101
1101011001010000
1101011000100011
1101010111110111
1101010111001100
1101010110100001
1101010101110110
1101010101001101
1101010100100011
1101010011111010
1101010011010010
1101010010101010
1101010010000011
1101010001011100
1101010000110110
1101010000010000
1101001111101011
1101001111000110
1101001110100010
1101001101111110
1101001101011011
1101001100111001
1101001100010111
1101001011110101
1101001011010100
1101001010110100
1101001010010100
1101001001110101
1101001001010110
1101001000111000
1101001000011011
1101000111111110
1101000111100001
1101000111000101
1101000110101010
1101000110001111
1101000101110101
1101000101011011
1101000101000010
1101000100101001
1101000100010001
1101000011111010
1101000011100011
1101000011001101
1101000010110111
1101000010100010
1101000010001101
1101000001111001
1101000001100110
1101000001010011
1101000001000001
1101000000101111
1101000000011110
1101000000001110
1100111111111110
1100111111101110
1100111111011111
1100111111010001
1100111111000100
1100111110110111
1100111110101010
1100111110011110
1100111110010011
1100111110001000
1100111101111110
1100111101110101
1100111101101100
1100111101100011
1100111101011011
1100111101010100
1100111101001110
1100111101001000
1100111101000010
1100111100111101
1100111100111001
1100111100110110
1100111100110010
1100111100110000
1100111100101110
1100111100101101
1100111100101100
1100111100101100
1100111100101101
1100111100101110
1100111100101111
1100111100110010
1100111100110100
1100111100111000
1100111100111100
1100111101000000
1100111101000110
1100111101001011
1100111101010010
1100111101011001
1100111101100000
1100111101101000
1100111101110001
1100111101111011
1100111110000100
1100111110001111
1100111110011010
1100111110100110
1100111110110010
1100111110111111
1100111111001100
1100111111011010
1100111111101001
1100111111111000
1101000000001000
1101000000011000
1101000000101001
1101000000111010
1101000001001100
1101000001011111
1101000001110010
1101000010000110
1101000010011010
1101000010101111
1101000011000101
1101000011011011
1101000011110010
1101000100001001
1101000100100001
1101000100111001
1101000101010010
1101000101101011
1101000110000101
1101000110100000
1101000110111011
1101000111010111
1101000111110011
1101001000010000
1101001000101101
1101001001001011
1101001001101010
1101001010001001
1101001010101000
1101001011001001
1101001011101001
1101001100001010
1101001100101100
1101001101001111
1101001101110001
1101001110010101
1101001110111001
1101001111011101
1101010000000010
1101010000101000
1101010001001110
1101010001110101
1101010010011100
1101010011000011
1101010011101011
1101010100010100
1101010100111101
1101010101100111
1101010110010001
1101010110111100
1101010111100111
1101011000010011
1101011000111111
1101011001101100
1101011010011010
1101011011000111
1101011011110110
1101011100100100
1101011101010100
1101011110000100
1101011110110100
1101011111100101
1101100000010110
1101100001000111
1101100001111010
1101100010101100
1101100011100000
1101100100010011
1101100101000111
1101100101111100
1101100110110001
1101100111100110
1101101000011100
1101101001010011
1101101010001010
1101101011000001
1101101011111001
1101101100110001
1101101101101010
1101101110100011
1101101111011100
1101110000010110
1101110001010001
1101110010001011
1101110011000111
1101110100000010
1101110100111111
1101110101111011
1101110110111000
1101110111110101
1101111000110011
1101111001110001
1101111010110000
1101111011101111
1101111100101110
1101111101101110
1101111110101110
1101111111101111
1110000000110000
1110000001110001
1110000010110011
1110000011110101
1110000100111000
1110000101111011
1110000110111110
1110001000000001
1110001001000101
1110001010001010
1110001011001110
1110001100010011
1110001101011001
1110001110011111
1110001111100101
1110010000101011
1110010001110010
1110010010111001
1110010100000000
1110010101001000
1110010110010000
1110010111011000
1110011000100001
1110011001101010
1110011010110011
1110011011111101
1110011101000111
1110011110010001
1110011111011100
1110100000100111
1110100001110010
1110100010111101
1110100100001001
1110100101010101
1110100110100001
1110100111101101
1110101000111010
1110101010000111
1110101011010100
1110101100100010
1110101101110000
1110101110111110
1110110000001100
1110110001011011
1110110010101001
1110110011111000
1110110101001000
1110110110010111
1110110111100111
1110111000110111
1110111010000111
1110111011010111
1110111100101000
1110111101111000
1110111111001001
1111000000011010
1111000001101100
1111000010111101
1111000100001111
1111000101100001
1111000110110011
1111001000000101
1111001001010111
1111001010101010
1111001011111101
1111001101010000
1111001110100011
1111001111110110
1111010001001001
1111010010011101
1111010011110000
1111010101000100
1111010110011000
1111010111101100
1111011001000000
1111011010010100
1111011011101000
1111011100111101
1111011110010001
1111011111100110
1111100000111011
1111100010010000
1111100011100101
1111100100111010
1111100110001111
1111100111100100
1111101000111001
1111101010001111
1111101011100100
1111101100111001
1111101110001111
1111101111100101
1111110000111010
1111110010010000
1111110011100110
1111110100111011
1111110110010001
1111110111100111
1111111000111101
1111111010010011
1111111011101000
1111111100111110
1111111110010100
1111111111101010
0000000001000000
0000000010010110
0000000011101100
0000000101000010
0000000110011000
0000000111101101
0000001001000011
0000001010011001
0000001011101111
0000001101000101
0000001110011010
0000001111110000
0000010001000110
0000010010011011
0000010011110001
0000010101000110
0000010110011011
0000010111110001
0000011001000110
0000011010011011
0000011011110000
0000011101000101
0000011110011010
0000011111101111
0000100001000100
0000100010011000
0000100011101101
0000100101000001
0000100110010101
0000100111101010
0000101000111110
0000101010010001
0000101011100101
0000101100111001
0000101110001101
0000101111100000
0000110000110011
0000110010000110
0000110011011001
0000110100101100
0000110101111111
0000110111010001
0000111000100011
0000111001110110
0000111011001000
0000111100011001
0000111101101011
0000111110111100
0001000000001110
0001000001011111
0001000010101111
0001000100000000
0001000101010000
0001000110100001
0001000111110001
0001001001000000
0001001010010000
0001001011011111
0001001100101110
0001001101111101
0001001111001100
0001010000011010
0001010001101001
0001010010110110
0001010100000100
0001010101010010
0001010110011111
0001010111101100
0001011000111000
0001011010000101
0001011011010001
0001011100011100
0001011101101000
0001011110110011
0001011111111110
0001100001001001
0001100010010011
0001100011011101
0001100100100111
0001100101110001
0001100110111010
0001101000000011
0001101001001011
0001101010010011
0001101011011011
0001101100100011
0001101101101010
0001101110110001
0001101111111000
0001110000111110
0001110010000100
0001110011001001
0001110100001111
0001110101010011
0001110110011000
0001110111011100
0001111000100000
0001111001100011
0001111010100110
0001111011101001
0001111100101011
0001111101101101
0001111110101111
0001111111110000
0010000000110001
0010000001110001
0010000010110001
0010000011110001
0010000100110000
0010000101101111
0010000110101101
0010000111101011
0010001000101001
0010001001100110
0010001010100011
0010001011011111
0010001100011011
0010001101010111
0010001110010010
0010001111001100
0010010000000110
0010010001000000
0010010001111010
0010010010110010
0010010011101011
0010010100100011
0010010101011010
0010010110010001
0010010111001000
0010010111111110
0010011000110100
0010011001101001
0010011010011110
0010011011010010
0010011100000110
0010011100111010
0010011101101101
0010011110011111
0010011111010001
0010100000000011
0010100000110100
0010100001100100
0010100010010100
0010100011000100
0010100011110011
0010100100100001
0010100101001111
0010100101111101
0010100110101010
0010100111010110
0010101000000010
0010101000101110
0010101001011001
0010101010000011
0010101010101101
0010101011010111
0010101100000000
0010101100101000
0010101101010000
0010101101111000
0010101110011111
0010101111000101
0010101111101011
0010110000010000
0010110000110101
0010110001011001
0010110001111101
0010110010100000
0010110011000010
0010110011100100
0010110100000110
0010110100100111
0010110101000111
0010110101100111
0010110110000111
0010110110100101
0010110111000100
0010110111100001
0010110111111110
0010111000011011
0010111000110111
0010111001010010
0010111001101101
0010111010001000
0010111010100001
0010111010111011
0010111011010011
0010111011101011
0010111100000011
0010111100011010
0010111100110000
0010111101000110
0010111101011011
0010111101110000
0010111110000100
0010111110010111
0010111110101010
0010111110111101
0010111111001110
0010111111100000
0010111111110000
0011000000000000
0011000000010000
0011000000011111
0011000000101101
0011000000111011
0011000001001000
0011000001010100
0011000001100000
0011000001101100
0011000001110110
0011000010000001
0011000010001010
0011000010010011
0011000010011100
0011000010100011
0011000010101011
0011000010110001
0011000010111000
0011000010111101
0011000011000010
0011000011000110
0011000011001010
0011000011001101
0011000011010000
0011000011010010
0011000011010011
0011000011010100
0011000011010100
0011000011010100
0011000011010011
0011000011010001
0011000011001111
0011000011001100
0011000011001001
0011000011000101
0011000011000000
0011000010111011
0011000010110101
0011000010101111
0011000010101000
0011000010100001
0011000010011001
0011000010010000
0011000010000111
0011000001111101
0011000001110011
0011000001101000
0011000001011100
0011000001010000
0011000001000011
0011000000110110
0011000000101000
0011000000011001
0011000000001010
0010111111111011
0010111111101010
0010111111011010
0010111111001000
0010111110110110
0010111110100100
0010111110010001
0010111101111101
0010111101101001
0010111101010100
0010111100111110
0010111100101000
0010111100010010
0010111011111011
0010111011100011
0010111011001011
0010111010110010
0010111010011000
0010111001111110
0010111001100100
0010111001001001
0010111000101101
0010111000010001
0010110111110100
0010110111010111
0010110110111001
0010110110011011
0010110101111100
0010110101011100
0010110100111100
0010110100011011
0010110011111010
0010110011011001
0010110010110110
0010110010010100
0010110001110000
0010110001001100
0010110000101000
0010110000000011
0010101111011110
0010101110111000
0010101110010001
0010101101101010
0010101101000010
0010101100011010
0010101011110010
0010101011001001
0010101010011111
0010101001110101
0010101001001010
0010101000011111
0010100111110011
0010100111000111
0010100110011010
0010100101101101
0010100100111111
0010100100010001
0010100011100010
0010100010110011
0010100010000011
0010100001010011
0010100000100010
0010011111110001
0010011111000000
0010011110001110
0010011101011011
0010011100101000
0010011011110100
0010011011000000
0010011010001100
0010011001010111
0010011000100001
0010010111101011
0010010110110101
0010010101111110
0010010101000111
0010010100001111
0010010011010111
0010010010011111
0010010001100110
0010010000101100
0010001111110010
0010001110111000
0010001101111101
0010001101000010
0010001100000110
0010001011001010
0010001010001110
0010001001010001
0010001000010011
0010000111010110
0010000110010111
0010000101011001
0010000100011010
0010000011011011
0010000010011011
0010000001011011
0010000000011010
0001111111011001
0001111110011000
0001111101010110
0001111100010100
0001111011010010
0001111010001111
0001111001001100
0001111000001000
0001110111000100
0001110110000000
0001110100111011
0001110011110110
0001110010110001
0001110001101011
0001110000100101
0001101111011111
0001101110011000
0001101101010001
0001101100001010
0001101011000010
0001101001111010
0001101000110010
0001100111101001
0001100110100000
0001100101010111
0001100100001101
0001100011000100
0001100001111001
0001100000101111
0001011111100100
0001011110011001
0001011101001110
0001011100000010
0001011010110110
0001011001101010
0001011000011110
0001010111010001
0001010110000100
0001010100110111
0001010011101001
0001010010011011
0001010001001101
0001001111111111
0001001110110001
0001001101100010
0001001100010011
0001001011000100
0001001001110100
0001001000100101
0001000111010101
0001000110000101
0001000100110100
0001000011100100
0001000010010011
0001000001000010
0000111111110001
0000111110100000
0000111101001110
0000111011111101
0000111010101011
0000111001011001
0000111000000111
0000110110110100
0000110101100010
0000110100001111
0000110010111100
0000110001101001
0000110000010110
0000101111000011
0000101101101111
0000101100011100
0000101011001000
0000101001110100
0000101000100000
0000100111001100
0000100101111000
0000100100100100
0000100011001111
0000100001111011
0000100000100110
0000011111010001
0000011101111100
0000011100100111
0000011011010010
0000011001111101
0000011000101000
0000010111010011
0000010101111110
0000010100101000
0000010011010011
0000010001111101
0000010000101000
0000001111010010
0000001101111100
0000001100100111
0000001011010001
0000001001111011
0000001000100101
0000000111001111
0000000101111010
0000000100100100
0000000011001110
0000000001111000
0000000000100010
1111111111001100
1111111101110110
1111111100100000
1111111011001011
1111111001110101
1111111000011111
1111110111001001
1111110101110011
1111110100011101
1111110011001000
1111110001110010
1111110000011100
1111101111000111
1111101101110001
1111101100011100
1111101011000110
1111101001110001
1111101000011100
1111100111000110
1111100101110001
1111100100011100
1111100011000111
1111100001110010
1111100000011101
1111011111001001
1111011101110100
1111011100011111
1111011011001011
1111011001110111
1111011000100011
1111010111001110
1111010101111010
1111010100100111
1111010011010011
1111010001111111
1111010000101100
1111001111011001
1111001110000110
1111001100110011
1111001011100000
1111001010001101
1111001000111011
1111000111101000
1111000110010110
1111000101000100
1111000011110010
1111000010100001
1111000001001111
1110111111111110
1110111110101101
1110111101011100
1110111100001011
1110111010111011
1110111001101011
1110111000011011
1110110111001011
1110110101111011
1110110100101100
1110110011011101
1110110010001110
1110110000111111
1110101111110001
1110101110100011
1110101101010101
1110101100000111
1110101010111001
1110101001101100
1110101000011111
1110100111010011
1110100110000110
1110100100111010
1110100011101110
1110100010100011
1110100001010111
1110100000001100
1110011111000010
1110011101110111
1110011100101101
1110011011100011
1110011010011010
1110011001010001
1110011000001000
1110010110111111
1110010101110111
1110010100101111
1110010011100111
1110010010100000
1110010001011001
1110010000010010
1110001111001100
1110001110000110
1110001101000001
1110001011111011
1110001010110110
1110001001110010
1110001000101110
1110000111101010
1110000110100110
1110000101100011
1110000100100000
1110000011011110
1110000010011100
1110000001011011
1110000000011001
1101111111011000
1101111110011000
1101111101011000
1101111100011000
1101111011011001
1101111010011010
1101111001011100
1101111000011110
1101110111100000
1101110110100011
1101110101100110
1101110100101010
1101110011101110
1101110010110010
1101110001110111
1101110000111100
1101110000000010
1101101111001000
1101101110001111
1101101101010110
1101101100011101
1101101011100101
1101101010101110
1101101001110110
1101101001000000
1101101000001001
1101100111010100
1101100110011110
1101100101101001
1101100100110101
1101100100000001
1101100011001110
1101100010011011
1101100001101000
1101100000110110
1101100000000101
1101011111010011
1101011110100011
1101011101110011
1101011101000011
1101011100010100
1101011011100101
1101011010110111
1101011010001010
1101011001011101
1101011000110000
1101011000000100
1101010111011000
1101010110101101
1101010110000011
1101010101011001
1101010100101111
1101010100000110
1101010011011101
1101010010110101
1101010010001110
1101010001100111
1101010001000001
1101010000011011
1101001111110101
1101001111010001
1101001110101100
1101001110001000
1101001101100101
1101001101000011
1101001100100000
1101001011111111
1101001011011110
1101001010111101
1101001010011101
1101001001111110
1101001001011111
1101001001000001
1101001000100011
1101001000000110
1101000111101001
1101000111001101
1101000110110010
1101000110010111
1101000101111100
1101000101100010
1101000101001001
1101000100110000
1101000100011000
1101000100000001
1101000011101010
1101000011010011
1101000010111101
1101000010101000
1101000010010011
1101000001111111
1101000001101011
1101000001011000
1101000001000110
1101000000110100
1101000000100011
1101000000010010
1101000000000010
1100111111110011
1100111111100100
1100111111010101
1100111111000111
1100111110111010
1100111110101110
1100111110100010
1100111110010110
1100111110001011
1100111110000001
1100111101110111
1100111101101110
1100111101100110
1100111101011110
1100111101010110
1100111101001111
1100111101001001
1100111101000100
1100111100111111
1100111100111010
1100111100110111
1100111100110011
1100111100110001
1100111100101111
1100111100101101
1100111100101100
1100111100101100
1100111100101100
1100111100101101
1100111100101111
1100111100110001
1100111100110011
1100111100110111
1100111100111011
1100111100111111
1100111101000100
1100111101001010
1100111101010000
1100111101010111
1100111101011110
1100111101100110
1100111101101111
1100111101111000
1100111110000010
1100111110001100
1100111110010111
1100111110100010
1100111110101110
1100111110111011
1100111111001000
1100111111010110
1100111111100100
1100111111110011
1101000000000011
1101000000010011
1101000000100100
1101000000110101
1101000001000111
1101000001011010
1101000001101101
1101000010000000
1101000010010100
1101000010101001
1101000010111111
1101000011010101
1101000011101011
1101000100000010
1101000100011010
1101000100110010
1101000101001011
1101000101100100
1101000101111110
1101000110011000
1101000110110011
1101000111001111
1101000111101011
1101001000001000
1101001000100101
1101001001000011
1101001001100001
1101001010000000
1101001010011111
1101001010111111
1101001011100000
1101001100000001
1101001100100011
1101001101000101
1101001101100111
1101001110001011
1101001110101110
1101001111010011
1101001111111000
1101010000011101
1101010001000011
1101010001101001
1101010010010000
1101010010111000
1101010011100000
1101010100001001
1101010100110010
1101010101011011
1101010110000101
1101010110110000
1101010111011011
1101011000000111
1101011000110011
1101011001011111
1101011010001101
1101011010111010
1101011011101000
1101011100010111
1101011101000110
1101011101110110
1101011110100110
1101011111010111
1101100000001000
1101100000111001
1101100001101011
1101100010011110
1101100011010001
1101100100000100
1101100100111000
1101100101101101
1101100110100010
1101100111010111
1101101000001101
1101101001000011
1101101001111010
1101101010110001
1101101011101001
1101101100100001
1101101101011001
1101101110010010
1101101111001100
1101110000000110
1101110001000000
1101110001111011
1101110010110110
1101110011110001
1101110100101101
1101110101101010
1101110110100111
1101110111100100
1101111000100010
1101111001100000
1101111010011110
1101111011011101
1101111100011100
1101111101011100
1101111110011100
1101111111011101
1110000000011101
1110000001011111
1110000010100000
1110000011100010
1110000100100101
1110000101100111
1110000110101011
1110000111101110
1110001000110010
1110001001110110
1110001010111011
1110001100000000
1110001101000101
1110001110001011
1110001111010001
1110010000010111
1110010001011110
1110010010100101
1110010011101100
1110010100110011
1110010101111011
1110010111000100
1110011000001100
1110011001010101
1110011010011111
1110011011101000
1110011100110010
1110011101111100
1110011111000110
1110100000010001
1110100001011100
1110100010101000
1110100011110011
1110100100111111
1110100110001011
1110100111011000
1110101000100100
1110101001110001
1110101010111110
1110101100001100
1110101101011010
1110101110101000
1110101111110110
1110110001000100
1110110010010011
1110110011100010
1110110100110001
1110110110000000
1110110111010000
1110111000100000
1110111001110000
1110111011000000
1110111100010001
1110111101100001
1110111110110010
1111000000000011
1111000001010100
1111000010100110
1111000011111000
1111000101001001
1111000110011011
1111000111101110
1111001001000000
1111001010010010
1111001011100101
1111001100111000
1111001110001011
1111001111011110
1111010000110001
1111010010000101
1111010011011000
1111010100101100
1111010110000000
1111010111010100
1111011000101000
1111011001111100
1111011011010000
1111011100100101
1111011101111001
1111011111001110
1111100000100011
1111100001111000
1111100011001100
1111100100100001
1111100101110111
1111100111001100
1111101000100001
1111101001110110
1111101011001100
1111101100100001
1111101101110111
1111101111001100
1111110000100010
1111110001110111
1111110011001101
1111110100100011
1111110101111001
1111110111001110
1111111000100100
1111111001111010
1111111011010000
1111111100100110
1111111101111100
1111111111010010
0000000000101000
0000000001111101
0000000011010011
0000000100101001
0000000101111111
0000000111010101
0000001000101011
0000001010000001
0000001011010110
0000001100101100
0000001110000010
0000001111010111
0000010000101101
0000010010000011
0000010011011000
0000010100101110
0000010110000011
0000010111011000
0000011000101110
0000011010000011
0000011011011000
0000011100101101
0000011110000010
0000011111010111
0000100000101011
0000100010000000
0000100011010101
0000100100101001
0000100101111101
0000100111010001
0000101000100110
0000101001111010
0000101011001101
0000101100100001
0000101101110101
0000101111001000
0000110000011011
0000110001101111
0000110011000010
0000110100010100
0000110101100111
0000110110111010
0000111000001100
0000111001011110
0000111010110000
0000111100000010
0000111101010100
0000111110100101
0000111111110110
0001000001000111
0001000010011000
0001000011101001
0001000100111010
0001000110001010
0001000111011010
0001001000101010
0001001001111001
0001001011001001
0001001100011000
0001001101100111
0001001110110110
0001010000000100
0001010001010010
0001010010100000
0001010011101110
0001010100111011
0001010110001001
0001010111010110
0001011000100010
0001011001101111
0001011010111011
0001011100000111
0001011101010010
0001011110011110
0001011111101001
0001100000110100
0001100001111110
0001100011001000
0001100100010010
0001100101011100
0001100110100101
0001100111101110
0001101000110110
0001101001111111
0001101011000111
0001101100001110
0001101101010110
0001101110011101
0001101111100100
0001110000101010
0001110001110000
0001110010110110
0001110011111011
0001110101000000
0001110110000100
0001110111001001
0001111000001101
0001111001010000
0001111010010011
0001111011010110
0001111100011000
0001111101011010
0001111110011100
0001111111011101
0010000000011110
0010000001011111
0010000010011111
0010000011011111
0010000100011110
0010000101011101
0010000110011011
0010000111011010
0010001000010111
0010001001010101
0010001010010001
0010001011001110
0010001100001010
0010001101000110
0010001110000001
0010001110111011
0010001111110110
0010010000110000
0010010001101001
0010010010100010
0010010011011011
0010010100010011
0010010101001011
0010010110000010
0010010110111001
0010010111101111
0010011000100101
0010011001011010
0010011010001111
0010011011000100
0010011011111000
0010011100101011
0010011101011110
0010011110010001
0010011111000011
0010011111110100
0010100000100110
0010100001010110
0010100010000110
0010100010110110
0010100011100101
0010100100010100
0010100101000010
0010100101110000
0010100110011101
0010100111001010
0010100111110110
0010101000100010
0010101001001101
0010101001110111
0010101010100010
0010101011001011
0010101011110100
0010101100011101
0010101101000101
0010101101101100
0010101110010011
0010101110111010
0010101111100000
0010110000000101
0010110000101010
0010110001001111
0010110001110010
0010110010010110
0010110010111001
0010110011011011
0010110011111100
0010110100011110
0010110100111110
0010110101011110
0010110101111110
0010110110011101
0010110110111011
0010110111011001
0010110111110110
0010111000010011
0010111000101111
0010111001001011
0010111001100110
0010111010000000
0010111010011010
0010111010110011
0010111011001100
0010111011100100
0010111011111100
0010111100010011
0010111100101010
0010111101000000
0010111101010101
0010111101101010
0010111101111110
0010111110010010
0010111110100101
0010111110110111
0010111111001001
0010111111011011
0010111111101011
0010111111111100
0011000000001011
0011000000011010
0011000000101001
0011000000110111
0011000001000100
0011000001010001
0011000001011101
0011000001101000
0011000001110011
0011000001111110
0011000010000111
0011000010010001
0011000010011001
0011000010100001
0011000010101001
0011000010110000
0011000010110110
0011000010111100
0011000011000001
0011000011000101
0011000011001001
0011000011001100
0011000011001111
0011000011010001
0011000011010011
0011000011010100
0011000011010100
0011000011010100
0011000011010011
0011000011010010
0011000011010000
0011000011001101
0011000011001010
0011000011000110
0011000011000010
0011000010111101
0011000010110111
0011000010110001
0011000010101010
0011000010100011
0011000010011011
0011000010010011
0011000010001010
0011000010000000
0011000001110110
0011000001101011
0011000001011111
0011000001010011
0011000001000111
0011000000111010
0011000000101100
0011000000011110
0011000000001111
0010111111111111
0010111111101111
0010111111011110
0010111111001101
0010111110111011
0010111110101001
0010111110010110
0010111110000011
0010111101101110
0010111101011010
0010111101000100
0010111100101111
0010111100011000
0010111100000001
0010111011101010
0010111011010010
0010111010111001
0010111010100000
0010111010000110
0010111001101100
0010111001010001
0010111000110101
0010111000011001
0010110111111101
0010110111011111
0010110111000010
0010110110100011
0010110110000101
0010110101100101
0010110101000101
0010110100100101
0010110100000100
0010110011100010
0010110011000000
0010110010011110
0010110001111010
0010110001010111
0010110000110010
0010110000001110
0010101111101000
0010101111000010
0010101110011100
0010101101110101
0010101101001110
0010101100100110
0010101011111101
0010101011010100
0010101010101011
0010101010000001
0010101001010110
0010101000101011
0010101000000000
0010100111010100
0010100110100111
0010100101111010
0010100101001100
0010100100011110
0010100011110000
0010100011000001
0010100010010001
0010100001100001
0010100000110000
0010011111111111
0010011111001110
0010011110011100
0010011101101001
0010011100110110
0010011100000011
0010011011001111
0010011010011011
0010011001100110
0010011000110001
0010010111111011
0010010111000101
0010010110001110
0010010101010111
0010010100011111
0010010011100111
0010010010101111
0010010001110110
0010010000111101
0010010000000011
0010001111001000
0010001110001110
0010001101010011
0010001100010111
0010001011011011
0010001010011111
0010001001100010
0010001000100101
0010000111100111
0010000110101001
0010000101101011
0010000100101100
0010000011101101
0010000010101101
0010000001101101
0010000000101101
0001111111101100
0001111110101011
0001111101101001
0001111100100111
0001111011100101
0001111010100010
0001111001011111
0001111000011100
0001110111011000
0001110110010100
0001110101001111
0001110100001010
0001110011000101
0001110001111111
0001110000111001
0001101111110011
0001101110101101
0001101101100110
0001101100011110
0001101011010111
0001101010001111
0001101001000111
0001100111111110
0001100110110101
0001100101101100
0001100100100010
0001100011011001
0001100010001111
0001100001000100
0001011111111001
0001011110101111
0001011101100011
0001011100011000
0001011011001100
0001011010000000
0001011000110011
0001010111100111
0001010110011010
0001010101001101
0001010011111111
0001010010110010
0001010001100100
0001010000010101
0001001111000111
0001001101111000
0001001100101001
0001001011011010
0001001010001011
0001001000111011
0001000111101100
0001000110011100
0001000101001011
0001000011111011
0001000010101010
0001000001011001
0001000000001000
0000111110110111
0000111101100110
0000111100010100
0000111011000010
0000111001110000
0000111000011110
0000110111001100
0000110101111001
0000110100100111
0000110011010100
0000110010000001
0000110000101110
0000101111011011
0000101110000111
0000101100110100
0000101011100000
0000101010001100
0000101000111000
0000100111100100
0000100110010000
0000100100111100
0000100011100111
0000100010010011
0000100000111110
0000011111101001
0000011110010101
0000011101000000
0000011011101011
0000011010010110
0000011001000000
0000010111101011
0000010110010110
0000010101000001
0000010011101011
0000010010010110
0000010001000000
0000001111101010
0000001110010101
0000001100111111
0000001011101001
0000001010010100
0000001000111110
0000000111101000
0000000110010010
0000000100111100
0000000011100110
0000000010010001
0000000000111011
1111111111100101
1111111110001111
1111111100111001
1111111011100011
1111111010001101
1111111000110111
1111110111100001
1111110110001100
1111110100110110
1111110011100000
1111110010001010
1111110000110101
1111101111011111
1111101110001010
1111101100110100
1111101011011111
1111101010001001
1111101000110100
1111100111011111
1111100110001001
1111100100110100
1111100011011111
1111100010001010
1111100000110110
1111011111100001
1111011110001100
1111011100111000
1111011011100011
1111011010001111
1111011000111011
1111010111100110
1111010110010010
1111010100111111
1111010011101011
1111010010010111
1111010001000100
1111001111110001
1111001110011101
1111001101001010
1111001011110111
1111001010100101
1111001001010010
1111001000000000
1111000110101110
1111000101011100
1111000100001010
1111000010111000
1111000001100111
1111000000010101
1110111111000100
1110111101110011
1110111100100010
1110111011010010
1110111010000010
1110111000110010
1110110111100010
1110110110010010
1110110101000011
1110110011110011
1110110010100100
1110110001010110
1110110000000111
1110101110111001
1110101101101011
1110101100011101
1110101011010000
1110101010000010
1110101000110101
1110100111101001
1110100110011100
1110100101010000
1110100100000100
1110100010111000
1110100001101101
1110100000100010
1110011111010111
1110011110001101
1110011101000010
1110011011111000
1110011010101111
1110011001100110
1110011000011101
1110010111010100
1110010110001100
1110010101000011
1110010011111100
1110010010110100
1110010001101101
1110010000100111
1110001111100000
1110001110011010
1110001101010100
1110001100001111
1110001011001010
1110001010000101
1110001001000001
1110000111111101
1110000110111010
1110000101110110
1110000100110011
1110000011110001
1110000010101111
1110000001101101
1110000000101100
1101111111101011
1101111110101010
1101111101101010
1101111100101010
1101111011101011
1101111010101100
1101111001101101
1101111000101111
1101110111110010
1101110110110100
1101110101110111
1101110100111011
1101110011111111
1101110011000011
1101110010001000
1101110001001101
1101110000010010
1101101111011001
1101101110011111
1101101101100110
1101101100101101
1101101011110101
1101101010111101
1101101010000110
1101101001001111
1101101000011001
1101100111100011
1101100110101101
1101100101111000
1101100101000100
1101100100010000
1101100011011100
1101100010101001
1101100001110110
1101100001000100
1101100000010011
1101011111100001
1101011110110001
1101011110000000
1101011101010001
1101011100100001
1101011011110011
1101011011000100
1101011010010111
1101011001101001
1101011000111101
1101011000010000
1101010111100101
1101010110111001
1101010110001111
1101010101100100
1101010100111011
1101010100010010
1101010011101001
1101010011000001
1101010010011001
1101010001110010
1101010001001011
1101010000100101
1101010000000000
1101001111011011
1101001110110111
1101001110010011
1101001101101111
1101001101001100
1101001100101010
1101001100001000
1101001011100111
1101001011000111
1101001010100110
1101001010000111
1101001001101000
1101001001001001
1101001000101011
1101001000001110
1101000111110001
1101000111010101
1101000110111001
1101000110011110
1101000110000100
1101000101101010
1101000101010000
1101000100110111
1101000100011111
1101000100000111
1101000011110000
1101000011011001
1101000011000011
1101000010101110
1101000010011001
1101000010000101
1101000001110001
1101000001011110
1101000001001011
1101000000111001
1101000000101000
1101000000010111
1101000000000111
1100111111110111
1100111111101000
1100111111011001
1100111111001011
1100111110111110
1100111110110001
1100111110100101
1100111110011001
1100111110001110
1100111110000100
1100111101111010
1100111101110001
1100111101101000
1100111101100000
1100111101011000
1100111101010001
1100111101001011
1100111101000101
1100111101000000
1100111100111100
1100111100111000
1100111100110100
1100111100110001
1100111100101111
1100111100101101
1100111100101100
1100111100101100
1100111100101100
1100111100101101
1100111100101110
1100111100110000
1100111100110011
1100111100110110
1100111100111001
1100111100111110
1100111101000011
1100111101001000
1100111101001110
1100111101010101
1100111101011100
1100111101100100
1100111101101100
1100111101110101
1100111101111111
1100111110001001
1100111110010100
1100111110011111
1100111110101011
1100111110110111
1100111111000100
1100111111010010
1100111111100000
1100111111101111
1100111111111111
1101000000001111
1101000000011111
1101000000110000
1101000001000010
1101000001010100
1101000001100111
1101000001111011
1101000010001111
1101000010100011
1101000010111000
1101000011001110
1101000011100101
1101000011111011
1101000100010011
1101000100101011
1101000101000011
1101000101011101
1101000101110110
1101000110010001
1101000110101011
1101000111000111
1101000111100011
1101000111111111
1101001000011100
1101001000111010
1101001001011000
1101001001110111
1101001010010110
1101001010110110
1101001011010111
1101001011110111
1101001100011001
1101001100111011
1101001101011101
1101001110000001
1101001110100100
1101001111001000
1101001111101101
1101010000010010
1101010000111000
1101010001011110
1101010010000101
1101010010101101
1101010011010100
1101010011111101
1101010100100110
1101010101001111
1101010101111001
1101010110100100
1101010111001111
1101010111111010
1101011000100110
1101011001010011
1101011010000000
1101011010101101
1101011011011011
1101011100001010
1101011100111001
1101011101101000
1101011110011000
1101011111001001
1101011111111010
1101100000101011
1101100001011101
1101100010001111
1101100011000010
1101100011110110
1101100100101001
1101100101011110
1101100110010010
1101100111001000
1101100111111101
1101101000110100
1101101001101010
1101101010100001
1101101011011001
1101101100010001
1101101101001001
1101101110000010
1101101110111011
1101101111110101
1101110000101111
1101110001101010
1101110010100101
1101110011100000
1101110100011100
1101110101011000
1101110110010101
1101110111010010
1101111000010000
1101111001001110
1101111010001100
1101111011001011
1101111100001010
1101111101001010
1101111110001010
1101111111001010
1110000000001011
1110000001001100
1110000010001101
1110000011001111
1110000100010010
1110000101010100
1110000110010111
1110000111011011
1110001000011111
1110001001100011
1110001010100111
1110001011101100
1110001100110001
1110001101110111
1110001110111101
1110010000000011
1110010001001001
1110010010010000
1110010011010111
1110010100011111
1110010101100111
1110010110101111
1110010111111000
1110011001000000
1110011010001010
1110011011010011
1110011100011101
1110011101100111
1110011110110001
1110011111111100
1110100001000111
1110100010010010
1110100011011101
1110100100101001
1110100101110101
1110100111000010
1110101000001110
1110101001011011
1110101010101000
1110101011110110
1110101101000011
1110101110010001
1110101111011111
1110110000101110
1110110001111100
1110110011001011
1110110100011010
1110110101101010
1110110110111001
1110111000001001
1110111001011001
1110111010101001
1110111011111010
1110111101001010
1110111110011011
1110111111101100
1111000000111101
1111000010001111
1111000011100000
1111000100110010
1111000110000100
1111000111010110
1111001000101000
1111001001111011
1111001011001101
1111001100100000
1111001101110011
1111001111000110
1111010000011001
1111010001101101
1111010011000000
1111010100010100
1111010101101000
1111010110111100
1111011000010000
1111011001100100
1111011010111000
1111011100001101
1111011101100001
1111011110110110
1111100000001010
1111100001011111
1111100010110100
1111100100001001
1111100101011110
1111100110110011
1111101000001001
1111101001011110
1111101010110011
1111101100001001
1111101101011110
1111101110110100
1111110000001001
1111110001011111
1111110010110101
1111110100001010
1111110101100000
1111110110110110
1111111000001100
1111111001100010
1111111010110111
1111111100001101
1111111101100011
1111111110111001
0000000000001111
0000000001100101
0000000010111011
0000000100010001
0000000101100111
0000000110111100
0000001000010010
0000001001101000
0000001010111110
0000001100010100
0000001101101001
0000001110111111
0000010000010101
0000010001101010
0000010011000000
0000010100010101
0000010101101011
0000010111000000
0000011000010101
0000011001101010
0000011011000000
0000011100010101
0000011101101001
0000011110111110
0000100000010011
0000100001101000
0000100010111100
0000100100010001
0000100101100101
0000100110111001
0000101000001110
0000101001100010
0000101010110101
0000101100001001
0000101101011101
0000101110110000
0000110000000100
0000110001010111
0000110010101010
0000110011111101
0000110101001111
0000110110100010
0000110111110100
0000111001000111
0000111010011001
0000111011101011
0000111100111100
0000111110001110
0000111111011111
0001000000110000
0001000010000001
0001000011010010
0001000100100011
0001000101110011
0001000111000011
0001001000010011
0001001001100011
0001001010110010
0001001100000001
0001001101010000
0001001110011111
0001001111101110
0001010000111100
0001010010001010
0001010011011000
0001010100100101
0001010101110011
0001010111000000
0001011000001100
0001011001011001
0001011010100101
0001011011110001
0001011100111101
0001011110001000
0001011111010011
0001100000011110
0001100001101001
0001100010110011
0001100011111101
0001100101000111
0001100110010000
0001100111011001
0001101000100010
0001101001101010
0001101010110010
0001101011111010
0001101101000001
0001101110001001
0001101111001111
0001110000010110
0001110001011100
0001110010100010
0001110011100111
0001110100101100
0001110101110001
0001110110110101
0001110111111001
0001111000111101
0001111010000000
0001111011000011
0001111100000110
0001111101001000
0001111110001001
0001111111001011
0010000000001100
0010000001001100
0010000010001101
0010000011001101
0010000100001100
0010000101001011
0010000110001010
0010000111001000
0010001000000110
0010001001000011
0010001010000000
0010001010111101
0010001011111001
0010001100110101
0010001101110000
0010001110101011
0010001111100101
0010010000011111
0010010001011001
0010010010010010
0010010011001011
0010010100000011
0010010100111011
0010010101110010
0010010110101001
0010010111011111
0010011000010101
0010011001001011
0010011010000000
0010011010110101
0010011011101001
0010011100011100
0010011101010000
0010011110000010
0010011110110101
0010011111100110
0010100000011000
0010100001001000
0010100001111001
0010100010101000
0010100011011000
0010100100000111
0010100100110101
0010100101100011
0010100110010000
0010100110111101
0010100111101001
0010101000010101
0010101001000000
0010101001101011
0010101010010110
0010101010111111
0010101011101001
0010101100010001
0010101100111010
0010101101100001
0010101110001000
0010101110101111
0010101111010101
0010101111111011
0010110000100000
0010110001000100
0010110001101000
0010110010001100
0010110010101111
0010110011010001
0010110011110011
0010110100010100
0010110100110101
0010110101010101
0010110101110101
0010110110010100
0010110110110010
0010110111010000
0010110111101110
0010111000001011
0010111000100111
0010111001000011
0010111001011110
0010111001111001
0010111010010011
0010111010101100
0010111011000101
0010111011011110
0010111011110101
0010111100001101
0010111100100011
0010111100111001
0010111101001111
0010111101100100
0010111101111000
0010111110001100
0010111110011111
0010111110110010
0010111111000100
0010111111010110
0010111111100111
0010111111110111
0011000000000111
0011000000010110
0011000000100101
0011000000110011
0011000001000000
0011000001001101
0011000001011001
0011000001100101
0011000001110000
0011000001111011
0011000010000101
0011000010001110
0011000010010111
0011000010011111
0011000010100111
0011000010101110
0011000010110100
0011000010111010
0011000010111111
0011000011000100
0011000011001000
0011000011001011
0011000011001110
0011000011010001
0011000011010010
0011000011010011
0011000011010100
0011000011010100
0011000011010011
0011000011010010
0011000011010000
0011000011001110
0011000011001011
0011000011000111
0011000011000011
0011000010111110
0011000010111001
0011000010110011
0011000010101100
0011000010100101
0011000010011101
0011000010010101
0011000010001100
0011000010000011
0011000001111001
0011000001101110
0011000001100011
0011000001010111
0011000001001010
0011000000111101
0011000000110000
0011000000100010
0011000000010011
0011000000000100
0010111111110100
0010111111100011
0010111111010010
0010111111000001
0010111110101110
0010111110011100
0010111110001000
0010111101110100
0010111101100000
0010111101001011
0010111100110101
0010111100011111
0010111100001000
0010111011110001
0010111011011001
0010111011000000
0010111010100111
0010111010001101
0010111001110011
0010111001011000
0010111000111101
0010111000100001
0010111000000101
0010110111101000
0010110111001010
0010110110101100
0010110110001101
0010110101101110
0010110101001110
0010110100101110
0010110100001101
0010110011101100
0010110011001010
0010110010100111
0010110010000100
0010110001100001
0010110000111101
0010110000011000
0010101111110011
0010101111001101
0010101110100111
0010101110000000
0010101101011001
0010101100110001
0010101100001001
0010101011100000
0010101010110111
0010101010001101
0010101001100010
0010101000111000
0010101000001100
0010100111100000
0010100110110100
0010100110000111
0010100101011001
0010100100101011
0010100011111101
0010100011001110
0010100010011111
0010100001101111
0010100000111110
0010100000001101
0010011111011100
0010011110101010
0010011101111000
0010011101000101
0010011100010010
0010011011011110
0010011010101010
0010011001110101
0010011001000000
0010011000001010
0010010111010100
0010010110011110
0010010101100111
0010010100101111
0010010011110111
0010010010111111
0010010010000110
0010010001001101
0010010000010011
0010001111011001
0010001110011111
0010001101100100
0010001100101000
0010001011101100
0010001010110000
0010001001110100
0010001000110110
0010000111111001
0010000110111011
0010000101111101
0010000100111110
0010000011111111
0010000010111111
0010000001111111
0010000000111111
0001111111111110
0001111110111101
0001111101111100
0001111100111010
0001111011111000
0001111010110101
0001111001110010
0001111000101111
0001110111101011
0001110110100111
0001110101100011
0001110100011110
0001110011011001
0001110010010011
0001110001001101
0001110000000111
0001101111000001
0001101101111010
0001101100110011
0001101011101011
0001101010100011
0001101001011011
0001101000010011
0001100111001010
0001100110000001
0001100100110111
0001100011101110
0001100010100100
0001100001011001
0001100000001111
0001011111000100
0001011101111001
0001011100101101
0001011011100010
0001011010010110
0001011001001001
0001010111111101
0001010110110000
0001010101100011
0001010100010101
0001010011001000
0001010001111010
0001010000101100
0001001111011101
0001001110001111
0001001101000000
0001001011110001
0001001010100010
0001001001010010
0001001000000010
0001000110110010
0001000101100010
0001000100010010
0001000011000001
0001000001110001
0001000000100000
0000111111001110
0000111101111101
0000111100101011
0000111011011010
0000111010001000
0000111000110110
0000110111100011
0000110110010001
0000110100111110
0000110011101100
0000110010011001
0000110001000110
0000101111110010
0000101110011111
0000101101001100
0000101011111000
0000101010100100
0000101001010000
0000100111111100
0000100110101000
0000100101010100
0000100011111111
0000100010101011
0000100001010110
0000100000000010
0000011110101101
0000011101011000
0000011100000011
0000011010101110
0000011001011001
0000011000000100
0000010110101110
0000010101011001
0000010100000100
0000010010101110
0000010001011001
0000010000000011
0000001110101101
0000001101011000
0000001100000010
0000001010101100
0000001001010110
0000001000000001
0000000110101011
0000000101010101
0000000011111111
0000000010101001
0000000001010011
1111111111111101
1111111110100111
1111111101010001
1111111011111100
1111111010100110
1111111001010000
1111110111111010
1111110110100100
1111110101001110
1111110011111001
1111110010100011
1111110001001101
1111101111111000
1111101110100010
1111101101001100
1111101011110111
1111101010100010
1111101001001100
1111100111110111
1111100110100010
1111100101001101
1111100011111000
1111100010100011
1111100001001110
1111011111111001
1111011110100100
1111011101010000
1111011011111011
1111011010100111
1111011001010011
1111010111111110
1111010110101010
1111010101010111
1111010100000011
1111010010101111
1111010001011100
1111010000001000
1111001110110101
1111001101100010
1111001100001111
1111001010111100
1111001001101010
1111001000010111
1111000111000101
1111000101110011
1111000100100001
1111000011001111
1111000001111110
1111000000101100
1110111111011011
1110111110001010
1110111100111010
1110111011101001
1110111010011001
1110111001001000
1110110111111001
1110110110101001
1110110101011001
1110110100001010
1110110010111011
1110110001101100
1110110000011110
1110101111001111
1110101110000001
1110101100110011
1110101011100110
1110101010011000
1110101001001011
1110100111111110
1110100110110010
1110100101100110
1110100100011010
1110100011001110
1110100010000010
1110100000110111
1110011111101100
1110011110100010
1110011101011000
1110011100001110
1110011011000100
1110011001111010
1110011000110001
1110010111101001
1110010110100000
1110010101011000
1110010100010000
1110010011001001
1110010010000010
1110010000111011
1110001111110100
1110001110101110
1110001101101000
1110001100100011
1110001011011110
1110001010011001
1110001001010101
1110001000010001
1110000111001101
1110000110001010
1110000101000111
1110000100000100
1110000011000010
1110000010000000
1110000000111110
1101111111111101
1101111110111101
1101111101111100
1101111100111101
1101111011111101
1101111010111110
1101111001111111
1101111001000001
1101111000000011
1101110111000110
1101110110001001
1101110101001100
1101110100010000
1101110011010100
1101110010011001
1101110001011110
1101110000100011
1101101111101001
1101101110101111
1101101101110110
1101101100111101
1101101100000101
1101101011001101
1101101010010110
1101101001011111
1101101000101000
1101100111110010
1101100110111101
1101100110001000
1101100101010011
1101100100011111
1101100011101011
1101100010111000
1101100010000101
1101100001010011
1101100000100001
1101011111101111
1101011110111111
1101011110001110
1101011101011110
1101011100101111
1101011100000000
1101011011010010
1101011010100100
1101011001110110
1101011001001001
1101011000011101
1101010111110001
1101010111000110
1101010110011011
1101010101110000
1101010101000111
1101010100011101
1101010011110100
1101010011001100
1101010010100100
1101010001111101
1101010001010110
1101010000110000
1101010000001011
1101001111100101
1101001111000001
1101001110011101
1101001101111001
1101001101010110
1101001100110100
1101001100010010
1101001011110001
1101001011010000
1101001010110000
1101001010010000
1101001001110001
1101001001010010
1101001000110100
1101001000010110
1101000111111001
1101000111011101
1101000111000001
1101000110100110
1101000110001011
1101000101110001
1101000101010111
1101000100111110
1101000100100110
1101000100001110
1101000011110111
1101000011100000
1101000011001010
1101000010110100
1101000010011111
1101000010001010
1101000001110111
1101000001100011
1101000001010000
1101000000111110
1101000000101101
1101000000011100
1101000000001011
1100111111111011
1100111111101100
1100111111011101
1100111111001111
1100111111000010
1100111110110101
1100111110101000
1100111110011101
1100111110010001
1100111110000111
1100111101111101
1100111101110011
1100111101101010
1100111101100010
1100111101011010
1100111101010011
1100111101001101
1100111101000111
1100111101000010
1100111100111101
1100111100111001
1100111100110101
1100111100110010
1100111100110000
1100111100101110
1100111100101101
1100111100101100
1100111100101100
1100111100101101
1100111100101110
1100111100110000
1100111100110010
1100111100110101
1100111100111000
1100111100111100
1100111101000001
1100111101000110
1100111101001100
1100111101010011
1100111101011010
1100111101100001
1100111101101010
1100111101110010
1100111101111100
1100111110000110
1100111110010000
1100111110011100
1100111110100111
1100111110110100
1100111111000001
1100111111001110
1100111111011100
1100111111101011
1100111111111010
1101000000001010
1101000000011010
1101000000101011
1101000000111101
1101000001001111
1101000001100010
1101000001110101
1101000010001001
1101000010011101
1101000010110010
1101000011001000
1101000011011110
1101000011110101
1101000100001100
1101000100100100
1101000100111100
1101000101010101
1101000101101111
1101000110001001
1101000110100100
1101000110111111
1101000111011011
1101000111110111
1101001000010100
1101001000110010
1101001001010000
1101001001101110
1101001010001101
1101001010101101
1101001011001101
1101001011101110
1101001100001111
1101001100110001
1101001101010100
1101001101110110
1101001110011010
1101001110111110
1101001111100011
1101010000001000
1101010000101101
1101010001010011
1101010001111010
1101010010100001
1101010011001001
1101010011110001
1101010100011010
1101010101000011
1101010101101101
1101010110010111
1101010111000010
1101010111101110
1101011000011001
1101011001000110
1101011001110011
1101011010100000
1101011011001110
1101011011111100
1101011100101011
1101011101011011
1101011110001010
1101011110111011
1101011111101100
1101100000011101
1101100001001111
1101100010000001
1101100010110100
1101100011100111
1101100100011011
1101100101001111
1101100110000011
1101100110111000
1101100111101110
1101101000100100
1101101001011011
1101101010010001
1101101011001001
1101101100000001
1101101100111001
1101101101110010
1101101110101011
1101101111100100
1101110000011110
1101110001011001
1101110010010100
1101110011001111
1101110100001011
1101110101000111
1101110110000100
1101110111000001
1101110111111110
1101111000111100
1101111001111010
1101111010111001
1101111011111000
1101111100111000
1101111101110111
1101111110111000
1101111111111000
1110000000111001
1110000001111011
1110000010111101
1110000011111111
1110000101000001
1110000110000100
1110000111000111
1110001000001011
1110001001001111
1110001010010100
1110001011011000
1110001100011101
1110001101100011
1110001110101001
1110001111101111
1110010000110101
1110010001111100
1110010011000011
1110010100001011
1110010101010010
1110010110011010
1110010111100011
1110011000101100
1110011001110101
1110011010111110
1110011100001000
1110011101010010
1110011110011100
1110011111100110
1110100000110001
1110100001111100
1110100011001000
1110100100010100
1110100101100000
1110100110101100
1110100111111000
1110101001000101
1110101010010010
1110101011100000
1110101100101101
1110101101111011
1110101111001001
1110110000010111
1110110001100110
1110110010110101
1110110100000100
1110110101010011
1110110110100010
1110110111110010
1110111001000010
1110111010010010
1110111011100011
1110111100110011
1110111110000100
1110111111010101
1111000000100110
1111000001110111
1111000011001001
1111000100011011
1111000101101100
1111000110111111
1111001000010001
1111001001100011
1111001010110110
1111001100001001
1111001101011011
1111001110101110
1111010000000010
1111010001010101
1111010010101001
1111010011111100
1111010101010000
1111010110100100
1111010111111000
1111011001001100
1111011010100000
1111011011110101
1111011101001001
1111011110011110
1111011111110010
1111100001000111
1111100010011100
1111100011110001
1111100101000110
1111100110011011
1111100111110000
1111101001000101
1111101010011011
1111101011110000
1111101101000110
1111101110011011
1111101111110001
1111110001000110
1111110010011100
1111110011110010
1111110101001000
1111110110011101
1111110111110011
1111111001001001
1111111010011111
1111111011110101
1111111101001011
1111111110100001
1111111111110110
0000000001001100
0000000010100010
0000000011111000
0000000101001110
0000000110100100
0000000111111010
0000001001010000
0000001010100101
0000001011111011
0000001101010001
0000001110100111
0000001111111100
0000010001010010
0000010010100111
0000010011111101
0000010101010010
0000010110101000
0000010111111101
0000011001010010
0000011010100111
0000011011111100
0000011101010001
0000011110100110
0000011111111011
0000100001010000
0000100010100100
0000100011111001
0000100101001101
0000100110100001
0000100111110110
0000101001001010
0000101010011101
0000101011110001
0000101101000101
0000101110011000
0000101111101100
0000110000111111
0000110010010010
0000110011100101
0000110100111000
0000110110001010
0000110111011101
0000111000101111
0000111010000001
0000111011010011
0000111100100101
0000111101110111
0000111111001000
0001000000011001
0001000001101010
0001000010111011
0001000100001100
0001000101011100
0001000110101100
0001000111111100
0001001001001100
0001001010011011
0001001011101011
0001001100111010
0001001110001001
0001001111010111
0001010000100110
0001010001110100
0001010011000010
0001010100001111
0001010101011101
0001010110101010
0001010111110111
0001011001000011
0001011010001111
0001011011011100
0001011100100111
0001011101110011
0001011110111110
0001100000001001
0001100001010100
0001100010011110
0001100011101000
0001100100110010
0001100101111011
0001100111000100
0001101000001101
0001101001010110
0001101010011110
0001101011100110
0001101100101101
0001101101110100
0001101110111011
0001110000000010
0001110001001000
0001110010001110
0001110011010011
0001110100011000
0001110101011101
0001110110100010
0001110111100110
0001111000101010
0001111001101101
0001111010110000
0001111011110011
0001111100110101
0001111101110111
0001111110111000
0001111111111001
0010000000111010
0010000001111010
0010000010111010
0010000011111010
0010000100111001
0010000101111000
0010000110110110
0010000111110100
0010001000110010
0010001001101111
0010001010101011
0010001011101000
0010001100100100
0010001101011111
0010001110011010
0010001111010101
0010010000001111
0010010001001000
0010010010000010
0010010010111010
0010010011110011
0010010100101011
0010010101100010
0010010110011001
0010010111010000
0010011000000110
0010011000111100
0010011001110001
0010011010100110
0010011011011010
0010011100001110
0010011101000001
0010011101110100
0010011110100110
0010011111011000
0010100000001010
0010100000111010
0010100001101011
0010100010011011
0010100011001010
0010100011111001
0010100100101000
0010100101010110
0010100110000011
0010100110110000
0010100111011101
0010101000001001
0010101000110100
0010101001011111
0010101010001010
0010101010110011
0010101011011101
0010101100000110
0010101100101110
0010101101010110
0010101101111101
0010101110100100
0010101111001010
0010101111110000
0010110000010101
0010110000111010
0010110001011110
0010110010000010
0010110010100101
0010110011000111
0010110011101001
0010110100001011
0010110100101100
0010110101001100
0010110101101100
0010110110001011
0010110110101010
0010110111001000
0010110111100101
0010111000000010
0010111000011111
0010111000111011
0010111001010110
0010111001110001
0010111010001011
0010111010100101
0010111010111110
0010111011010111
0010111011101111
0010111100000110
0010111100011101
0010111100110011
0010111101001001
0010111101011110
0010111101110011
0010111110000111
0010111110011010
0010111110101101
0010111110111111
0010111111010001
0010111111100010
0010111111110010
0011000000000010
0011000000010010
0011000000100001
0011000000101111
0011000000111100
0011000001001001
0011000001010110
0011000001100010
0011000001101101
0011000001111000
0011000010000010
0011000010001011
0011000010010100
0011000010011101
0011000010100101
0011000010101100
0011000010110010
0011000010111000
0011000010111110
0011000011000011
0011000011000111
0011000011001010
0011000011001110
0011000011010000
0011000011010010
0011000011010011
0011000011010100
0011000011010100
0011000011010011
0011000011010010
0011000011010001
0011000011001110
0011000011001100
0011000011001000
0011000011000100
0011000011000000
0011000010111010
0011000010110101
0011000010101110
0011000010100111
0011000010100000
0011000010011000
0011000010001111
0011000010000101
0011000001111100
0011000001110001
0011000001100110
0011000001011010
0011000001001110
0011000001000001
0011000000110100
0011000000100110
0011000000010111
0011000000001000
0010111111111000
0010111111101000
0010111111010111
0010111111000110
0010111110110100
0010111110100001
0010111110001110
0010111101111010
0010111101100110
0010111101010001
0010111100111011
0010111100100101
0010111100001110
0010111011110111
0010111011011111
0010111011000111
0010111010101110
0010111010010101
0010111001111011
0010111001100000
0010111001000101
0010111000101001
0010111000001101
0010110111110000
0010110111010011
0010110110110101
0010110110010110
0010110101110111
0010110101011000
0010110100110111
0010110100010111
0010110011110110
0010110011010100
0010110010110001
0010110010001111
0010110001101011
0010110001000111
0010110000100011
0010101111111110
0010101111011000
0010101110110010
0010101110001011
0010101101100100
0010101100111101
0010101100010101
0010101011101100
0010101011000011
0010101010011001
0010101001101111
0010101001000100
0010101000011001
0010100111101101
0010100111000001
0010100110010100
0010100101100110
0010100100111001
0010100100001010
0010100011011100
0010100010101100
0010100001111100
0010100001001100
0010100000011011
0010011111101010
0010011110111001
0010011110000110
0010011101010100
0010011100100000
0010011011101101
0010011010111001
0010011010000100
0010011001001111
0010011000011010
0010010111100100
0010010110101101
0010010101110110
0010010100111111
0010010100000111
0010010011001111
0010010010010110
0010010001011101
0010010000100100
0010001111101010
0010001110101111
0010001101110101
0010001100111001
0010001011111110
0010001011000001
0010001010000101
0010001001001000
0010001000001011
0010000111001101
0010000110001111
0010000101010000
0010000100010001
0010000011010010
0010000010010010
0010000001010010
0010000000010001
0001111111010000
0001111110001111
0001111101001101
0001111100001011
0001111011001000
0001111010000101
0001111001000010
0001110111111111
0001110110111011
0001110101110110
0001110100110010
0001110011101101
0001110010100111
0001110001100001
0001110000011011
0001101111010101
0001101110001110
0001101101000111
0001101100000000
0001101010111000
0001101001110000
0001101000101000
0001100111011111
0001100110010110
0001100101001101
0001100100000011
0001100010111001
0001100001101111
0001100000100100
0001011111011001
0001011110001110
0001011101000011
0001011011110111
0001011010101011
0001011001011111
0001011000010011
0001010111000110
0001010101111001
0001010100101100
0001010011011110
0001010010010000
0001010001000010
0001001111110100
0001001110100101
0001001101010111
0001001100001000
0001001010111000
0001001001101001
0001001000011001
0001000111001001
0001000101111001
0001000100101001
0001000011011000
0001000010001000
0001000000110111
0000111111100110
0000111110010100
0000111101000011
0000111011110001
0000111010011111
0000111001001101
0000110111111011
0000110110101001
0000110101010110
0000110100000011
0000110010110000
0000110001011101
0000110000001010
0000101110110111
0000101101100011
0000101100010000
0000101010111100
0000101001101000
0000101000010100
0000100111000000
0000100101101100
0000100100011000
0000100011000011
0000100001101111
0000100000011010
0000011111000101
0000011101110000
0000011100011011
0000011011000110
0000011001110001
0000011000011100
0000010111000111
0000010101110001
0000010100011100
0000010011000111
0000010001110001
0000010000011011
0000001111000110
0000001101110000
0000001100011010
0000001011000101
0000001001101111
0000001000011001
0000000111000011
0000000101101101
0000000100011000
0000000011000010
0000000001101100
0000000000010110
1111111111000000
1111111101101010
1111111100010100
1111111010111110
1111111001101000
1111111000010011
1111110110111101
1111110101100111
1111110100010001
1111110010111011
1111110001100110
1111110000010000
1111101110111010
1111101101100101
1111101100001111
1111101010111010
1111101001100101
1111101000001111
1111100110111010
1111100101100101
1111100100010000
1111100010111011
1111100001100110
1111100000010001
1111011110111100
1111011101101000
1111011100010011
1111011010111111
1111011001101011
1111011000010110
1111010111000010
1111010101101111
1111010100011011
1111010011000111
1111010001110011
1111010000100000
1111001111001101
1111001101111010
1111001100100111
1111001011010100
1111001010000001
1111001000101111
1111000111011101
1111000110001010
1111000100111000
1111000011100111
1111000010010101
1111000001000100
1110111111110010
1110111110100001
1110111101010001
1110111100000000
1110111010110000
1110111001011111
1110111000001111
1110110111000000
1110110101110000
1110110100100001
1110110011010010
1110110010000011
1110110000110100
1110101111100110
1110101110010111
1110101101001010
1110101011111100
1110101010101110
1110101001100001
1110101000010100
1110100111001000
1110100101111011
1110100100101111
1110100011100100
1110100010011000
1110100001001101
1110100000000010
1110011110110111
1110011101101101
1110011100100011
1110011011011001
1110011010001111
1110011001000110
1110010111111101
1110010110110101
1110010101101101
1110010100100101
1110010011011101
1110010010010110
1110010001001111
1110010000001000
1110001111000010
1110001101111100
1110001100110111
1110001011110001
1110001010101101
1110001001101000
1110001000100100
1110000111100000
1110000110011101
1110000101011010
1110000100010111
1110000011010101
1110000010010011
1110000001010001
1110000000010000
1101111111001111
1101111110001111
1101111101001111
1101111100001111
1101111011010000
1101111010010001
1101111001010011
1101111000010101
1101110111010111
1101110110011010
1101110101011101
1101110100100001
1101110011100101
1101110010101001
1101110001101110
1101110000110100
1101101111111010
1101101111000000
1101101110000110
1101101101001110
1101101100010101
1101101011011101
1101101010100110
1101101001101111
1101101000111000
1101101000000010
1101100111001100
1101100110010111
1101100101100010
1101100100101110
1101100011111010
1101100011000110
1101100010010011
1101100001100001
1101100000101111
1101011111111101
1101011111001100
1101011110011100
1101011101101100
1101011100111100
1101011100001101
1101011011011111
1101011010110001
1101011010000011
1101011001010110
1101011000101010
1101010111111110
1101010111010010
1101010110100111
1101010101111101
1101010101010011
1101010100101001
1101010100000000
1101010011011000
1101010010110000
1101010010001000
1101010001100001
1101010000111011
1101010000010101
1101001111110000
1101001111001011
1101001110100111
1101001110000011
1101001101100000
1101001100111110
1101001100011100
1101001011111010
1101001011011001
1101001010111001
1101001010011001
1101001001111001
1101001001011011
1101001000111100
1101001000011111
1101001000000010
1101000111100101
1101000111001001
1101000110101110
1101000110010011
1101000101111000
1101000101011111
1101000101000101
1101000100101101
1101000100010101
1101000011111101
1101000011100110
1101000011010000
1101000010111010
1101000010100101
1101000010010000
1101000001111100
1101000001101001
1101000001010110
1101000001000011
1101000000110010
1101000000100000
1101000000010000
1101000000000000
1100111111110000
1100111111100001
1100111111010011
1100111111000101
1100111110111000
1100111110101100
1100111110100000
1100111110010100
1100111110001010
1100111101111111
1100111101110110
1100111101101101
1100111101100100
1100111101011101
1100111101010101
1100111101001111
1100111101001000
1100111101000011
1100111100111110
1100111100111010
1100111100110110
1100111100110011
1100111100110000
1100111100101110
1100111100101101
1100111100101100
1100111100101100
1100111100101100
1100111100101101
1100111100101111
1100111100110001
1100111100110100
1100111100110111
1100111100111011
1100111101000000
1100111101000101
1100111101001011
1100111101010001
1100111101011000
1100111101011111
1100111101100111
1100111101110000
1100111101111001
1100111110000011
1100111110001101
1100111110011000
1100111110100100
1100111110110000
1100111110111101
1100111111001010
1100111111011000
1100111111100111
1100111111110110
1101000000000101
1101000000010110
1101000000100110
1101000000111000
1101000001001010
1101000001011100
1101000001101111
1101000010000011
1101000010010111
1101000010101100
1101000011000010
1101000011011000
1101000011101110
1101000100000101
1101000100011101
1101000100110101
1101000101001110
1101000101101000
1101000110000010
1101000110011100
1101000110110111
1101000111010011
1101000111101111
1101001000001100
1101001000101001
1101001001000111
1101001001100101
1101001010000100
1101001010100100
1101001011000100
1101001011100101
1101001100000110
1101001100100111
1101001101001010
1101001101101100
1101001110010000
1101001110110100
1101001111011000
1101001111111101
1101010000100010
1101010001001000
1101010001101111
1101010010010110
1101010010111110
1101010011100110
1101010100001110
1101010100110111
1101010101100001
1101010110001011
1101010110110110
1101010111100001
1101011000001101
1101011000111001
1101011001100110
1101011010010011
1101011011000001
1101011011101111
1101011100011110
1101011101001101
1101011101111101
1101011110101101
1101011111011110
1101100000001111
1101100001000000
1101100001110010
1101100010100101
1101100011011000
1101100100001100
1101100101000000
1101100101110100
1101100110101001
1101100111011111
1101101000010101
1101101001001011
1101101010000010
1101101010111001
1101101011110001
1101101100101001
1101101101100001
1101101110011010
1101101111010100
1101110000001110
1101110001001000
1101110010000011
1101110010111110
1101110011111010
1101110100110110
1101110101110010
1101110110101111
1101110111101101
1101111000101010
1101111001101001
1101111010100111
1101111011100110
1101111100100101
1101111101100101
1101111110100101
1101111111100110
1110000000100111
1110000001101000
1110000010101010
1110000011101100
1110000100101110
1110000101110001
1110000110110100
1110000111111000
1110001000111100
1110001010000000
1110001011000101
1110001100001010
1110001101001111
1110001110010101
1110001111011011
1110010000100001
1110010001101000
1110010010101111
1110010011110110
1110010100111110
1110010110000110
1110010111001110
1110011000010111
1110011001100000
1110011010101001
1110011011110011
1110011100111100
1110011110000111
1110011111010001
1110100000011100
1110100001100111
1110100010110010
1110100011111110
1110100101001010
1110100110010110
1110100111100010
1110101000101111
1110101001111100
1110101011001001
1110101100010111
1110101101100101
1110101110110011
1110110000000001
1110110001001111
1110110010011110
1110110011101101
1110110100111100
1110110110001100
1110110111011011
1110111000101011
1110111001111011
1110111011001100
1110111100011100
1110111101101101
1110111110111110
1111000000001111
1111000001100000
1111000010110010
1111000100000011
1111000101010101
1111000110100111
1111000111111001
1111001001001100
1111001010011110
1111001011110001
1111001101000100
1111001110010111
1111001111101010
1111010000111101
1111010010010001
1111010011100100
1111010100111000
1111010110001100
1111010111100000
1111011000110100
1111011010001000
1111011011011100
1111011100110001
1111011110000101
1111011111011010
1111100000101111
1111100010000100
1111100011011001
1111100100101110
1111100110000011
1111100111011000
1111101000101101
1111101010000010
1111101011011000
1111101100101101
1111101110000011
1111101111011000
1111110000101110
1111110010000100
1111110011011001
1111110100101111
1111110110000101
1111110111011011
1111111000110001
1111111010000110
1111111011011100
1111111100110010
1111111110001000
1111111111011110
0000000000110100
0000000010001010
0000000011100000
0000000100110101
0000000110001011
0000000111100001
0000001000110111
0000001010001101
0000001011100011
0000001100111000
0000001110001110
0000001111100100
0000010000111001
0000010010001111
0000010011100100
0000010100111010
0000010110001111
0000010111100100
0000011000111010
0000011010001111
0000011011100100
0000011100111001
0000011110001110
0000011111100011
0000100000110111
0000100010001100
0000100011100001
0000100100110101
0000100110001001
0000100111011101
0000101000110010
0000101010000110
0000101011011001
0000101100101101
0000101110000001
0000101111010100
0000110000100111
0000110001111010
0000110011001101
0000110100100000
0000110101110011
0000110111000101
0000111000011000
0000111001101010
0000111010111100
0000111100001110
0000111101011111
0000111110110001
0001000000000010
0001000001010011
0001000010100100
0001000011110101
0001000101000101
0001000110010101
0001000111100101
0001001000110101
0001001010000101
0001001011010100
0001001100100011
0001001101110010
0001001111000001
0001010000001111
0001010001011101
0001010010101011
0001010011111001
0001010101000111
0001010110010100
0001010111100001
0001011000101101
0001011001111010
0001011011000110
0001011100010010
0001011101011101
0001011110101001
0001011111110100
0001100000111110
0001100010001001
0001100011010011
0001100100011101
0001100101100110
0001100110101111
0001100111111000
0001101001000001
0001101010001001
0001101011010001
0001101100011001
0001101101100000
0001101110100111
0001101111101110
0001110000110100
0001110001111010
0001110010111111
0001110100000101
0001110101001010
0001110110001110
0001110111010010
0001111000010110
0001111001011010
0001111010011101
0001111011100000
0001111100100010
0001111101100100
0001111110100101
0001111111100111
0010000000101000
0010000001101000
0010000010101000
0010000011101000
0010000100100111
0010000101100110
0010000110100100
0010000111100010
0010001000100000
0010001001011101
0010001010011010
0010001011010110
0010001100010010
0010001101001110
0010001110001001
0010001111000100
0010001111111110
0010010000111000
0010010001110001
0010010010101010
0010010011100011
0010010100011011
0010010101010010
0010010110001010
0010010111000000
0010010111110111
0010011000101100
0010011001100010
0010011010010111
0010011011001011
0010011011111111
0010011100110010
0010011101100101
0010011110011000
0010011111001010
0010011111111011
0010100000101101
0010100001011101
0010100010001101
0010100010111101
0010100011101100
0010100100011011
0010100101001001
0010100101110110
0010100110100011
0010100111010000
0010100111111100
0010101000101000
0010101001010011
0010101001111101
0010101010100111
0010101011010001
0010101011111010
0010101100100011
0010101101001011
0010101101110010
0010101110011001
0010101110111111
0010101111100101
0010110000001011
0010110000101111
0010110001010100
0010110001111000
0010110010011011
0010110010111101
0010110011100000
0010110100000001
0010110100100010
0010110101000011
0010110101100011
0010110110000010
0010110110100001
0010110110111111
0010110111011101
0010110111111010
0010111000010111
0010111000110011
0010111001001110
0010111001101001
0010111010000100
0010111010011110
0010111010110111
0010111011010000
0010111011101000
0010111011111111
0010111100010110
0010111100101101
0010111101000011
0010111101011000
0010111101101101
0010111110000001
0010111110010101
0010111110101000
0010111110111010
0010111111001100
0010111111011101
0010111111101110
0010111111111110
0011000000001101
0011000000011100
0011000000101011
0011000000111001
0011000001000110
0011000001010010
0011000001011110
0011000001101010
0011000001110101
0011000001111111
0011000010001001
0011000010010010
0011000010011010
0011000010100010
0011000010101010
0011000010110001
0011000010110111
0011000010111100
0011000011000001
0011000011000110
0011000011001001
0011000011001101
0011000011001111
0011000011010001
0011000011010011
0011000011010100
0011000011010100
0011000011010100
0011000011010011
0011000011010001
0011000011001111
0011000011001101
0011000011001001
0011000011000101
0011000011000001
0011000010111100
0011000010110110
0011000010110000
0011000010101001
0011000010100010
0011000010011010
0011000010010001
0011000010001000
0011000001111110
0011000001110100
0011000001101001
0011000001011110
0011000001010010
0011000001000101
0011000000111000
0011000000101010
0011000000011100
0011000000001101
0010111111111101
0010111111101101
0010111111011100
0010111111001011
0010111110111001
0010111110100110
0010111110010011
0010111110000000
0010111101101100
0010111101010111
0010111101000001
0010111100101011
0010111100010101
0010111011111110
0010111011100110
0010111011001110
0010111010110101
0010111010011100
0010111010000010
0010111001101000
0010111001001101
0010111000110001
0010111000010101
0010110111111000
0010110111011011
0010110110111101
0010110110011111
0010110110000000
0010110101100001
0010110101000001
0010110100100000
0010110011111111
0010110011011101
0010110010111011
0010110010011001
0010110001110101
0010110001010010
0010110000101101
0010110000001000
0010101111100011
0010101110111101
0010101110010111
0010101101110000
0010101101001000
0010101100100000
0010101011110111
0010101011001110
0010101010100101
0010101001111011
0010101001010000
0010101000100101
0010100111111001
0010100111001101
0010100110100001
0010100101110011
0010100101000110
0010100100011000
0010100011101001
0010100010111010
0010100010001010
0010100001011010
0010100000101001
0010011111111000
0010011111000111
0010011110010101
0010011101100010
0010011100101111
0010011011111100
0010011011001000
0010011010010011
0010011001011110
0010011000101001
0010010111110011
0010010110111101
0010010110000110
0010010101001111
0010010100010111
0010010011011111
0010010010100111
0010010001101110
0010010000110100
0010001111111010
0010001111000000
0010001110000101
0010001101001010
0010001100001111
0010001011010011
0010001010010110
0010001001011001
0010001000011100
0010000111011110
0010000110100000
0010000101100010
0010000100100011
0010000011100100
0010000010100100
0010000001100100
0010000000100011
0001111111100011
0001111110100001
0001111101100000
0001111100011110
0001111011011011
0001111010011001
0001111001010101
0001111000010010
0001110111001110
0001110110001010
0001110101000101
0001110100000000
0001110010111011
0001110001110101
0001110000101111
0001101111101001
0001101110100010
0001101101011011
0001101100010100
0001101011001101
0001101010000101
0001101000111100
0001100111110100
0001100110101011
0001100101100001
0001100100011000
0001100011001110
0001100010000100
0001100000111010
0001011111101111
0001011110100100
0001011101011000
0001011100001101
0001011011000001
0001011001110101
0001011000101000
0001010111011100
0001010110001111
0001010101000010
0001010011110100
0001010010100110
0001010001011000
0001010000001010
0001001110111100
0001001101101101
0001001100011110
0001001011001111
0001001010000000
0001001000110000
0001000111100000
0001000110010000
0001000101000000
0001000011101111
0001000010011111
0001000001001110
0000111111111101
0000111110101100
0000111101011010
0000111100001000
0000111010110111
0000111001100101
0000111000010010
0000110111000000
0000110101101110
0000110100011011
0000110011001000
0000110001110101
0000110000100010
0000101111001111
0000101101111011
0000101100101000
0000101011010100
0000101010000000
0000101000101100
0000100111011000
0000100110000100
0000100100110000
0000100011011011
0000100010000111
0000100000110010
0000011111011101
0000011110001000
0000011100110100
0000011011011111
0000011010001001
0000011000110100
0000010111011111
0000010110001010
0000010100110100
0000010011011111
0000010010001001
0000010000110100
0000001111011110
0000001110001001
0000001100110011
0000001011011101
0000001010000111
0000001000110010
0000000111011100
0000000110000110
0000000100110000
0000000011011010
0000000010000100
0000000000101110
1111111111011000
1111111110000011
1111111100101101
1111111011010111
1111111010000001
1111111000101011
1111110111010101
1111110101111111
1111110100101010
1111110011010100
1111110001111110
1111110000101001
1111101111010011
1111101101111101
1111101100101000
1111101011010010
1111101001111101
1111101000101000
1111100111010010
1111100101111101
1111100100101000
1111100011010011
1111100001111110
1111100000101001
1111011111010101
1111011110000000
1111011100101011
1111011011010111
1111011010000011
1111011000101111
1111010111011010
1111010110000110
1111010100110011
1111010011011111
1111010010001011
1111010000111000
1111001111100101
1111001110010001
1111001100111110
1111001011101100
1111001010011001
1111001001000110
1111000111110100
1111000110100010
1111000101010000
1111000011111110
1111000010101100
1111000001011011
1111000000001010
1110111110111001
1110111101101000
1110111100010111
1110111011000110
1110111001110110
1110111000100110
1110110111010110
1110110110000111
1110110100110111
1110110011101000
1110110010011001
1110110001001010
1110101111111100
1110101110101110
1110101101100000
1110101100010010
1110101011000101
1110101001110111
1110101000101010
1110100111011110
1110100110010001
1110100101000101
1110100011111001
1110100010101110
1110100001100010
1110100000010111
1110011111001100
1110011110000010
1110011100111000
1110011011101110
1110011010100100
1110011001011011
1110011000010010
1110010111001010
1110010110000001
1110010100111001
1110010011110010
1110010010101010
1110010001100011
1110010000011100
1110001111010110
1110001110010000
1110001101001010
1110001100000101
1110001011000000
1110001001111100
1110001000110111
1110000111110011
1110000110110000
1110000101101101
1110000100101010
1110000011101000
1110000010100110
1110000001100100
1110000000100011
1101111111100010
1101111110100001
1101111101100001
1101111100100001
1101111011100010
1101111010100011
1101111001100101
1101111000100110
1101110111101001
1101110110101011
1101110101101111
1101110100110010
1101110011110110
1101110010111010
1101110001111111
1101110001000101
1101110000001010
1101101111010000
1101101110010111
1101101101011110
1101101100100101
1101101011101101
1101101010110101
1101101001111110
1101101001000111
1101101000010001
1101100111011011
1101100110100110
1101100101110001
1101100100111100
1101100100001000
1101100011010101
1101100010100010
1101100001101111
1101100000111101
1101100000001100
1101011111011010
1101011110101010
1101011101111010
1101011101001010
1101011100011011
1101011011101100
1101011010111110
1101011010010000
1101011001100011
1101011000110110
1101011000001010
1101010111011110
1101010110110011
1101010110001001
1101010101011110
1101010100110101
1101010100001100
1101010011100011
1101010010111011
1101010010010100
1101010001101101
1101010001000110
1101010000100000
1101001111111011
1101001111010110
1101001110110001
1101001110001110
1101001101101010
1101001101000111
1101001100100101
1101001100000100
1101001011100010
1101001011000010
1101001010100010
1101001010000010
1101001001100011
1101001001000101
1101001000100111
1101001000001010
1101000111101101
1101000111010001
1101000110110101
1101000110011010
1101000110000000
1101000101100110
1101000101001101
1101000100110100
1101000100011100
1101000100000100
1101000011101101
1101000011010110
1101000011000000
1101000010101011
1101000010010110
1101000010000010
1101000001101110
1101000001011011
1101000001001001
1101000000110111
1101000000100101
1101000000010101
1101000000000100
1100111111110101
1100111111100110
1100111111010111
1100111111001001
1100111110111100
1100111110101111
1100111110100011
1100111110011000
1100111110001101
1100111110000010
1100111101111001
1100111101101111
1100111101100111
1100111101011111
1100111101010111
1100111101010000
1100111101001010
1100111101000100
1100111100111111
1100111100111011
1100111100110111
1100111100110100
1100111100110001
1100111100101111
1100111100101101
1100111100101100
1100111100101100
1100111100101100
1100111100101101
1100111100101110
1100111100110000
1100111100110011
1100111100110110
1100111100111010
1100111100111110
1100111101000011
1100111101001001
1100111101001111
1100111101010110
1100111101011101
1100111101100101
1100111101101101
1100111101110110
1100111110000000
1100111110001010
1100111110010101
1100111110100001
1100111110101101
1100111110111001
1100111111000110
1100111111010100
1100111111100010
1100111111110001
1101000000000001
1101000000010001
1101000000100010
1101000000110011
1101000001000101
1101000001010111
1101000001101010
1101000001111101
1101000010010010
1101000010100110
1101000010111100
1101000011010001
1101000011101000
1101000011111111
1101000100010110
1101000100101110
1101000101000111
1101000101100000
1101000101111010
1101000110010100
1101000110101111
1101000111001011
1101000111100111
1101001000000011
1101001000100001
1101001000111110
1101001001011101
1101001001111011
1101001010011011
1101001010111011
1101001011011011
1101001011111100
1101001100011110
1101001101000000
1101001101100010
1101001110000110
1101001110101001
1101001111001110
1101001111110010
1101010000011000
1101010000111110
1101010001100100
1101010010001011
1101010010110010
1101010011011010
1101010100000011
1101010100101100
1101010101010101
1101010101111111
1101010110101010
1101010111010101
1101011000000000
1101011000101100
1101011001011001
1101011010000110
1101011010110100
1101011011100010
1101011100010000
1101011100111111
1101011101101111
1101011110011111
1101011111010000
1101100000000001
1101100000110010
1101100001100100
1101100010010111
1101100011001010
1101100011111101
1101100100110001
1101100101100101
1101100110011010
1101100111001111
1101101000000101
1101101000111011
1101101001110010
1101101010101001
1101101011100001
1101101100011001
1101101101010001
1101101110001010
1101101111000011
1101101111111101
1101110000111000
1101110001110010
1101110010101101
1101110011101001
1101110100100101
1101110101100001
1101110110011110
1101110111011011
1101111000011001
1101111001010111
1101111010010101
1101111011010100
1101111100010011
1101111101010011
1101111110010011
1101111111010011
1110000000010100
1110000001010101
1110000010010111
1110000011011001
1110000100011011
1110000101011110
1110000110100001
1110000111100100
1110001000101000
1110001001101100
1110001010110001
1110001011110110
1110001100111011
1110001110000001
1110001111000111
1110010000001101
1110010001010011
1110010010011010
1110010011100010
1110010100101001
1110010101110001
1110010110111001
1110011000000010
1110011001001011
1110011010010100
1110011011011110
1110011100100111
1110011101110001
1110011110111100
1110100000000111
1110100001010001
1110100010011101
1110100011101000
1110100100110100
1110100110000000
1110100111001101
1110101000011001
1110101001100110
1110101010110011
1110101100000001
1110101101001110
1110101110011100
1110101111101011
1110110000111001
1110110010001000
1110110011010111
1110110100100110
1110110101110101
1110110111000101
1110111000010100
1110111001100100
1110111010110101
1110111100000101
1110111101010110
1110111110100111
1110111111111000
1111000001001001
1111000010011010
1111000011101100
1111000100111110
1111000110010000
1111000111100010
1111001000110100
1111001010000111
1111001011011001
1111001100101100
1111001101111111
1111001111010010
1111010000100101
1111010001111001
1111010011001100
1111010100100000
1111010101110100
1111010111001000
1111011000011100
1111011001110000
1111011011000100
1111011100011001
1111011101101101
1111011111000010
1111100000010111
1111100001101011
1111100011000000
1111100100010101
1111100101101010
1111100111000000
1111101000010101
1111101001101010
1111101010111111
1111101100010101
1111101101101010
1111101111000000
1111110000010110
1111110001101011
1111110011000001
1111110100010111
1111110101101100
1111110111000010
1111111000011000
1111111001101110
1111111011000100
1111111100011010
1111111101101111
1111111111000101
0000000000011011
0000000001110001
0000000011000111
0000000100011101
0000000101110011
0000000111001001
0000001000011111
0000001001110100
0000001011001010
0000001100100000
0000001101110110
0000001111001011
0000010000100001
0000010001110110
0000010011001100
0000010100100001
0000010101110111
0000010111001100
0000011000100001
0000011001110111
0000011011001100
0000011100100001
0000011101110110
0000011111001010
0000100000011111
0000100001110100
0000100011001000
0000100100011101
0000100101110001
0000100111000101
0000101000011010
0000101001101110
0000101011000001
0000101100010101
0000101101101001
0000101110111100
0000110000001111
0000110001100011
0000110010110110
0000110100001001
0000110101011011
0000110110101110
0000111000000000
0000111001010010
0000111010100100
0000111011110110
0000111101001000
0000111110011001
0000111111101011
0001000000111100
0001000010001101
0001000011011110
0001000100101110
0001000101111110
0001000111001110
0001001000011110
0001001001101110
0001001010111101
0001001100001101
0001001101011100
0001001110101010
0001001111111001
0001010001000111
0001010010010101
0001010011100011
0001010100110000
0001010101111110
0001010111001011
0001011000010111
0001011001100100
0001011010110000
0001011011111100
0001011101001000
0001011110010011
0001011111011110
0001100000101001
0001100001110011
0001100010111110
0001100100001000
0001100101010001
0001100110011010
0001100111100011
0001101000101100
0001101001110100
0001101010111101
0001101100000100
0001101101001100
0001101110010011
0001101111011001
0001110000100000
0001110001100110
0001110010101100
0001110011110001
0001110100110110
0001110101111011
0001110110111111
0001111000000011
0001111001000110
0001111010001010
0001111011001101
0001111100001111
0001111101010001
0001111110010011
0001111111010100
0010000000010101
0010000001010110
0010000010010110
0010000011010110
0010000100010101
0010000101010100
0010000110010011
0010000111010001
0010001000001110
0010001001001100
0010001010001001
0010001011000101
0010001100000001
0010001100111101
0010001101111000
0010001110110011
0010001111101110
0010010000100111
0010010001100001
0010010010011010
0010010011010011
0010010100001011
0010010101000011
0010010101111010
0010010110110001
0010010111100111
0010011000011101
0010011001010011
0010011010001000
0010011010111100
0010011011110000
0010011100100100
0010011101010111
0010011110001010
0010011110111100
0010011111101101
0010100000011111
0010100001001111
0010100010000000
0010100010101111
0010100011011111
0010100100001101
0010100100111100
0010100101101001
0010100110010111
0010100111000011
0010100111110000
0010101000011011
0010101001000111
0010101001110001
0010101010011100
0010101011000101
0010101011101110
0010101100010111
0010101100111111
0010101101100111
0010101110001110
0010101110110101
0010101111011011
0010110000000000
0010110000100101
0010110001001001
0010110001101101
0010110010010001
0010110010110100
0010110011010110
0010110011111000
0010110100011001
0010110100111001
0010110101011010
0010110101111001
0010110110011000
0010110110110111
0010110111010101
0010110111110010
0010111000001111
0010111000101011
0010111001000111
0010111001100010
0010111001111100
0010111010010110
0010111010110000
0010111011001001
0010111011100001
0010111011111001
0010111100010000
0010111100100111
0010111100111101
0010111101010010
0010111101100111
0010111101111011
0010111110001111
0010111110100010
0010111110110101
0010111111000111
0010111111011000
0010111111101001
0010111111111001
0011000000001001
0011000000011000
0011000000100111
0011000000110101
0011000001000010
0011000001001111
0011000001011011
0011000001100111
0011000001110010
0011000001111100
0011000010000110
0011000010001111
0011000010011000
0011000010100000
0011000010101000
0011000010101111
0011000010110101
0011000010111011
0011000011000000
0011000011000100
0011000011001000
0011000011001100
0011000011001111
0011000011010001
0011000011010011
0011000011010100
0011000011010100
0011000011010100
0011000011010011
0011000011010010
0011000011010000
0011000011001101
0011000011001010
0011000011000111
0011000011000010
0011000010111101
0011000010111000
0011000010110010
0011000010101011
0011000010100100
0011000010011100
0011000010010100
0011000010001011
0011000010000001
0011000001110111
0011000001101100
0011000001100001
0011000001010101
0011000001001001
0011000000111100
0011000000101110
0011000000100000
0011000000010001
0011000000000001
0010111111110001
0010111111100001
0010111111010000
0010111110111110
0010111110101100
0010111110011001
0010111110000101
0010111101110001
0010111101011101
0010111101001000
0010111100110010
0010111100011011
0010111100000101
0010111011101101
0010111011010101
0010111010111101
0010111010100011
0010111010001010
0010111001101111
0010111001010101
0010111000111001
0010111000011101
0010111000000001
0010110111100100
0010110111000110
0010110110101000
0010110110001001
0010110101101010
0010110101001010
0010110100101001
0010110100001001
0010110011100111
0010110011000101
0010110010100011
0010110001111111
0010110001011100
0010110000111000
0010110000010011
0010101111101110
0010101111001000
0010101110100010
0010101101111011
0010101101010011
0010101100101100
0010101100000011
0010101011011010
0010101010110001
0010101010000111
0010101001011100
0010101000110001
0010101000000110
0010100111011010
0010100110101101
0010100110000000
0010100101010011
0010100100100101
0010100011110110
0010100011000111
0010100010011000
0010100001101000
0010100000110111
0010100000000110
0010011111010101
0010011110100011
0010011101110001
0010011100111110
0010011100001010
0010011011010111
0010011010100010
0010011001101110
0010011000111000
0010011000000011
0010010111001100
0010010110010110
0010010101011111
0010010100100111
0010010011101111
0010010010110111
0010010001111110
0010010001000101
0010010000001011
0010001111010001
0010001110010110
0010001101011011
0010001100100000
0010001011100100
0010001010101000
0010001001101011
0010001000101110
0010000111110000
0010000110110010
0010000101110100
0010000100110101
0010000011110110
0010000010110110
0010000001110110
0010000000110110
0001111111110101
0001111110110100
0001111101110011
0001111100110001
0001111011101110
0001111010101100
0001111001101001
0001111000100101
0001110111100001
0001110110011101
0001110101011001
0001110100010100
0001110011001111
0001110010001001
0001110001000011
0001101111111101
0001101110110111
0001101101110000
0001101100101001
0001101011100001
0001101010011001
0001101001010001
0001101000001000
0001100111000000
0001100101110110
0001100100101101
0001100011100011
0001100010011001
0001100001001111
0001100000000100
0001011110111001
0001011101101110
0001011100100011
0001011011010111
0001011010001011
0001011000111110
0001010111110010
0001010110100101
0001010101011000
0001010100001010
0001010010111101
0001010001101111
0001010000100001
0001001111010010
0001001110000100
0001001100110101
0001001011100110
0001001010010110
0001001001000111
0001000111110111
0001000110100111
0001000101010111
0001000100000110
0001000010110110
0001000001100101
0001000000010100
0000111111000011
0000111101110001
0000111100100000
0000111011001110
0000111001111100
0000111000101010
0000110111011000
0000110110000101
0000110100110011
0000110011100000
0000110010001101
0000110000111010
0000101111100111
0000101110010011
0000101101000000
0000101011101100
0000101010011000
0000101001000100
0000100111110000
0000100110011100
0000100101001000
0000100011110011
0000100010011111
0000100001001010
0000011111110110
0000011110100001
0000011101001100
0000011011110111
0000011010100010
0000011001001101
0000010111110111
0000010110100010
0000010101001101
0000010011110111
0000010010100010
0000010001001100
0000001111110111
0000001110100001
0000001101001011
0000001011110110
0000001010100000
0000001001001010
0000000111110100
0000000110011110
0000000101001001
0000000011110011
0000000010011101
0000000001000111
1111111111110001
1111111110011011
1111111101000101
1111111011101111
1111111010011001
1111111001000100
1111110111101110
1111110110011000
1111110101000010
1111110011101100
1111110010010111
1111110001000001
1111101111101011
1111101110010110
1111101101000000
1111101011101011
1111101010010101
1111101001000000
1111100111101011
1111100110010110
1111100101000000
1111100011101011
1111100010010111
1111100001000010
1111011111101101
1111011110011000
1111011101000100
1111011011101111
1111011010011011
1111011001000111
1111010111110010
1111010110011110
1111010101001011
1111010011110111
1111010010100011
1111010001010000
1111001111111100
1111001110101001
1111001101010110
1111001100000011
1111001010110001
1111001001011110
1111001000001100
1111000110111001
1111000101100111
1111000100010101
1111000011000100
1111000001110010
1111000000100001
1110111111010000
1110111101111111
1110111100101110
1110111011011101
1110111010001101
1110111000111101
1110110111101101
1110110110011101
1110110101001110
1110110011111111
1110110010110000
1110110001100001
1110110000010010
1110101111000100
1110101101110110
1110101100101000
1110101011011011
1110101010001101
1110101001000000
1110100111110100
1110100110100111
1110100101011011
1110100100001111
1110100011000011
1110100001111000
1110100000101101
1110011111100010
1110011110010111
1110011101001101
1110011100000011
1110011010111001
1110011001110000
1110011000100111
1110010111011110
1110010110010110
1110010101001110
1110010100000110
1110010010111111
1110010001110111
1110010000110001
1110001111101010
1110001110100100
1110001101011110
1110001100011001
1110001011010100
1110001010001111
1110001001001011
1110001000000111
1110000111000011
1110000110000000
1110000100111101
1110000011111010
1110000010111000
1110000001110111
1110000000110101
1101111111110100
1101111110110100
1101111101110011
1101111100110011
1101111011110100
1101111010110101
1101111001110110
1101111000111000
1101110111111010
1101110110111101
1101110110000000
1101110101000011
1101110100000111
1101110011001011
1101110010010000
1101110001010101
1101110000011011
1101101111100001
1101101110100111
1101101101101110
1101101100110101
1101101011111101
1101101011000101
1101101010001110
1101101001010111
1101101000100001
1101100111101011
1101100110110101
1101100110000000
1101100101001011
1101100100010111
1101100011100100
1101100010110000
1101100001111110
1101100001001011
1101100000011010
1101011111101000
1101011110111000
1101011110000111
1101011101011000
1101011100101000
1101011011111001
1101011011001011
1101011010011101
1101011001110000
1101011001000011
1101011000010111
1101010111101011
1101010111000000
1101010110010101
1101010101101010
1101010101000001
1101010100010111
1101010011101111
1101010011000110
1101010010011111
1101010001111000
1101010001010001
1101010000101011
1101010000000101
1101001111100000
1101001110111100
1101001110011000
1101001101110100
1101001101010001
1101001100101111
1101001100001101
1101001011101100
1101001011001011
1101001010101011
1101001010001011
1101001001101100
1101001001001110
1101001000110000
1101001000010010
1101000111110101
1101000111011001
1101000110111101
1101000110100010
1101000110000111
1101000101101101
1101000101010100
1101000100111011
1101000100100010
1101000100001011
1101000011110011
1101000011011101
1101000011000111
1101000010110001
1101000010011100
1101000010001000
1101000001110100
1101000001100001
1101000001001110
1101000000111100
1101000000101010
1101000000011001
1101000000001001
1100111111111001
1100111111101010
1100111111011011
1100111111001101
1100111111000000
1100111110110011
1100111110100111
1100111110011011
1100111110010000
1100111110000101
1100111101111011
1100111101110010
1100111101101001
1100111101100001
1100111101011001
1100111101010010
1100111101001100
1100111101000110
1100111101000001
1100111100111100
1100111100111000
1100111100110101
1100111100110010
1100111100101111
1100111100101110
1100111100101101
1100111100101100
1100111100101100
1100111100101101
1100111100101110
1100111100110000
1100111100110010
1100111100110101
1100111100111001
1100111100111101
1100111101000010
1100111101000111
1100111101001101
1100111101010100
1100111101011011
1100111101100011
1100111101101011
1100111101110100
1100111101111101
1100111110000111
1100111110010010
1100111110011101
1100111110101001
1100111110110110
1100111111000011
1100111111010000
1100111111011110
1100111111101101
1100111111111100
1101000000001100
1101000000011101
1101000000101110
1101000000111111
1101000001010010
1101000001100100
1101000001111000
1101000010001100
1101000010100000
1101000010110101
1101000011001011
1101000011100001
1101000011111000
1101000100001111
1101000100100111
1101000101000000
1101000101011001
1101000101110011
1101000110001101
1101000110101000
1101000111000011
1101000111011111
1101000111111011
1101001000011000
1101001000110110
1101001001010100
1101001001110011
1101001010010010
1101001010110010
1101001011010010
1101001011110011
1101001100010100
1101001100110110
1101001101011001
1101001101111100
1101001110011111
1101001111000011
1101001111101000
1101010000001101
1101010000110011
1101010001011001
1101010010000000
1101010010100111
1101010011001111
1101010011110111
1101010100100000
1101010101001001
1101010101110011
1101010110011110
1101010111001000
1101010111110100
1101011000100000
1101011001001100
1101011001111001
1101011010100111
1101011011010101
1101011100000011
1101011100110010
1101011101100001
1101011110010001
1101011111000010
1101011111110011
1101100000100100
1101100001010110
1101100010001000
1101100010111011
1101100011101110
1101100100100010
1101100101010110
1101100110001011
1101100111000000
1101100111110110
1101101000101100
1101101001100010
1101101010011001
1101101011010001
1101101100001001
1101101101000001
1101101101111010
1101101110110011
1101101111101101
1101110000100111
1101110001100001
1101110010011100
1101110011011000
1101110100010100
1101110101010000
1101110110001100
1101110111001010
1101111000000111
1101111001000101
1101111010000011
1101111011000010
1101111100000001
1101111101000001
1101111110000001
1101111111000001
1110000000000010
1110000001000011
1110000010000100
1110000011000110
1110000100001000
1110000101001011
1110000110001110
1110000111010001
1110001000010101
1110001001011001
1110001010011101
1110001011100010
1110001100100111
1110001101101101
1110001110110011
1110001111111001
1110010000111111
1110010010000110
1110010011001101
1110010100010101
1110010101011101
1110010110100101
1110010111101101
1110011000110110
1110011001111111
1110011011001001
1110011100010010
1110011101011100
1110011110100111
1110011111110001
1110100000111100
1110100010000111
1110100011010011
1110100100011110
1110100101101010
1110100110110111
1110101000000011
1110101001010000
1110101010011101
1110101011101011
1110101100111000
1110101110000110
1110101111010100
1110110000100011
1110110001110001
1110110011000000
1110110100001111
1110110101011110
1110110110101110
1110110111111110
1110111001001110
1110111010011110
1110111011101110
1110111100111111
1110111110001111
1110111111100000
1111000000110010
1111000010000011
1111000011010101
1111000100100110
1111000101111000
1111000111001010
1111001000011101
1111001001101111
1111001011000010
1111001100010100
1111001101100111
1111001110111010
1111010000001110
1111010001100001
1111010010110100
1111010100001000
1111010101011100
1111010110110000
1111011000000100
1111011001011000
1111011010101100
1111011100000001
1111011101010101
1111011110101010
1111011111111110
1111100001010011
1111100010101000
1111100011111101
1111100101010010
1111100110100111
1111100111111100
1111101001010010
1111101010100111
1111101011111100
1111101101010010
1111101110100111
1111101111111101
1111110001010011
1111110010101000
1111110011111110
1111110101010100
1111110110101010
1111110111111111
1111111001010101
1111111010101011
1111111100000001
1111111101010111
1111111110101101
0000000000000011
0000000001011001
0000000010101111
0000000100000100
0000000101011010
0000000110110000
0000001000000110
0000001001011100
0000001010110010
0000001100000111
0000001101011101
0000001110110011
0000010000001000
0000010001011110
0000010010110100
0000010100001001
0000010101011110
0000010110110100
0000011000001001
0000011001011110
0000011010110011
0000011100001000
0000011101011101
0000011110110010
0000100000000111
0000100001011100
0000100010110000
0000100100000101
0000100101011001
0000100110101101
0000101000000010
0000101001010110
0000101010101001
0000101011111101
0000101101010001
0000101110100100
0000101111111000
0000110001001011
0000110010011110
0000110011110001
0000110101000100
0000110110010110
0000110111101001
0000111000111011
0000111010001101
0000111011011111
0000111100110001
0000111110000010
0000111111010100
0001000000100101
0001000001110110
0001000011000110
0001000100010111
0001000101100111
0001000110111000
0001001000000111
0001001001010111
0001001010100111
0001001011110110
0001001101000101
0001001110010100
0001001111100010
0001010000110001
0001010001111111
0001010011001101
0001010100011010
0001010101101000
0001010110110101
0001011000000010
0001011001001110
0001011010011010
0001011011100110
0001011100110010
0001011101111110
0001011111001001
0001100000010100
0001100001011110
0001100010101000
0001100011110010
0001100100111100
0001100110000110
0001100111001111
0001101000010111
0001101001100000
0001101010101000
0001101011110000
0001101100110111
0001101101111110
0001101111000101
0001110000001100
0001110001010010
0001110010011000
0001110011011101
0001110100100010
0001110101100111
0001110110101011
0001110111101111
0001111000110011
0001111001110110
0001111010111001
0001111011111100
0001111100111110
0001111110000000
0001111111000010
0010000000000011
0010000001000011
0010000010000100
0010000011000011
0010000100000011
0010000101000010
0010000110000001
0010000110111111
0010000111111101
0010001000111010
0010001001110111
0010001010110100
0010001011110000
0010001100101100
0010001101100111
0010001110100010
0010001111011101
0010010000010111
0010010001010001
0010010010001010
0010010011000011
0010010011111011
0010010100110011
0010010101101010
0010010110100001
0010010111011000
0010011000001110
0010011001000011
0010011001111000
0010011010101101
0010011011100001
0010011100010101
0010011101001000
0010011101111011
0010011110101101
0010011111011111
0010100000010001
0010100001000001
0010100001110010
0010100010100010
0010100011010001
0010100100000000
0010100100101110
0010100101011100
0010100110001010
0010100110110111
0010100111100011
0010101000001111
0010101000111010
0010101001100101
0010101010010000
0010101010111001
0010101011100011
0010101100001100
0010101100110100
0010101101011100
0010101110000011
0010101110101010
0010101111010000
0010101111110101
0010110000011011
0010110000111111
0010110001100011
0010110010000111
0010110010101010
0010110011001100
0010110011101110
0010110100001111
0010110100110000
0010110101010000
0010110101110000
0010110110001111
0010110110101110
0010110111001100
0010110111101010
0010111000000111
0010111000100011
0010111000111111
0010111001011010
0010111001110101
0010111010001111
0010111010101001
0010111011000010
0010111011011010
0010111011110010
0010111100001001
0010111100100000
0010111100110110
0010111101001100
0010111101100001
0010111101110110
0010111110001001
0010111110011101
0010111110110000
0010111111000010
0010111111010011
0010111111100100
0010111111110101
0011000000000101
0011000000010100
0011000000100011
0011000000110001
0011000000111110
0011000001001011
0011000001011000
0011000001100011
0011000001101111
0011000001111001
0011000010000011
0011000010001101
0011000010010110
0011000010011110
0011000010100110
0011000010101101
0011000010110011
0011000010111001
0011000010111110
0011000011000011
0011000011000111
0011000011001011
0011000011001110
0011000011010000
0011000011010010
0011000011010011
0011000011010100
0011000011010100
0011000011010011
0011000011010010
0011000011010000
0011000011001110
0011000011001011
0011000011001000
0011000011000100
0011000010111111
0011000010111010
0011000010110100
0011000010101101
0011000010100110
0011000010011111
0011000010010110
0011000010001110
0011000010000100
0011000001111010
0011000001110000
0011000001100100
0011000001011001
0011000001001100
0011000000111111
0011000000110010
0011000000100100
0011000000010101
0011000000000110
0010111111110110
0010111111100110
0010111111010101
0010111111000011
0010111110110001
0010111110011110
0010111110001011
0010111101110111
0010111101100011
0010111101001110
0010111100111000
0010111100100010
0010111100001011
0010111011110100
0010111011011100
0010111011000100
0010111010101011
0010111010010001
0010111001110111
0010111001011100
0010111001000001
0010111000100101
0010111000001001
0010110111101100
0010110111001110
0010110110110000
0010110110010010
0010110101110011
0010110101010011
0010110100110011
0010110100010010
0010110011110001
0010110011001111
0010110010101100
0010110010001010
0010110001100110
0010110001000010
0010110000011101
0010101111111000
0010101111010011
0010101110101101
0010101110000110
0010101101011111
0010101100110111
0010101100001111
0010101011100110
0010101010111101
0010101010010011
0010101001101001
0010101000111110
0010101000010010
0010100111100111
0010100110111010
0010100110001101
0010100101100000
0010100100110010
0010100100000100
0010100011010101
0010100010100101
0010100001110110
0010100001000101
0010100000010100
0010011111100011
0010011110110001
0010011101111111
0010011101001100
0010011100011001
0010011011100101
0010011010110001
0010011001111101
0010011001001000
0010011000010010
0010010111011100
0010010110100101
0010010101101111
0010010100110111
0010010011111111
0010010011000111
0010010010001110
0010010001010101
0010010000011100
0010001111100010
0010001110100111
0010001101101100
0010001100110001
0010001011110101
0010001010111001
0010001001111100
0010001000111111
0010001000000010
0010000111000100
0010000110000110
0010000101000111
0010000100001000
0010000011001000
0010000010001001
0010000001001000
0010000000001000
0001111111000111
0001111110000101
0001111101000011
0001111100000001
0001111010111111
0001111001111100
0001111000111001
0001110111110101
0001110110110001
0001110101101100
0001110100101000
0001110011100011
0001110010011101
0001110001010111
0001110000010001
0001101111001011
0001101110000100
0001101100111101
0001101011110101
0001101010101110
0001101001100110
0001101000011101
0001100111010100
0001100110001011
0001100101000010
0001100011111000
0001100010101110
0001100001100100
0001100000011010
0001011111001111
0001011110000100
0001011100111000
0001011011101100
0001011010100000
0001011001010100
0001011000001000
0001010110111011
0001010101101110
0001010100100000
0001010011010011
0001010010000101
0001010000110111
0001001111101001
0001001110011010
0001001101001011
0001001011111100
0001001010101101
0001001001011110
0001001000001110
0001000110111110
0001000101101110
0001000100011101
0001000011001101
0001000001111100
0001000000101011
0000111111011010
0000111110001001
0000111100110111
0000111011100101
0000111010010100
0000111001000001
0000110111101111
0000110110011101
0000110101001010
0000110011110111
0000110010100101
0000110001010010
0000101111111110
0000101110101011
0000101101010111
0000101100000100
0000101010110000
0000101001011100
0000101000001000
0000100110110100
0000100101100000
0000100100001011
0000100010110111
0000100001100010
0000100000001110
0000011110111001
0000011101100100
0000011100001111
0000011010111010
0000011001100101
0000011000010000
0000010110111011
0000010101100101
0000010100010000
0000010010111010
0000010001100101
0000010000001111
0000001110111010
0000001101100100
0000001100001110
0000001010111000
0000001001100011
0000001000001101
0000000110110111
0000000101100001
0000000100001011
0000000010110101
0000000001011111
0000000000001010
1111111110110100
1111111101011110
1111111100001000
1111111010110010
1111111001011100
1111111000000110
1111110110110000
1111110101011011
1111110100000101
1111110010101111
1111110001011001
1111110000000100
1111101110101110
1111101101011001
1111101100000011
1111101010101110
1111101001011000
1111101000000011
1111100110101110
1111100101011001
1111100100000100
1111100010101111
1111100001011010
1111100000000101
1111011110110000
1111011101011100
1111011100000111
1111011010110011
1111011001011111
1111011000001010
1111010110110110
1111010101100011
1111010100001111
1111010010111011
1111010001101000
1111010000010100
1111001111000001
1111001101101110
1111001100011011
1111001011001000
1111001001110110
1111001000100011
1111000111010001
1111000101111111
1111000100101101
1111000011011011
1111000010001001
1111000000111000
1110111111100111
1110111110010110
1110111101000101
1110111011110100
1110111010100100
1110111001010100
1110111000000100
1110110110110100
1110110101100101
1110110100010101
1110110011000110
1110110001110111
1110110000101001
1110101111011010
1110101110001100
1110101100111110
1110101011110001
1110101010100011
1110101001010110
1110101000001001
1110100110111101
1110100101110001
1110100100100100
1110100011011001
1110100010001101
1110100001000010
1110011111110111
1110011110101100
1110011101100010
1110011100011000
1110011011001110
1110011010000101
1110011000111100
1110010111110011
1110010110101010
1110010101100010
1110010100011010
1110010011010011
1110010010001100
1110010001000101
1110001111111110
1110001110111000
1110001101110010
1110001100101101
1110001011101000
1110001010100011
1110001001011110
1110001000011010
1110000111010110
1110000110010011
1110000101010000
1110000100001101
1110000011001011
1110000010001001
1110000001001000
1110000000000111
1101111111000110
1101111110000110
1101111101000110
1101111100000110
1101111011000111
1101111010001000
1101111001001010
1101111000001100
1101110111001110
1101110110010001
1101110101010101
1101110100011000
1101110011011100
1101110010100001
1101110001100110
1101110000101011
1101101111110001
1101101110111000
1101101101111110
1101101101000110
1101101100001101
1101101011010101
1101101010011110
1101101001100111
1101101000110000
1101100111111010
1101100111000100
1101100110001111
1101100101011010
1101100100100110
1101100011110010
1101100010111111
1101100010001100
1101100001011010
1101100000101000
1101011111110110
1101011111000110
1101011110010101
1101011101100101
1101011100110110
1101011100000111
1101011011011000
1101011010101010
1101011001111101
1101011001010000
1101011000100011
1101010111110111
1101010111001100
1101010110100001
1101010101110110
1101010101001101
1101010100100011
1101010011111010
1101010011010010
1101010010101010
1101010010000011
1101010001011100
1101010000110110
1101010000010000
1101001111101011
1101001111000110
1101001110100010
1101001101111110
1101001101011011
1101001100111001
1101001100010111
1101001011110101
1101001011010100
1101001010110100
1101001010010100
1101001001110101
1101001001010110
1101001000111000
1101001000011011
1101000111111110
1101000111100001
1101000111000101
1101000110101010
1101000110001111
1101000101110101
1101000101011011
1101000101000010
1101000100101001
1101000100010001
1101000011111010
1101000011100011
1101000011001101
1101000010110111
1101000010100010
1101000010001101
1101000001111001
1101000001100110
1101000001010011
1101000001000001
1101000000101111
1101000000011110
1101000000001110
1100111111111110
1100111111101110
1100111111011111
1100111111010001
1100111111000100
1100111110110111
1100111110101010
1100111110011110
1100111110010011
1100111110001000
1100111101111110
1100111101110101
1100111101101100
1100111101100011
1100111101011011
1100111101010100
1100111101001110
1100111101001000
1100111101000010
1100111100111101
1100111100111001
1100111100110110
1100111100110010
1100111100110000
1100111100101110
1100111100101101
1100111100101100
1100111100101100
1100111100101101
1100111100101110
1100111100101111
1100111100110010
1100111100110100
1100111100111000
1100111100111100
1100111101000000
1100111101000110
1100111101001011
1100111101010010
1100111101011001
1100111101100000
1100111101101000
1100111101110001
1100111101111011
1100111110000100
1100111110001111
1100111110011010
1100111110100110
1100111110110010
1100111110111111
1100111111001100
1100111111011010
1100111111101001
1100111111111000
1101000000001000
1101000000011000
1101000000101001
1101000000111010
1101000001001100
1101000001011111
1101000001110010
1101000010000110
1101000010011010
1101000010101111
1101000011000101
1101000011011011
1101000011110010
1101000100001001
1101000100100001
1101000100111001
1101000101010010
1101000101101011
1101000110000101
1101000110100000
1101000110111011
1101000111010111
1101000111110011
1101001000010000
1101001000101101
1101001001001011
1101001001101010
1101001010001001
1101001010101000
1101001011001001
1101001011101001
1101001100001010
1101001100101100
1101001101001111
1101001101110001
1101001110010101
1101001110111001
1101001111011101
1101010000000010
1101010000101000
1101010001001110
1101010001110101
1101010010011100
1101010011000011
1101010011101011
1101010100010100
1101010100111101
1101010101100111
1101010110010001
1101010110111100
1101010111100111
1101011000010011
1101011000111111
1101011001101100
1101011010011010
1101011011000111
1101011011110110
1101011100100100
1101011101010100
1101011110000100
1101011110110100
1101011111100101
1101100000010110
1101100001000111
1101100001111010
1101100010101100
1101100011100000
1101100100010011
1101100101000111
1101100101111100
1101100110110001
1101100111100110
1101101000011100
1101101001010011
1101101010001010
1101101011000001
1101101011111001
1101101100110001
1101101101101010
1101101110100011
1101101111011100
1101110000010110
1101110001010001
1101110010001011
1101110011000111
1101110100000010
1101110100111111
1101110101111011
1101110110111000
1101110111110101
1101111000110011
1101111001110001
1101111010110000
1101111011101111
1101111100101110
1101111101101110
1101111110101110
1101111111101111
1110000000110000
1110000001110001
1110000010110011
1110000011110101
1110000100111000
1110000101111011
1110000110111110
1110001000000001
1110001001000101
1110001010001010
1110001011001110
1110001100010011
1110001101011001
1110001110011111
1110001111100101
1110010000101011
1110010001110010
1110010010111001
1110010100000000
1110010101001000
1110010110010000
1110010111011000
1110011000100001
1110011001101010
1110011010110011
1110011011111101
1110011101000111
1110011110010001
1110011111011100
1110100000100111
1110100001110010
1110100010111101
1110100100001001
1110100101010101
1110100110100001
1110100111101101
1110101000111010
1110101010000111
1110101011010100
1110101100100010
1110101101110000
1110101110111110
1110110000001100
1110110001011011
1110110010101001
1110110011111000
1110110101001000
1110110110010111
1110110111100111
1110111000110111
1110111010000111
1110111011010111
1110111100101000
1110111101111000
1110111111001001
1111000000011010
1111000001101100
1111000010111101
1111000100001111
1111000101100001
1111000110110011
1111001000000101
1111001001010111
1111001010101010
1111001011111101
1111001101010000
1111001110100011
1111001111110110
1111010001001001
1111010010011101
1111010011110000
1111010101000100
1111010110011000
1111010111101100
1111011001000000
1111011010010100
1111011011101000
1111011100111101
1111011110010001
1111011111100110
1111100000111011
1111100010010000
1111100011100101
1111100100111010
1111100110001111
1111100111100100
1111101000111001
1111101010001111
1111101011100100
1111101100111001
1111101110001111
1111101111100101
1111110000111010
1111110010010000
1111110011100110
1111110100111011
1111110110010001
1111110111100111
1111111000111101
1111111010010011
1111111011101000
1111111100111110
1111111110010100
1111111111101010
0000000001000000
0000000010010110
0000000011101100
0000000101000010
0000000110011000
0000000111101101
0000001001000011
0000001010011001
0000001011101111
0000001101000101
0000001110011010
0000001111110000
0000010001000110
0000010010011011
0000010011110001
0000010101000110
0000010110011011
0000010111110001
0000011001000110
0000011010011011
0000011011110000
0000011101000101
0000011110011010
0000011111101111
0000100001000100
0000100010011000
0000100011101101
0000100101000001
0000100110010101
0000100111101010
0000101000111110
0000101010010001
0000101011100101
0000101100111001
0000101110001101
0000101111100000
0000110000110011
0000110010000110
0000110011011001
0000110100101100
0000110101111111
0000110111010001
0000111000100011
0000111001110110
0000111011001000
0000111100011001
0000111101101011
0000111110111100
0001000000001110
0001000001011111
0001000010101111
0001000100000000
0001000101010000
0001000110100001
0001000111110001
0001001001000000
0001001010010000
0001001011011111
0001001100101110
0001001101111101
0001001111001100
0001010000011010
0001010001101001
0001010010110110
0001010100000100
0001010101010010
0001010110011111
0001010111101100
0001011000111000
0001011010000101
0001011011010001
0001011100011100
0001011101101000
0001011110110011
0001011111111110
0001100001001001
0001100010010011
0001100011011101
0001100100100111
0001100101110001
0001100110111010
0001101000000011
0001101001001011
0001101010010011
0001101011011011
0001101100100011
0001101101101010
0001101110110001
0001101111111000
0001110000111110
0001110010000100
0001110011001001
0001110100001111
0001110101010011
0001110110011000
0001110111011100
0001111000100000
0001111001100011
0001111010100110
0001111011101001
0001111100101011
0001111101101101
0001111110101111
0001111111110000
0010000000110001
0010000001110001
0010000010110001
0010000011110001
0010000100110000
0010000101101111
0010000110101101
0010000111101011
0010001000101001
0010001001100110
0010001010100011
0010001011011111
0010001100011011
0010001101010111
0010001110010010
0010001111001100
0010010000000110
0010010001000000
0010010001111010
0010010010110010
0010010011101011
0010010100100011
0010010101011010
0010010110010001
0010010111001000
0010010111111110
0010011000110100
0010011001101001
0010011010011110
0010011011010010
0010011100000110
0010011100111010
0010011101101101
0010011110011111
0010011111010001
0010100000000011
0010100000110100
0010100001100100
0010100010010100
0010100011000100
0010100011110011
0010100100100001
0010100101001111
0010100101111101
0010100110101010
0010100111010110
0010101000000010
0010101000101110
0010101001011001
0010101010000011
0010101010101101
0010101011010111
0010101100000000
0010101100101000
0010101101010000
0010101101111000
0010101110011111
0010101111000101
0010101111101011
0010110000010000
0010110000110101
0010110001011001
0010110001111101
0010110010100000
0010110011000010
0010110011100100
0010110100000110
0010110100100111
0010110101000111
0010110101100111
0010110110000111
0010110110100101
0010110111000100
0010110111100001
0010110111111110
0010111000011011
0010111000110111
0010111001010010
0010111001101101
0010111010001000
0010111010100001
0010111010111011
0010111011010011
0010111011101011
0010111100000011
0010111100011010
0010111100110000
0010111101000110
0010111101011011
0010111101110000
0010111110000100
0010111110010111
0010111110101010
0010111110111101
0010111111001110
0010111111100000
0010111111110000
0011000000000000
0011000000010000
0011000000011111
0011000000101101
0011000000111011
0011000001001000
0011000001010100
0011000001100000
0011000001101100
0011000001110110
0011000010000001
0011000010001010
0011000010010011
0011000010011100
0011000010100011
0011000010101011
0011000010110001
0011000010111000
0011000010111101
0011000011000010
0011000011000110
0011000011001010
0011000011001101
0011000011010000
0011000011010010
0011000011010011
0011000011010100
0011000011010100
0011000011010100
0011000011010011
0011000011010001
0011000011001111
0011000011001100
0011000011001001
0011000011000101
0011000011000000
0011000010111011
0011000010110101
0011000010101111
0011000010101000
0011000010100001
0011000010011001
0011000010010000
0011000010000111
0011000001111101
0011000001110011
0011000001101000
0011000001011100
0011000001010000
0011000001000011
0011000000110110
0011000000101000
0011000000011001
0011000000001010
0010111111111011
0010111111101010
0010111111011010
0010111111001000
0010111110110110
0010111110100100
0010111110010001
0010111101111101
0010111101101001
0010111101010100
0010111100111110
0010111100101000
0010111100010010
0010111011111011
0010111011100011
0010111011001011
0010111010110010
0010111010011000
0010111001111110
0010111001100100
0010111001001001
0010111000101101
0010111000010001
0010110111110100
0010110111010111
0010110110111001
0010110110011011
0010110101111100
0010110101011100
0010110100111100
0010110100011011
0010110011111010
0010110011011001
0010110010110110
0010110010010100
0010110001110000
0010110001001100
0010110000101000
0010110000000011
0010101111011110
0010101110111000
0010101110010001
0010101101101010
0010101101000010
0010101100011010
0010101011110010
0010101011001001
0010101010011111
0010101001110101
0010101001001010
0010101000011111
0010100111110011
0010100111000111
0010100110011010
0010100101101101
0010100100111111
0010100100010001
0010100011100010
0010100010110011
0010100010000011
0010100001010011
0010100000100010
0010011111110001
0010011111000000
0010011110001110
0010011101011011
0010011100101000
0010011011110100
0010011011000000
0010011010001100
0010011001010111
0010011000100001
0010010111101011
0010010110110101
0010010101111110
0010010101000111
0010010100001111
0010010011010111
0010010010011111
0010010001100110
0010010000101100
0010001111110010
0010001110111000
0010001101111101
0010001101000010
0010001100000110
0010001011001010
0010001010001110
0010001001010001
0010001000010011
0010000111010110
0010000110010111
0010000101011001
0010000100011010
0010000011011011
0010000010011011
0010000001011011
0010000000011010
0001111111011001
0001111110011000
0001111101010110
0001111100010100
0001111011010010
0001111010001111
0001111001001100
0001111000001000
0001110111000100
0001110110000000
0001110100111011
0001110011110110
0001110010110001
0001110001101011
0001110000100101
0001101111011111
0001101110011000
0001101101010001
0001101100001010
0001101011000010
0001101001111010
0001101000110010
0001100111101001
0001100110100000
0001100101010111
0001100100001101
0001100011000100
0001100001111001
0001100000101111
0001011111100100
0001011110011001
0001011101001110
0001011100000010
0001011010110110
0001011001101010
0001011000011110
0001010111010001
0001010110000100
0001010100110111
0001010011101001
0001010010011011
0001010001001101
0001001111111111
0001001110110001
0001001101100010
0001001100010011
0001001011000100
0001001001110100
0001001000100101
0001000111010101
0001000110000101
0001000100110100
0001000011100100
0001000010010011
0001000001000010
0000111111110001
0000111110100000
0000111101001110
0000111011111101
0000111010101011
0000111001011001
0000111000000111
0000110110110100
0000110101100010
0000110100001111
0000110010111100
0000110001101001
0000110000010110
0000101111000011
0000101101101111
0000101100011100
0000101011001000
0000101001110100
0000101000100000
0000100111001100
0000100101111000
0000100100100100
0000100011001111
0000100001111011
0000100000100110
0000011111010001
0000011101111100
0000011100100111
0000011011010010
0000011001111101
0000011000101000
0000010111010011
0000010101111110
0000010100101000
0000010011010011
0000010001111101
0000010000101000
0000001111010010
0000001101111100
0000001100100111
0000001011010001
0000001001111011
0000001000100101
0000000111001111
0000000101111010
0000000100100100
0000000011001110
0000000001111000
0000000000100010
1111111111001100
1111111101110110
1111111100100000
1111111011001011
1111111001110101
1111111000011111
1111110111001001
1111110101110011
1111110100011101
1111110011001000
1111110001110010
1111110000011100
1111101111000111
1111101101110001
1111101100011100
1111101011000110
1111101001110001
1111101000011100
1111100111000110
1111100101110001
1111100100011100
1111100011000111
1111100001110010
1111100000011101
1111011111001001
1111011101110100
1111011100011111
1111011011001011
1111011001110111
1111011000100011
1111010111001110
1111010101111010
1111010100100111
1111010011010011
1111010001111111
1111010000101100
1111001111011001
1111001110000110
1111001100110011
1111001011100000
1111001010001101
1111001000111011
1111000111101000
1111000110010110
1111000101000100
1111000011110010
1111000010100001
1111000001001111
1110111111111110
1110111110101101
1110111101011100
1110111100001011
1110111010111011
1110111001101011
1110111000011011
1110110111001011
1110110101111011
1110110100101100
1110110011011101
1110110010001110
1110110000111111
1110101111110001
1110101110100011
1110101101010101
1110101100000111
1110101010111001
1110101001101100
1110101000011111
1110100111010011
1110100110000110
1110100100111010
1110100011101110
1110100010100011
1110100001010111
1110100000001100
1110011111000010
1110011101110111
1110011100101101
1110011011100011
1110011010011010
1110011001010001
1110011000001000
1110010110111111
1110010101110111
1110010100101111
1110010011100111
1110010010100000
1110010001011001
1110010000010010
1110001111001100
1110001110000110
1110001101000001
1110001011111011
1110001010110110
1110001001110010
1110001000101110
1110000111101010
1110000110100110
1110000101100011
1110000100100000
1110000011011110
1110000010011100
1110000001011011
1110000000011001
1101111111011000
1101111110011000
1101111101011000
1101111100011000
1101111011011001
1101111010011010
1101111001011100
1101111000011110
1101110111100000
1101110110100011
1101110101100110
1101110100101010
1101110011101110
1101110010110010
1101110001110111
1101110000111100
1101110000000010
1101101111001000
1101101110001111
1101101101010110
1101101100011101
1101101011100101
1101101010101110
1101101001110110
1101101001000000
1101101000001001
1101100111010100
1101100110011110
1101100101101001
1101100100110101
1101100100000001
1101100011001110
1101100010011011
1101100001101000
1101100000110110
1101100000000101
1101011111010011
1101011110100011
1101011101110011
1101011101000011
1101011100010100
1101011011100101
1101011010110111
1101011010001010
1101011001011101
1101011000110000
1101011000000100
1101010111011000
1101010110101101
1101010110000011
1101010101011001
1101010100101111
1101010100000110
1101010011011101
1101010010110101
1101010010001110
1101010001100111
1101010001000001
1101010000011011
1101001111110101
1101001111010001
1101001110101100
1101001110001000
1101001101100101
1101001101000011
1101001100100000
1101001011111111
1101001011011110
1101001010111101
1101001010011101
1101001001111110
1101001001011111
1101001001000001
1101001000100011
1101001000000110
1101000111101001
1101000111001101
1101000110110010
1101000110010111
1101000101111100
1101000101100010
1101000101001001
1101000100110000
1101000100011000
1101000100000001
1101000011101010
1101000011010011
1101000010111101
1101000010101000
1101000010010011
1101000001111111
1101000001101011
1101000001011000
1101000001000110
1101000000110100
1101000000100011
1101000000010010
1101000000000010
1100111111110011
1100111111100100
1100111111010101
1100111111000111
1100111110111010
1100111110101110
1100111110100010
1100111110010110
1100111110001011
1100111110000001
1100111101110111
1100111101101110
1100111101100110
1100111101011110
1100111101010110
1100111101001111
1100111101001001
1100111101000100
1100111100111111
1100111100111010
1100111100110111
1100111100110011
1100111100110001
1100111100101111
1100111100101101
1100111100101100
1100111100101100
1100111100101100
1100111100101101
1100111100101111
1100111100110001
1100111100110011
1100111100110111
1100111100111011
1100111100111111
1100111101000100
1100111101001010
1100111101010000
1100111101010111
1100111101011110
1100111101100110
1100111101101111
1100111101111000
1100111110000010
1100111110001100
1100111110010111
1100111110100010
1100111110101110
1100111110111011
1100111111001000
1100111111010110
1100111111100100
1100111111110011
1101000000000011
1101000000010011
1101000000100100
1101000000110101
1101000001000111
1101000001011010
1101000001101101
1101000010000000
1101000010010100
1101000010101001
1101000010111111
1101000011010101
1101000011101011
1101000100000010
1101000100011010
1101000100110010
1101000101001011
1101000101100100
1101000101111110
1101000110011000
1101000110110011
1101000111001111
1101000111101011
1101001000001000
1101001000100101
1101001001000011
1101001001100001
1101001010000000
1101001010011111
1101001010111111
1101001011100000
1101001100000001
1101001100100011
1101001101000101
1101001101100111
1101001110001011
1101001110101110
1101001111010011
1101001111111000
1101010000011101
1101010001000011
1101010001101001
1101010010010000
1101010010111000
1101010011100000
1101010100001001
1101010100110010
1101010101011011
1101010110000101
1101010110110000
1101010111011011
1101011000000111
1101011000110011
1101011001011111
1101011010001101
1101011010111010
1101011011101000
1101011100010111
1101011101000110
1101011101110110
1101011110100110
1101011111010111
1101100000001000
1101100000111001
1101100001101011
1101100010011110
1101100011010001
1101100100000100
1101100100111000
1101100101101101
1101100110100010
1101100111010111
1101101000001101
1101101001000011
1101101001111010
1101101010110001
1101101011101001
1101101100100001
1101101101011001
1101101110010010
1101101111001100
1101110000000110
1101110001000000
1101110001111011
1101110010110110
1101110011110001
1101110100101101
1101110101101010
1101110110100111
1101110111100100
1101111000100010
1101111001100000
1101111010011110
1101111011011101
1101111100011100
1101111101011100
1101111110011100
1101111111011101
1110000000011101
1110000001011111
1110000010100000
1110000011100010
1110000100100101
1110000101100111
1110000110101011
1110000111101110
1110001000110010
1110001001110110
1110001010111011
1110001100000000
1110001101000101
1110001110001011
1110001111010001
1110010000010111
1110010001011110
1110010010100101
1110010011101100
1110010100110011
1110010101111011
1110010111000100
1110011000001100
1110011001010101
1110011010011111
1110011011101000
1110011100110010
1110011101111100
1110011111000110
1110100000010001
1110100001011100
1110100010101000
1110100011110011
1110100100111111
1110100110001011
1110100111011000
1110101000100100
1110101001110001
1110101010111110
1110101100001100
1110101101011010
1110101110101000
1110101111110110
1110110001000100
1110110010010011
1110110011100010
1110110100110001
1110110110000000
1110110111010000
1110111000100000
1110111001110000
1110111011000000
1110111100010001
1110111101100001
1110111110110010
1111000000000011
1111000001010100
1111000010100110
1111000011111000
1111000101001001
1111000110011011
1111000111101110
1111001001000000
1111001010010010
1111001011100101
1111001100111000
1111001110001011
1111001111011110
1111010000110001
1111010010000101
1111010011011000
1111010100101100
1111010110000000
1111010111010100
1111011000101000
1111011001111100
1111011011010000
1111011100100101
1111011101111001
1111011111001110
1111100000100011
1111100001111000
1111100011001100
1111100100100001
1111100101110111
1111100111001100
1111101000100001
1111101001110110
1111101011001100
1111101100100001
1111101101110111
1111101111001100
1111110000100010
1111110001110111
1111110011001101
1111110100100011
1111110101111001
1111110111001110
1111111000100100
1111111001111010
1111111011010000
1111111100100110
1111111101111100
1111111111010010
0000000000101000
0000000001111101
0000000011010011
0000000100101001
0000000101111111
0000000111010101
0000001000101011
0000001010000001
0000001011010110
0000001100101100
0000001110000010
0000001111010111
0000010000101101
0000010010000011
0000010011011000
0000010100101110
0000010110000011
0000010111011000
0000011000101110
0000011010000011
0000011011011000
0000011100101101
0000011110000010
0000011111010111
0000100000101011
0000100010000000
0000100011010101
0000100100101001
0000100101111101
0000100111010001
0000101000100110
0000101001111010
0000101011001101
0000101100100001
0000101101110101
0000101111001000
0000110000011011
0000110001101111
0000110011000010
0000110100010100
0000110101100111
0000110110111010
0000111000001100
0000111001011110
0000111010110000
0000111100000010
0000111101010100
0000111110100101
0000111111110110
0001000001000111
0001000010011000
0001000011101001
0001000100111010
0001000110001010
0001000111011010
0001001000101010
0001001001111001
0001001011001001
0001001100011000
0001001101100111
0001001110110110
0001010000000100
0001010001010010
0001010010100000
0001010011101110
0001010100111011
0001010110001001
0001010111010110
0001011000100010
0001011001101111
0001011010111011
0001011100000111
0001011101010010
0001011110011110
0001011111101001
0001100000110100
0001100001111110
0001100011001000
0001100100010010
0001100101011100
0001100110100101
0001100111101110
0001101000110110
0001101001111111
0001101011000111
0001101100001110
0001101101010110
0001101110011101
0001101111100100
0001110000101010
0001110001110000
0001110010110110
0001110011111011
0001110101000000
0001110110000100
0001110111001001
0001111000001101
0001111001010000
0001111010010011
0001111011010110
0001111100011000
0001111101011010
0001111110011100
0001111111011101
0010000000011110
0010000001011111
0010000010011111
0010000011011111
0010000100011110
0010000101011101
0010000110011011
0010000111011010
0010001000010111
0010001001010101
0010001010010001
0010001011001110
0010001100001010
0010001101000110
0010001110000001
0010001110111011
0010001111110110
0010010000110000
0010010001101001
0010010010100010
0010010011011011
0010010100010011
0010010101001011
0010010110000010
0010010110111001
0010010111101111
0010011000100101
0010011001011010
0010011010001111
0010011011000100
0010011011111000
0010011100101011
0010011101011110
0010011110010001
0010011111000011
0010011111110100
0010100000100110
0010100001010110
0010100010000110
0010100010110110
0010100011100101
0010100100010100
0010100101000010
0010100101110000
0010100110011101
0010100111001010
0010100111110110
0010101000100010
0010101001001101
0010101001110111
0010101010100010
0010101011001011
0010101011110100
0010101100011101
0010101101000101
0010101101101100
0010101110010011
0010101110111010
0010101111100000
0010110000000101
0010110000101010
0010110001001111
0010110001110010
0010110010010110
0010110010111001
0010110011011011
0010110011111100
0010110100011110
0010110100111110
0010110101011110
0010110101111110
0010110110011101
0010110110111011
0010110111011001
0010110111110110
0010111000010011
0010111000101111
0010111001001011
0010111001100110
0010111010000000
0010111010011010
0010111010110011
0010111011001100
0010111011100100
0010111011111100
0010111100010011
0010111100101010
0010111101000000
0010111101010101
0010111101101010
0010111101111110
0010111110010010
0010111110100101
0010111110110111
0010111111001001
0010111111011011
0010111111101011
0010111111111100
0011000000001011
0011000000011010
0011000000101001
0011000000110111
0011000001000100
0011000001010001
0011000001011101
0011000001101000
0011000001110011
0011000001111110
0011000010000111
0011000010010001
0011000010011001
0011000010100001
0011000010101001
0011000010110000
0011000010110110
0011000010111100
0011000011000001
0011000011000101
0011000011001001
0011000011001100
0011000011001111
0011000011010001
0011000011010011
0011000011010100
0011000011010100
0011000011010100
0011000011010011
0011000011010010
0011000011010000
0011000011001101
0011000011001010
0011000011000110
0011000011000010
0011000010111101
0011000010110111
0011000010110001
0011000010101010
0011000010100011
0011000010011011
0011000010010011
0011000010001010
0011000010000000
0011000001110110
0011000001101011
0011000001011111
0011000001010011
0011000001000111
0011000000111010
0011000000101100
0011000000011110
0011000000001111
0010111111111111
0010111111101111
0010111111011110
0010111111001101
0010111110111011
0010111110101001
0010111110010110
0010111110000011
0010111101101110
0010111101011010
0010111101000100
0010111100101111
0010111100011000
0010111100000001
0010111011101010
0010111011010010
0010111010111001
0010111010100000
0010111010000110
0010111001101100
0010111001010001
0010111000110101
0010111000011001
0010110111111101
0010110111011111
0010110111000010
0010110110100011
0010110110000101
0010110101100101
0010110101000101
0010110100100101
0010110100000100
0010110011100010
0010110011000000
0010110010011110
0010110001111010
0010110001010111
0010110000110010
0010110000001110
0010101111101000
0010101111000010
0010101110011100
0010101101110101
0010101101001110
0010101100100110
0010101011111101
0010101011010100
0010101010101011
0010101010000001
0010101001010110
0010101000101011
0010101000000000
0010100111010100
0010100110100111
0010100101111010
0010100101001100
0010100100011110
0010100011110000
0010100011000001
0010100010010001
0010100001100001
0010100000110000
0010011111111111
0010011111001110
0010011110011100
0010011101101001
0010011100110110
0010011100000011
0010011011001111
0010011010011011
0010011001100110
0010011000110001
0010010111111011
0010010111000101
0010010110001110
0010010101010111
0010010100011111
0010010011100111
0010010010101111
0010010001110110
0010010000111101
0010010000000011
0010001111001000
0010001110001110
0010001101010011
0010001100010111
0010001011011011
0010001010011111
0010001001100010
0010001000100101
0010000111100111
0010000110101001
0010000101101011
0010000100101100
0010000011101101
0010000010101101
0010000001101101
0010000000101101
0001111111101100
0001111110101011
0001111101101001
0001111100100111
0001111011100101
0001111010100010
0001111001011111
0001111000011100
0001110111011000
0001110110010100
0001110101001111
0001110100001010
0001110011000101
0001110001111111
0001110000111001
0001101111110011
0001101110101101
0001101101100110
0001101100011110
0001101011010111
0001101010001111
0001101001000111
0001100111111110
0001100110110101
0001100101101100
0001100100100010
0001100011011001
0001100010001111
0001100001000100
0001011111111001
0001011110101111
0001011101100011
0001011100011000
0001011011001100
0001011010000000
0001011000110011
0001010111100111
0001010110011010
0001010101001101
0001010011111111
0001010010110010
0001010001100100
0001010000010101
0001001111000111
0001001101111000
0001001100101001
0001001011011010
0001001010001011
0001001000111011
0001000111101100
0001000110011100
0001000101001011
0001000011111011
0001000010101010
0001000001011001
0001000000001000
0000111110110111
0000111101100110
0000111100010100
0000111011000010
0000111001110000
0000111000011110
0000110111001100
0000110101111001
0000110100100111
0000110011010100
0000110010000001
0000110000101110
0000101111011011
0000101110000111
0000101100110100
0000101011100000
0000101010001100
0000101000111000
0000100111100100
0000100110010000
0000100100111100
0000100011100111
0000100010010011
0000100000111110
0000011111101001
0000011110010101
0000011101000000
0000011011101011
0000011010010110
0000011001000000
0000010111101011
0000010110010110
0000010101000001
0000010011101011
0000010010010110
0000010001000000
0000001111101010
0000001110010101
0000001100111111
0000001011101001
0000001010010100
0000001000111110
0000000111101000
0000000110010010
0000000100111100
0000000011100110
0000000010010001
0000000000111011
1111111111100101
1111111110001111
1111111100111001
1111111011100011
1111111010001101
1111111000110111
1111110111100001
1111110110001100
1111110100110110
1111110011100000
1111110010001010
1111110000110101
1111101111011111
1111101110001010
1111101100110100
1111101011011111
1111101010001001
1111101000110100
1111100111011111
1111100110001001
1111100100110100
1111100011011111
1111100010001010
1111100000110110
1111011111100001
1111011110001100
1111011100111000
1111011011100011
1111011010001111
1111011000111011
1111010111100110
1111010110010010
1111010100111111
1111010011101011
1111010010010111
1111010001000100
1111001111110001
1111001110011101
1111001101001010
1111001011110111
1111001010100101
1111001001010010
1111001000000000
1111000110101110
1111000101011100
1111000100001010
1111000010111000
1111000001100111
1111000000010101
1110111111000100
1110111101110011
1110111100100010
1110111011010010
1110111010000010
1110111000110010
1110110111100010
1110110110010010
1110110101000011
1110110011110011
1110110010100100
1110110001010110
1110110000000111
1110101110111001
1110101101101011
1110101100011101
1110101011010000
1110101010000010
1110101000110101
1110100111101001
1110100110011100
1110100101010000
1110100100000100
1110100010111000
1110100001101101
1110100000100010
1110011111010111
1110011110001101
1110011101000010
1110011011111000
1110011010101111
1110011001100110
1110011000011101
1110010111010100
1110010110001100
1110010101000011
1110010011111100
1110010010110100
1110010001101101
1110010000100111
1110001111100000
1110001110011010
1110001101010100
1110001100001111
1110001011001010
1110001010000101
1110001001000001
1110000111111101
1110000110111010
1110000101110110
1110000100110011
1110000011110001
1110000010101111
1110000001101101
1110000000101100
1101111111101011
1101111110101010
1101111101101010
1101111100101010
1101111011101011
1101111010101100
1101111001101101
1101111000101111
1101110111110010
1101110110110100
1101110101110111
1101110100111011
1101110011111111
1101110011000011
1101110010001000
1101110001001101
1101110000010010
1101101111011001
1101101110011111
1101101101100110
1101101100101101
1101101011110101
1101101010111101
1101101010000110
1101101001001111
1101101000011001
1101100111100011
1101100110101101
1101100101111000
1101100101000100
1101100100010000
1101100011011100
1101100010101001
1101100001110110
1101100001000100
1101100000010011
1101011111100001
1101011110110001
1101011110000000
1101011101010001
1101011100100001
1101011011110011
1101011011000100
1101011010010111
1101011001101001
1101011000111101
1101011000010000
1101010111100101
1101010110111001
1101010110001111
1101010101100100
1101010100111011
1101010100010010
1101010011101001
1101010011000001
1101010010011001
1101010001110010
1101010001001011
1101010000100101
1101010000000000
1101001111011011
1101001110110111
1101001110010011
1101001101101111
1101001101001100
1101001100101010
1101001100001000
1101001011100111
1101001011000111
1101001010100110
1101001010000111
1101001001101000
1101001001001001
1101001000101011
1101001000001110
1101000111110001
1101000111010101
1101000110111001
1101000110011110
1101000110000100
1101000101101010
1101000101010000
1101000100110111
1101000100011111
1101000100000111
1101000011110000
1101000011011001
1101000011000011
1101000010101110
1101000010011001
1101000010000101
1101000001110001
1101000001011110
1101000001001011
1101000000111001
1101000000101000
1101000000010111
1101000000000111
1100111111110111
1100111111101000
1100111111011001
1100111111001011
1100111110111110
1100111110110001
1100111110100101
1100111110011001
1100111110001110
1100111110000100
1100111101111010
1100111101110001
1100111101101000
1100111101100000
1100111101011000
1100111101010001
1100111101001011
1100111101000101
1100111101000000
1100111100111100
1100111100111000
1100111100110100
1100111100110001
1100111100101111
1100111100101101
1100111100101100
1100111100101100
1100111100101100
1100111100101101
1100111100101110
1100111100110000
1100111100110011
1100111100110110
1100111100111001
1100111100111110
1100111101000011
1100111101001000
1100111101001110
1100111101010101
1100111101011100
1100111101100100
1100111101101100
1100111101110101
1100111101111111
1100111110001001
1100111110010100
1100111110011111
1100111110101011
1100111110110111
1100111111000100
1100111111010010
1100111111100000
1100111111101111
1100111111111111
1101000000001111
1101000000011111
1101000000110000
1101000001000010
1101000001010100
1101000001100111
1101000001111011
1101000010001111
1101000010100011
1101000010111000
1101000011001110
1101000011100101
1101000011111011
1101000100010011
1101000100101011
1101000101000011
1101000101011101
1101000101110110
1101000110010001
1101000110101011
1101000111000111
1101000111100011
1101000111111111
1101001000011100
1101001000111010
1101001001011000
1101001001110111
1101001010010110
1101001010110110
1101001011010111
1101001011110111
1101001100011001
1101001100111011
1101001101011101
1101001110000001
1101001110100100
1101001111001000
1101001111101101
1101010000010010
1101010000111000
1101010001011110
1101010010000101
1101010010101101
1101010011010100
1101010011111101
1101010100100110
1101010101001111
1101010101111001
1101010110100100
1101010111001111
1101010111111010
1101011000100110
1101011001010011
1101011010000000
1101011010101101
1101011011011011
1101011100001010
1101011100111001
1101011101101000
1101011110011000
1101011111001001
1101011111111010
1101100000101011
1101100001011101
1101100010001111
1101100011000010
1101100011110110
1101100100101001
1101100101011110
1101100110010010
1101100111001000
1101100111111101
1101101000110100
1101101001101010
1101101010100001
1101101011011001
1101101100010001
1101101101001001
1101101110000010
1101101110111011
1101101111110101
1101110000101111
1101110001101010
1101110010100101
1101110011100000
1101110100011100
1101110101011000
1101110110010101
1101110111010010
1101111000010000
1101111001001110
1101111010001100
1101111011001011
1101111100001010
1101111101001010
1101111110001010
1101111111001010
1110000000001011
1110000001001100
1110000010001101
1110000011001111
1110000100010010
1110000101010100
1110000110010111
1110000111011011
1110001000011111
1110001001100011
1110001010100111
1110001011101100
1110001100110001
1110001101110111
1110001110111101
1110010000000011
1110010001001001
1110010010010000
1110010011010111
1110010100011111
1110010101100111
1110010110101111
1110010111111000
1110011001000000
1110011010001010
1110011011010011
1110011100011101
1110011101100111
1110011110110001
1110011111111100
1110100001000111
1110100010010010
1110100011011101
1110100100101001
1110100101110101
1110100111000010
1110101000001110
1110101001011011
1110101010101000
1110101011110110
1110101101000011
1110101110010001
1110101111011111
1110110000101110
1110110001111100
1110110011001011
1110110100011010
1110110101101010
1110110110111001
1110111000001001
1110111001011001
1110111010101001
1110111011111010
1110111101001010
1110111110011011
1110111111101100
1111000000111101
1111000010001111
1111000011100000
1111000100110010
1111000110000100
1111000111010110
1111001000101000
1111001001111011
1111001011001101
1111001100100000
1111001101110011
1111001111000110
1111010000011001
1111010001101101
1111010011000000
1111010100010100
1111010101101000
1111010110111100
1111011000010000
1111011001100100
1111011010111000
1111011100001101
1111011101100001
1111011110110110
1111100000001010
1111100001011111
1111100010110100
1111100100001001
1111100101011110
1111100110110011
1111101000001001
1111101001011110
1111101010110011
1111101100001001
1111101101011110
1111101110110100
1111110000001001
1111110001011111
1111110010110101
1111110100001010
1111110101100000
1111110110110110
1111111000001100
1111111001100010
1111111010110111
1111111100001101
1111111101100011
1111111110111001
0000000000001111
0000000001100101
0000000010111011
0000000100010001
0000000101100111
0000000110111100
0000001000010010
0000001001101000
0000001010111110
0000001100010100
0000001101101001
0000001110111111
0000010000010101
0000010001101010
0000010011000000
0000010100010101
0000010101101011
0000010111000000
0000011000010101
0000011001101010
0000011011000000
0000011100010101
0000011101101001
0000011110111110
0000100000010011
0000100001101000
0000100010111100
0000100100010001
0000100101100101
0000100110111001
0000101000001110
0000101001100010
0000101010110101
0000101100001001
0000101101011101
0000101110110000
0000110000000100
0000110001010111
0000110010101010
0000110011111101
0000110101001111
0000110110100010
0000110111110100
0000111001000111
0000111010011001
0000111011101011
0000111100111100
0000111110001110
0000111111011111
0001000000110000
0001000010000001
0001000011010010
0001000100100011
0001000101110011
0001000111000011
0001001000010011
0001001001100011
0001001010110010
0001001100000001
0001001101010000
0001001110011111
0001001111101110
0001010000111100
0001010010001010
0001010011011000
0001010100100101
0001010101110011
0001010111000000
0001011000001100
0001011001011001
0001011010100101
0001011011110001
0001011100111101
0001011110001000
0001011111010011
0001100000011110
0001100001101001
0001100010110011
0001100011111101
0001100101000111
0001100110010000
0001100111011001
0001101000100010
0001101001101010
0001101010110010
0001101011111010
0001101101000001
0001101110001001
0001101111001111
0001110000010110
0001110001011100
0001110010100010
0001110011100111
0001110100101100
0001110101110001
0001110110110101
0001110111111001
0001111000111101
0001111010000000
0001111011000011
0001111100000110
0001111101001000
0001111110001001
0001111111001011
0010000000001100
0010000001001100
0010000010001101
0010000011001101
0010000100001100
0010000101001011
0010000110001010
0010000111001000
0010001000000110
0010001001000011
0010001010000000
0010001010111101
0010001011111001
0010001100110101
0010001101110000
0010001110101011
0010001111100101
0010010000011111
0010010001011001
0010010010010010
0010010011001011
0010010100000011
0010010100111011
0010010101110010
0010010110101001
0010010111011111
0010011000010101
0010011001001011
0010011010000000
0010011010110101
0010011011101001
0010011100011100
0010011101010000
0010011110000010
0010011110110101
0010011111100110
0010100000011000
0010100001001000
0010100001111001
0010100010101000
0010100011011000
0010100100000111
0010100100110101
0010100101100011
0010100110010000
0010100110111101
0010100111101001
0010101000010101
0010101001000000
0010101001101011
0010101010010110
0010101010111111
0010101011101001
0010101100010001
0010101100111010
0010101101100001
0010101110001000
0010101110101111
0010101111010101
0010101111111011
0010110000100000
0010110001000100
0010110001101000
0010110010001100
0010110010101111
0010110011010001
0010110011110011
0010110100010100
0010110100110101
0010110101010101
0010110101110101
0010110110010100
0010110110110010
0010110111010000
0010110111101110
0010111000001011
0010111000100111
0010111001000011
0010111001011110
0010111001111001
0010111010010011
0010111010101100
0010111011000101
0010111011011110
0010111011110101
0010111100001101
0010111100100011
0010111100111001
0010111101001111
0010111101100100
0010111101111000
0010111110001100
0010111110011111
0010111110110010
0010111111000100
0010111111010110
0010111111100111
0010111111110111
0011000000000111
0011000000010110
0011000000100101
0011000000110011
0011000001000000
0011000001001101
0011000001011001
0011000001100101
0011000001110000
0011000001111011
0011000010000101
0011000010001110
0011000010010111
0011000010011111
0011000010100111
0011000010101110
0011000010110100
0011000010111010
0011000010111111
0011000011000100
0011000011001000
0011000011001011
0011000011001110
0011000011010001
0011000011010010
0011000011010011
0011000011010100
0011000011010100
0011000011010011
0011000011010010
0011000011010000
0011000011001110
0011000011001011
0011000011000111
0011000011000011
0011000010111110
0011000010111001
0011000010110011
0011000010101100
0011000010100101
0011000010011101
0011000010010101
0011000010001100
0011000010000011
0011000001111001
0011000001101110
0011000001100011
0011000001010111
0011000001001010
0011000000111101
0011000000110000
0011000000100010
0011000000010011
0011000000000100
0010111111110100
0010111111100011
0010111111010010
0010111111000001
0010111110101110
0010111110011100
0010111110001000
0010111101110100
0010111101100000
0010111101001011
0010111100110101
0010111100011111
0010111100001000
0010111011110001
0010111011011001
0010111011000000
0010111010100111
0010111010001101
0010111001110011
0010111001011000
0010111000111101
0010111000100001
0010111000000101
0010110111101000
0010110111001010
0010110110101100
0010110110001101
0010110101101110
0010110101001110
0010110100101110
0010110100001101
0010110011101100
0010110011001010
0010110010100111
0010110010000100
0010110001100001
0010110000111101
0010110000011000
0010101111110011
0010101111001101
0010101110100111
0010101110000000
0010101101011001
0010101100110001
0010101100001001
0010101011100000
0010101010110111
0010101010001101
0010101001100010
0010101000111000
0010101000001100
0010100111100000
0010100110110100
0010100110000111
0010100101011001
0010100100101011
0010100011111101
0010100011001110
0010100010011111
0010100001101111
0010100000111110
0010100000001101
0010011111011100
0010011110101010
0010011101111000
0010011101000101
0010011100010010
0010011011011110
0010011010101010
0010011001110101
0010011001000000
0010011000001010
0010010111010100
0010010110011110
0010010101100111
0010010100101111
0010010011110111
0010010010111111
0010010010000110
0010010001001101
0010010000010011
0010001111011001
0010001110011111
0010001101100100
0010001100101000
0010001011101100
0010001010110000
0010001001110100
0010001000110110
0010000111111001
0010000110111011
0010000101111101
0010000100111110
0010000011111111
0010000010111111
0010000001111111
0010000000111111
0001111111111110
0001111110111101
0001111101111100
0001111100111010
0001111011111000
0001111010110101
0001111001110010
0001111000101111
0001110111101011
0001110110100111
0001110101100011
0001110100011110
0001110011011001
0001110010010011
0001110001001101
0001110000000111
0001101111000001
0001101101111010
0001101100110011
0001101011101011
0001101010100011
0001101001011011
0001101000010011
0001100111001010
0001100110000001
0001100100110111
0001100011101110
0001100010100100
0001100001011001
0001100000001111
0001011111000100
0001011101111001
0001011100101101
0001011011100010
0001011010010110
0001011001001001
0001010111111101
0001010110110000
0001010101100011
0001010100010101
0001010011001000
0001010001111010
0001010000101100
0001001111011101
0001001110001111
0001001101000000
0001001011110001
0001001010100010
0001001001010010
0001001000000010
0001000110110010
0001000101100010
0001000100010010
0001000011000001
0001000001110001
0001000000100000
0000111111001110
0000111101111101
0000111100101011
0000111011011010
0000111010001000
0000111000110110
0000110111100011
0000110110010001
0000110100111110
0000110011101100
0000110010011001
0000110001000110
0000101111110010
0000101110011111
0000101101001100
0000101011111000
0000101010100100
0000101001010000
0000100111111100
0000100110101000
0000100101010100
0000100011111111
0000100010101011
0000100001010110
0000100000000010
0000011110101101
0000011101011000
0000011100000011
0000011010101110
0000011001011001
0000011000000100
0000010110101110
0000010101011001
0000010100000100
0000010010101110
0000010001011001
0000010000000011
0000001110101101
0000001101011000
0000001100000010
0000001010101100
0000001001010110
0000001000000001
0000000110101011
0000000101010101
0000000011111111
0000000010101001
0000000001010011
1111111111111101
1111111110100111
1111111101010001
1111111011111100
1111111010100110
1111111001010000
1111110111111010
1111110110100100
1111110101001110
1111110011111001
1111110010100011
1111110001001101
1111101111111000
1111101110100010
1111101101001100
1111101011110111
1111101010100010
1111101001001100
1111100111110111
1111100110100010
1111100101001101
1111100011111000
1111100010100011
1111100001001110
1111011111111001
1111011110100100
1111011101010000
1111011011111011
1111011010100111
1111011001010011
1111010111111110
1111010110101010
1111010101010111
1111010100000011
1111010010101111
1111010001011100
1111010000001000
1111001110110101
1111001101100010
1111001100001111
1111001010111100
1111001001101010
1111001000010111
1111000111000101
1111000101110011
1111000100100001
1111000011001111
1111000001111110
1111000000101100
1110111111011011
1110111110001010
1110111100111010
1110111011101001
1110111010011001
1110111001001000
1110110111111001
1110110110101001
1110110101011001
1110110100001010
1110110010111011
1110110001101100
1110110000011110
1110101111001111
1110101110000001
1110101100110011
1110101011100110
1110101010011000
1110101001001011
1110100111111110
1110100110110010
1110100101100110
1110100100011010
1110100011001110
1110100010000010
1110100000110111
1110011111101100
1110011110100010
1110011101011000
1110011100001110
1110011011000100
1110011001111010
1110011000110001
1110010111101001
1110010110100000
1110010101011000
1110010100010000
1110010011001001
1110010010000010
1110010000111011
1110001111110100
1110001110101110
1110001101101000
1110001100100011
1110001011011110
1110001010011001
1110001001010101
1110001000010001
1110000111001101
1110000110001010
1110000101000111
1110000100000100
1110000011000010
1110000010000000
1110000000111110
1101111111111101
1101111110111101
1101111101111100
1101111100111101
1101111011111101
1101111010111110
1101111001111111
1101111001000001
1101111000000011
1101110111000110
1101110110001001
1101110101001100
1101110100010000
1101110011010100
1101110010011001
1101110001011110
1101110000100011
1101101111101001
1101101110101111
1101101101110110
1101101100111101
1101101100000101
1101101011001101
1101101010010110
1101101001011111
1101101000101000
1101100111110010
1101100110111101
1101100110001000
1101100101010011
1101100100011111
1101100011101011
1101100010111000
1101100010000101
1101100001010011
1101100000100001
1101011111101111
1101011110111111
1101011110001110
1101011101011110
1101011100101111
1101011100000000
1101011011010010
1101011010100100
1101011001110110
1101011001001001
1101011000011101
1101010111110001
1101010111000110
1101010110011011
1101010101110000
1101010101000111
1101010100011101
1101010011110100
1101010011001100
1101010010100100
1101010001111101
1101010001010110
1101010000110000
1101010000001011
1101001111100101
1101001111000001
1101001110011101
1101001101111001
1101001101010110
1101001100110100
1101001100010010
1101001011110001
1101001011010000
1101001010110000
1101001010010000
1101001001110001
1101001001010010
1101001000110100
1101001000010110
1101000111111001
1101000111011101
1101000111000001
1101000110100110
1101000110001011
1101000101110001
1101000101010111
1101000100111110
1101000100100110
1101000100001110
1101000011110111
1101000011100000
1101000011001010
1101000010110100
1101000010011111
1101000010001010
1101000001110111
1101000001100011
1101000001010000
1101000000111110
1101000000101101
1101000000011100
1101000000001011
1100111111111011
1100111111101100
1100111111011101
1100111111001111
1100111111000010
1100111110110101
1100111110101000
1100111110011101
1100111110010001
1100111110000111
1100111101111101
1100111101110011
1100111101101010
1100111101100010
1100111101011010
1100111101010011
1100111101001101
1100111101000111
1100111101000010
1100111100111101
1100111100111001
1100111100110101
1100111100110010
1100111100110000
1100111100101110
1100111100101101
1100111100101100
1100111100101100
1100111100101101
1100111100101110
1100111100110000
1100111100110010
1100111100110101
1100111100111000
1100111100111100
1100111101000001
1100111101000110
1100111101001100
1100111101010011
1100111101011010
1100111101100001
1100111101101010
1100111101110010
1100111101111100
1100111110000110
1100111110010000
1100111110011100
1100111110100111
1100111110110100
1100111111000001
1100111111001110
1100111111011100
1100111111101011
1100111111111010
1101000000001010
1101000000011010
1101000000101011
1101000000111101
1101000001001111
1101000001100010
1101000001110101
1101000010001001
1101000010011101
1101000010110010
1101000011001000
1101000011011110
1101000011110101
1101000100001100
1101000100100100
1101000100111100
1101000101010101
1101000101101111
1101000110001001
1101000110100100
1101000110111111
1101000111011011
1101000111110111
1101001000010100
1101001000110010
1101001001010000
1101001001101110
1101001010001101
1101001010101101
1101001011001101
1101001011101110
1101001100001111
1101001100110001
1101001101010100
1101001101110110
1101001110011010
1101001110111110
1101001111100011
1101010000001000
1101010000101101
1101010001010011
1101010001111010
1101010010100001
1101010011001001
1101010011110001
1101010100011010
1101010101000011
1101010101101101
1101010110010111
1101010111000010
1101010111101110
1101011000011001
1101011001000110
1101011001110011
1101011010100000
1101011011001110
1101011011111100
1101011100101011
1101011101011011
1101011110001010
1101011110111011
1101011111101100
1101100000011101
1101100001001111
1101100010000001
1101100010110100
1101100011100111
1101100100011011
1101100101001111
1101100110000011
1101100110111000
1101100111101110
1101101000100100
1101101001011011
1101101010010001
1101101011001001
1101101100000001
1101101100111001
1101101101110010
1101101110101011
1101101111100100
1101110000011110
1101110001011001
1101110010010100
1101110011001111
1101110100001011
1101110101000111
1101110110000100
1101110111000001
1101110111111110
1101111000111100
1101111001111010
1101111010111001
1101111011111000
1101111100111000
1101111101110111
1101111110111000
1101111111111000
1110000000111001
1110000001111011
1110000010111101
1110000011111111
1110000101000001
1110000110000100
1110000111000111
1110001000001011
1110001001001111
1110001010010100
1110001011011000
1110001100011101
1110001101100011
1110001110101001
1110001111101111
1110010000110101
1110010001111100
1110010011000011
1110010100001011
1110010101010010
1110010110011010
1110010111100011
1110011000101100
1110011001110101
1110011010111110
1110011100001000
1110011101010010
1110011110011100
1110011111100110
1110100000110001
1110100001111100
1110100011001000
1110100100010100
1110100101100000
1110100110101100
1110100111111000
1110101001000101
1110101010010010
1110101011100000
1110101100101101
1110101101111011
1110101111001001
1110110000010111
1110110001100110
1110110010110101
1110110100000100
1110110101010011
1110110110100010
1110110111110010
1110111001000010
1110111010010010
1110111011100011
1110111100110011
1110111110000100
1110111111010101
1111000000100110
1111000001110111
1111000011001001
1111000100011011
1111000101101100
1111000110111111
1111001000010001
1111001001100011
1111001010110110
1111001100001001
1111001101011011
1111001110101110
1111010000000010
1111010001010101
1111010010101001
1111010011111100
1111010101010000
1111010110100100
1111010111111000
1111011001001100
1111011010100000
1111011011110101
1111011101001001
1111011110011110
1111011111110010
1111100001000111
1111100010011100
1111100011110001
1111100101000110
1111100110011011
1111100111110000
1111101001000101
1111101010011011
1111101011110000
1111101101000110
1111101110011011
1111101111110001
1111110001000110
1111110010011100
1111110011110010
1111110101001000
1111110110011101
1111110111110011
1111111001001001
1111111010011111
1111111011110101
1111111101001011
1111111110100001
1111111111110110
0000000001001100
0000000010100010
0000000011111000
0000000101001110
0000000110100100
0000000111111010
0000001001010000
0000001010100101
0000001011111011
0000001101010001
0000001110100111
0000001111111100
0000010001010010
0000010010100111
0000010011111101
0000010101010010
0000010110101000
0000010111111101
0000011001010010
0000011010100111
0000011011111100
0000011101010001
0000011110100110
0000011111111011
0000100001010000
0000100010100100
0000100011111001
0000100101001101
0000100110100001
0000100111110110
0000101001001010
0000101010011101
0000101011110001
0000101101000101
0000101110011000
0000101111101100
0000110000111111
0000110010010010
0000110011100101
0000110100111000
0000110110001010
0000110111011101
0000111000101111
0000111010000001
0000111011010011
0000111100100101
0000111101110111
0000111111001000
0001000000011001
0001000001101010
0001000010111011
0001000100001100
0001000101011100
0001000110101100
0001000111111100
0001001001001100
0001001010011011
0001001011101011
0001001100111010
0001001110001001
0001001111010111
0001010000100110
0001010001110100
0001010011000010
0001010100001111
0001010101011101
0001010110101010
0001010111110111
0001011001000011
0001011010001111
0001011011011100
0001011100100111
0001011101110011
0001011110111110
0001100000001001
0001100001010100
0001100010011110
0001100011101000
0001100100110010
0001100101111011
0001100111000100
0001101000001101
0001101001010110
0001101010011110
0001101011100110
0001101100101101
0001101101110100
0001101110111011
0001110000000010
0001110001001000
0001110010001110
0001110011010011
0001110100011000
0001110101011101
0001110110100010
0001110111100110
0001111000101010
0001111001101101
0001111010110000
0001111011110011
0001111100110101
0001111101110111
0001111110111000
0001111111111001
0010000000111010
0010000001111010
0010000010111010
0010000011111010
0010000100111001
0010000101111000
0010000110110110
0010000111110100
0010001000110010
0010001001101111
0010001010101011
0010001011101000
0010001100100100
0010001101011111
0010001110011010
0010001111010101
0010010000001111
0010010001001000
0010010010000010
0010010010111010
0010010011110011
0010010100101011
0010010101100010
0010010110011001
0010010111010000
0010011000000110
0010011000111100
0010011001110001
0010011010100110
0010011011011010
0010011100001110
0010011101000001
0010011101110100
0010011110100110
0010011111011000
0010100000001010
0010100000111010
0010100001101011
0010100010011011
0010100011001010
0010100011111001
0010100100101000
0010100101010110
0010100110000011
0010100110110000
0010100111011101
0010101000001001
0010101000110100
0010101001011111
0010101010001010
0010101010110011
0010101011011101
0010101100000110
0010101100101110
0010101101010110
0010101101111101
0010101110100100
0010101111001010
0010101111110000
0010110000010101
0010110000111010
0010110001011110
0010110010000010
0010110010100101
0010110011000111
0010110011101001
0010110100001011
0010110100101100
0010110101001100
0010110101101100
0010110110001011
0010110110101010
0010110111001000
0010110111100101
0010111000000010
0010111000011111
0010111000111011
0010111001010110
0010111001110001
0010111010001011
0010111010100101
0010111010111110
0010111011010111
0010111011101111
0010111100000110
0010111100011101
0010111100110011
0010111101001001
0010111101011110
0010111101110011
0010111110000111
0010111110011010
0010111110101101
0010111110111111
0010111111010001
0010111111100010
0010111111110010
0011000000000010
0011000000010010
0011000000100001
0011000000101111
0011000000111100
0011000001001001
0011000001010110
0011000001100010
0011000001101101
0011000001111000
0011000010000010
0011000010001011
0011000010010100
0011000010011101
0011000010100101
0011000010101100
0011000010110010
0011000010111000
0011000010111110
0011000011000011
0011000011000111
0011000011001010
0011000011001110
0011000011010000
0011000011010010
0011000011010011
0011000011010100
0011000011010100
0011000011010011
0011000011010010
0011000011010001
0011000011001110
0011000011001100
0011000011001000
0011000011000100
0011000011000000
0011000010111010
0011000010110101
0011000010101110
0011000010100111
0011000010100000
0011000010011000
0011000010001111
0011000010000101
0011000001111100
0011000001110001
0011000001100110
0011000001011010
0011000001001110
0011000001000001
0011000000110100
0011000000100110
0011000000010111
0011000000001000
0010111111111000
0010111111101000
0010111111010111
0010111111000110
0010111110110100
0010111110100001
0010111110001110
0010111101111010
0010111101100110
0010111101010001
0010111100111011
0010111100100101
0010111100001110
0010111011110111
0010111011011111
0010111011000111
0010111010101110
0010111010010101
0010111001111011
0010111001100000
0010111001000101
0010111000101001
0010111000001101
0010110111110000
0010110111010011
0010110110110101
0010110110010110
0010110101110111
0010110101011000
0010110100110111
0010110100010111
0010110011110110
0010110011010100
0010110010110001
0010110010001111
0010110001101011
0010110001000111
0010110000100011
0010101111111110
0010101111011000
0010101110110010
0010101110001011
0010101101100100
0010101100111101
0010101100010101
0010101011101100
0010101011000011
0010101010011001
0010101001101111
0010101001000100
0010101000011001
0010100111101101
0010100111000001
0010100110010100
0010100101100110
0010100100111001
0010100100001010
0010100011011100
0010100010101100
0010100001111100
0010100001001100
0010100000011011
0010011111101010
0010011110111001
0010011110000110
0010011101010100
0010011100100000
0010011011101101
0010011010111001
0010011010000100
0010011001001111
0010011000011010
0010010111100100
0010010110101101
0010010101110110
0010010100111111
0010010100000111
0010010011001111
0010010010010110
0010010001011101
0010010000100100
0010001111101010
0010001110101111
0010001101110101
0010001100111001
0010001011111110
0010001011000001
0010001010000101
0010001001001000
0010001000001011
0010000111001101
0010000110001111
0010000101010000
0010000100010001
0010000011010010
0010000010010010
0010000001010010
0010000000010001
0001111111010000
0001111110001111
0001111101001101
0001111100001011
0001111011001000
0001111010000101
0001111001000010
0001110111111111
0001110110111011
0001110101110110
0001110100110010
0001110011101101
0001110010100111
0001110001100001
0001110000011011
0001101111010101
0001101110001110
0001101101000111
0001101100000000
0001101010111000
0001101001110000
0001101000101000
0001100111011111
0001100110010110
0001100101001101
0001100100000011
0001100010111001
0001100001101111
0001100000100100
0001011111011001
0001011110001110
0001011101000011
0001011011110111
0001011010101011
0001011001011111
0001011000010011
0001010111000110
0001010101111001
0001010100101100
0001010011011110
0001010010010000
0001010001000010
0001001111110100
0001001110100101
0001001101010111
0001001100001000
0001001010111000
0001001001101001
0001001000011001
0001000111001001
0001000101111001
0001000100101001
0001000011011000
0001000010001000
0001000000110111
0000111111100110
0000111110010100
0000111101000011
0000111011110001
0000111010011111
0000111001001101
0000110111111011
0000110110101001
0000110101010110
0000110100000011
0000110010110000
0000110001011101
0000110000001010
0000101110110111
0000101101100011
0000101100010000
0000101010111100
0000101001101000
0000101000010100
0000100111000000
0000100101101100
0000100100011000
0000100011000011
0000100001101111
0000100000011010
0000011111000101
0000011101110000
0000011100011011
0000011011000110
0000011001110001
0000011000011100
0000010111000111
0000010101110001
0000010100011100
0000010011000111
0000010001110001
0000010000011011
0000001111000110
0000001101110000
0000001100011010
0000001011000101
0000001001101111
0000001000011001
0000000111000011
0000000101101101
0000000100011000
0000000011000010
0000000001101100
0000000000010110
1111111111000000
1111111101101010
1111111100010100
1111111010111110
1111111001101000
1111111000010011
1111110110111101
1111110101100111
1111110100010001
1111110010111011
1111110001100110
1111110000010000
1111101110111010
1111101101100101
1111101100001111
1111101010111010
1111101001100101
1111101000001111
1111100110111010
1111100101100101
1111100100010000
1111100010111011
1111100001100110
1111100000010001
1111011110111100
1111011101101000
1111011100010011
1111011010111111
1111011001101011
1111011000010110
1111010111000010
1111010101101111
1111010100011011
1111010011000111
1111010001110011
1111010000100000
1111001111001101
1111001101111010
1111001100100111
1111001011010100
1111001010000001
1111001000101111
1111000111011101
1111000110001010
1111000100111000
1111000011100111
1111000010010101
1111000001000100
1110111111110010
1110111110100001
1110111101010001
1110111100000000
1110111010110000
1110111001011111
1110111000001111
1110110111000000
1110110101110000
1110110100100001
1110110011010010
1110110010000011
1110110000110100
1110101111100110
1110101110010111
1110101101001010
1110101011111100
1110101010101110
1110101001100001
1110101000010100
1110100111001000
1110100101111011
1110100100101111
1110100011100100
1110100010011000
1110100001001101
1110100000000010
1110011110110111
1110011101101101
1110011100100011
1110011011011001
1110011010001111
1110011001000110
1110010111111101
1110010110110101
1110010101101101
1110010100100101
1110010011011101
1110010010010110
1110010001001111
1110010000001000
1110001111000010
1110001101111100
1110001100110111
1110001011110001
1110001010101101
1110001001101000
1110001000100100
1110000111100000
1110000110011101
1110000101011010
1110000100010111
1110000011010101
1110000010010011
1110000001010001
1110000000010000
1101111111001111
1101111110001111
1101111101001111
1101111100001111
1101111011010000
1101111010010001
1101111001010011
1101111000010101
1101110111010111
1101110110011010
1101110101011101
1101110100100001
1101110011100101
1101110010101001
1101110001101110
1101110000110100
1101101111111010
1101101111000000
1101101110000110
1101101101001110
1101101100010101
1101101011011101
1101101010100110
1101101001101111
1101101000111000
1101101000000010
1101100111001100
1101100110010111
1101100101100010
1101100100101110
1101100011111010
1101100011000110
1101100010010011
1101100001100001
1101100000101111
1101011111111101
1101011111001100
1101011110011100
1101011101101100
1101011100111100
1101011100001101
1101011011011111
1101011010110001
1101011010000011
1101011001010110
1101011000101010
1101010111111110
1101010111010010
1101010110100111
1101010101111101
1101010101010011
1101010100101001
1101010100000000
1101010011011000
1101010010110000
1101010010001000
1101010001100001
1101010000111011
1101010000010101
1101001111110000
1101001111001011
1101001110100111
1101001110000011
1101001101100000
1101001100111110
1101001100011100
1101001011111010
1101001011011001
1101001010111001
1101001010011001
1101001001111001
1101001001011011
1101001000111100
1101001000011111
1101001000000010
1101000111100101
1101000111001001
1101000110101110
1101000110010011
1101000101111000
1101000101011111
1101000101000101
1101000100101101
1101000100010101
1101000011111101
1101000011100110
1101000011010000
1101000010111010
1101000010100101
1101000010010000
1101000001111100
1101000001101001
1101000001010110
1101000001000011
1101000000110010
1101000000100000
1101000000010000
1101000000000000
1100111111110000
1100111111100001
1100111111010011
1100111111000101
1100111110111000
1100111110101100
1100111110100000
1100111110010100
1100111110001010
1100111101111111
1100111101110110
1100111101101101
1100111101100100
1100111101011101
1100111101010101
1100111101001111
1100111101001000
1100111101000011
1100111100111110
1100111100111010
1100111100110110
1100111100110011
1100111100110000
1100111100101110
1100111100101101
1100111100101100
1100111100101100
1100111100101100
1100111100101101
1100111100101111
1100111100110001
1100111100110100
1100111100110111
1100111100111011
1100111101000000
1100111101000101
1100111101001011
1100111101010001
1100111101011000
1100111101011111
1100111101100111
1100111101110000
1100111101111001
1100111110000011
1100111110001101
1100111110011000
1100111110100100
1100111110110000
1100111110111101
1100111111001010
1100111111011000
1100111111100111
1100111111110110
1101000000000101
1101000000010110
1101000000100110
1101000000111000
1101000001001010
1101000001011100
1101000001101111
1101000010000011
1101000010010111
1101000010101100
1101000011000010
1101000011011000
1101000011101110
1101000100000101
1101000100011101
1101000100110101
1101000101001110
1101000101101000
1101000110000010
1101000110011100
1101000110110111
1101000111010011
1101000111101111
1101001000001100
1101001000101001
1101001001000111
1101001001100101
1101001010000100
1101001010100100
1101001011000100
1101001011100101
1101001100000110
1101001100100111
1101001101001010
1101001101101100
1101001110010000
1101001110110100
1101001111011000
1101001111111101
1101010000100010
1101010001001000
1101010001101111
1101010010010110
1101010010111110
1101010011100110
1101010100001110
1101010100110111
1101010101100001
1101010110001011
1101010110110110
1101010111100001
1101011000001101
1101011000111001
1101011001100110
1101011010010011
1101011011000001
1101011011101111
1101011100011110
1101011101001101
1101011101111101
1101011110101101
1101011111011110
1101100000001111
1101100001000000
1101100001110010
1101100010100101
1101100011011000
1101100100001100
1101100101000000
1101100101110100
1101100110101001
1101100111011111
1101101000010101
1101101001001011
1101101010000010
1101101010111001
1101101011110001
1101101100101001
1101101101100001
1101101110011010
1101101111010100
1101110000001110
1101110001001000
1101110010000011
1101110010111110
1101110011111010
1101110100110110
1101110101110010
1101110110101111
1101110111101101
1101111000101010
1101111001101001
1101111010100111
1101111011100110
1101111100100101
1101111101100101
1101111110100101
1101111111100110
1110000000100111
1110000001101000
1110000010101010
1110000011101100
1110000100101110
1110000101110001
1110000110110100
1110000111111000
1110001000111100
1110001010000000
1110001011000101
1110001100001010
1110001101001111
1110001110010101
1110001111011011
1110010000100001
1110010001101000
1110010010101111
1110010011110110
1110010100111110
1110010110000110
1110010111001110
1110011000010111
1110011001100000
1110011010101001
1110011011110011
1110011100111100
1110011110000111
1110011111010001
1110100000011100
1110100001100111
1110100010110010
1110100011111110
1110100101001010
1110100110010110
1110100111100010
1110101000101111
1110101001111100
1110101011001001
1110101100010111
1110101101100101
1110101110110011
1110110000000001
1110110001001111
1110110010011110
1110110011101101
1110110100111100
1110110110001100
1110110111011011
1110111000101011
1110111001111011
1110111011001100
1110111100011100
1110111101101101
1110111110111110
1111000000001111
1111000001100000
1111000010110010
1111000100000011
1111000101010101
1111000110100111
1111000111111001
1111001001001100
1111001010011110
1111001011110001
1111001101000100
1111001110010111
1111001111101010
1111010000111101
1111010010010001
1111010011100100
1111010100111000
1111010110001100
1111010111100000
1111011000110100
1111011010001000
1111011011011100
1111011100110001
1111011110000101
1111011111011010
1111100000101111
1111100010000100
1111100011011001
1111100100101110
1111100110000011
1111100111011000
1111101000101101
1111101010000010
1111101011011000
1111101100101101
1111101110000011
1111101111011000
1111110000101110
1111110010000100
1111110011011001
1111110100101111
1111110110000101
1111110111011011
1111111000110001
1111111010000110
1111111011011100
1111111100110010
1111111110001000
1111111111011110
0000000000110100
0000000010001010
0000000011100000
0000000100110101
0000000110001011
0000000111100001
0000001000110111
0000001010001101
0000001011100011
0000001100111000
0000001110001110
0000001111100100
0000010000111001
0000010010001111
0000010011100100
0000010100111010
0000010110001111
0000010111100100
0000011000111010
0000011010001111
0000011011100100
0000011100111001
0000011110001110
0000011111100011
0000100000110111
0000100010001100
0000100011100001
0000100100110101
0000100110001001
0000100111011101
0000101000110010
0000101010000110
0000101011011001
0000101100101101
0000101110000001
0000101111010100
0000110000100111
0000110001111010
0000110011001101
0000110100100000
0000110101110011
0000110111000101
0000111000011000
0000111001101010
0000111010111100
0000111100001110
0000111101011111
0000111110110001
0001000000000010
0001000001010011
0001000010100100
0001000011110101
0001000101000101
0001000110010101
0001000111100101
0001001000110101
0001001010000101
0001001011010100
0001001100100011
0001001101110010
0001001111000001
0001010000001111
0001010001011101
0001010010101011
0001010011111001
0001010101000111
0001010110010100
0001010111100001
0001011000101101
0001011001111010
0001011011000110
0001011100010010
0001011101011101
0001011110101001
0001011111110100
0001100000111110
0001100010001001
0001100011010011
0001100100011101
0001100101100110
0001100110101111
0001100111111000
0001101001000001
0001101010001001
0001101011010001
0001101100011001
0001101101100000
0001101110100111
0001101111101110
0001110000110100
0001110001111010
0001110010111111
0001110100000101
0001110101001010
0001110110001110
0001110111010010
0001111000010110
0001111001011010
0001111010011101
0001111011100000
0001111100100010
0001111101100100
0001111110100101
0001111111100111
0010000000101000
0010000001101000
0010000010101000
0010000011101000
0010000100100111
0010000101100110
0010000110100100
0010000111100010
0010001000100000
0010001001011101
0010001010011010
0010001011010110
0010001100010010
0010001101001110
0010001110001001
0010001111000100
0010001111111110
0010010000111000
0010010001110001
0010010010101010
0010010011100011
0010010100011011
0010010101010010
0010010110001010
0010010111000000
0010010111110111
0010011000101100
0010011001100010
0010011010010111
0010011011001011
0010011011111111
0010011100110010
0010011101100101
0010011110011000
0010011111001010
0010011111111011
0010100000101101
0010100001011101
0010100010001101
0010100010111101
0010100011101100
0010100100011011
0010100101001001
0010100101110110
0010100110100011
0010100111010000
0010100111111100
0010101000101000
0010101001010011
0010101001111101
0010101010100111
0010101011010001
0010101011111010
0010101100100011
0010101101001011
0010101101110010
0010101110011001
0010101110111111
0010101111100101
0010110000001011
0010110000101111
0010110001010100
0010110001111000
0010110010011011
0010110010111101
0010110011100000
0010110100000001
0010110100100010
0010110101000011
0010110101100011
0010110110000010
0010110110100001
0010110110111111
0010110111011101
0010110111111010
0010111000010111
0010111000110011
0010111001001110
0010111001101001
0010111010000100
0010111010011110
0010111010110111
0010111011010000
0010111011101000
0010111011111111
0010111100010110
0010111100101101
0010111101000011
0010111101011000
0010111101101101
0010111110000001
0010111110010101
0010111110101000
0010111110111010
0010111111001100
0010111111011101
0010111111101110
0010111111111110
0011000000001101
0011000000011100
0011000000101011
0011000000111001
0011000001000110
0011000001010010
0011000001011110
0011000001101010
0011000001110101
0011000001111111
0011000010001001
0011000010010010
0011000010011010
0011000010100010
0011000010101010
0011000010110001
0011000010110111
0011000010111100
0011000011000001
0011000011000110
0011000011001001
0011000011001101
0011000011001111
0011000011010001
0011000011010011
0011000011010100
0011000011010100
0011000011010100
0011000011010011
0011000011010001
0011000011001111
0011000011001101
0011000011001001
0011000011000101
0011000011000001
0011000010111100
0011000010110110
0011000010110000
0011000010101001
0011000010100010
0011000010011010
0011000010010001
0011000010001000
0011000001111110
0011000001110100
0011000001101001
0011000001011110
0011000001010010
0011000001000101
0011000000111000
0011000000101010
0011000000011100
0011000000001101
0010111111111101
0010111111101101
0010111111011100
0010111111001011
0010111110111001
0010111110100110
0010111110010011
0010111110000000
0010111101101100
0010111101010111
0010111101000001
0010111100101011
0010111100010101
0010111011111110
0010111011100110
0010111011001110
0010111010110101
0010111010011100
0010111010000010
0010111001101000
0010111001001101
0010111000110001
0010111000010101
0010110111111000
0010110111011011
0010110110111101
0010110110011111
0010110110000000
0010110101100001
0010110101000001
0010110100100000
0010110011111111
0010110011011101
0010110010111011
0010110010011001
0010110001110101
0010110001010010
0010110000101101
0010110000001000
0010101111100011
0010101110111101
0010101110010111
0010101101110000
0010101101001000
0010101100100000
0010101011110111
0010101011001110
0010101010100101
0010101001111011
0010101001010000
0010101000100101
0010100111111001
0010100111001101
0010100110100001
0010100101110011
0010100101000110
0010100100011000
0010100011101001
0010100010111010
0010100010001010
0010100001011010
0010100000101001
0010011111111000
0010011111000111
0010011110010101
0010011101100010
0010011100101111
0010011011111100
0010011011001000
0010011010010011
0010011001011110
0010011000101001
0010010111110011
0010010110111101
0010010110000110
0010010101001111
0010010100010111
0010010011011111
0010010010100111
0010010001101110
0010010000110100
0010001111111010
0010001111000000
0010001110000101
0010001101001010
0010001100001111
0010001011010011
0010001010010110
0010001001011001
0010001000011100
0010000111011110
0010000110100000
0010000101100010
0010000100100011
0010000011100100
0010000010100100
0010000001100100
0010000000100011
0001111111100011
0001111110100001
0001111101100000
0001111100011110
0001111011011011
0001111010011001
0001111001010101
0001111000010010
0001110111001110
0001110110001010
0001110101000101
0001110100000000
0001110010111011
0001110001110101
0001110000101111
0001101111101001
0001101110100010
0001101101011011
0001101100010100
0001101011001101
0001101010000101
0001101000111100
0001100111110100
0001100110101011
0001100101100001
0001100100011000
0001100011001110
0001100010000100
0001100000111010
0001011111101111
0001011110100100
0001011101011000
0001011100001101
0001011011000001
0001011001110101
0001011000101000
0001010111011100
0001010110001111
0001010101000010
0001010011110100
0001010010100110
0001010001011000
0001010000001010
0001001110111100
0001001101101101
0001001100011110
0001001011001111
0001001010000000
0001001000110000
0001000111100000
0001000110010000
0001000101000000
0001000011101111
0001000010011111
0001000001001110
0000111111111101
0000111110101100
0000111101011010
0000111100001000
0000111010110111
0000111001100101
0000111000010010
0000110111000000
0000110101101110
0000110100011011
0000110011001000
0000110001110101
0000110000100010
0000101111001111
0000101101111011
0000101100101000
0000101011010100
0000101010000000
0000101000101100
0000100111011000
0000100110000100
0000100100110000
0000100011011011
0000100010000111
0000100000110010
0000011111011101
0000011110001000
0000011100110100
0000011011011111
0000011010001001
0000011000110100
0000010111011111
0000010110001010
0000010100110100
0000010011011111
0000010010001001
0000010000110100
0000001111011110
0000001110001001
0000001100110011
0000001011011101
0000001010000111
0000001000110010
0000000111011100
0000000110000110
0000000100110000
0000000011011010
0000000010000100
0000000000101110
1111111111011000
1111111110000011
1111111100101101
1111111011010111
1111111010000001
1111111000101011
1111110111010101
1111110101111111
1111110100101010
1111110011010100
1111110001111110
1111110000101001
1111101111010011
1111101101111101
1111101100101000
1111101011010010
1111101001111101
1111101000101000
1111100111010010
1111100101111101
1111100100101000
1111100011010011
1111100001111110
1111100000101001
1111011111010101
1111011110000000
1111011100101011
1111011011010111
1111011010000011
1111011000101111
1111010111011010
1111010110000110
1111010100110011
1111010011011111
1111010010001011
1111010000111000
1111001111100101
1111001110010001
1111001100111110
1111001011101100
1111001010011001
1111001001000110
1111000111110100
1111000110100010
1111000101010000
1111000011111110
1111000010101100
1111000001011011
1111000000001010
1110111110111001
1110111101101000
1110111100010111
1110111011000110
1110111001110110
1110111000100110
1110110111010110
1110110110000111
1110110100110111
1110110011101000
1110110010011001
1110110001001010
1110101111111100
1110101110101110
1110101101100000
1110101100010010
1110101011000101
1110101001110111
1110101000101010
1110100111011110
1110100110010001
1110100101000101
1110100011111001
1110100010101110
1110100001100010
1110100000010111
1110011111001100
1110011110000010
1110011100111000
1110011011101110
1110011010100100
1110011001011011
1110011000010010
1110010111001010
1110010110000001
1110010100111001
1110010011110010
1110010010101010
1110010001100011
1110010000011100
1110001111010110
1110001110010000
1110001101001010
1110001100000101
1110001011000000
1110001001111100
1110001000110111
1110000111110011
1110000110110000
1110000101101101
1110000100101010
1110000011101000
1110000010100110
1110000001100100
1110000000100011
1101111111100010
1101111110100001
1101111101100001
1101111100100001
1101111011100010
1101111010100011
1101111001100101
1101111000100110
1101110111101001
1101110110101011
1101110101101111
1101110100110010
1101110011110110
1101110010111010
1101110001111111
1101110001000101
1101110000001010
1101101111010000
1101101110010111
1101101101011110
1101101100100101
1101101011101101
1101101010110101
1101101001111110
1101101001000111
1101101000010001
1101100111011011
1101100110100110
1101100101110001
1101100100111100
1101100100001000
1101100011010101
1101100010100010
1101100001101111
1101100000111101
1101100000001100
1101011111011010
1101011110101010
1101011101111010
1101011101001010
1101011100011011
1101011011101100
1101011010111110
1101011010010000
1101011001100011
1101011000110110
1101011000001010
1101010111011110
1101010110110011
1101010110001001
1101010101011110
1101010100110101
1101010100001100
1101010011100011
1101010010111011
1101010010010100
1101010001101101
1101010001000110
1101010000100000
1101001111111011
1101001111010110
1101001110110001
1101001110001110
1101001101101010
1101001101000111
1101001100100101
1101001100000100
1101001011100010
1101001011000010
1101001010100010
1101001010000010
1101001001100011
1101001001000101
1101001000100111
1101001000001010
1101000111101101
1101000111010001
1101000110110101
1101000110011010
1101000110000000
1101000101100110
1101000101001101
1101000100110100
1101000100011100
1101000100000100
1101000011101101
1101000011010110
1101000011000000
1101000010101011
1101000010010110
1101000010000010
1101000001101110
1101000001011011
1101000001001001
1101000000110111
1101000000100101
1101000000010101
1101000000000100
1100111111110101
1100111111100110
1100111111010111
1100111111001001
1100111110111100
1100111110101111
1100111110100011
1100111110011000
1100111110001101
1100111110000010
1100111101111001
1100111101101111
1100111101100111
1100111101011111
1100111101010111
1100111101010000
1100111101001010
1100111101000100
1100111100111111
1100111100111011
1100111100110111
1100111100110100
1100111100110001
1100111100101111
1100111100101101
1100111100101100
1100111100101100
1100111100101100
1100111100101101
1100111100101110
1100111100110000
1100111100110011
1100111100110110
1100111100111010
1100111100111110
1100111101000011
1100111101001001
1100111101001111
1100111101010110
1100111101011101
1100111101100101
1100111101101101
1100111101110110
1100111110000000
1100111110001010
1100111110010101
1100111110100001
1100111110101101
1100111110111001
1100111111000110
1100111111010100
1100111111100010
1100111111110001
1101000000000001
1101000000010001
1101000000100010
1101000000110011
1101000001000101
1101000001010111
1101000001101010
1101000001111101
1101000010010010
1101000010100110
1101000010111100
1101000011010001
1101000011101000
1101000011111111
1101000100010110
1101000100101110
1101000101000111
1101000101100000
1101000101111010
1101000110010100
1101000110101111
1101000111001011
1101000111100111
1101001000000011
1101001000100001
1101001000111110
1101001001011101
1101001001111011
1101001010011011
1101001010111011
1101001011011011
1101001011111100
1101001100011110
1101001101000000
1101001101100010
1101001110000110
1101001110101001
1101001111001110
1101001111110010
1101010000011000
1101010000111110
1101010001100100
1101010010001011
1101010010110010
1101010011011010
1101010100000011
1101010100101100
1101010101010101
1101010101111111
1101010110101010
1101010111010101
1101011000000000
1101011000101100
1101011001011001
1101011010000110
1101011010110100
1101011011100010
1101011100010000
1101011100111111
1101011101101111
1101011110011111
1101011111010000
1101100000000001
1101100000110010
1101100001100100
1101100010010111
1101100011001010
1101100011111101
1101100100110001
1101100101100101
1101100110011010
1101100111001111
1101101000000101
1101101000111011
1101101001110010
1101101010101001
1101101011100001
1101101100011001
1101101101010001
1101101110001010
1101101111000011
1101101111111101
1101110000111000
1101110001110010
1101110010101101
1101110011101001
1101110100100101
1101110101100001
1101110110011110
1101110111011011
1101111000011001
1101111001010111
1101111010010101
1101111011010100
1101111100010011
1101111101010011
1101111110010011
1101111111010011
1110000000010100
1110000001010101
1110000010010111
1110000011011001
1110000100011011
1110000101011110
1110000110100001
1110000111100100
1110001000101000
1110001001101100
1110001010110001
1110001011110110
1110001100111011
1110001110000001
1110001111000111
1110010000001101
1110010001010011
1110010010011010
1110010011100010
1110010100101001
1110010101110001
1110010110111001
1110011000000010
1110011001001011
1110011010010100
1110011011011110
1110011100100111
1110011101110001
1110011110111100
1110100000000111
1110100001010001
1110100010011101
1110100011101000
1110100100110100
1110100110000000
1110100111001101
1110101000011001
1110101001100110
1110101010110011
1110101100000001
1110101101001110
1110101110011100
1110101111101011
1110110000111001
1110110010001000
1110110011010111
1110110100100110
1110110101110101
1110110111000101
1110111000010100
1110111001100100
1110111010110101
1110111100000101
1110111101010110
1110111110100111
1110111111111000
1111000001001001
1111000010011010
1111000011101100
1111000100111110
1111000110010000
1111000111100010
1111001000110100
1111001010000111
1111001011011001
1111001100101100
1111001101111111
1111001111010010
1111010000100101
1111010001111001
1111010011001100
1111010100100000
1111010101110100
1111010111001000
1111011000011100
1111011001110000
1111011011000100
1111011100011001
1111011101101101
1111011111000010
1111100000010111
1111100001101011
1111100011000000
1111100100010101
1111100101101010
1111100111000000
1111101000010101
1111101001101010
1111101010111111
1111101100010101
1111101101101010
1111101111000000
1111110000010110
1111110001101011
1111110011000001
1111110100010111
1111110101101100
1111110111000010
1111111000011000
1111111001101110
1111111011000100
1111111100011010
1111111101101111
1111111111000101
0000000000011011
0000000001110001
0000000011000111
0000000100011101
0000000101110011
0000000111001001
0000001000011111
0000001001110100
0000001011001010
0000001100100000
0000001101110110
0000001111001011
0000010000100001
0000010001110110
0000010011001100
0000010100100001
0000010101110111
0000010111001100
0000011000100001
0000011001110111
0000011011001100
0000011100100001
0000011101110110
0000011111001010
0000100000011111
0000100001110100
0000100011001000
0000100100011101
0000100101110001
0000100111000101
0000101000011010
0000101001101110
0000101011000001
0000101100010101
0000101101101001
0000101110111100
0000110000001111
0000110001100011
0000110010110110
0000110100001001
0000110101011011
0000110110101110
0000111000000000
0000111001010010
0000111010100100
0000111011110110
0000111101001000
0000111110011001
0000111111101011
0001000000111100
0001000010001101
0001000011011110
0001000100101110
0001000101111110
0001000111001110
0001001000011110
0001001001101110
0001001010111101
0001001100001101
0001001101011100
0001001110101010
0001001111111001
0001010001000111
0001010010010101
0001010011100011
0001010100110000
0001010101111110
0001010111001011
0001011000010111
0001011001100100
0001011010110000
0001011011111100
0001011101001000
0001011110010011
0001011111011110
0001100000101001
0001100001110011
0001100010111110
0001100100001000
0001100101010001
0001100110011010
0001100111100011
0001101000101100
0001101001110100
0001101010111101
0001101100000100
0001101101001100
0001101110010011
0001101111011001
0001110000100000
0001110001100110
0001110010101100
0001110011110001
0001110100110110
0001110101111011
0001110110111111
0001111000000011
0001111001000110
0001111010001010
0001111011001101
0001111100001111
0001111101010001
0001111110010011
0001111111010100
0010000000010101
0010000001010110
0010000010010110
0010000011010110
0010000100010101
0010000101010100
0010000110010011
0010000111010001
0010001000001110
0010001001001100
0010001010001001
0010001011000101
0010001100000001
0010001100111101
0010001101111000
0010001110110011
0010001111101110
0010010000100111
0010010001100001
0010010010011010
0010010011010011
0010010100001011
0010010101000011
0010010101111010
0010010110110001
0010010111100111
0010011000011101
0010011001010011
0010011010001000
0010011010111100
0010011011110000
0010011100100100
0010011101010111
0010011110001010
0010011110111100
0010011111101101
0010100000011111
0010100001001111
0010100010000000
0010100010101111
0010100011011111
0010100100001101
0010100100111100
0010100101101001
0010100110010111
0010100111000011
0010100111110000
0010101000011011
0010101001000111
0010101001110001
0010101010011100
0010101011000101
0010101011101110
0010101100010111
0010101100111111
0010101101100111
0010101110001110
0010101110110101
0010101111011011
0010110000000000
0010110000100101
0010110001001001
0010110001101101
0010110010010001
0010110010110100
0010110011010110
0010110011111000
0010110100011001
0010110100111001
0010110101011010
0010110101111001
0010110110011000
0010110110110111
0010110111010101
0010110111110010
0010111000001111
0010111000101011
0010111001000111
0010111001100010
0010111001111100
0010111010010110
0010111010110000
0010111011001001
0010111011100001
0010111011111001
0010111100010000
0010111100100111
0010111100111101
0010111101010010
0010111101100111
0010111101111011
0010111110001111
0010111110100010
0010111110110101
0010111111000111
0010111111011000
0010111111101001
0010111111111001
0011000000001001
0011000000011000
0011000000100111
0011000000110101
0011000001000010
0011000001001111
0011000001011011
0011000001100111
0011000001110010
0011000001111100
0011000010000110
0011000010001111
0011000010011000
0011000010100000
0011000010101000
0011000010101111
0011000010110101
0011000010111011
0011000011000000
0011000011000100
0011000011001000
0011000011001100
0011000011001111
0011000011010001
0011000011010011
0011000011010100
0011000011010100
0011000011010100
0011000011010011
0011000011010010
0011000011010000
0011000011001101
0011000011001010
0011000011000111
0011000011000010
0011000010111101
0011000010111000
0011000010110010
0011000010101011
0011000010100100
0011000010011100
0011000010010100
0011000010001011
0011000010000001
0011000001110111
0011000001101100
0011000001100001
0011000001010101
0011000001001001
0011000000111100
0011000000101110
0011000000100000
0011000000010001
0011000000000001
0010111111110001
0010111111100001
0010111111010000
0010111110111110
0010111110101100
0010111110011001
0010111110000101
0010111101110001
0010111101011101
0010111101001000
0010111100110010
0010111100011011
0010111100000101
0010111011101101
0010111011010101
0010111010111101
0010111010100011
0010111010001010
0010111001101111
0010111001010101
0010111000111001
0010111000011101
0010111000000001
0010110111100100
0010110111000110
0010110110101000
0010110110001001
0010110101101010
0010110101001010
0010110100101001
0010110100001001
0010110011100111
0010110011000101
0010110010100011
0010110001111111
0010110001011100
0010110000111000
0010110000010011
0010101111101110
0010101111001000
0010101110100010
0010101101111011
0010101101010011
0010101100101100
0010101100000011
0010101011011010
0010101010110001
0010101010000111
0010101001011100
0010101000110001
0010101000000110
0010100111011010
0010100110101101
0010100110000000
0010100101010011
0010100100100101
0010100011110110
0010100011000111
0010100010011000
0010100001101000
0010100000110111
0010100000000110
0010011111010101
0010011110100011
0010011101110001
0010011100111110
0010011100001010
0010011011010111
0010011010100010
0010011001101110
0010011000111000
0010011000000011
0010010111001100
0010010110010110
0010010101011111
0010010100100111
0010010011101111
0010010010110111
0010010001111110
0010010001000101
0010010000001011
0010001111010001
0010001110010110
0010001101011011
0010001100100000
0010001011100100
0010001010101000
0010001001101011
0010001000101110
0010000111110000
0010000110110010
0010000101110100
0010000100110101
0010000011110110
0010000010110110
0010000001110110
0010000000110110
0001111111110101
0001111110110100
0001111101110011
0001111100110001
0001111011101110
0001111010101100
0001111001101001
0001111000100101
0001110111100001
0001110110011101
0001110101011001
0001110100010100
0001110011001111
0001110010001001
0001110001000011
0001101111111101
0001101110110111
0001101101110000
0001101100101001
0001101011100001
0001101010011001
0001101001010001
0001101000001000
0001100111000000
0001100101110110
0001100100101101
0001100011100011
0001100010011001
0001100001001111
0001100000000100
0001011110111001
0001011101101110
0001011100100011
0001011011010111
0001011010001011
0001011000111110
0001010111110010
0001010110100101
0001010101011000
0001010100001010
0001010010111101
0001010001101111
0001010000100001
0001001111010010
0001001110000100
0001001100110101
0001001011100110
0001001010010110
0001001001000111
0001000111110111
0001000110100111
0001000101010111
0001000100000110
0001000010110110
0001000001100101
0001000000010100
0000111111000011
0000111101110001
0000111100100000
0000111011001110
0000111001111100
0000111000101010
0000110111011000
0000110110000101
0000110100110011
0000110011100000
0000110010001101
0000110000111010
0000101111100111
0000101110010011
0000101101000000
0000101011101100
0000101010011000
0000101001000100
0000100111110000
0000100110011100
0000100101001000
0000100011110011
0000100010011111
0000100001001010
0000011111110110
0000011110100001
0000011101001100
0000011011110111
0000011010100010
0000011001001101
0000010111110111
0000010110100010
0000010101001101
0000010011110111
0000010010100010
0000010001001100
0000001111110111
0000001110100001
0000001101001011
0000001011110110
0000001010100000
0000001001001010
0000000111110100
0000000110011110
0000000101001001
0000000011110011
0000000010011101
0000000001000111
1111111111110001
1111111110011011
1111111101000101
1111111011101111
1111111010011001
1111111001000100
1111110111101110
1111110110011000
1111110101000010
1111110011101100
1111110010010111
1111110001000001
1111101111101011
1111101110010110
1111101101000000
1111101011101011
1111101010010101
1111101001000000
1111100111101011
1111100110010110
1111100101000000
1111100011101011
1111100010010111
1111100001000010
1111011111101101
1111011110011000
1111011101000100
1111011011101111
1111011010011011
1111011001000111
1111010111110010
1111010110011110
1111010101001011
1111010011110111
1111010010100011
1111010001010000
1111001111111100
1111001110101001
1111001101010110
1111001100000011
1111001010110001
1111001001011110
1111001000001100
1111000110111001
1111000101100111
1111000100010101
1111000011000100
1111000001110010
1111000000100001
1110111111010000
1110111101111111
1110111100101110
1110111011011101
1110111010001101
1110111000111101
1110110111101101
1110110110011101
1110110101001110
1110110011111111
1110110010110000
1110110001100001
1110110000010010
1110101111000100
1110101101110110
1110101100101000
1110101011011011
1110101010001101
1110101001000000
1110100111110100
1110100110100111
1110100101011011
1110100100001111
1110100011000011
1110100001111000
1110100000101101
1110011111100010
1110011110010111
1110011101001101
1110011100000011
1110011010111001
1110011001110000
1110011000100111
1110010111011110
1110010110010110
1110010101001110
1110010100000110
1110010010111111
1110010001110111
1110010000110001
1110001111101010
1110001110100100
1110001101011110
1110001100011001
1110001011010100
1110001010001111
1110001001001011
1110001000000111
1110000111000011
1110000110000000
1110000100111101
1110000011111010
1110000010111000
1110000001110111
1110000000110101
1101111111110100
1101111110110100
1101111101110011
1101111100110011
1101111011110100
1101111010110101
1101111001110110
1101111000111000
1101110111111010
1101110110111101
1101110110000000
1101110101000011
1101110100000111
1101110011001011
1101110010010000
1101110001010101
1101110000011011
1101101111100001
1101101110100111
1101101101101110
1101101100110101
1101101011111101
1101101011000101
1101101010001110
1101101001010111
1101101000100001
1101100111101011
1101100110110101
1101100110000000
1101100101001011
1101100100010111
1101100011100100
1101100010110000
1101100001111110
1101100001001011
1101100000011010
1101011111101000
1101011110111000
1101011110000111
1101011101011000
1101011100101000
1101011011111001
1101011011001011
1101011010011101
1101011001110000
1101011001000011
1101011000010111
1101010111101011
1101010111000000
1101010110010101
1101010101101010
1101010101000001
1101010100010111
1101010011101111
1101010011000110
1101010010011111
1101010001111000
1101010001010001
1101010000101011
1101010000000101
1101001111100000
1101001110111100
1101001110011000
1101001101110100
1101001101010001
1101001100101111
1101001100001101
1101001011101100
1101001011001011
1101001010101011
1101001010001011
1101001001101100
1101001001001110
1101001000110000
1101001000010010
1101000111110101
1101000111011001
1101000110111101
1101000110100010
1101000110000111
1101000101101101
1101000101010100
1101000100111011
1101000100100010
1101000100001011
1101000011110011
1101000011011101
1101000011000111
1101000010110001
1101000010011100
1101000010001000
1101000001110100
1101000001100001
1101000001001110
1101000000111100
1101000000101010
1101000000011001
1101000000001001
1100111111111001
1100111111101010
1100111111011011
1100111111001101
1100111111000000
1100111110110011
1100111110100111
1100111110011011
1100111110010000
1100111110000101
1100111101111011
1100111101110010
1100111101101001
1100111101100001
1100111101011001
1100111101010010
1100111101001100
1100111101000110
1100111101000001
1100111100111100
1100111100111000
1100111100110101
1100111100110010
1100111100101111
1100111100101110
1100111100101101
1100111100101100
1100111100101100
1100111100101101
1100111100101110
1100111100110000
1100111100110010
1100111100110101
1100111100111001
1100111100111101
1100111101000010
1100111101000111
1100111101001101
1100111101010100
1100111101011011
1100111101100011
1100111101101011
1100111101110100
1100111101111101
1100111110000111
1100111110010010
1100111110011101
1100111110101001
1100111110110110
1100111111000011
1100111111010000
1100111111011110
1100111111101101
1100111111111100
1101000000001100
1101000000011101
1101000000101110
1101000000111111
1101000001010010
1101000001100100
1101000001111000
1101000010001100
1101000010100000
1101000010110101
1101000011001011
1101000011100001
1101000011111000
1101000100001111
1101000100100111
1101000101000000
1101000101011001
1101000101110011
1101000110001101
1101000110101000
1101000111000011
1101000111011111
1101000111111011
1101001000011000
1101001000110110
1101001001010100
1101001001110011
1101001010010010
1101001010110010
1101001011010010
1101001011110011
1101001100010100
1101001100110110
1101001101011001
1101001101111100
1101001110011111
1101001111000011
1101001111101000
1101010000001101
1101010000110011
1101010001011001
1101010010000000
1101010010100111
1101010011001111
1101010011110111
1101010100100000
1101010101001001
1101010101110011
1101010110011110
1101010111001000
1101010111110100
1101011000100000
1101011001001100
1101011001111001
1101011010100111
1101011011010101
1101011100000011
1101011100110010
1101011101100001
1101011110010001
1101011111000010
1101011111110011
1101100000100100
1101100001010110
1101100010001000
1101100010111011
1101100011101110
1101100100100010
1101100101010110
1101100110001011
1101100111000000
1101100111110110
1101101000101100
1101101001100010
1101101010011001
1101101011010001
1101101100001001
1101101101000001
1101101101111010
1101101110110011
1101101111101101
1101110000100111
1101110001100001
1101110010011100
1101110011011000
1101110100010100
1101110101010000
1101110110001100
1101110111001010
1101111000000111
1101111001000101
1101111010000011
1101111011000010
1101111100000001
1101111101000001
1101111110000001
1101111111000001
1110000000000010
1110000001000011
1110000010000100
1110000011000110
1110000100001000
1110000101001011
1110000110001110
1110000111010001
1110001000010101
1110001001011001
1110001010011101
1110001011100010
1110001100100111
1110001101101101
1110001110110011
1110001111111001
1110010000111111
1110010010000110
1110010011001101
1110010100010101
1110010101011101
1110010110100101
1110010111101101
1110011000110110
1110011001111111
1110011011001001
1110011100010010
1110011101011100
1110011110100111
1110011111110001
1110100000111100
1110100010000111
1110100011010011
1110100100011110
1110100101101010
1110100110110111
1110101000000011
1110101001010000
1110101010011101
1110101011101011
1110101100111000
1110101110000110
1110101111010100
1110110000100011
1110110001110001
1110110011000000
1110110100001111
1110110101011110
1110110110101110
1110110111111110
1110111001001110
1110111010011110
1110111011101110
1110111100111111
1110111110001111
1110111111100000
1111000000110010
1111000010000011
1111000011010101
1111000100100110
1111000101111000
1111000111001010
1111001000011101
1111001001101111
1111001011000010
1111001100010100
1111001101100111
1111001110111010
1111010000001110
1111010001100001
1111010010110100
1111010100001000
1111010101011100
1111010110110000
1111011000000100
1111011001011000
1111011010101100
1111011100000001
1111011101010101
1111011110101010
1111011111111110
1111100001010011
1111100010101000
1111100011111101
1111100101010010
1111100110100111
1111100111111100
1111101001010010
1111101010100111
1111101011111100
1111101101010010
1111101110100111
1111101111111101
1111110001010011
1111110010101000
1111110011111110
1111110101010100
1111110110101010
1111110111111111
1111111001010101
1111111010101011
1111111100000001
1111111101010111
1111111110101101
0000000000000011
0000000001011001
0000000010101111
0000000100000100
0000000101011010
0000000110110000
0000001000000110
0000001001011100
0000001010110010
0000001100000111
0000001101011101
0000001110110011
0000010000001000
0000010001011110
0000010010110100
0000010100001001
0000010101011110
0000010110110100
0000011000001001
0000011001011110
0000011010110011
0000011100001000
0000011101011101
0000011110110010
0000100000000111
0000100001011100
0000100010110000
0000100100000101
0000100101011001
0000100110101101
0000101000000010
0000101001010110
0000101010101001
0000101011111101
0000101101010001
0000101110100100
0000101111111000
0000110001001011
0000110010011110
0000110011110001
0000110101000100
0000110110010110
0000110111101001
0000111000111011
0000111010001101
0000111011011111
0000111100110001
0000111110000010
0000111111010100
0001000000100101
0001000001110110
0001000011000110
0001000100010111
0001000101100111
0001000110111000
0001001000000111
0001001001010111
0001001010100111
0001001011110110
0001001101000101
0001001110010100
0001001111100010
0001010000110001
0001010001111111
0001010011001101
0001010100011010
0001010101101000
0001010110110101
0001011000000010
0001011001001110
0001011010011010
0001011011100110
0001011100110010
0001011101111110
0001011111001001
0001100000010100
0001100001011110
0001100010101000
0001100011110010
0001100100111100
0001100110000110
0001100111001111
0001101000010111
0001101001100000
0001101010101000
0001101011110000
0001101100110111
0001101101111110
0001101111000101
0001110000001100
0001110001010010
0001110010011000
0001110011011101
0001110100100010
0001110101100111
0001110110101011
0001110111101111
0001111000110011
0001111001110110
0001111010111001
0001111011111100
0001111100111110
0001111110000000
0001111111000010
0010000000000011
0010000001000011
0010000010000100
0010000011000011
0010000100000011
0010000101000010
0010000110000001
0010000110111111
0010000111111101
0010001000111010
0010001001110111
0010001010110100
0010001011110000
0010001100101100
0010001101100111
0010001110100010
0010001111011101
0010010000010111
0010010001010001
0010010010001010
0010010011000011
0010010011111011
0010010100110011
0010010101101010
0010010110100001
0010010111011000
0010011000001110
0010011001000011
0010011001111000
0010011010101101
0010011011100001
0010011100010101
0010011101001000
0010011101111011
0010011110101101
0010011111011111
0010100000010001
0010100001000001
0010100001110010
0010100010100010
0010100011010001
0010100100000000
0010100100101110
0010100101011100
0010100110001010
0010100110110111
0010100111100011
0010101000001111
0010101000111010
0010101001100101
0010101010010000
0010101010111001
0010101011100011
0010101100001100
0010101100110100
0010101101011100
0010101110000011
0010101110101010
0010101111010000
0010101111110101
0010110000011011
0010110000111111
0010110001100011
0010110010000111
0010110010101010
0010110011001100
0010110011101110
0010110100001111
0010110100110000
0010110101010000
0010110101110000
0010110110001111
0010110110101110
0010110111001100
0010110111101010
0010111000000111
0010111000100011
0010111000111111
0010111001011010
0010111001110101
0010111010001111
0010111010101001
0010111011000010
0010111011011010
0010111011110010
0010111100001001
0010111100100000
0010111100110110
0010111101001100
0010111101100001
0010111101110110
0010111110001001
0010111110011101
0010111110110000
0010111111000010
0010111111010011
0010111111100100
0010111111110101
0011000000000101
0011000000010100
0011000000100011
0011000000110001
0011000000111110
0011000001001011
0011000001011000
0011000001100011
0011000001101111
0011000001111001
0011000010000011
0011000010001101
0011000010010110
0011000010011110
0011000010100110
0011000010101101
0011000010110011
0011000010111001
0011000010111110
0011000011000011
0011000011000111
0011000011001011
0011000011001110
0011000011010000
0011000011010010
0011000011010011
0011000011010100
0011000011010100
0011000011010011
0011000011010010
0011000011010000
0011000011001110
0011000011001011
0011000011001000
0011000011000100
0011000010111111
0011000010111010
0011000010110100
0011000010101101
0011000010100110
0011000010011111
0011000010010110
0011000010001110
0011000010000100
0011000001111010
0011000001110000
0011000001100100
0011000001011001
0011000001001100
0011000000111111
0011000000110010
0011000000100100
0011000000010101
0011000000000110
0010111111110110
0010111111100110
0010111111010101
0010111111000011
0010111110110001
0010111110011110
0010111110001011
0010111101110111
0010111101100011
0010111101001110
0010111100111000
0010111100100010
0010111100001011
0010111011110100
0010111011011100
0010111011000100
0010111010101011
0010111010010001
0010111001110111
0010111001011100
0010111001000001
0010111000100101
0010111000001001
0010110111101100
0010110111001110
0010110110110000
0010110110010010
0010110101110011
0010110101010011
0010110100110011
0010110100010010
0010110011110001
0010110011001111
0010110010101100
0010110010001010
0010110001100110
0010110001000010
0010110000011101
0010101111111000
0010101111010011
0010101110101101
0010101110000110
0010101101011111
0010101100110111
0010101100001111
0010101011100110
0010101010111101
0010101010010011
0010101001101001
0010101000111110
0010101000010010
0010100111100111
0010100110111010
0010100110001101
0010100101100000
0010100100110010
0010100100000100
0010100011010101
0010100010100101
0010100001110110
0010100001000101
0010100000010100
0010011111100011
0010011110110001
0010011101111111
0010011101001100
0010011100011001
0010011011100101
0010011010110001
0010011001111101
0010011001001000
0010011000010010
0010010111011100
0010010110100101
0010010101101111
0010010100110111
0010010011111111
0010010011000111
0010010010001110
0010010001010101
0010010000011100
0010001111100010
0010001110100111
0010001101101100
0010001100110001
0010001011110101
0010001010111001
0010001001111100
0010001000111111
0010001000000010
0010000111000100
0010000110000110
0010000101000111
0010000100001000
0010000011001000
0010000010001001
0010000001001000
0010000000001000
0001111111000111
0001111110000101
0001111101000011
0001111100000001
0001111010111111
0001111001111100
0001111000111001
0001110111110101
0001110110110001
0001110101101100
0001110100101000
0001110011100011
0001110010011101
0001110001010111
0001110000010001
0001101111001011
0001101110000100
0001101100111101
0001101011110101
0001101010101110
0001101001100110
0001101000011101
0001100111010100
0001100110001011
0001100101000010
0001100011111000
0001100010101110
0001100001100100
0001100000011010
0001011111001111
0001011110000100
0001011100111000
0001011011101100
0001011010100000
0001011001010100
0001011000001000
0001010110111011
0001010101101110
0001010100100000
0001010011010011
0001010010000101
0001010000110111
0001001111101001
0001001110011010
0001001101001011
0001001011111100
0001001010101101
0001001001011110
0001001000001110
0001000110111110
0001000101101110
0001000100011101
0001000011001101
0001000001111100
0001000000101011
0000111111011010
0000111110001001
0000111100110111
0000111011100101
0000111010010100
0000111001000001
0000110111101111
0000110110011101
0000110101001010
0000110011110111
0000110010100101
0000110001010010
0000101111111110
0000101110101011
0000101101010111
0000101100000100
0000101010110000
0000101001011100
0000101000001000
0000100110110100
0000100101100000
0000100100001011
0000100010110111
0000100001100010
0000100000001110
0000011110111001
0000011101100100
0000011100001111
0000011010111010
0000011001100101
0000011000010000
0000010110111011
0000010101100101
0000010100010000
0000010010111010
0000010001100101
0000010000001111
0000001110111010
0000001101100100
0000001100001110
0000001010111000
0000001001100011
0000001000001101
0000000110110111
0000000101100001
0000000100001011
0000000010110101
0000000001011111
0000000000001010
1111111110110100
1111111101011110
1111111100001000
1111111010110010
1111111001011100
1111111000000110
1111110110110000
1111110101011011
1111110100000101
1111110010101111
1111110001011001
1111110000000100
1111101110101110
1111101101011001
1111101100000011
1111101010101110
1111101001011000
1111101000000011
1111100110101110
1111100101011001
1111100100000100
1111100010101111
1111100001011010
1111100000000101
1111011110110000
1111011101011100
1111011100000111
1111011010110011
1111011001011111
1111011000001010
1111010110110110
1111010101100011
1111010100001111
1111010010111011
1111010001101000
1111010000010100
1111001111000001
1111001101101110
1111001100011011
1111001011001000
1111001001110110
1111001000100011
1111000111010001
1111000101111111
1111000100101101
1111000011011011
1111000010001001
1111000000111000
1110111111100111
1110111110010110
1110111101000101
1110111011110100
1110111010100100
1110111001010100
1110111000000100
1110110110110100
1110110101100101
1110110100010101
1110110011000110
1110110001110111
1110110000101001
1110101111011010
1110101110001100
1110101100111110
1110101011110001
1110101010100011
1110101001010110
1110101000001001
1110100110111101
1110100101110001
1110100100100100
1110100011011001
1110100010001101
1110100001000010
1110011111110111
1110011110101100
1110011101100010
1110011100011000
1110011011001110
1110011010000101
1110011000111100
1110010111110011
1110010110101010
1110010101100010
1110010100011010
1110010011010011
1110010010001100
1110010001000101
1110001111111110
1110001110111000
1110001101110010
1110001100101101
1110001011101000
1110001010100011
1110001001011110
1110001000011010
1110000111010110
1110000110010011
1110000101010000
1110000100001101
1110000011001011
1110000010001001
1110000001001000
1110000000000111
1101111111000110
1101111110000110
1101111101000110
1101111100000110
1101111011000111
1101111010001000
1101111001001010
1101111000001100
1101110111001110
1101110110010001
1101110101010101
1101110100011000
1101110011011100
1101110010100001
1101110001100110
1101110000101011
1101101111110001
1101101110111000
1101101101111110
1101101101000110
1101101100001101
1101101011010101
1101101010011110
1101101001100111
1101101000110000
1101100111111010
1101100111000100
1101100110001111
1101100101011010
1101100100100110
1101100011110010
1101100010111111
1101100010001100
1101100001011010
1101100000101000
1101011111110110
1101011111000110
1101011110010101
1101011101100101
1101011100110110
1101011100000111
1101011011011000
1101011010101010
1101011001111101
1101011001010000
1101011000100011
1101010111110111
1101010111001100
1101010110100001
1101010101110110
1101010101001101
1101010100100011
1101010011111010
1101010011010010
1101010010101010
1101010010000011
1101010001011100
1101010000110110
1101010000010000
1101001111101011
1101001111000110
1101001110100010
1101001101111110
1101001101011011
1101001100111001
1101001100010111
1101001011110101
1101001011010100
1101001010110100
1101001010010100
1101001001110101
1101001001010110
1101001000111000
1101001000011011
1101000111111110
1101000111100001
1101000111000101
1101000110101010
1101000110001111
1101000101110101
1101000101011011
1101000101000010
1101000100101001
1101000100010001
1101000011111010
1101000011100011
1101000011001101
1101000010110111
1101000010100010
1101000010001101
1101000001111001
1101000001100110
1101000001010011
1101000001000001
1101000000101111
1101000000011110
1101000000001110
1100111111111110
1100111111101110
1100111111011111
1100111111010001
1100111111000100
1100111110110111
1100111110101010
1100111110011110
1100111110010011
1100111110001000
1100111101111110
1100111101110101
1100111101101100
1100111101100011
1100111101011011
1100111101010100
1100111101001110
1100111101001000
1100111101000010
1100111100111101
1100111100111001
1100111100110110
1100111100110010
1100111100110000
1100111100101110
1100111100101101
1100111100101100
1100111100101100
1100111100101101
1100111100101110
1100111100101111
1100111100110010
1100111100110100
1100111100111000
1100111100111100
1100111101000000
1100111101000110
1100111101001011
1100111101010010
1100111101011001
1100111101100000
1100111101101000
1100111101110001
1100111101111011
1100111110000100
1100111110001111
1100111110011010
1100111110100110
1100111110110010
1100111110111111
1100111111001100
1100111111011010
1100111111101001
1100111111111000
1101000000001000
1101000000011000
1101000000101001
1101000000111010
1101000001001100
1101000001011111
1101000001110010
1101000010000110
1101000010011010
1101000010101111
1101000011000101
1101000011011011
1101000011110010
1101000100001001
1101000100100001
1101000100111001
1101000101010010
1101000101101011
1101000110000101
1101000110100000
1101000110111011
1101000111010111
1101000111110011
1101001000010000
1101001000101101
1101001001001011
1101001001101010
1101001010001001
1101001010101000
1101001011001001
1101001011101001
1101001100001010
1101001100101100
1101001101001111
1101001101110001
1101001110010101
1101001110111001
1101001111011101
1101010000000010
1101010000101000
1101010001001110
1101010001110101
1101010010011100
1101010011000011
1101010011101011
1101010100010100
1101010100111101
1101010101100111
1101010110010001
1101010110111100
1101010111100111
1101011000010011
1101011000111111
1101011001101100
1101011010011010
1101011011000111
1101011011110110
1101011100100100
1101011101010100
1101011110000100
1101011110110100
1101011111100101
1101100000010110
1101100001000111
1101100001111010
1101100010101100
1101100011100000
1101100100010011
1101100101000111
1101100101111100
1101100110110001
1101100111100110
1101101000011100
1101101001010011
1101101010001010
1101101011000001
1101101011111001
1101101100110001
1101101101101010
1101101110100011
1101101111011100
1101110000010110
1101110001010001
1101110010001011
1101110011000111
1101110100000010
1101110100111111
1101110101111011
1101110110111000
1101110111110101
1101111000110011
1101111001110001
1101111010110000
1101111011101111
1101111100101110
1101111101101110
1101111110101110
1101111111101111
1110000000110000
1110000001110001
1110000010110011
1110000011110101
1110000100111000
1110000101111011
1110000110111110
1110001000000001
1110001001000101
1110001010001010
1110001011001110
1110001100010011
1110001101011001
1110001110011111
1110001111100101
1110010000101011
1110010001110010
1110010010111001
1110010100000000
1110010101001000
1110010110010000
1110010111011000
1110011000100001
1110011001101010
1110011010110011
1110011011111101
1110011101000111
1110011110010001
1110011111011100
1110100000100111
1110100001110010
1110100010111101
1110100100001001
1110100101010101
1110100110100001
1110100111101101
1110101000111010
1110101010000111
1110101011010100
1110101100100010
1110101101110000
1110101110111110
1110110000001100
1110110001011011
1110110010101001
1110110011111000
1110110101001000
1110110110010111
1110110111100111
1110111000110111
1110111010000111
1110111011010111
1110111100101000
1110111101111000
1110111111001001
1111000000011010
1111000001101100
1111000010111101
1111000100001111
1111000101100001
1111000110110011
1111001000000101
1111001001010111
1111001010101010
1111001011111101
1111001101010000
1111001110100011
1111001111110110
1111010001001001
1111010010011101
1111010011110000
1111010101000100
1111010110011000
1111010111101100
1111011001000000
1111011010010100
1111011011101000
1111011100111101
1111011110010001
1111011111100110
1111100000111011
1111100010010000
1111100011100101
1111100100111010
1111100110001111
1111100111100100
1111101000111001
1111101010001111
1111101011100100
1111101100111001
1111101110001111
1111101111100101
1111110000111010
1111110010010000
1111110011100110
1111110100111011
1111110110010001
1111110111100111
1111111000111101
1111111010010011
1111111011101000
1111111100111110
1111111110010100
1111111111101010
0000000001000000
0000000010010110
0000000011101100
0000000101000010
0000000110011000
0000000111101101
0000001001000011
0000001010011001
0000001011101111
0000001101000101
0000001110011010
0000001111110000
0000010001000110
0000010010011011
0000010011110001
0000010101000110
0000010110011011
0000010111110001
0000011001000110
0000011010011011
0000011011110000
0000011101000101
0000011110011010
0000011111101111
0000100001000100
0000100010011000
0000100011101101
0000100101000001
0000100110010101
0000100111101010
0000101000111110
0000101010010001
0000101011100101
0000101100111001
0000101110001101
0000101111100000
0000110000110011
0000110010000110
0000110011011001
0000110100101100
0000110101111111
0000110111010001
0000111000100011
0000111001110110
0000111011001000
0000111100011001
0000111101101011
0000111110111100
0001000000001110
0001000001011111
0001000010101111
0001000100000000
0001000101010000
0001000110100001
0001000111110001
0001001001000000
0001001010010000
0001001011011111
0001001100101110
0001001101111101
0001001111001100
0001010000011010
0001010001101001
0001010010110110
0001010100000100
0001010101010010
0001010110011111
0001010111101100
0001011000111000
0001011010000101
0001011011010001
0001011100011100
0001011101101000
0001011110110011
0001011111111110
0001100001001001
0001100010010011
0001100011011101
0001100100100111
0001100101110001
0001100110111010
0001101000000011
0001101001001011
0001101010010011
0001101011011011
0001101100100011
0001101101101010
0001101110110001
0001101111111000
0001110000111110
0001110010000100
0001110011001001
0001110100001111
0001110101010011
0001110110011000
0001110111011100
0001111000100000
0001111001100011
0001111010100110
0001111011101001
0001111100101011
0001111101101101
0001111110101111
0001111111110000
0010000000110001
0010000001110001
0010000010110001
0010000011110001
0010000100110000
0010000101101111
0010000110101101
0010000111101011
0010001000101001
0010001001100110
0010001010100011
0010001011011111
0010001100011011
0010001101010111
0010001110010010
0010001111001100
0010010000000110
0010010001000000
0010010001111010
0010010010110010
0010010011101011
0010010100100011
0010010101011010
0010010110010001
0010010111001000
0010010111111110
0010011000110100
0010011001101001
0010011010011110
0010011011010010
0010011100000110
0010011100111010
0010011101101101
0010011110011111
0010011111010001
0010100000000011
0010100000110100
0010100001100100
0010100010010100
0010100011000100
0010100011110011
0010100100100001
0010100101001111
0010100101111101
0010100110101010
0010100111010110
0010101000000010
0010101000101110
0010101001011001
0010101010000011
0010101010101101
0010101011010111
0010101100000000
0010101100101000
0010101101010000
0010101101111000
0010101110011111
0010101111000101
0010101111101011
0010110000010000
0010110000110101
0010110001011001
0010110001111101
0010110010100000
0010110011000010
0010110011100100
0010110100000110
0010110100100111
0010110101000111
0010110101100111
0010110110000111
0010110110100101
0010110111000100
0010110111100001
0010110111111110
0010111000011011
0010111000110111
0010111001010010
0010111001101101
0010111010001000
0010111010100001
0010111010111011
0010111011010011
0010111011101011
0010111100000011
0010111100011010
0010111100110000
0010111101000110
0010111101011011
0010111101110000
0010111110000100
0010111110010111
0010111110101010
0010111110111101
0010111111001110
0010111111100000
0010111111110000
0011000000000000
0011000000010000
0011000000011111
0011000000101101
0011000000111011
0011000001001000
0011000001010100
0011000001100000
0011000001101100
0011000001110110
0011000010000001
0011000010001010
0011000010010011
0011000010011100
0011000010100011
0011000010101011
0011000010110001
0011000010111000
0011000010111101
0011000011000010
0011000011000110
0011000011001010
0011000011001101
0011000011010000
0011000011010010
0011000011010011
0011000011010100
0011000011010100
0011000011010100
0011000011010011
0011000011010001
0011000011001111
0011000011001100
0011000011001001
0011000011000101
0011000011000000
0011000010111011
0011000010110101
0011000010101111
0011000010101000
0011000010100001
0011000010011001
0011000010010000
0011000010000111
0011000001111101
0011000001110011
0011000001101000
0011000001011100
0011000001010000
0011000001000011
0011000000110110
0011000000101000
0011000000011001
0011000000001010
0010111111111011
0010111111101010
0010111111011010
0010111111001000
0010111110110110
0010111110100100
0010111110010001
0010111101111101
0010111101101001
0010111101010100
0010111100111110
0010111100101000
0010111100010010
0010111011111011
0010111011100011
0010111011001011
0010111010110010
0010111010011000
0010111001111110
0010111001100100
0010111001001001
0010111000101101
0010111000010001
0010110111110100
0010110111010111
0010110110111001
0010110110011011
0010110101111100
0010110101011100
0010110100111100
0010110100011011
0010110011111010
0010110011011001
0010110010110110
0010110010010100
0010110001110000
0010110001001100
0010110000101000
0010110000000011
0010101111011110
0010101110111000
0010101110010001
0010101101101010
0010101101000010
0010101100011010
0010101011110010
0010101011001001
0010101010011111
0010101001110101
0010101001001010
0010101000011111
0010100111110011
0010100111000111
0010100110011010
0010100101101101
0010100100111111
0010100100010001
0010100011100010
0010100010110011
0010100010000011
0010100001010011
0010100000100010
0010011111110001
0010011111000000
0010011110001110
0010011101011011
0010011100101000
0010011011110100
0010011011000000
0010011010001100
0010011001010111
0010011000100001
0010010111101011
0010010110110101
0010010101111110
0010010101000111
0010010100001111
0010010011010111
0010010010011111
0010010001100110
0010010000101100
0010001111110010
0010001110111000
0010001101111101
0010001101000010
0010001100000110
0010001011001010
0010001010001110
0010001001010001
0010001000010011
0010000111010110
0010000110010111
0010000101011001
0010000100011010
0010000011011011
0010000010011011
0010000001011011
0010000000011010
0001111111011001
0001111110011000
0001111101010110
0001111100010100
0001111011010010
0001111010001111
0001111001001100
0001111000001000
0001110111000100
0001110110000000
0001110100111011
0001110011110110
0001110010110001
0001110001101011
0001110000100101
0001101111011111
0001101110011000
0001101101010001
0001101100001010
0001101011000010
0001101001111010
0001101000110010
0001100111101001
0001100110100000
0001100101010111
0001100100001101
0001100011000100
0001100001111001
0001100000101111
0001011111100100
0001011110011001
0001011101001110
0001011100000010
0001011010110110
0001011001101010
0001011000011110
0001010111010001
0001010110000100
0001010100110111
0001010011101001
0001010010011011
0001010001001101
0001001111111111
0001001110110001
0001001101100010
0001001100010011
0001001011000100
0001001001110100
0001001000100101
0001000111010101
0001000110000101
0001000100110100
0001000011100100
0001000010010011
0001000001000010
0000111111110001
0000111110100000
0000111101001110
0000111011111101
0000111010101011
0000111001011001
0000111000000111
0000110110110100
0000110101100010
0000110100001111
0000110010111100
0000110001101001
0000110000010110
0000101111000011
0000101101101111
0000101100011100
0000101011001000
0000101001110100
0000101000100000
0000100111001100
0000100101111000
0000100100100100
0000100011001111
0000100001111011
0000100000100110
0000011111010001
0000011101111100
0000011100100111
0000011011010010
0000011001111101
0000011000101000
0000010111010011
0000010101111110
0000010100101000
0000010011010011
0000010001111101
0000010000101000
0000001111010010
0000001101111100
0000001100100111
0000001011010001
0000001001111011
0000001000100101
0000000111001111
0000000101111010
0000000100100100
0000000011001110
0000000001111000
0000000000100010
1111111111001100
1111111101110110
1111111100100000
1111111011001011
1111111001110101
1111111000011111
1111110111001001
1111110101110011
1111110100011101
1111110011001000
1111110001110010
1111110000011100
1111101111000111
1111101101110001
1111101100011100
1111101011000110
1111101001110001
1111101000011100
1111100111000110
1111100101110001
1111100100011100
1111100011000111
1111100001110010
1111100000011101
1111011111001001
1111011101110100
1111011100011111
1111011011001011
1111011001110111
1111011000100011
1111010111001110
1111010101111010
1111010100100111
1111010011010011
1111010001111111
1111010000101100
1111001111011001
1111001110000110
1111001100110011
1111001011100000
1111001010001101
1111001000111011
1111000111101000
1111000110010110
1111000101000100
1111000011110010
1111000010100001
1111000001001111
1110111111111110
1110111110101101
1110111101011100
1110111100001011
1110111010111011
1110111001101011
1110111000011011
1110110111001011
1110110101111011
1110110100101100
1110110011011101
1110110010001110
1110110000111111
1110101111110001
1110101110100011
1110101101010101
1110101100000111
1110101010111001
1110101001101100
1110101000011111
1110100111010011
1110100110000110
1110100100111010
1110100011101110
1110100010100011
1110100001010111
1110100000001100
1110011111000010
1110011101110111
1110011100101101
1110011011100011
1110011010011010
1110011001010001
1110011000001000
1110010110111111
1110010101110111
1110010100101111
1110010011100111
1110010010100000
1110010001011001
1110010000010010
1110001111001100
1110001110000110
1110001101000001
1110001011111011
1110001010110110
1110001001110010
1110001000101110
1110000111101010
1110000110100110
1110000101100011
1110000100100000
1110000011011110
1110000010011100
1110000001011011
1110000000011001
1101111111011000
1101111110011000
1101111101011000
1101111100011000
1101111011011001
1101111010011010
1101111001011100
1101111000011110
1101110111100000
1101110110100011
1101110101100110
1101110100101010
1101110011101110
1101110010110010
1101110001110111
1101110000111100
1101110000000010
1101101111001000
1101101110001111
1101101101010110
1101101100011101
1101101011100101
1101101010101110
1101101001110110
1101101001000000
1101101000001001
1101100111010100
1101100110011110
1101100101101001
1101100100110101
1101100100000001
1101100011001110
1101100010011011
1101100001101000
1101100000110110
1101100000000101
1101011111010011
1101011110100011
1101011101110011
1101011101000011
1101011100010100
1101011011100101
1101011010110111
1101011010001010
1101011001011101
1101011000110000
1101011000000100
1101010111011000
1101010110101101
1101010110000011
1101010101011001
1101010100101111
1101010100000110
1101010011011101
1101010010110101
1101010010001110
1101010001100111
1101010001000001
1101010000011011
1101001111110101
1101001111010001
1101001110101100
1101001110001000
1101001101100101
1101001101000011
1101001100100000
1101001011111111
1101001011011110
1101001010111101
1101001010011101
1101001001111110
1101001001011111
1101001001000001
1101001000100011
1101001000000110
1101000111101001
1101000111001101
1101000110110010
1101000110010111
1101000101111100
1101000101100010
1101000101001001
1101000100110000
1101000100011000
1101000100000001
1101000011101010
1101000011010011
1101000010111101
1101000010101000
1101000010010011
1101000001111111
1101000001101011
1101000001011000
1101000001000110
1101000000110100
1101000000100011
1101000000010010
1101000000000010
1100111111110011
1100111111100100
1100111111010101
1100111111000111
1100111110111010
1100111110101110
1100111110100010
1100111110010110
1100111110001011
1100111110000001
1100111101110111
1100111101101110
1100111101100110
1100111101011110
1100111101010110
1100111101001111
1100111101001001
1100111101000100
1100111100111111
1100111100111010
1100111100110111
1100111100110011
1100111100110001
1100111100101111
1100111100101101
1100111100101100
1100111100101100
1100111100101100
1100111100101101
1100111100101111
1100111100110001
1100111100110011
1100111100110111
1100111100111011
1100111100111111
1100111101000100
1100111101001010
1100111101010000
1100111101010111
1100111101011110
1100111101100110
1100111101101111
1100111101111000
1100111110000010
1100111110001100
1100111110010111
1100111110100010
1100111110101110
1100111110111011
1100111111001000
1100111111010110
1100111111100100
1100111111110011
1101000000000011
1101000000010011
1101000000100100
1101000000110101
1101000001000111
1101000001011010
1101000001101101
1101000010000000
1101000010010100
1101000010101001
1101000010111111
1101000011010101
1101000011101011
1101000100000010
1101000100011010
1101000100110010
1101000101001011
1101000101100100
1101000101111110
1101000110011000
1101000110110011
1101000111001111
1101000111101011
1101001000001000
1101001000100101
1101001001000011
1101001001100001
1101001010000000
1101001010011111
1101001010111111
1101001011100000
1101001100000001
1101001100100011
1101001101000101
1101001101100111
1101001110001011
1101001110101110
1101001111010011
1101001111111000
1101010000011101
1101010001000011
1101010001101001
1101010010010000
1101010010111000
1101010011100000
1101010100001001
1101010100110010
1101010101011011
1101010110000101
1101010110110000
1101010111011011
1101011000000111
1101011000110011
1101011001011111
1101011010001101
1101011010111010
1101011011101000
1101011100010111
1101011101000110
1101011101110110
1101011110100110
1101011111010111
1101100000001000
1101100000111001
1101100001101011
1101100010011110
1101100011010001
1101100100000100
1101100100111000
1101100101101101
1101100110100010
1101100111010111
1101101000001101
1101101001000011
1101101001111010
1101101010110001
1101101011101001
1101101100100001
1101101101011001
1101101110010010
1101101111001100
1101110000000110
1101110001000000
1101110001111011
1101110010110110
1101110011110001
1101110100101101
1101110101101010
1101110110100111
1101110111100100
1101111000100010
1101111001100000
1101111010011110
1101111011011101
1101111100011100
1101111101011100
1101111110011100
1101111111011101
1110000000011101
1110000001011111
1110000010100000
1110000011100010
1110000100100101
1110000101100111
1110000110101011
1110000111101110
1110001000110010
1110001001110110
1110001010111011
1110001100000000
1110001101000101
1110001110001011
1110001111010001
1110010000010111
1110010001011110
1110010010100101
1110010011101100
1110010100110011
1110010101111011
1110010111000100
1110011000001100
1110011001010101
1110011010011111
1110011011101000
1110011100110010
1110011101111100
1110011111000110
1110100000010001
1110100001011100
1110100010101000
1110100011110011
1110100100111111
1110100110001011
1110100111011000
1110101000100100
1110101001110001
1110101010111110
1110101100001100
1110101101011010
1110101110101000
1110101111110110
1110110001000100
1110110010010011
1110110011100010
1110110100110001
1110110110000000
1110110111010000
1110111000100000
1110111001110000
1110111011000000
1110111100010001
1110111101100001
1110111110110010
1111000000000011
1111000001010100
1111000010100110
1111000011111000
1111000101001001
1111000110011011
1111000111101110
1111001001000000
1111001010010010
1111001011100101
1111001100111000
1111001110001011
1111001111011110
1111010000110001
1111010010000101
1111010011011000
1111010100101100
1111010110000000
1111010111010100
1111011000101000
1111011001111100
1111011011010000
1111011100100101
1111011101111001
1111011111001110
1111100000100011
1111100001111000
1111100011001100
1111100100100001
1111100101110111
1111100111001100
1111101000100001
1111101001110110
1111101011001100
1111101100100001
1111101101110111
1111101111001100
1111110000100010
1111110001110111
1111110011001101
1111110100100011
1111110101111001
1111110111001110
1111111000100100
1111111001111010
1111111011010000
1111111100100110
1111111101111100
1111111111010010
0000000000101000
0000000001111101
0000000011010011
0000000100101001
0000000101111111
0000000111010101
0000001000101011
0000001010000001
0000001011010110
0000001100101100
0000001110000010
0000001111010111
0000010000101101
0000010010000011
0000010011011000
0000010100101110
0000010110000011
0000010111011000
0000011000101110
0000011010000011
0000011011011000
0000011100101101
0000011110000010
0000011111010111
0000100000101011
0000100010000000
0000100011010101
0000100100101001
0000100101111101
0000100111010001
0000101000100110
0000101001111010
0000101011001101
0000101100100001
0000101101110101
0000101111001000
0000110000011011
0000110001101111
0000110011000010
0000110100010100
0000110101100111
0000110110111010
0000111000001100
0000111001011110
0000111010110000
0000111100000010
0000111101010100
0000111110100101
0000111111110110
0001000001000111
0001000010011000
0001000011101001
0001000100111010
0001000110001010
0001000111011010
0001001000101010
0001001001111001
0001001011001001
0001001100011000
0001001101100111
0001001110110110
0001010000000100
0001010001010010
0001010010100000
0001010011101110
0001010100111011
0001010110001001
0001010111010110
0001011000100010
0001011001101111
0001011010111011
0001011100000111
0001011101010010
0001011110011110
0001011111101001
0001100000110100
0001100001111110
0001100011001000
0001100100010010
0001100101011100
0001100110100101
0001100111101110
0001101000110110
0001101001111111
0001101011000111
0001101100001110
0001101101010110
0001101110011101
0001101111100100
0001110000101010
0001110001110000
0001110010110110
0001110011111011
0001110101000000
0001110110000100
0001110111001001
0001111000001101
0001111001010000
0001111010010011
0001111011010110
0001111100011000
0001111101011010
0001111110011100
0001111111011101
0010000000011110
0010000001011111
0010000010011111
0010000011011111
0010000100011110
0010000101011101
0010000110011011
0010000111011010
0010001000010111
0010001001010101
0010001010010001
0010001011001110
0010001100001010
0010001101000110
0010001110000001
0010001110111011
0010001111110110
0010010000110000
0010010001101001
0010010010100010
0010010011011011
0010010100010011
0010010101001011
0010010110000010
0010010110111001
0010010111101111
0010011000100101
0010011001011010
0010011010001111
0010011011000100
0010011011111000
0010011100101011
0010011101011110
0010011110010001
0010011111000011
0010011111110100
0010100000100110
0010100001010110
0010100010000110
0010100010110110
0010100011100101
0010100100010100
0010100101000010
0010100101110000
0010100110011101
0010100111001010
0010100111110110
0010101000100010
0010101001001101
0010101001110111
0010101010100010
0010101011001011
0010101011110100
0010101100011101
0010101101000101
0010101101101100
0010101110010011
0010101110111010
0010101111100000
0010110000000101
0010110000101010
0010110001001111
0010110001110010
0010110010010110
0010110010111001
0010110011011011
0010110011111100
0010110100011110
0010110100111110
0010110101011110
0010110101111110
0010110110011101
0010110110111011
0010110111011001
0010110111110110
0010111000010011
0010111000101111
0010111001001011
0010111001100110
0010111010000000
0010111010011010
0010111010110011
0010111011001100
0010111011100100
0010111011111100
0010111100010011
0010111100101010
0010111101000000
0010111101010101
0010111101101010
0010111101111110
0010111110010010
0010111110100101
0010111110110111
0010111111001001
0010111111011011
0010111111101011
0010111111111100
0011000000001011
0011000000011010
0011000000101001
0011000000110111
0011000001000100
0011000001010001
0011000001011101
0011000001101000
0011000001110011
0011000001111110
0011000010000111
0011000010010001
0011000010011001
0011000010100001
0011000010101001
0011000010110000
0011000010110110
0011000010111100
0011000011000001
0011000011000101
0011000011001001
0011000011001100
0011000011001111
0011000011010001
0011000011010011
0011000011010100
0011000011010100
0011000011010100
0011000011010011
0011000011010010
0011000011010000
0011000011001101
0011000011001010
0011000011000110
0011000011000010
0011000010111101
0011000010110111
0011000010110001
0011000010101010
0011000010100011
0011000010011011
0011000010010011
0011000010001010
0011000010000000
0011000001110110
0011000001101011
0011000001011111
0011000001010011
0011000001000111
0011000000111010
0011000000101100
0011000000011110
0011000000001111
0010111111111111
0010111111101111
0010111111011110
0010111111001101
0010111110111011
0010111110101001
0010111110010110
0010111110000011
0010111101101110
0010111101011010
0010111101000100
0010111100101111
0010111100011000
0010111100000001
0010111011101010
0010111011010010
0010111010111001
0010111010100000
0010111010000110
0010111001101100
0010111001010001
0010111000110101
0010111000011001
0010110111111101
0010110111011111
0010110111000010
0010110110100011
0010110110000101
0010110101100101
0010110101000101
0010110100100101
0010110100000100
0010110011100010
0010110011000000
0010110010011110
0010110001111010
0010110001010111
0010110000110010
0010110000001110
0010101111101000
0010101111000010
0010101110011100
0010101101110101
0010101101001110
0010101100100110
0010101011111101
0010101011010100
0010101010101011
0010101010000001
0010101001010110
0010101000101011
0010101000000000
0010100111010100
0010100110100111
0010100101111010
0010100101001100
0010100100011110
0010100011110000
0010100011000001
0010100010010001
0010100001100001
0010100000110000
0010011111111111
0010011111001110
0010011110011100
0010011101101001
0010011100110110
0010011100000011
0010011011001111
0010011010011011
0010011001100110
0010011000110001
0010010111111011
0010010111000101
0010010110001110
0010010101010111
0010010100011111
0010010011100111
0010010010101111
0010010001110110
0010010000111101
0010010000000011
0010001111001000
0010001110001110
0010001101010011
0010001100010111
0010001011011011
0010001010011111
0010001001100010
0010001000100101
0010000111100111
0010000110101001
0010000101101011
0010000100101100
0010000011101101
0010000010101101
0010000001101101
0010000000101101
0001111111101100
0001111110101011
0001111101101001
0001111100100111
0001111011100101
0001111010100010
0001111001011111
0001111000011100
0001110111011000
0001110110010100
0001110101001111
0001110100001010
0001110011000101
0001110001111111
0001110000111001
0001101111110011
0001101110101101
0001101101100110
0001101100011110
0001101011010111
0001101010001111
0001101001000111
0001100111111110
0001100110110101
0001100101101100
0001100100100010
0001100011011001
0001100010001111
0001100001000100
0001011111111001
0001011110101111
0001011101100011
0001011100011000
0001011011001100
0001011010000000
0001011000110011
0001010111100111
0001010110011010
0001010101001101
0001010011111111
0001010010110010
0001010001100100
0001010000010101
0001001111000111
0001001101111000
0001001100101001
0001001011011010
0001001010001011
0001001000111011
0001000111101100
0001000110011100
0001000101001011
0001000011111011
0001000010101010
0001000001011001
0001000000001000
0000111110110111
0000111101100110
0000111100010100
0000111011000010
0000111001110000
0000111000011110
0000110111001100
0000110101111001
0000110100100111
0000110011010100
0000110010000001
0000110000101110
0000101111011011
0000101110000111
0000101100110100
0000101011100000
0000101010001100
0000101000111000
0000100111100100
0000100110010000
0000100100111100
0000100011100111
0000100010010011
0000100000111110
0000011111101001
0000011110010101
0000011101000000
0000011011101011
0000011010010110
0000011001000000
0000010111101011
0000010110010110
0000010101000001
0000010011101011
0000010010010110
0000010001000000
0000001111101010
0000001110010101
0000001100111111
0000001011101001
0000001010010100
0000001000111110
0000000111101000
0000000110010010
0000000100111100
0000000011100110
0000000010010001
0000000000111011
1111111111100101
1111111110001111
1111111100111001
1111111011100011
1111111010001101
1111111000110111
1111110111100001
1111110110001100
1111110100110110
1111110011100000
1111110010001010
1111110000110101
1111101111011111
1111101110001010
1111101100110100
1111101011011111
1111101010001001
1111101000110100
1111100111011111
1111100110001001
1111100100110100
1111100011011111
1111100010001010
1111100000110110
1111011111100001
1111011110001100
1111011100111000
1111011011100011
1111011010001111
1111011000111011
1111010111100110
1111010110010010
1111010100111111
1111010011101011
1111010010010111
1111010001000100
1111001111110001
1111001110011101
1111001101001010
1111001011110111
1111001010100101
1111001001010010
1111001000000000
1111000110101110
1111000101011100
1111000100001010
1111000010111000
1111000001100111
1111000000010101
1110111111000100
1110111101110011
1110111100100010
1110111011010010
1110111010000010
1110111000110010
1110110111100010
1110110110010010
1110110101000011
1110110011110011
1110110010100100
1110110001010110
1110110000000111
1110101110111001
1110101101101011
1110101100011101
1110101011010000
1110101010000010
1110101000110101
1110100111101001
1110100110011100
1110100101010000
1110100100000100
1110100010111000
1110100001101101
1110100000100010
1110011111010111
1110011110001101
1110011101000010
1110011011111000
1110011010101111
1110011001100110
1110011000011101
1110010111010100
1110010110001100
1110010101000011
1110010011111100
1110010010110100
1110010001101101
1110010000100111
1110001111100000
1110001110011010
1110001101010100
1110001100001111
1110001011001010
1110001010000101
1110001001000001
1110000111111101
1110000110111010
1110000101110110
1110000100110011
1110000011110001
1110000010101111
1110000001101101
1110000000101100
1101111111101011
1101111110101010
1101111101101010
1101111100101010
1101111011101011
1101111010101100
1101111001101101
1101111000101111
1101110111110010
1101110110110100
1101110101110111
1101110100111011
1101110011111111
1101110011000011
1101110010001000
1101110001001101
1101110000010010
1101101111011001
1101101110011111
1101101101100110
1101101100101101
1101101011110101
1101101010111101
1101101010000110
1101101001001111
1101101000011001
1101100111100011
1101100110101101
1101100101111000
1101100101000100
1101100100010000
1101100011011100
1101100010101001
1101100001110110
1101100001000100
1101100000010011
1101011111100001
1101011110110001
1101011110000000
1101011101010001
1101011100100001
1101011011110011
1101011011000100
1101011010010111
1101011001101001
1101011000111101
1101011000010000
1101010111100101
1101010110111001
1101010110001111
1101010101100100
1101010100111011
1101010100010010
1101010011101001
1101010011000001
1101010010011001
1101010001110010
1101010001001011
1101010000100101
1101010000000000
1101001111011011
1101001110110111
1101001110010011
1101001101101111
1101001101001100
1101001100101010
1101001100001000
1101001011100111
1101001011000111
1101001010100110
1101001010000111
1101001001101000
1101001001001001
1101001000101011
1101001000001110
1101000111110001
1101000111010101
1101000110111001
1101000110011110
1101000110000100
1101000101101010
1101000101010000
1101000100110111
1101000100011111
1101000100000111
1101000011110000
1101000011011001
1101000011000011
1101000010101110
1101000010011001
1101000010000101
1101000001110001
1101000001011110
1101000001001011
1101000000111001
1101000000101000
1101000000010111
1101000000000111
1100111111110111
1100111111101000
1100111111011001
1100111111001011
1100111110111110
1100111110110001
1100111110100101
1100111110011001
1100111110001110
1100111110000100
1100111101111010
1100111101110001
1100111101101000
1100111101100000
1100111101011000
1100111101010001
1100111101001011
1100111101000101
1100111101000000
1100111100111100
1100111100111000
1100111100110100
1100111100110001
1100111100101111
1100111100101101
1100111100101100
1100111100101100
1100111100101100
1100111100101101
1100111100101110
1100111100110000
1100111100110011
1100111100110110
1100111100111001
1100111100111110
1100111101000011
1100111101001000
1100111101001110
1100111101010101
1100111101011100
1100111101100100
1100111101101100
1100111101110101
1100111101111111
1100111110001001
1100111110010100
1100111110011111
1100111110101011
1100111110110111
1100111111000100
1100111111010010
1100111111100000
1100111111101111
1100111111111111
1101000000001111
1101000000011111
1101000000110000
1101000001000010
1101000001010100
1101000001100111
1101000001111011
1101000010001111
1101000010100011
1101000010111000
1101000011001110
1101000011100101
1101000011111011
1101000100010011
1101000100101011
1101000101000011
1101000101011101
1101000101110110
1101000110010001
1101000110101011
1101000111000111
1101000111100011
1101000111111111
1101001000011100
1101001000111010
1101001001011000
1101001001110111
1101001010010110
1101001010110110
1101001011010111
1101001011110111
1101001100011001
1101001100111011
1101001101011101
1101001110000001
1101001110100100
1101001111001000
1101001111101101
1101010000010010
1101010000111000
1101010001011110
1101010010000101
1101010010101101
1101010011010100
1101010011111101
1101010100100110
1101010101001111
1101010101111001
1101010110100100
1101010111001111
1101010111111010
1101011000100110
1101011001010011
1101011010000000
1101011010101101
1101011011011011
1101011100001010
1101011100111001
1101011101101000
1101011110011000
1101011111001001
1101011111111010
1101100000101011
1101100001011101
1101100010001111
1101100011000010
1101100011110110
1101100100101001
1101100101011110
1101100110010010
1101100111001000
1101100111111101
1101101000110100
1101101001101010
1101101010100001
1101101011011001
1101101100010001
1101101101001001
1101101110000010
1101101110111011
1101101111110101
1101110000101111
1101110001101010
1101110010100101
1101110011100000
1101110100011100
1101110101011000
1101110110010101
1101110111010010
1101111000010000
1101111001001110
1101111010001100
1101111011001011
1101111100001010
1101111101001010
1101111110001010
1101111111001010
1110000000001011
1110000001001100
1110000010001101
1110000011001111
1110000100010010
1110000101010100
1110000110010111
1110000111011011
1110001000011111
1110001001100011
1110001010100111
1110001011101100
1110001100110001
1110001101110111
1110001110111101
1110010000000011
1110010001001001
1110010010010000
1110010011010111
1110010100011111
1110010101100111
1110010110101111
1110010111111000
1110011001000000
1110011010001010
1110011011010011
1110011100011101
1110011101100111
1110011110110001
1110011111111100
1110100001000111
1110100010010010
1110100011011101
1110100100101001
1110100101110101
1110100111000010
1110101000001110
1110101001011011
1110101010101000
1110101011110110
1110101101000011
1110101110010001
1110101111011111
1110110000101110
1110110001111100
1110110011001011
1110110100011010
1110110101101010
1110110110111001
1110111000001001
1110111001011001
1110111010101001
1110111011111010
1110111101001010
1110111110011011
1110111111101100
1111000000111101
1111000010001111
1111000011100000
1111000100110010
1111000110000100
1111000111010110
1111001000101000
1111001001111011
1111001011001101
1111001100100000
1111001101110011
1111001111000110
1111010000011001
1111010001101101
1111010011000000
1111010100010100
1111010101101000
1111010110111100
1111011000010000
1111011001100100
1111011010111000
1111011100001101
1111011101100001
1111011110110110
1111100000001010
1111100001011111
1111100010110100
1111100100001001
1111100101011110
1111100110110011
1111101000001001
1111101001011110
1111101010110011
1111101100001001
1111101101011110
1111101110110100
1111110000001001
1111110001011111
1111110010110101
1111110100001010
1111110101100000
1111110110110110
1111111000001100
1111111001100010
1111111010110111
1111111100001101
1111111101100011
1111111110111001
0000000000001111
0000000001100101
0000000010111011
0000000100010001
0000000101100111
0000000110111100
0000001000010010
0000001001101000
0000001010111110
0000001100010100
0000001101101001
0000001110111111
0000010000010101
0000010001101010
0000010011000000
0000010100010101
0000010101101011
0000010111000000
0000011000010101
0000011001101010
0000011011000000
0000011100010101
0000011101101001
0000011110111110
0000100000010011
0000100001101000
0000100010111100
0000100100010001
0000100101100101
0000100110111001
0000101000001110
0000101001100010
0000101010110101
0000101100001001
0000101101011101
0000101110110000
0000110000000100
0000110001010111
0000110010101010
0000110011111101
0000110101001111
0000110110100010
0000110111110100
0000111001000111
0000111010011001
0000111011101011
0000111100111100
0000111110001110
0000111111011111
0001000000110000
0001000010000001
0001000011010010
0001000100100011
0001000101110011
0001000111000011
0001001000010011
0001001001100011
0001001010110010
0001001100000001
0001001101010000
0001001110011111
0001001111101110
0001010000111100
0001010010001010
0001010011011000
0001010100100101
0001010101110011
0001010111000000
0001011000001100
0001011001011001
0001011010100101
0001011011110001
0001011100111101
0001011110001000
0001011111010011
0001100000011110
0001100001101001
0001100010110011
0001100011111101
0001100101000111
0001100110010000
0001100111011001
0001101000100010
0001101001101010
0001101010110010
0001101011111010
0001101101000001
0001101110001001
0001101111001111
0001110000010110
0001110001011100
0001110010100010
0001110011100111
0001110100101100
0001110101110001
0001110110110101
0001110111111001
0001111000111101
0001111010000000
0001111011000011
0001111100000110
0001111101001000
0001111110001001
0001111111001011
0010000000001100
0010000001001100
0010000010001101
0010000011001101
0010000100001100
0010000101001011
0010000110001010
0010000111001000
0010001000000110
0010001001000011
0010001010000000
0010001010111101
0010001011111001
0010001100110101
0010001101110000
0010001110101011
0010001111100101
0010010000011111
0010010001011001
0010010010010010
0010010011001011
0010010100000011
0010010100111011
0010010101110010
0010010110101001
0010010111011111
0010011000010101
0010011001001011
0010011010000000
0010011010110101
0010011011101001
0010011100011100
0010011101010000
0010011110000010
0010011110110101
0010011111100110
0010100000011000
0010100001001000
0010100001111001
0010100010101000
0010100011011000
0010100100000111
0010100100110101
0010100101100011
0010100110010000
0010100110111101
0010100111101001
0010101000010101
0010101001000000
0010101001101011
0010101010010110
0010101010111111
0010101011101001
0010101100010001
0010101100111010
0010101101100001
0010101110001000
0010101110101111
0010101111010101
0010101111111011
0010110000100000
0010110001000100
0010110001101000
0010110010001100
0010110010101111
0010110011010001
0010110011110011
0010110100010100
0010110100110101
0010110101010101
0010110101110101
0010110110010100
0010110110110010
0010110111010000
0010110111101110
0010111000001011
0010111000100111
0010111001000011
0010111001011110
0010111001111001
0010111010010011
0010111010101100
0010111011000101
0010111011011110
0010111011110101
0010111100001101
0010111100100011
0010111100111001
0010111101001111
0010111101100100
0010111101111000
0010111110001100
0010111110011111
0010111110110010
0010111111000100
0010111111010110
0010111111100111
0010111111110111
0011000000000111
0011000000010110
0011000000100101
0011000000110011
0011000001000000
0011000001001101
0011000001011001
0011000001100101
0011000001110000
0011000001111011
0011000010000101
0011000010001110
0011000010010111
0011000010011111
0011000010100111
0011000010101110
0011000010110100
0011000010111010
0011000010111111
0011000011000100
0011000011001000
0011000011001011
0011000011001110
0011000011010001
0011000011010010
0011000011010011
0011000011010100
0011000011010100
0011000011010011
0011000011010010
0011000011010000
0011000011001110
0011000011001011
0011000011000111
0011000011000011
0011000010111110
0011000010111001
0011000010110011
0011000010101100
0011000010100101
0011000010011101
0011000010010101
0011000010001100
0011000010000011
0011000001111001
0011000001101110
0011000001100011
0011000001010111
0011000001001010
0011000000111101
0011000000110000
0011000000100010
0011000000010011
0011000000000100
0010111111110100
0010111111100011
0010111111010010
0010111111000001
0010111110101110
0010111110011100
0010111110001000
0010111101110100
0010111101100000
0010111101001011
0010111100110101
0010111100011111
0010111100001000
0010111011110001
0010111011011001
0010111011000000
0010111010100111
0010111010001101
0010111001110011
0010111001011000
0010111000111101
0010111000100001
0010111000000101
0010110111101000
0010110111001010
0010110110101100
0010110110001101
0010110101101110
0010110101001110
0010110100101110
0010110100001101
0010110011101100
0010110011001010
0010110010100111
0010110010000100
0010110001100001
0010110000111101
0010110000011000
0010101111110011
0010101111001101
0010101110100111
0010101110000000
0010101101011001
0010101100110001
0010101100001001
0010101011100000
0010101010110111
0010101010001101
0010101001100010
0010101000111000
0010101000001100
0010100111100000
0010100110110100
0010100110000111
0010100101011001
0010100100101011
0010100011111101
0010100011001110
0010100010011111
0010100001101111
0010100000111110
0010100000001101
0010011111011100
0010011110101010
0010011101111000
0010011101000101
0010011100010010
0010011011011110
0010011010101010
0010011001110101
0010011001000000
0010011000001010
0010010111010100
0010010110011110
0010010101100111
0010010100101111
0010010011110111
0010010010111111
0010010010000110
0010010001001101
0010010000010011
0010001111011001
0010001110011111
0010001101100100
0010001100101000
0010001011101100
0010001010110000
0010001001110100
0010001000110110
0010000111111001
0010000110111011
0010000101111101
0010000100111110
0010000011111111
0010000010111111
0010000001111111
0010000000111111
0001111111111110
0001111110111101
0001111101111100
0001111100111010
0001111011111000
0001111010110101
0001111001110010
0001111000101111
0001110111101011
0001110110100111
0001110101100011
0001110100011110
0001110011011001
0001110010010011
0001110001001101
0001110000000111
0001101111000001
0001101101111010
0001101100110011
0001101011101011
0001101010100011
0001101001011011
0001101000010011
0001100111001010
0001100110000001
0001100100110111
0001100011101110
0001100010100100
0001100001011001
0001100000001111
0001011111000100
0001011101111001
0001011100101101
0001011011100010
0001011010010110
0001011001001001
0001010111111101
0001010110110000
0001010101100011
0001010100010101
0001010011001000
0001010001111010
0001010000101100
0001001111011101
0001001110001111
0001001101000000
0001001011110001
0001001010100010
0001001001010010
0001001000000010
0001000110110010
0001000101100010
0001000100010010
0001000011000001
0001000001110001
0001000000100000
0000111111001110
0000111101111101
0000111100101011
0000111011011010
0000111010001000
0000111000110110
0000110111100011
0000110110010001
0000110100111110
0000110011101100
0000110010011001
0000110001000110
0000101111110010
0000101110011111
0000101101001100
0000101011111000
0000101010100100
0000101001010000
0000100111111100
0000100110101000
0000100101010100
0000100011111111
0000100010101011
0000100001010110
0000100000000010
0000011110101101
0000011101011000
0000011100000011
0000011010101110
0000011001011001
0000011000000100
0000010110101110
0000010101011001
0000010100000100
0000010010101110
0000010001011001
0000010000000011
0000001110101101
0000001101011000
0000001100000010
0000001010101100
0000001001010110
0000001000000001
0000000110101011
0000000101010101
0000000011111111
0000000010101001
0000000001010011
1111111111111101
1111111110100111
1111111101010001
1111111011111100
1111111010100110
1111111001010000
1111110111111010
1111110110100100
1111110101001110
1111110011111001
1111110010100011
1111110001001101
1111101111111000
1111101110100010
1111101101001100
1111101011110111
1111101010100010
1111101001001100
1111100111110111
1111100110100010
1111100101001101
1111100011111000
1111100010100011
1111100001001110
1111011111111001
1111011110100100
1111011101010000
1111011011111011
1111011010100111
1111011001010011
1111010111111110
1111010110101010
1111010101010111
1111010100000011
1111010010101111
1111010001011100
1111010000001000
1111001110110101
1111001101100010
1111001100001111
1111001010111100
1111001001101010
1111001000010111
1111000111000101
1111000101110011
1111000100100001
1111000011001111
1111000001111110
1111000000101100
1110111111011011
1110111110001010
1110111100111010
1110111011101001
1110111010011001
1110111001001000
1110110111111001
1110110110101001
1110110101011001
1110110100001010
1110110010111011
1110110001101100
1110110000011110
1110101111001111
1110101110000001
1110101100110011
1110101011100110
1110101010011000
1110101001001011
1110100111111110
1110100110110010
1110100101100110
1110100100011010
1110100011001110
1110100010000010
1110100000110111
1110011111101100
1110011110100010
1110011101011000
1110011100001110
1110011011000100
1110011001111010
1110011000110001
1110010111101001
1110010110100000
1110010101011000
1110010100010000
1110010011001001
1110010010000010
1110010000111011
1110001111110100
1110001110101110
1110001101101000
1110001100100011
1110001011011110
1110001010011001
1110001001010101
1110001000010001
1110000111001101
1110000110001010
1110000101000111
1110000100000100
1110000011000010
1110000010000000
1110000000111110
1101111111111101
1101111110111101
1101111101111100
1101111100111101
1101111011111101
1101111010111110
1101111001111111
1101111001000001
1101111000000011
1101110111000110
1101110110001001
1101110101001100
1101110100010000
1101110011010100
1101110010011001
1101110001011110
1101110000100011
1101101111101001
1101101110101111
1101101101110110
1101101100111101
1101101100000101
1101101011001101
1101101010010110
1101101001011111
1101101000101000
1101100111110010
1101100110111101
1101100110001000
1101100101010011
1101100100011111
1101100011101011
1101100010111000
1101100010000101
1101100001010011
1101100000100001
1101011111101111
1101011110111111
1101011110001110
1101011101011110
1101011100101111
1101011100000000
1101011011010010
1101011010100100
1101011001110110
1101011001001001
1101011000011101
1101010111110001
1101010111000110
1101010110011011
1101010101110000
1101010101000111
1101010100011101
1101010011110100
1101010011001100
1101010010100100
1101010001111101
1101010001010110
1101010000110000
1101010000001011
1101001111100101
1101001111000001
1101001110011101
1101001101111001
1101001101010110
1101001100110100
1101001100010010
1101001011110001
1101001011010000
1101001010110000
1101001010010000
1101001001110001
1101001001010010
1101001000110100
1101001000010110
1101000111111001
1101000111011101
1101000111000001
1101000110100110
1101000110001011
1101000101110001
1101000101010111
1101000100111110
1101000100100110
1101000100001110
1101000011110111
1101000011100000
1101000011001010
1101000010110100
1101000010011111
1101000010001010
1101000001110111
1101000001100011
1101000001010000
1101000000111110
1101000000101101
1101000000011100
1101000000001011
1100111111111011
1100111111101100
1100111111011101
1100111111001111
1100111111000010
1100111110110101
1100111110101000
1100111110011101
1100111110010001
1100111110000111
1100111101111101
1100111101110011
1100111101101010
1100111101100010
1100111101011010
1100111101010011
1100111101001101
1100111101000111
1100111101000010
1100111100111101
1100111100111001
1100111100110101
1100111100110010
1100111100110000
1100111100101110
1100111100101101
1100111100101100
1100111100101100
1100111100101101
1100111100101110
1100111100110000
1100111100110010
1100111100110101
1100111100111000
1100111100111100
1100111101000001
1100111101000110
1100111101001100
1100111101010011
1100111101011010
1100111101100001
1100111101101010
1100111101110010
1100111101111100
1100111110000110
1100111110010000
1100111110011100
1100111110100111
1100111110110100
1100111111000001
1100111111001110
1100111111011100
1100111111101011
1100111111111010
1101000000001010
1101000000011010
1101000000101011
1101000000111101
1101000001001111
1101000001100010
1101000001110101
1101000010001001
1101000010011101
1101000010110010
1101000011001000
1101000011011110
1101000011110101
1101000100001100
1101000100100100
1101000100111100
1101000101010101
1101000101101111
1101000110001001
1101000110100100
1101000110111111
1101000111011011
1101000111110111
1101001000010100
1101001000110010
1101001001010000
1101001001101110
1101001010001101
1101001010101101
1101001011001101
1101001011101110
1101001100001111
1101001100110001
1101001101010100
1101001101110110
1101001110011010
1101001110111110
1101001111100011
1101010000001000
1101010000101101
1101010001010011
1101010001111010
1101010010100001
1101010011001001
1101010011110001
1101010100011010
1101010101000011
1101010101101101
1101010110010111
1101010111000010
1101010111101110
1101011000011001
1101011001000110
1101011001110011
1101011010100000
1101011011001110
1101011011111100
1101011100101011
1101011101011011
1101011110001010
1101011110111011
1101011111101100
1101100000011101
1101100001001111
1101100010000001
1101100010110100
1101100011100111
1101100100011011
1101100101001111
1101100110000011
1101100110111000
1101100111101110
1101101000100100
1101101001011011
1101101010010001
1101101011001001
1101101100000001
1101101100111001
1101101101110010
1101101110101011
1101101111100100
1101110000011110
1101110001011001
1101110010010100
1101110011001111
1101110100001011
1101110101000111
1101110110000100
1101110111000001
1101110111111110
1101111000111100
1101111001111010
1101111010111001
1101111011111000
1101111100111000
1101111101110111
1101111110111000
1101111111111000
1110000000111001
1110000001111011
1110000010111101
1110000011111111
1110000101000001
1110000110000100
1110000111000111
1110001000001011
1110001001001111
1110001010010100
1110001011011000
1110001100011101
1110001101100011
1110001110101001
1110001111101111
1110010000110101
1110010001111100
1110010011000011
1110010100001011
1110010101010010
1110010110011010
1110010111100011
1110011000101100
1110011001110101
1110011010111110
1110011100001000
1110011101010010
1110011110011100
1110011111100110
1110100000110001
1110100001111100
1110100011001000
1110100100010100
1110100101100000
1110100110101100
1110100111111000
1110101001000101
1110101010010010
1110101011100000
1110101100101101
1110101101111011
1110101111001001
1110110000010111
1110110001100110
1110110010110101
1110110100000100
1110110101010011
1110110110100010
1110110111110010
1110111001000010
1110111010010010
1110111011100011
1110111100110011
1110111110000100
1110111111010101
1111000000100110
1111000001110111
1111000011001001
1111000100011011
1111000101101100
1111000110111111
1111001000010001
1111001001100011
1111001010110110
1111001100001001
1111001101011011
1111001110101110
1111010000000010
1111010001010101
1111010010101001
1111010011111100
1111010101010000
1111010110100100
1111010111111000
1111011001001100
1111011010100000
1111011011110101
1111011101001001
1111011110011110
1111011111110010
1111100001000111
1111100010011100
1111100011110001
1111100101000110
1111100110011011
1111100111110000
1111101001000101
1111101010011011
1111101011110000
1111101101000110
1111101110011011
1111101111110001
1111110001000110
1111110010011100
1111110011110010
1111110101001000
1111110110011101
1111110111110011
1111111001001001
1111111010011111
1111111011110101
1111111101001011
1111111110100001
1111111111110110
0000000001001100
0000000010100010
0000000011111000
0000000101001110
0000000110100100
0000000111111010
0000001001010000
0000001010100101
0000001011111011
0000001101010001
0000001110100111
0000001111111100
0000010001010010
0000010010100111
0000010011111101
0000010101010010
0000010110101000
0000010111111101
0000011001010010
0000011010100111
0000011011111100
0000011101010001
0000011110100110
0000011111111011
0000100001010000
0000100010100100
0000100011111001
0000100101001101
0000100110100001
0000100111110110
0000101001001010
0000101010011101
0000101011110001
0000101101000101
0000101110011000
0000101111101100
0000110000111111
0000110010010010
0000110011100101
0000110100111000
0000110110001010
0000110111011101
0000111000101111
0000111010000001
0000111011010011
0000111100100101
0000111101110111
0000111111001000
0001000000011001
0001000001101010
0001000010111011
0001000100001100
0001000101011100
0001000110101100
0001000111111100
0001001001001100
0001001010011011
0001001011101011
0001001100111010
0001001110001001
0001001111010111
0001010000100110
0001010001110100
0001010011000010
0001010100001111
0001010101011101
0001010110101010
0001010111110111
0001011001000011
0001011010001111
0001011011011100
0001011100100111
0001011101110011
0001011110111110
0001100000001001
0001100001010100
0001100010011110
0001100011101000
0001100100110010
0001100101111011
0001100111000100
0001101000001101
0001101001010110
0001101010011110
0001101011100110
0001101100101101
0001101101110100
0001101110111011
0001110000000010
0001110001001000
0001110010001110
0001110011010011
0001110100011000
0001110101011101
0001110110100010
0001110111100110
0001111000101010
0001111001101101
0001111010110000
0001111011110011
0001111100110101
0001111101110111
0001111110111000
0001111111111001
0010000000111010
0010000001111010
0010000010111010
0010000011111010
0010000100111001
0010000101111000
0010000110110110
0010000111110100
0010001000110010
0010001001101111
0010001010101011
0010001011101000
0010001100100100
0010001101011111
0010001110011010
0010001111010101
0010010000001111
0010010001001000
0010010010000010
0010010010111010
0010010011110011
0010010100101011
0010010101100010
0010010110011001
0010010111010000
0010011000000110
0010011000111100
0010011001110001
0010011010100110
0010011011011010
0010011100001110
0010011101000001
0010011101110100
0010011110100110
0010011111011000
0010100000001010
0010100000111010
0010100001101011
0010100010011011
0010100011001010
0010100011111001
0010100100101000
0010100101010110
0010100110000011
0010100110110000
0010100111011101
0010101000001001
0010101000110100
0010101001011111
0010101010001010
0010101010110011
0010101011011101
0010101100000110
0010101100101110
0010101101010110
0010101101111101
0010101110100100
0010101111001010
0010101111110000
0010110000010101
0010110000111010
0010110001011110
0010110010000010
0010110010100101
0010110011000111
0010110011101001
0010110100001011
0010110100101100
0010110101001100
0010110101101100
0010110110001011
0010110110101010
0010110111001000
0010110111100101
0010111000000010
0010111000011111
0010111000111011
0010111001010110
0010111001110001
0010111010001011
0010111010100101
0010111010111110
0010111011010111
0010111011101111
0010111100000110
0010111100011101
0010111100110011
0010111101001001
0010111101011110
0010111101110011
0010111110000111
0010111110011010
0010111110101101
0010111110111111
0010111111010001
0010111111100010
0010111111110010
0011000000000010
0011000000010010
0011000000100001
0011000000101111
0011000000111100
0011000001001001
0011000001010110
0011000001100010
0011000001101101
0011000001111000
0011000010000010
0011000010001011
0011000010010100
0011000010011101
0011000010100101
0011000010101100
0011000010110010
0011000010111000
0011000010111110
0011000011000011
0011000011000111
0011000011001010
0011000011001110
0011000011010000
0011000011010010
0011000011010011
0011000011010100
0011000011010100
0011000011010011
0011000011010010
0011000011010001
0011000011001110
0011000011001100
0011000011001000
0011000011000100
0011000011000000
0011000010111010
0011000010110101
0011000010101110
0011000010100111
0011000010100000
0011000010011000
0011000010001111
0011000010000101
0011000001111100
0011000001110001
0011000001100110
0011000001011010
0011000001001110
0011000001000001
0011000000110100
0011000000100110
0011000000010111
0011000000001000
0010111111111000
0010111111101000
0010111111010111
0010111111000110
0010111110110100
0010111110100001
0010111110001110
0010111101111010
0010111101100110
0010111101010001
0010111100111011
0010111100100101
0010111100001110
0010111011110111
0010111011011111
0010111011000111
0010111010101110
0010111010010101
0010111001111011
0010111001100000
0010111001000101
0010111000101001
0010111000001101
0010110111110000
0010110111010011
0010110110110101
0010110110010110
0010110101110111
0010110101011000
0010110100110111
0010110100010111
0010110011110110
0010110011010100
0010110010110001
0010110010001111
0010110001101011
0010110001000111
0010110000100011
0010101111111110
0010101111011000
0010101110110010
0010101110001011
0010101101100100
0010101100111101
0010101100010101
0010101011101100
0010101011000011
0010101010011001
0010101001101111
0010101001000100
0010101000011001
0010100111101101
0010100111000001
0010100110010100
0010100101100110
0010100100111001
0010100100001010
0010100011011100
0010100010101100
0010100001111100
0010100001001100
0010100000011011
0010011111101010
0010011110111001
0010011110000110
0010011101010100
0010011100100000
0010011011101101
0010011010111001
0010011010000100
0010011001001111
0010011000011010
0010010111100100
0010010110101101
0010010101110110
0010010100111111
0010010100000111
0010010011001111
0010010010010110
0010010001011101
0010010000100100
0010001111101010
0010001110101111
0010001101110101
0010001100111001
0010001011111110
0010001011000001
0010001010000101
0010001001001000
0010001000001011
0010000111001101
0010000110001111
0010000101010000
0010000100010001
0010000011010010
0010000010010010
0010000001010010
0010000000010001
0001111111010000
0001111110001111
0001111101001101
0001111100001011
0001111011001000
0001111010000101
0001111001000010
0001110111111111
0001110110111011
0001110101110110
0001110100110010
0001110011101101
0001110010100111
0001110001100001
0001110000011011
0001101111010101
0001101110001110
0001101101000111
0001101100000000
0001101010111000
0001101001110000
0001101000101000
0001100111011111
0001100110010110
0001100101001101
0001100100000011
0001100010111001
0001100001101111
0001100000100100
0001011111011001
0001011110001110
0001011101000011
0001011011110111
0001011010101011
0001011001011111
0001011000010011
0001010111000110
0001010101111001
0001010100101100
0001010011011110
0001010010010000
0001010001000010
0001001111110100
0001001110100101
0001001101010111
0001001100001000
0001001010111000
0001001001101001
0001001000011001
0001000111001001
0001000101111001
0001000100101001
0001000011011000
0001000010001000
0001000000110111
0000111111100110
0000111110010100
0000111101000011
0000111011110001
0000111010011111
0000111001001101
0000110111111011
0000110110101001
0000110101010110
0000110100000011
0000110010110000
0000110001011101
0000110000001010
0000101110110111
0000101101100011
0000101100010000
0000101010111100
0000101001101000
0000101000010100
0000100111000000
0000100101101100
0000100100011000
0000100011000011
0000100001101111
0000100000011010
0000011111000101
0000011101110000
0000011100011011
0000011011000110
0000011001110001
0000011000011100
0000010111000111
0000010101110001
0000010100011100
0000010011000111
0000010001110001
0000010000011011
0000001111000110
0000001101110000
0000001100011010
0000001011000101
0000001001101111
0000001000011001
0000000111000011
0000000101101101
0000000100011000
0000000011000010
0000000001101100
0000000000010110
1111111111000000
1111111101101010
1111111100010100
1111111010111110
1111111001101000
1111111000010011
1111110110111101
1111110101100111
1111110100010001
1111110010111011
1111110001100110
1111110000010000
1111101110111010
1111101101100101
1111101100001111
1111101010111010
1111101001100101
1111101000001111
1111100110111010
1111100101100101
1111100100010000
1111100010111011
1111100001100110
1111100000010001
1111011110111100
1111011101101000
1111011100010011
1111011010111111
1111011001101011
1111011000010110
1111010111000010
1111010101101111
1111010100011011
1111010011000111
1111010001110011
1111010000100000
1111001111001101
1111001101111010
1111001100100111
1111001011010100
1111001010000001
1111001000101111
1111000111011101
1111000110001010
1111000100111000
1111000011100111
1111000010010101
1111000001000100
1110111111110010
1110111110100001
1110111101010001
1110111100000000
1110111010110000
1110111001011111
1110111000001111
1110110111000000
1110110101110000
1110110100100001
1110110011010010
1110110010000011
1110110000110100
1110101111100110
1110101110010111
1110101101001010
1110101011111100
1110101010101110
1110101001100001
1110101000010100
1110100111001000
1110100101111011
1110100100101111
1110100011100100
1110100010011000
1110100001001101
1110100000000010
1110011110110111
1110011101101101
1110011100100011
1110011011011001
1110011010001111
1110011001000110
1110010111111101
1110010110110101
1110010101101101
1110010100100101
1110010011011101
1110010010010110
1110010001001111
1110010000001000
1110001111000010
1110001101111100
1110001100110111
1110001011110001
1110001010101101
1110001001101000
1110001000100100
1110000111100000
1110000110011101
1110000101011010
1110000100010111
1110000011010101
1110000010010011
1110000001010001
1110000000010000
1101111111001111
1101111110001111
1101111101001111
1101111100001111
1101111011010000
1101111010010001
1101111001010011
1101111000010101
1101110111010111
1101110110011010
1101110101011101
1101110100100001
1101110011100101
1101110010101001
1101110001101110
1101110000110100
1101101111111010
1101101111000000
1101101110000110
1101101101001110
1101101100010101
1101101011011101
1101101010100110
1101101001101111
1101101000111000
1101101000000010
1101100111001100
1101100110010111
1101100101100010
1101100100101110
1101100011111010
1101100011000110
1101100010010011
1101100001100001
1101100000101111
1101011111111101
1101011111001100
1101011110011100
1101011101101100
1101011100111100
1101011100001101
1101011011011111
1101011010110001
1101011010000011
1101011001010110
1101011000101010
1101010111111110
1101010111010010
1101010110100111
1101010101111101
1101010101010011
1101010100101001
1101010100000000
1101010011011000
1101010010110000
1101010010001000
1101010001100001
1101010000111011
1101010000010101
1101001111110000
1101001111001011
1101001110100111
1101001110000011
1101001101100000
1101001100111110
1101001100011100
1101001011111010
1101001011011001
1101001010111001
1101001010011001
1101001001111001
1101001001011011
1101001000111100
1101001000011111
1101001000000010
1101000111100101
1101000111001001
1101000110101110
1101000110010011
1101000101111000
1101000101011111
1101000101000101
1101000100101101
1101000100010101
1101000011111101
1101000011100110
1101000011010000
1101000010111010
1101000010100101
1101000010010000
1101000001111100
1101000001101001
1101000001010110
1101000001000011
1101000000110010
1101000000100000
1101000000010000
1101000000000000
1100111111110000
1100111111100001
1100111111010011
1100111111000101
1100111110111000
1100111110101100
1100111110100000
1100111110010100
1100111110001010
1100111101111111
1100111101110110
1100111101101101
1100111101100100
1100111101011101
1100111101010101
1100111101001111
1100111101001000
1100111101000011
1100111100111110
1100111100111010
1100111100110110
1100111100110011
1100111100110000
1100111100101110
1100111100101101
1100111100101100
1100111100101100
1100111100101100
1100111100101101
1100111100101111
1100111100110001
1100111100110100
1100111100110111
1100111100111011
1100111101000000
1100111101000101
1100111101001011
1100111101010001
1100111101011000
1100111101011111
1100111101100111
1100111101110000
1100111101111001
1100111110000011
1100111110001101
1100111110011000
1100111110100100
1100111110110000
1100111110111101
1100111111001010
1100111111011000
1100111111100111
1100111111110110
1101000000000101
1101000000010110
1101000000100110
1101000000111000
1101000001001010
1101000001011100
1101000001101111
1101000010000011
1101000010010111
1101000010101100
1101000011000010
1101000011011000
1101000011101110
1101000100000101
1101000100011101
1101000100110101
1101000101001110
1101000101101000
1101000110000010
1101000110011100
1101000110110111
1101000111010011
1101000111101111
1101001000001100
1101001000101001
1101001001000111
1101001001100101
1101001010000100
1101001010100100
1101001011000100
1101001011100101
1101001100000110
1101001100100111
1101001101001010
1101001101101100
1101001110010000
1101001110110100
1101001111011000
1101001111111101
1101010000100010
1101010001001000
1101010001101111
1101010010010110
1101010010111110
1101010011100110
1101010100001110
1101010100110111
1101010101100001
1101010110001011
1101010110110110
1101010111100001
1101011000001101
1101011000111001
1101011001100110
1101011010010011
1101011011000001
1101011011101111
1101011100011110
1101011101001101
1101011101111101
1101011110101101
1101011111011110
1101100000001111
1101100001000000
1101100001110010
1101100010100101
1101100011011000
1101100100001100
1101100101000000
1101100101110100
1101100110101001
1101100111011111
1101101000010101
1101101001001011
1101101010000010
1101101010111001
1101101011110001
1101101100101001
1101101101100001
1101101110011010
1101101111010100
1101110000001110
1101110001001000
1101110010000011
1101110010111110
1101110011111010
1101110100110110
1101110101110010
1101110110101111
1101110111101101
1101111000101010
1101111001101001
1101111010100111
1101111011100110
1101111100100101
1101111101100101
1101111110100101
1101111111100110
1110000000100111
1110000001101000
1110000010101010
1110000011101100
1110000100101110
1110000101110001
1110000110110100
1110000111111000
1110001000111100
1110001010000000
1110001011000101
1110001100001010
1110001101001111
1110001110010101
1110001111011011
1110010000100001
1110010001101000
1110010010101111
1110010011110110
1110010100111110
1110010110000110
1110010111001110
1110011000010111
1110011001100000
1110011010101001
1110011011110011
1110011100111100
1110011110000111
1110011111010001
1110100000011100
1110100001100111
1110100010110010
1110100011111110
1110100101001010
1110100110010110
1110100111100010
1110101000101111
1110101001111100
1110101011001001
1110101100010111
1110101101100101
1110101110110011
1110110000000001
1110110001001111
1110110010011110
1110110011101101
1110110100111100
1110110110001100
1110110111011011
1110111000101011
1110111001111011
1110111011001100
1110111100011100
1110111101101101
1110111110111110
1111000000001111
1111000001100000
1111000010110010
1111000100000011
1111000101010101
1111000110100111
1111000111111001
1111001001001100
1111001010011110
1111001011110001
1111001101000100
1111001110010111
1111001111101010
1111010000111101
1111010010010001
1111010011100100
1111010100111000
1111010110001100
1111010111100000
1111011000110100
1111011010001000
1111011011011100
1111011100110001
1111011110000101
1111011111011010
1111100000101111
1111100010000100
1111100011011001
1111100100101110
1111100110000011
1111100111011000
1111101000101101
1111101010000010
1111101011011000
1111101100101101
1111101110000011
1111101111011000
1111110000101110
1111110010000100
1111110011011001
1111110100101111
1111110110000101
1111110111011011
1111111000110001
1111111010000110
1111111011011100
1111111100110010
1111111110001000
1111111111011110
0000000000110100
0000000010001010
0000000011100000
0000000100110101
0000000110001011
0000000111100001
0000001000110111
0000001010001101
0000001011100011
0000001100111000
0000001110001110
0000001111100100
0000010000111001
0000010010001111
0000010011100100
0000010100111010
0000010110001111
0000010111100100
0000011000111010
0000011010001111
0000011011100100
0000011100111001
0000011110001110
0000011111100011
0000100000110111
0000100010001100
0000100011100001
0000100100110101
0000100110001001
0000100111011101
0000101000110010
0000101010000110
0000101011011001
0000101100101101
0000101110000001
0000101111010100
0000110000100111
0000110001111010
0000110011001101
0000110100100000
0000110101110011
0000110111000101
0000111000011000
0000111001101010
0000111010111100
0000111100001110
0000111101011111
0000111110110001
0001000000000010
0001000001010011
0001000010100100
0001000011110101
0001000101000101
0001000110010101
0001000111100101
0001001000110101
0001001010000101
0001001011010100
0001001100100011
0001001101110010
0001001111000001
0001010000001111
0001010001011101
0001010010101011
0001010011111001
0001010101000111
0001010110010100
0001010111100001
0001011000101101
0001011001111010
0001011011000110
0001011100010010
0001011101011101
0001011110101001
0001011111110100
0001100000111110
0001100010001001
0001100011010011
0001100100011101
0001100101100110
0001100110101111
0001100111111000
0001101001000001
0001101010001001
0001101011010001
0001101100011001
0001101101100000
0001101110100111
0001101111101110
0001110000110100
0001110001111010
0001110010111111
0001110100000101
0001110101001010
0001110110001110
0001110111010010
0001111000010110
0001111001011010
0001111010011101
0001111011100000
0001111100100010
0001111101100100
0001111110100101
0001111111100111
0010000000101000
0010000001101000
0010000010101000
0010000011101000
0010000100100111
0010000101100110
0010000110100100
0010000111100010
0010001000100000
0010001001011101
0010001010011010
0010001011010110
0010001100010010
0010001101001110
0010001110001001
0010001111000100
0010001111111110
0010010000111000
0010010001110001
0010010010101010
0010010011100011
0010010100011011
0010010101010010
0010010110001010
0010010111000000
0010010111110111
0010011000101100
0010011001100010
0010011010010111
0010011011001011
0010011011111111
0010011100110010
0010011101100101
0010011110011000
0010011111001010
0010011111111011
0010100000101101
0010100001011101
0010100010001101
0010100010111101
0010100011101100
0010100100011011
0010100101001001
0010100101110110
0010100110100011
0010100111010000
0010100111111100
0010101000101000
0010101001010011
0010101001111101
0010101010100111
0010101011010001
0010101011111010
0010101100100011
0010101101001011
0010101101110010
0010101110011001
0010101110111111
0010101111100101
0010110000001011
0010110000101111
0010110001010100
0010110001111000
0010110010011011
0010110010111101
0010110011100000
0010110100000001
0010110100100010
0010110101000011
0010110101100011
0010110110000010
0010110110100001
0010110110111111
0010110111011101
0010110111111010
0010111000010111
0010111000110011
0010111001001110
0010111001101001
0010111010000100
0010111010011110
0010111010110111
0010111011010000
0010111011101000
0010111011111111
0010111100010110
0010111100101101
0010111101000011
0010111101011000
0010111101101101
0010111110000001
0010111110010101
0010111110101000
0010111110111010
0010111111001100
0010111111011101
0010111111101110
0010111111111110
0011000000001101
0011000000011100
0011000000101011
0011000000111001
0011000001000110
0011000001010010
0011000001011110
0011000001101010
0011000001110101
0011000001111111
0011000010001001
0011000010010010
0011000010011010
0011000010100010
0011000010101010
0011000010110001
0011000010110111
0011000010111100
0011000011000001
0011000011000110
0011000011001001
0011000011001101
0011000011001111
0011000011010001
0011000011010011
0011000011010100
0011000011010100
0011000011010100
0011000011010011
0011000011010001
0011000011001111
0011000011001101
0011000011001001
0011000011000101
0011000011000001
0011000010111100
0011000010110110
0011000010110000
0011000010101001
0011000010100010
0011000010011010
0011000010010001
0011000010001000
0011000001111110
0011000001110100
0011000001101001
0011000001011110
0011000001010010
0011000001000101
0011000000111000
0011000000101010
0011000000011100
0011000000001101
0010111111111101
0010111111101101
0010111111011100
0010111111001011
0010111110111001
0010111110100110
0010111110010011
0010111110000000
0010111101101100
0010111101010111
0010111101000001
0010111100101011
0010111100010101
0010111011111110
0010111011100110
0010111011001110
0010111010110101
0010111010011100
0010111010000010
0010111001101000
0010111001001101
0010111000110001
0010111000010101
0010110111111000
0010110111011011
0010110110111101
0010110110011111
0010110110000000
0010110101100001
0010110101000001
0010110100100000
0010110011111111
0010110011011101
0010110010111011
0010110010011001
0010110001110101
0010110001010010
0010110000101101
0010110000001000
0010101111100011
0010101110111101
0010101110010111
0010101101110000
0010101101001000
0010101100100000
0010101011110111
0010101011001110
0010101010100101
0010101001111011
0010101001010000
0010101000100101
0010100111111001
0010100111001101
0010100110100001
0010100101110011
0010100101000110
0010100100011000
0010100011101001
0010100010111010
0010100010001010
0010100001011010
0010100000101001
0010011111111000
0010011111000111
0010011110010101
0010011101100010
0010011100101111
0010011011111100
0010011011001000
0010011010010011
0010011001011110
0010011000101001
0010010111110011
0010010110111101
0010010110000110
0010010101001111
0010010100010111
0010010011011111
0010010010100111
0010010001101110
0010010000110100
0010001111111010
0010001111000000
0010001110000101
0010001101001010
0010001100001111
0010001011010011
0010001010010110
0010001001011001
0010001000011100
0010000111011110
0010000110100000
0010000101100010
0010000100100011
0010000011100100
0010000010100100
0010000001100100
0010000000100011
0001111111100011
0001111110100001
0001111101100000
0001111100011110
0001111011011011
0001111010011001
0001111001010101
0001111000010010
0001110111001110
0001110110001010
0001110101000101
0001110100000000
0001110010111011
0001110001110101
0001110000101111
0001101111101001
0001101110100010
0001101101011011
0001101100010100
0001101011001101
0001101010000101
0001101000111100
0001100111110100
0001100110101011
0001100101100001
0001100100011000
0001100011001110
0001100010000100
0001100000111010
0001011111101111
0001011110100100
0001011101011000
0001011100001101
0001011011000001
0001011001110101
0001011000101000
0001010111011100
0001010110001111
0001010101000010
0001010011110100
0001010010100110
0001010001011000
0001010000001010
0001001110111100
0001001101101101
0001001100011110
0001001011001111
0001001010000000
0001001000110000
0001000111100000
0001000110010000
0001000101000000
0001000011101111
0001000010011111
0001000001001110
0000111111111101
0000111110101100
0000111101011010
0000111100001000
0000111010110111
0000111001100101
0000111000010010
0000110111000000
0000110101101110
0000110100011011
0000110011001000
0000110001110101
0000110000100010
0000101111001111
0000101101111011
0000101100101000
0000101011010100
0000101010000000
0000101000101100
0000100111011000
0000100110000100
0000100100110000
0000100011011011
0000100010000111
0000100000110010
0000011111011101
0000011110001000
0000011100110100
0000011011011111
0000011010001001
0000011000110100
0000010111011111
0000010110001010
0000010100110100
0000010011011111
0000010010001001
0000010000110100
0000001111011110
0000001110001001
0000001100110011
0000001011011101
0000001010000111
0000001000110010
0000000111011100
0000000110000110
0000000100110000
0000000011011010
0000000010000100
0000000000101110
1111111111011000
1111111110000011
1111111100101101
1111111011010111
1111111010000001
1111111000101011
1111110111010101
1111110101111111
1111110100101010
1111110011010100
1111110001111110
1111110000101001
1111101111010011
1111101101111101
1111101100101000
1111101011010010
1111101001111101
1111101000101000
1111100111010010
1111100101111101
1111100100101000
1111100011010011
1111100001111110
1111100000101001
1111011111010101
1111011110000000
1111011100101011
1111011011010111
1111011010000011
1111011000101111
1111010111011010
1111010110000110
1111010100110011
1111010011011111
1111010010001011
1111010000111000
1111001111100101
1111001110010001
1111001100111110
1111001011101100
1111001010011001
1111001001000110
1111000111110100
1111000110100010
1111000101010000
1111000011111110
1111000010101100
1111000001011011
1111000000001010
1110111110111001
1110111101101000
1110111100010111
1110111011000110
1110111001110110
1110111000100110
1110110111010110
1110110110000111
1110110100110111
1110110011101000
1110110010011001
1110110001001010
1110101111111100
1110101110101110
1110101101100000
1110101100010010
1110101011000101
1110101001110111
1110101000101010
1110100111011110
1110100110010001
1110100101000101
1110100011111001
1110100010101110
1110100001100010
1110100000010111
1110011111001100
1110011110000010
1110011100111000
1110011011101110
1110011010100100
1110011001011011
1110011000010010
1110010111001010
1110010110000001
1110010100111001
1110010011110010
1110010010101010
1110010001100011
1110010000011100
1110001111010110
1110001110010000
1110001101001010
1110001100000101
1110001011000000
1110001001111100
1110001000110111
1110000111110011
1110000110110000
1110000101101101
1110000100101010
1110000011101000
1110000010100110
1110000001100100
1110000000100011
1101111111100010
1101111110100001
1101111101100001
1101111100100001
1101111011100010
1101111010100011
1101111001100101
1101111000100110
1101110111101001
1101110110101011
1101110101101111
1101110100110010
1101110011110110
1101110010111010
1101110001111111
1101110001000101
1101110000001010
1101101111010000
1101101110010111
1101101101011110
1101101100100101
1101101011101101
1101101010110101
1101101001111110
1101101001000111
1101101000010001
1101100111011011
1101100110100110
1101100101110001
1101100100111100
1101100100001000
1101100011010101
1101100010100010
1101100001101111
1101100000111101
1101100000001100
1101011111011010
1101011110101010
1101011101111010
1101011101001010
1101011100011011
1101011011101100
1101011010111110
1101011010010000
1101011001100011
1101011000110110
1101011000001010
1101010111011110
1101010110110011
1101010110001001
1101010101011110
1101010100110101
1101010100001100
1101010011100011
1101010010111011
1101010010010100
1101010001101101
1101010001000110
1101010000100000
1101001111111011
1101001111010110
1101001110110001
1101001110001110
1101001101101010
1101001101000111
1101001100100101
1101001100000100
1101001011100010
1101001011000010
1101001010100010
1101001010000010
1101001001100011
1101001001000101
1101001000100111
1101001000001010
1101000111101101
1101000111010001
1101000110110101
1101000110011010
1101000110000000
1101000101100110
1101000101001101
1101000100110100
1101000100011100
1101000100000100
1101000011101101
1101000011010110
1101000011000000
1101000010101011
1101000010010110
1101000010000010
1101000001101110
1101000001011011
1101000001001001
1101000000110111
1101000000100101
1101000000010101
1101000000000100
1100111111110101
1100111111100110
1100111111010111
1100111111001001
1100111110111100
1100111110101111
1100111110100011
1100111110011000
1100111110001101
1100111110000010
1100111101111001
1100111101101111
1100111101100111
1100111101011111
1100111101010111
1100111101010000
1100111101001010
1100111101000100
1100111100111111
1100111100111011
1100111100110111
1100111100110100
1100111100110001
1100111100101111
1100111100101101
1100111100101100
1100111100101100
1100111100101100
1100111100101101
1100111100101110
1100111100110000
1100111100110011
1100111100110110
1100111100111010
1100111100111110
1100111101000011
1100111101001001
1100111101001111
1100111101010110
1100111101011101
1100111101100101
1100111101101101
1100111101110110
1100111110000000
1100111110001010
1100111110010101
1100111110100001
1100111110101101
1100111110111001
1100111111000110
1100111111010100
1100111111100010
1100111111110001
1101000000000001
1101000000010001
1101000000100010
1101000000110011
1101000001000101
1101000001010111
1101000001101010
1101000001111101
1101000010010010
1101000010100110
1101000010111100
1101000011010001
1101000011101000
1101000011111111
1101000100010110
1101000100101110
1101000101000111
1101000101100000
1101000101111010
1101000110010100
1101000110101111
1101000111001011
1101000111100111
1101001000000011
1101001000100001
1101001000111110
1101001001011101
1101001001111011
1101001010011011
1101001010111011
1101001011011011
1101001011111100
1101001100011110
1101001101000000
1101001101100010
1101001110000110
1101001110101001
1101001111001110
1101001111110010
1101010000011000
1101010000111110
1101010001100100
1101010010001011
1101010010110010
1101010011011010
1101010100000011
1101010100101100
1101010101010101
1101010101111111
1101010110101010
1101010111010101
1101011000000000
1101011000101100
1101011001011001
1101011010000110
1101011010110100
1101011011100010
1101011100010000
1101011100111111
1101011101101111
1101011110011111
1101011111010000
1101100000000001
1101100000110010
1101100001100100
1101100010010111
1101100011001010
1101100011111101
1101100100110001
1101100101100101
1101100110011010
1101100111001111
1101101000000101
1101101000111011
1101101001110010
1101101010101001
1101101011100001
1101101100011001
1101101101010001
1101101110001010
1101101111000011
1101101111111101
1101110000111000
1101110001110010
1101110010101101
1101110011101001
1101110100100101
1101110101100001
1101110110011110
1101110111011011
1101111000011001
1101111001010111
1101111010010101
1101111011010100
1101111100010011
1101111101010011
1101111110010011
1101111111010011
1110000000010100
1110000001010101
1110000010010111
1110000011011001
1110000100011011
1110000101011110
1110000110100001
1110000111100100
1110001000101000
1110001001101100
1110001010110001
1110001011110110
1110001100111011
1110001110000001
1110001111000111
1110010000001101
1110010001010011
1110010010011010
1110010011100010
1110010100101001
1110010101110001
1110010110111001
1110011000000010
1110011001001011
1110011010010100
1110011011011110
1110011100100111
1110011101110001
1110011110111100
1110100000000111
1110100001010001
1110100010011101
1110100011101000
1110100100110100
1110100110000000
1110100111001101
1110101000011001
1110101001100110
1110101010110011
1110101100000001
1110101101001110
1110101110011100
1110101111101011
1110110000111001
1110110010001000
1110110011010111
1110110100100110
1110110101110101
1110110111000101
1110111000010100
1110111001100100
1110111010110101
1110111100000101
1110111101010110
1110111110100111
1110111111111000
1111000001001001
1111000010011010
1111000011101100
1111000100111110
1111000110010000
1111000111100010
1111001000110100
1111001010000111
1111001011011001
1111001100101100
1111001101111111
1111001111010010
1111010000100101
1111010001111001
1111010011001100
1111010100100000
1111010101110100
1111010111001000
1111011000011100
1111011001110000
1111011011000100
1111011100011001
1111011101101101
1111011111000010
1111100000010111
1111100001101011
1111100011000000
1111100100010101
1111100101101010
1111100111000000
1111101000010101
1111101001101010
1111101010111111
1111101100010101
1111101101101010
1111101111000000
1111110000010110
1111110001101011
1111110011000001
1111110100010111
1111110101101100
1111110111000010
1111111000011000
1111111001101110
1111111011000100
1111111100011010
1111111101101111
1111111111000101
0000000000011011
0000000001110001
0000000011000111
0000000100011101
0000000101110011
0000000111001001
0000001000011111
0000001001110100
0000001011001010
0000001100100000
0000001101110110
0000001111001011
0000010000100001
0000010001110110
0000010011001100
0000010100100001
0000010101110111
0000010111001100
0000011000100001
0000011001110111
0000011011001100
