0101010010010011
0101010001010101
0101010000010111
0101001111011000
0101001110011001
0101001101011001
0101001100011001
0101001011011000
0101001010010111
0101001001010101
0101001000010011
0101000111010000
0101000110001101
0101000101001001
0101000100000101
0101000011000000
0101000001111011
0101000000110101
0100111111101111
0100111110101000
0100111101100001
0100111100011001
0100111011010001
0100111010001001
0100111000111111
0100110111110110
0100110110101100
0100110101100001
0100110100010110
0100110011001010
0100110001111110
0100110000110010
0100101111100101
0100101110010111
0100101101001001
0100101011111011
0100101010101100
0100101001011101
0100101000001101
0100100110111101
0100100101101100
0100100100011011
0100100011001001
0100100001110111
0100100000100101
0100011111010010
0100011101111110
0100011100101011
0100011011010110
0100011010000010
0100011000101101
0100010111010111
0100010110000001
0100010100101011
0100010011010100
0100010001111100
0100010000100101
0100001111001101
0100001101110100
0100001100011011
0100001011000010
0100001001101000
0100001000001110
0100000110110011
0100000101011000
0100000011111101
0100000010100001
0100000001000101
0011111111101000
0011111110001011
0011111100101110
0011111011010000
0011111001110010
0011111000010011
0011110110110101
0011110101010101
0011110011110110
0011110010010101
0011110000110101
0011101111010100
0011101101110011
0011101100010001
0011101010110000
0011101001001101
0011100111101011
0011100110001000
0011100100100100
0011100011000001
0011100001011101
0011011111111000
0011011110010100
0011011100101110
0011011011001001
0011011001100011
0011010111111101
0011010110010111
0011010100110000
0011010011001001
0011010001100001
0011001111111010
0011001110010010
0011001100101001
0011001011000001
0011001001011000
0011000111101110
0011000110000101
0011000100011011
0011000010110001
0011000001000110
0010111111011011
0010111101110000
0010111100000101
0010111010011001
0010111000101101
0010110111000001
0010110101010100
0010110011100111
0010110001111010
0010110000001101
0010101110011111
0010101100110001
0010101011000011
0010101001010101
0010100111100110
0010100101110111
0010100100001000
0010100010011000
0010100000101000
0010011110111000
0010011101001000
0010011011011000
0010011001100111
0010010111110110
0010010110000101
0010010100010011
0010010010100010
0010010000110000
0010001110111110
0010001101001100
0010001011011001
0010001001100110
0010000111110011
0010000110000000
0010000100001101
0010000010011001
0010000000100101
0001111110110001
0001111100111101
0001111011001001
0001111001010100
0001110111100000
0001110101101011
0001110011110110
0001110010000000
0001110000001011
0001101110010101
0001101100011111
0001101010101001
0001101000110011
0001100110111101
0001100101000110
0001100011010000
0001100001011001
0001011111100010
0001011101101011
0001011011110100
0001011001111101
0001011000000101
0001010110001101
0001010100010110
0001010010011110
0001010000100110
0001001110101110
0001001100110101
0001001010111101
0001001001000100
0001000111001100
0001000101010011
0001000011011010
0001000001100001
0000111111101000
0000111101101111
0000111011110110
0000111001111101
0000111000000011
0000110110001010
0000110100010000
0000110010010111
0000110000011101
0000101110100011
0000101100101001
0000101010101111
0000101000110101
0000100110111011
0000100101000001
0000100011000111
0000100001001101
0000011111010010
0000011101011000
0000011011011110
0000011001100011
0000010111101001
0000010101101110
0000010011110100
0000010001111001
0000001111111110
0000001110000100
0000001100001001
0000001010001110
0000001000010100
0000000110011001
0000000100011110
0000000010100100
0000000000101001
1111111110101110
1111111100110011
1111111010111001
1111111000111110
1111110111000011
1111110101001001
1111110011001110
1111110001010011
1111101111011001
1111101101011110
1111101011100100
1111101001101001
1111100111101111
1111100101110100
1111100011111010
1111100001111111
1111100000000101
1111011110001011
1111011100010000
1111011010010110
1111011000011100
1111010110100010
1111010100101000
1111010010101110
1111010000110100
1111001110111011
1111001101000001
1111001011000111
1111001001001110
1111000111010100
1111000101011011
1111000011100010
1111000001101000
1110111111101111
1110111101110110
1110111011111101
1110111010000101
1110111000001100
1110110110010011
1110110100011011
1110110010100011
1110110000101010
1110101110110010
1110101100111010
1110101011000010
1110101001001011
1110100111010011
1110100101011100
1110100011100100
1110100001101101
1110011111110110
1110011101111111
1110011100001001
1110011010010010
1110011000011100
1110010110100101
1110010100101111
1110010010111001
1110010001000100
1110001111001110
1110001101011001
1110001011100011
1110001001101110
1110000111111001
1110000110000101
1110000100010000
1110000010011100
1110000000101000
1101111110110100
1101111101000000
1101111011001101
1101111001011001
1101110111100110
1101110101110011
1101110100000001
1101110010001110
1101110000011100
1101101110101010
1101101100111000
1101101011000111
1101101001010101
1101100111100100
1101100101110011
1101100100000011
1101100010010010
1101100000100010
1101011110110010
1101011101000011
1101011011010011
1101011001100100
1101010111110101
1101010110000111
1101010100011000
1101010010101010
1101010000111100
1101001111001111
1101001101100001
1101001011110100
1101001010001000
1101001000011011
1101000110101111
1101000101000011
1101000011010111
1101000001101100
1101000000000001
1100111110010110
1100111100101100
1100111011000010
1100111001011000
1100110111101111
1100110110000101
1100110100011100
1100110010110100
1100110001001100
1100101111100100
1100101101111100
1100101100010101
1100101010101110
1100101001000111
1100100111100001
1100100101111011
1100100100010101
1100100010110000
1100100001001011
1100011111100110
1100011110000010
1100011100011110
1100011010111010
1100011001010111
1100010111110100
1100010110010010
1100010100110000
1100010011001110
1100010001101101
1100010000001011
1100001110101011
1100001101001010
1100001011101011
1100001010001011
1100001000101100
1100000111001101
1100000101101111
1100000100010001
1100000010110011
1100000001010110
1011111111111001
1011111110011100
1011111101000000
1011111011100101
1011111010001001
1011111000101110
1011110111010100
1011110101111010
1011110100100000
1011110011000111
1011110001101110
1011110000010110
1011101110111110
1011101101100110
1011101100001111
1011101010111001
1011101001100010
1011101000001100
1011100110110111
1011100101100010
1011100100001110
1011100010111001
1011100001100110
1011100000010011
1011011111000000
1011011101101101
1011011100011011
1011011011001010
1011011001111001
1011011000101001
1011010111011000
1011010110001001
1011010100111010
1011010011101011
1011010010011101
1011010001001111
1011010000000010
1011001110110101
1011001101101000
1011001100011101
1011001011010001
1011001010000110
1011001000111100
1011000111110010
1011000110101000
1011000101011111
1011000100010111
1011000011001111
1011000010000111
1011000001000000
1010111111111001
1010111110110011
1010111101101110
1010111100101001
1010111011100100
1010111010100000
1010111001011100
1010111000011001
1010110111010111
1010110110010101
1010110101010011
1010110100010010
1010110011010001
1010110010010001
1010110001010010
1010110000010011
1010101111010100
1010101110010110
1010101101011001
1010101100011100
1010101011100000
1010101010100100
1010101001101000
1010101000101110
1010100111110011
1010100110111010
1010100110000000
1010100101001000
1010100100001111
1010100011011000
1010100010100001
1010100001101010
1010100000110100
1010011111111111
1010011111001010
1010011110010101
1010011101100010
1010011100101110
1010011011111100
1010011011001001
1010011010011000
1010011001100111
1010011000110110
1010011000000110
1010010111010111
1010010110101000
1010010101111010
1010010101001100
1010010100011111
1010010011110010
1010010011000110
1010010010011010
1010010001101111
1010010001000101
1010010000011011
1010001111110010
1010001111001001
1010001110100001
1010001101111010
1010001101010011
1010001100101100
1010001100000110
1010001011100001
1010001010111101
1010001010011000
1010001001110101
1010001001010010
1010001000110000
1010001000001110
1010000111101101
1010000111001100
1010000110101100
1010000110001100
1010000101101101
1010000101001111
1010000100110001
1010000100010100
1010000011111000
1010000011011100
1010000011000000
1010000010100110
1010000010001011
1010000001110010
1010000001011001
1010000001000000
1010000000101001
1010000000010001
1001111111111011
1001111111100101
1001111111001111
1001111110111010
1001111110100110
1001111110010010
1001111101111111
1001111101101101
1001111101011011
1001111101001001
1001111100111001
1001111100101001
1001111100011001
1001111100001010
1001111011111100
1001111011101110
1001111011100001
1001111011010100
1001111011001000
1001111010111101
1001111010110010
1001111010101000
1001111010011111
1001111010010110
1001111010001110
1001111010000110
1001111001111111
1001111001111000
1001111001110010
1001111001101101
1001111001101000
1001111001100100
1001111001100001
1001111001011110
1001111001011011
1001111001011010
1001111001011001
1001111001011000
1001111001011000
1001111001011001
1001111001011010
1001111001011100
1001111001011111
1001111001100010
1001111001100101
1001111001101010
1001111001101111
1001111001110100
1001111001111010
1001111010000001
1001111010001000
1001111010010000
1001111010011001
1001111010100010
1001111010101100
1001111010110110
1001111011000001
1001111011001100
1001111011011001
1001111011100101
1001111011110011
1001111100000001
1001111100001111
1001111100011110
1001111100101110
1001111100111110
1001111101001111
1001111101100001
1001111101110011
1001111110000101
1001111110011001
1001111110101101
1001111111000001
1001111111010110
1001111111101100
1010000000000010
1010000000011001
1010000000110000
1010000001001000
1010000001100001
1010000001111010
1010000010010100
1010000010101111
1010000011001010
1010000011100101
1010000100000001
1010000100011110
1010000100111011
1010000101011001
1010000101111000
1010000110010111
1010000110110110
1010000111010111
1010000111111000
1010001000011001
1010001000111011
1010001001011110
1010001010000001
1010001010100100
1010001011001001
1010001011101110
1010001100010011
1010001100111001
1010001101100000
1010001110000111
1010001110101110
1010001111010111
1010010000000000
1010010000101001
1010010001010011
1010010001111110
1010010010101001
1010010011010100
1010010100000001
1010010100101110
1010010101011011
1010010110001001
1010010110110111
1010010111100110
1010011000010110
1010011001000110
1010011001110111
1010011010101000
1010011011011010
1010011100001100
1010011100111111
1010011101110011
1010011110100111
1010011111011011
1010100000010000
1010100001000110
1010100001111100
1010100010110011
1010100011101010
1010100100100010
1010100101011010
1010100110010011
1010100111001101
1010101000000111
1010101001000001
1010101001111100
1010101010111000
1010101011110100
1010101100110000
1010101101101101
1010101110101011
1010101111101001
1010110000101000
1010110001100111
1010110010100111
1010110011100111
1010110100101000
1010110101101001
1010110110101011
1010110111101101
1010111000110000
1010111001110011
1010111010110111
1010111011111011
1010111101000000
1010111110000101
1010111111001011
1011000000010001
1011000001011000
1011000010011111
1011000011100111
1011000100101111
1011000101110111
1011000111000001
1011001000001010
1011001001010100
1011001010011111
1011001011101010
1011001100110110
1011001110000010
1011001111001110
1011010000011011
1011010001101001
1011010010110111
1011010100000101
1011010101010100
1011010110100011
1011010111110011
1011011001000011
1011011010010100
1011011011100101
1011011100110111
1011011110001001
1011011111011011
1011100000101110
1011100010000010
1011100011010101
1011100100101010
1011100101111110
1011100111010011
1011101000101001
1011101001111111
1011101011010101
1011101100101100
1011101110000100
1011101111011011
1011110000110011
1011110010001100
1011110011100101
1011110100111110
1011110110011000
1011110111110010
1011111001001101
1011111010101000
1011111100000011
1011111101011111
1011111110111011
1100000000011000
1100000001110101
1100000011010010
1100000100110000
1100000110001110
1100000111101101
1100001001001011
1100001010101011
1100001100001010
1100001101101011
1100001111001011
1100010000101100
1100010010001101
1100010011101111
1100010101010000
1100010110110011
1100011000010101
1100011001111000
1100011011011100
1100011100111111
1100011110100011
1100100000001000
1100100001101100
1100100011010010
1100100100110111
1100100110011101
1100101000000011
1100101001101001
1100101011010000
1100101100110111
1100101110011111
1100110000000110
1100110001101110
1100110011010111
1100110100111111
1100110110101000
1100111000010010
1100111001111011
1100111011100101
1100111101001111
1100111110111010
1101000000100101
1101000010010000
1101000011111011
1101000101100111
1101000111010011
1101001000111111
1101001010101100
1101001100011001
1101001110000110
1101001111110011
1101010001100001
1101010011001111
1101010100111101
1101010110101011
1101011000011010
1101011010001001
1101011011111000
1101011101101000
1101011111011000
1101100001001000
1101100010111000
1101100100101000
1101100110011001
1101101000001010
1101101001111011
1101101011101101
1101101101011110
1101101111010000
1101110001000010
1101110010110100
1101110100100111
1101110110011010
1101111000001101
1101111010000000
1101111011110011
1101111101100111
1101111111011011
1110000001001111
1110000011000011
1110000100110111
1110000110101100
1110001000100000
1110001010010101
1110001100001010
1110001110000000
1110001111110101
1110010001101011
1110010011100001
1110010101010111
1110010111001101
1110011001000011
1110011010111010
1110011100110000
1110011110100111
1110100000011110
1110100010010101
1110100100001100
1110100110000011
1110100111111011
1110101001110011
1110101011101010
1110101101100010
1110101111011010
1110110001010010
1110110011001011
1110110101000011
1110110110111100
1110111000110100
1110111010101101
1110111100100110
1110111110011111
1111000000011000
1111000010010001
1111000100001010
1111000110000011
1111000111111101
1111001001110110
1111001011110000
1111001101101001
1111001111100011
1111010001011101
1111010011010111
1111010101010001
1111010111001011
1111011001000101
1111011010111111
1111011100111001
1111011110110011
1111100000101110
1111100010101000
1111100100100010
1111100110011101
1111101000010111
1111101010010010
1111101100001100
1111101110000111
1111110000000010
1111110001111100
1111110011110111
1111110101110010
1111110111101100
1111111001100111
1111111011100010
1111111101011100
1111111111010111
0000000001010010
0000000011001101
0000000101000111
0000000111000010
0000001000111101
0000001010110111
0000001100110010
0000001110101101
0000010000100111
0000010010100010
0000010100011100
0000010110010111
0000011000010001
0000011010001100
0000011100000110
0000011110000001
0000011111111011
0000100001110101
0000100011110000
0000100101101010
0000100111100100
0000101001011110
0000101011011000
0000101101010010
0000101111001100
0000110001000101
0000110010111111
0000110100111001
0000110110110010
0000111000101100
0000111010100101
0000111100011110
0000111110011000
0001000000010001
0001000010001010
0001000100000011
0001000101111011
0001000111110100
0001001001101101
0001001011100101
0001001101011101
0001001111010110
0001010001001110
0001010011000110
0001010100111110
0001010110110101
0001011000101101
0001011010100100
0001011100011100
0001011110010011
0001100000001010
0001100010000001
0001100011110111
0001100101101110
0001100111100100
0001101001011011
0001101011010001
0001101101000111
0001101110111100
0001110000110010
0001110010100111
0001110100011101
0001110110010010
0001111000000111
0001111001111011
0001111011110000
0001111101100100
0001111111011000
0010000001001100
0010000011000000
0010000100110011
0010000110100111
0010001000011010
0010001010001101
0010001011111111
0010001101110010
0010001111100100
0010010001010110
0010010011001000
0010010100111001
0010010110101011
0010011000011100
0010011010001101
0010011011111101
0010011101101110
0010011111011110
0010100001001110
0010100010111101
0010100100101101
0010100110011100
0010101000001011
0010101001111001
0010101011101000
0010101101010110
0010101111000100
0010110000110001
0010110010011111
0010110100001100
0010110101111000
0010110111100101
0010111001010001
0010111010111101
0010111100101001
0010111110010100
0010111111111111
0011000001101010
0011000011010100
0011000100111110
0011000110101000
0011001000010001
0011001001111011
0011001011100100
0011001101001100
0011001110110100
0011010000011100
0011010010000100
0011010011101011
0011010101010010
0011010110111001
0011011000011111
0011011010000101
0011011011101011
0011011101010000
0011011110110101
0011100000011010
0011100001111110
0011100011100010
0011100101000110
0011100110101001
0011101000001100
0011101001101110
0011101011010000
0011101100110010
0011101110010011
0011101111110101
0011110001010101
0011110010110110
0011110100010101
0011110101110101
0011110111010100
0011111000110011
0011111010010001
0011111011101111
0011111101001101
0011111110101010
0100000000000111
0100000001100100
0100000011000000
0100000100011011
0100000101110111
0100000111010010
0100001000101100
0100001010000110
0100001011100000
0100001100111001
0100001110010010
0100001111101010
0100010001000010
0100010010011010
0100010011110001
0100010101000111
0100010110011110
0100010111110100
0100011001001001
0100011010011110
0100011011110010
0100011101000111
0100011110011010
0100011111101101
0100100001000000
0100100010010011
0100100011100101
0100100100110110
0100100110000111
0100100111010111
0100101000101000
0100101001110111
0100101011000110
0100101100010101
0100101101100011
0100101110110001
0100101111111110
0100110001001011
0100110010011000
0100110011100011
0100110100101111
0100110101111010
0100110111000100
0100111000001110
0100111001011000
0100111010100001
0100111011101001
0100111100110001
0100111101111001
0100111111000000
0101000000000111
0101000001001101
0101000010010010
0101000011010111
0101000100011100
0101000101100000
0101000110100100
0101000111100111
0101001000101001
0101001001101011
0101001010101101
0101001011101110
0101001100101111
0101001101101111
0101001110101110
0101001111101101
0101010000101100
0101010001101010
0101010010100111
0101010011100100
0101010100100000
0101010101011100
0101010110011000
0101010111010010
0101011000001101
0101011001000110
0101011010000000
0101011010111000
0101011011110001
0101011100101000
0101011101011111
0101011110010110
0101011111001100
0101100000000001
0101100000110110
0101100001101011
0101100010011110
0101100011010010
0101100100000100
0101100100110111
0101100101101000
0101100110011001
0101100111001010
0101100111111010
0101101000101001
0101101001011000
0101101010000110
0101101010110100
0101101011100001
0101101100001110
0101101100111010
0101101101100110
0101101110010001
0101101110111011
0101101111100101
0101110000001110
0101110000110111
0101110001011111
0101110010000110
0101110010101101
0101110011010100
0101110011111010
0101110100011111
0101110101000011
0101110101101000
0101110110001011
0101110110101110
0101110111010000
0101110111110010
0101111000010011
0101111000110100
0101111001010100
0101111001110100
0101111010010011
0101111010110001
0101111011001111
0101111011101100
0101111100001000
0101111100100100
0101111101000000
0101111101011010
0101111101110101
0101111110001110
0101111110100111
0101111111000000
0101111111010111
0101111111101111
0110000000000101
0110000000011011
0110000000110001
0110000001000110
0110000001011010
0110000001101110
0110000010000001
0110000010010011
0110000010100101
0110000010110111
0110000011000111
0110000011010111
0110000011100111
0110000011110110
0110000100000100
0110000100010010
0110000100011111
0110000100101100
0110000100111000
0110000101000011
0110000101001110
0110000101011000
0110000101100001
0110000101101010
0110000101110010
0110000101111010
0110000110000001
0110000110001000
0110000110001110
0110000110010011
0110000110011000
0110000110011100
0110000110011111
0110000110100010
0110000110100101
0110000110100110
0110000110100111
0110000110101000
0110000110101000
0110000110100111
0110000110100110
0110000110100100
0110000110100001
0110000110011110
0110000110011011
0110000110010110
0110000110010001
0110000110001100
0110000110000110
0110000101111111
0110000101111000
0110000101110000
0110000101100111
0110000101011110
0110000101010100
0110000101001010
0110000100111111
0110000100110100
0110000100100111
0110000100011011
0110000100001101
0110000011111111
0110000011110001
0110000011100010
0110000011010010
0110000011000010
0110000010110001
0110000010011111
0110000010001101
0110000001111011
0110000001100111
0110000001010011
0110000000111111
0110000000101010
0110000000010100
0101111111111110
0101111111100111
0101111111010000
0101111110111000
0101111110011111
0101111110000110
0101111101101100
0101111101010001
0101111100110110
0101111100011011
0101111011111111
0101111011100010
0101111011000101
0101111010100111
0101111010001000
0101111001101001
0101111001001010
0101111000101001
0101111000001000
0101110111100111
0101110111000101
0101110110100010
0101110101111111
0101110101011100
0101110100110111
0101110100010010
0101110011101101
0101110011000111
0101110010100000
0101110001111001
0101110001010010
0101110000101001
0101110000000000
0101101111010111
0101101110101101
0101101110000010
0101101101010111
0101101100101100
0101101011111111
0101101011010010
0101101010100101
0101101001110111
0101101001001001
0101101000011010
0101100111101010
0101100110111010
0101100110001001
0101100101011000
0101100100100110
0101100011110100
0101100011000001
0101100010001101
0101100001011001
0101100000100101
0101011111110000
0101011110111010
0101011110000100
0101011101001101
0101011100010110
0101011011011110
0101011010100110
0101011001101101
0101011000110011
0101010111111001
0101010110111111
0101010110000100
0101010101001000
0101010100001100
0101010011010000
0101010010010011
0101010001010101
0101010000010111
0101001111011000
0101001110011001
0101001101011001
0101001100011001
0101001011011000
0101001010010111
0101001001010101
0101001000010011
0101000111010000
0101000110001101
0101000101001001
0101000100000101
0101000011000000
0101000001111011
0101000000110101
0100111111101111
0100111110101000
0100111101100001
0100111100011001
0100111011010001
0100111010001001
0100111000111111
0100110111110110
0100110110101100
0100110101100001
0100110100010110
0100110011001010
0100110001111110
0100110000110010
0100101111100101
0100101110010111
0100101101001001
0100101011111011
0100101010101100
0100101001011101
0100101000001101
0100100110111101
0100100101101100
0100100100011011
0100100011001001
0100100001110111
0100100000100101
0100011111010010
0100011101111110
0100011100101011
0100011011010110
0100011010000010
0100011000101101
0100010111010111
0100010110000001
0100010100101011
0100010011010100
0100010001111100
0100010000100101
0100001111001101
0100001101110100
0100001100011011
0100001011000010
0100001001101000
0100001000001110
0100000110110011
0100000101011000
0100000011111101
0100000010100001
0100000001000101
0011111111101000
0011111110001011
0011111100101110
0011111011010000
0011111001110010
0011111000010011
0011110110110101
0011110101010101
0011110011110110
0011110010010101
0011110000110101
0011101111010100
0011101101110011
0011101100010001
0011101010110000
0011101001001101
0011100111101011
0011100110001000
0011100100100100
0011100011000001
0011100001011101
0011011111111000
0011011110010100
0011011100101110
0011011011001001
0011011001100011
0011010111111101
0011010110010111
0011010100110000
0011010011001001
0011010001100001
0011001111111010
0011001110010010
0011001100101001
0011001011000001
0011001001011000
0011000111101110
0011000110000101
0011000100011011
0011000010110001
0011000001000110
0010111111011011
0010111101110000
0010111100000101
0010111010011001
0010111000101101
0010110111000001
0010110101010100
0010110011100111
0010110001111010
0010110000001101
0010101110011111
0010101100110001
0010101011000011
0010101001010101
0010100111100110
0010100101110111
0010100100001000
0010100010011000
0010100000101000
0010011110111000
0010011101001000
0010011011011000
0010011001100111
0010010111110110
0010010110000101
0010010100010011
0010010010100010
0010010000110000
0010001110111110
0010001101001100
0010001011011001
0010001001100110
0010000111110011
0010000110000000
0010000100001101
0010000010011001
0010000000100101
0001111110110001
0001111100111101
0001111011001001
0001111001010100
0001110111100000
0001110101101011
0001110011110110
0001110010000000
0001110000001011
0001101110010101
0001101100011111
0001101010101001
0001101000110011
0001100110111101
0001100101000110
0001100011010000
0001100001011001
0001011111100010
0001011101101011
0001011011110100
0001011001111101
0001011000000101
0001010110001101
0001010100010110
0001010010011110
0001010000100110
0001001110101110
0001001100110101
0001001010111101
0001001001000100
0001000111001100
0001000101010011
0001000011011010
0001000001100001
0000111111101000
0000111101101111
0000111011110110
0000111001111101
0000111000000011
0000110110001010
0000110100010000
0000110010010111
0000110000011101
0000101110100011
0000101100101001
0000101010101111
0000101000110101
0000100110111011
0000100101000001
0000100011000111
0000100001001101
0000011111010010
0000011101011000
0000011011011110
0000011001100011
0000010111101001
0000010101101110
0000010011110100
0000010001111001
0000001111111110
0000001110000100
0000001100001001
0000001010001110
0000001000010100
0000000110011001
0000000100011110
0000000010100100
0000000000101001
1111111110101110
1111111100110011
1111111010111001
1111111000111110
1111110111000011
1111110101001001
1111110011001110
1111110001010011
1111101111011001
1111101101011110
1111101011100100
1111101001101001
1111100111101111
1111100101110100
1111100011111010
1111100001111111
1111100000000101
1111011110001011
1111011100010000
1111011010010110
1111011000011100
1111010110100010
1111010100101000
1111010010101110
1111010000110100
1111001110111011
1111001101000001
1111001011000111
1111001001001110
1111000111010100
1111000101011011
1111000011100010
1111000001101000
1110111111101111
1110111101110110
1110111011111101
1110111010000101
1110111000001100
1110110110010011
1110110100011011
1110110010100011
1110110000101010
1110101110110010
1110101100111010
1110101011000010
1110101001001011
1110100111010011
1110100101011100
1110100011100100
1110100001101101
1110011111110110
1110011101111111
1110011100001001
1110011010010010
1110011000011100
1110010110100101
1110010100101111
1110010010111001
1110010001000100
1110001111001110
1110001101011001
1110001011100011
1110001001101110
1110000111111001
1110000110000101
1110000100010000
1110000010011100
1110000000101000
1101111110110100
1101111101000000
1101111011001101
1101111001011001
1101110111100110
1101110101110011
1101110100000001
1101110010001110
1101110000011100
1101101110101010
1101101100111000
1101101011000111
1101101001010101
1101100111100100
1101100101110011
1101100100000011
1101100010010010
1101100000100010
1101011110110010
1101011101000011
1101011011010011
1101011001100100
1101010111110101
1101010110000111
1101010100011000
1101010010101010
1101010000111100
1101001111001111
1101001101100001
1101001011110100
1101001010001000
1101001000011011
1101000110101111
1101000101000011
1101000011010111
1101000001101100
1101000000000001
1100111110010110
1100111100101100
1100111011000010
1100111001011000
1100110111101111
1100110110000101
1100110100011100
1100110010110100
1100110001001100
1100101111100100
1100101101111100
1100101100010101
1100101010101110
1100101001000111
1100100111100001
1100100101111011
1100100100010101
1100100010110000
1100100001001011
1100011111100110
1100011110000010
1100011100011110
1100011010111010
1100011001010111
1100010111110100
1100010110010010
1100010100110000
1100010011001110
1100010001101101
1100010000001011
1100001110101011
1100001101001010
1100001011101011
1100001010001011
1100001000101100
1100000111001101
1100000101101111
1100000100010001
1100000010110011
1100000001010110
1011111111111001
1011111110011100
1011111101000000
1011111011100101
1011111010001001
1011111000101110
1011110111010100
1011110101111010
1011110100100000
1011110011000111
1011110001101110
1011110000010110
1011101110111110
1011101101100110
1011101100001111
1011101010111001
1011101001100010
1011101000001100
1011100110110111
1011100101100010
1011100100001110
1011100010111001
1011100001100110
1011100000010011
1011011111000000
1011011101101101
1011011100011011
1011011011001010
1011011001111001
1011011000101001
1011010111011000
1011010110001001
1011010100111010
1011010011101011
1011010010011101
1011010001001111
1011010000000010
1011001110110101
1011001101101000
1011001100011101
1011001011010001
1011001010000110
1011001000111100
1011000111110010
1011000110101000
1011000101011111
1011000100010111
1011000011001111
1011000010000111
1011000001000000
1010111111111001
1010111110110011
1010111101101110
1010111100101001
1010111011100100
1010111010100000
1010111001011100
1010111000011001
1010110111010111
1010110110010101
1010110101010011
1010110100010010
1010110011010001
1010110010010001
1010110001010010
1010110000010011
1010101111010100
1010101110010110
1010101101011001
1010101100011100
1010101011100000
1010101010100100
1010101001101000
1010101000101110
1010100111110011
1010100110111010
1010100110000000
1010100101001000
1010100100001111
1010100011011000
1010100010100001
1010100001101010
1010100000110100
1010011111111111
1010011111001010
1010011110010101
1010011101100010
1010011100101110
1010011011111100
1010011011001001
1010011010011000
1010011001100111
1010011000110110
1010011000000110
1010010111010111
1010010110101000
1010010101111010
1010010101001100
1010010100011111
1010010011110010
1010010011000110
1010010010011010
1010010001101111
1010010001000101
1010010000011011
1010001111110010
1010001111001001
1010001110100001
1010001101111010
1010001101010011
1010001100101100
1010001100000110
1010001011100001
1010001010111101
1010001010011000
1010001001110101
1010001001010010
1010001000110000
1010001000001110
1010000111101101
1010000111001100
1010000110101100
1010000110001100
1010000101101101
1010000101001111
1010000100110001
1010000100010100
1010000011111000
1010000011011100
1010000011000000
1010000010100110
1010000010001011
1010000001110010
1010000001011001
1010000001000000
1010000000101001
1010000000010001
1001111111111011
1001111111100101
1001111111001111
1001111110111010
1001111110100110
1001111110010010
1001111101111111
1001111101101101
1001111101011011
1001111101001001
1001111100111001
1001111100101001
1001111100011001
1001111100001010
1001111011111100
1001111011101110
1001111011100001
1001111011010100
1001111011001000
1001111010111101
1001111010110010
1001111010101000
1001111010011111
1001111010010110
1001111010001110
1001111010000110
1001111001111111
1001111001111000
1001111001110010
1001111001101101
1001111001101000
1001111001100100
1001111001100001
1001111001011110
1001111001011011
1001111001011010
1001111001011001
1001111001011000
1001111001011000
1001111001011001
1001111001011010
1001111001011100
1001111001011111
1001111001100010
1001111001100101
1001111001101010
1001111001101111
1001111001110100
1001111001111010
1001111010000001
1001111010001000
1001111010010000
1001111010011001
1001111010100010
1001111010101100
1001111010110110
1001111011000001
1001111011001100
1001111011011001
1001111011100101
1001111011110011
1001111100000001
1001111100001111
1001111100011110
1001111100101110
1001111100111110
1001111101001111
1001111101100001
1001111101110011
1001111110000101
1001111110011001
1001111110101101
1001111111000001
1001111111010110
1001111111101100
1010000000000010
1010000000011001
1010000000110000
1010000001001000
1010000001100001
1010000001111010
1010000010010100
1010000010101111
1010000011001010
1010000011100101
1010000100000001
1010000100011110
1010000100111011
1010000101011001
1010000101111000
1010000110010111
1010000110110110
1010000111010111
1010000111111000
1010001000011001
1010001000111011
1010001001011110
1010001010000001
1010001010100100
1010001011001001
1010001011101110
1010001100010011
1010001100111001
1010001101100000
1010001110000111
1010001110101110
1010001111010111
1010010000000000
1010010000101001
1010010001010011
1010010001111110
1010010010101001
1010010011010100
1010010100000001
1010010100101110
1010010101011011
1010010110001001
1010010110110111
1010010111100110
1010011000010110
1010011001000110
1010011001110111
1010011010101000
1010011011011010
1010011100001100
1010011100111111
1010011101110011
1010011110100111
1010011111011011
1010100000010000
1010100001000110
1010100001111100
1010100010110011
1010100011101010
1010100100100010
1010100101011010
1010100110010011
1010100111001101
1010101000000111
1010101001000001
1010101001111100
1010101010111000
1010101011110100
1010101100110000
1010101101101101
1010101110101011
1010101111101001
1010110000101000
1010110001100111
1010110010100111
1010110011100111
1010110100101000
1010110101101001
1010110110101011
1010110111101101
1010111000110000
1010111001110011
1010111010110111
1010111011111011
1010111101000000
1010111110000101
1010111111001011
1011000000010001
1011000001011000
1011000010011111
1011000011100111
1011000100101111
1011000101110111
1011000111000001
1011001000001010
1011001001010100
1011001010011111
1011001011101010
1011001100110110
1011001110000010
1011001111001110
1011010000011011
1011010001101001
1011010010110111
1011010100000101
1011010101010100
1011010110100011
1011010111110011
1011011001000011
1011011010010100
1011011011100101
1011011100110111
1011011110001001
1011011111011011
1011100000101110
1011100010000010
1011100011010101
1011100100101010
1011100101111110
1011100111010011
1011101000101001
1011101001111111
1011101011010101
1011101100101100
1011101110000100
1011101111011011
1011110000110011
1011110010001100
1011110011100101
1011110100111110
1011110110011000
1011110111110010
1011111001001101
1011111010101000
1011111100000011
1011111101011111
1011111110111011
1100000000011000
1100000001110101
1100000011010010
1100000100110000
1100000110001110
1100000111101101
1100001001001011
1100001010101011
1100001100001010
1100001101101011
1100001111001011
1100010000101100
1100010010001101
1100010011101111
1100010101010000
1100010110110011
1100011000010101
1100011001111000
1100011011011100
1100011100111111
1100011110100011
1100100000001000
1100100001101100
1100100011010010
1100100100110111
1100100110011101
1100101000000011
1100101001101001
1100101011010000
1100101100110111
1100101110011111
1100110000000110
1100110001101110
1100110011010111
1100110100111111
1100110110101000
1100111000010010
1100111001111011
1100111011100101
1100111101001111
1100111110111010
1101000000100101
1101000010010000
1101000011111011
1101000101100111
1101000111010011
1101001000111111
1101001010101100
1101001100011001
1101001110000110
1101001111110011
1101010001100001
1101010011001111
1101010100111101
1101010110101011
1101011000011010
1101011010001001
1101011011111000
1101011101101000
1101011111011000
1101100001001000
1101100010111000
1101100100101000
1101100110011001
1101101000001010
1101101001111011
1101101011101101
1101101101011110
1101101111010000
1101110001000010
1101110010110100
1101110100100111
1101110110011010
1101111000001101
1101111010000000
1101111011110011
1101111101100111
1101111111011011
1110000001001111
1110000011000011
1110000100110111
1110000110101100
1110001000100000
1110001010010101
1110001100001010
1110001110000000
1110001111110101
1110010001101011
1110010011100001
1110010101010111
1110010111001101
1110011001000011
1110011010111010
1110011100110000
1110011110100111
1110100000011110
1110100010010101
1110100100001100
1110100110000011
1110100111111011
1110101001110011
1110101011101010
1110101101100010
1110101111011010
1110110001010010
1110110011001011
1110110101000011
1110110110111100
1110111000110100
1110111010101101
1110111100100110
1110111110011111
1111000000011000
1111000010010001
1111000100001010
1111000110000011
1111000111111101
1111001001110110
1111001011110000
1111001101101001
1111001111100011
1111010001011101
1111010011010111
1111010101010001
1111010111001011
1111011001000101
1111011010111111
1111011100111001
1111011110110011
1111100000101110
1111100010101000
1111100100100010
1111100110011101
1111101000010111
1111101010010010
1111101100001100
1111101110000111
1111110000000010
1111110001111100
1111110011110111
1111110101110010
1111110111101100
1111111001100111
1111111011100010
1111111101011100
1111111111010111
0000000001010010
0000000011001101
0000000101000111
0000000111000010
0000001000111101
0000001010110111
0000001100110010
0000001110101101
0000010000100111
0000010010100010
0000010100011100
0000010110010111
0000011000010001
0000011010001100
0000011100000110
0000011110000001
0000011111111011
0000100001110101
0000100011110000
0000100101101010
0000100111100100
0000101001011110
0000101011011000
0000101101010010
0000101111001100
0000110001000101
0000110010111111
0000110100111001
0000110110110010
0000111000101100
0000111010100101
0000111100011110
0000111110011000
0001000000010001
0001000010001010
0001000100000011
0001000101111011
0001000111110100
0001001001101101
0001001011100101
0001001101011101
0001001111010110
0001010001001110
0001010011000110
0001010100111110
0001010110110101
0001011000101101
0001011010100100
0001011100011100
0001011110010011
0001100000001010
0001100010000001
0001100011110111
0001100101101110
0001100111100100
0001101001011011
0001101011010001
0001101101000111
0001101110111100
0001110000110010
0001110010100111
0001110100011101
0001110110010010
0001111000000111
0001111001111011
0001111011110000
0001111101100100
0001111111011000
0010000001001100
0010000011000000
0010000100110011
0010000110100111
0010001000011010
0010001010001101
0010001011111111
0010001101110010
0010001111100100
0010010001010110
0010010011001000
0010010100111001
0010010110101011
0010011000011100
0010011010001101
0010011011111101
0010011101101110
0010011111011110
0010100001001110
0010100010111101
0010100100101101
0010100110011100
0010101000001011
0010101001111001
0010101011101000
0010101101010110
0010101111000100
0010110000110001
0010110010011111
0010110100001100
0010110101111000
0010110111100101
0010111001010001
0010111010111101
0010111100101001
0010111110010100
0010111111111111
0011000001101010
0011000011010100
0011000100111110
0011000110101000
0011001000010001
0011001001111011
0011001011100100
0011001101001100
0011001110110100
0011010000011100
0011010010000100
0011010011101011
0011010101010010
0011010110111001
0011011000011111
0011011010000101
0011011011101011
0011011101010000
0011011110110101
0011100000011010
0011100001111110
0011100011100010
0011100101000110
0011100110101001
0011101000001100
0011101001101110
0011101011010000
0011101100110010
0011101110010011
0011101111110101
0011110001010101
0011110010110110
0011110100010101
0011110101110101
0011110111010100
0011111000110011
0011111010010001
0011111011101111
0011111101001101
0011111110101010
0100000000000111
0100000001100100
0100000011000000
0100000100011011
0100000101110111
0100000111010010
0100001000101100
0100001010000110
0100001011100000
0100001100111001
0100001110010010
0100001111101010
0100010001000010
0100010010011010
0100010011110001
0100010101000111
0100010110011110
0100010111110100
0100011001001001
0100011010011110
0100011011110010
0100011101000111
0100011110011010
0100011111101101
0100100001000000
0100100010010011
0100100011100101
0100100100110110
0100100110000111
0100100111010111
0100101000101000
0100101001110111
0100101011000110
0100101100010101
0100101101100011
0100101110110001
0100101111111110
0100110001001011
0100110010011000
0100110011100011
0100110100101111
0100110101111010
0100110111000100
0100111000001110
0100111001011000
0100111010100001
0100111011101001
0100111100110001
0100111101111001
0100111111000000
0101000000000111
0101000001001101
0101000010010010
0101000011010111
0101000100011100
0101000101100000
0101000110100100
0101000111100111
0101001000101001
0101001001101011
0101001010101101
0101001011101110
0101001100101111
0101001101101111
0101001110101110
0101001111101101
0101010000101100
0101010001101010
0101010010100111
0101010011100100
0101010100100000
0101010101011100
0101010110011000
0101010111010010
0101011000001101
0101011001000110
0101011010000000
0101011010111000
0101011011110001
0101011100101000
0101011101011111
0101011110010110
0101011111001100
0101100000000001
0101100000110110
0101100001101011
0101100010011110
0101100011010010
0101100100000100
0101100100110111
0101100101101000
0101100110011001
0101100111001010
0101100111111010
0101101000101001
0101101001011000
0101101010000110
0101101010110100
0101101011100001
0101101100001110
0101101100111010
0101101101100110
0101101110010001
0101101110111011
0101101111100101
0101110000001110
0101110000110111
0101110001011111
0101110010000110
0101110010101101
0101110011010100
0101110011111010
0101110100011111
0101110101000011
0101110101101000
0101110110001011
0101110110101110
0101110111010000
0101110111110010
0101111000010011
0101111000110100
0101111001010100
0101111001110100
0101111010010011
0101111010110001
0101111011001111
0101111011101100
0101111100001000
0101111100100100
0101111101000000
0101111101011010
0101111101110101
0101111110001110
0101111110100111
0101111111000000
0101111111010111
0101111111101111
0110000000000101
0110000000011011
0110000000110001
0110000001000110
0110000001011010
0110000001101110
0110000010000001
0110000010010011
0110000010100101
0110000010110111
0110000011000111
0110000011010111
0110000011100111
0110000011110110
0110000100000100
0110000100010010
0110000100011111
0110000100101100
0110000100111000
0110000101000011
0110000101001110
0110000101011000
0110000101100001
0110000101101010
0110000101110010
0110000101111010
0110000110000001
0110000110001000
0110000110001110
0110000110010011
0110000110011000
0110000110011100
0110000110011111
0110000110100010
0110000110100101
0110000110100110
0110000110100111
0110000110101000
0110000110101000
0110000110100111
0110000110100110
0110000110100100
0110000110100001
0110000110011110
0110000110011011
0110000110010110
0110000110010001
0110000110001100
0110000110000110
0110000101111111
0110000101111000
0110000101110000
0110000101100111
0110000101011110
0110000101010100
0110000101001010
0110000100111111
0110000100110100
0110000100100111
0110000100011011
0110000100001101
0110000011111111
0110000011110001
0110000011100010
0110000011010010
0110000011000010
0110000010110001
0110000010011111
0110000010001101
0110000001111011
0110000001100111
0110000001010011
0110000000111111
0110000000101010
0110000000010100
0101111111111110
0101111111100111
0101111111010000
0101111110111000
0101111110011111
0101111110000110
0101111101101100
0101111101010001
0101111100110110
0101111100011011
0101111011111111
0101111011100010
0101111011000101
0101111010100111
0101111010001000
0101111001101001
0101111001001010
0101111000101001
0101111000001000
0101110111100111
0101110111000101
0101110110100010
0101110101111111
0101110101011100
0101110100110111
0101110100010010
0101110011101101
0101110011000111
0101110010100000
0101110001111001
0101110001010010
0101110000101001
0101110000000000
0101101111010111
0101101110101101
0101101110000010
0101101101010111
0101101100101100
0101101011111111
0101101011010010
0101101010100101
0101101001110111
0101101001001001
0101101000011010
0101100111101010
0101100110111010
0101100110001001
0101100101011000
0101100100100110
0101100011110100
0101100011000001
0101100010001101
0101100001011001
0101100000100101
0101011111110000
0101011110111010
0101011110000100
0101011101001101
0101011100010110
0101011011011110
0101011010100110
0101011001101101
0101011000110011
0101010111111001
0101010110111111
0101010110000100
0101010101001000
0101010100001100
0101010011010000
0101010010010011
0101010001010101
0101010000010111
0101001111011000
0101001110011001
0101001101011001
0101001100011001
0101001011011000
0101001010010111
0101001001010101
0101001000010011
0101000111010000
0101000110001101
0101000101001001
0101000100000101
0101000011000000
0101000001111011
0101000000110101
0100111111101111
0100111110101000
0100111101100001
0100111100011001
0100111011010001
0100111010001001
0100111000111111
0100110111110110
0100110110101100
0100110101100001
0100110100010110
0100110011001010
0100110001111110
0100110000110010
0100101111100101
0100101110010111
0100101101001001
0100101011111011
0100101010101100
0100101001011101
0100101000001101
0100100110111101
0100100101101100
0100100100011011
0100100011001001
0100100001110111
0100100000100101
0100011111010010
0100011101111110
0100011100101011
0100011011010110
0100011010000010
0100011000101101
0100010111010111
0100010110000001
0100010100101011
0100010011010100
0100010001111100
0100010000100101
0100001111001101
0100001101110100
0100001100011011
0100001011000010
0100001001101000
0100001000001110
0100000110110011
0100000101011000
0100000011111101
0100000010100001
0100000001000101
0011111111101000
0011111110001011
0011111100101110
0011111011010000
0011111001110010
0011111000010011
0011110110110101
0011110101010101
0011110011110110
0011110010010101
0011110000110101
0011101111010100
0011101101110011
0011101100010001
0011101010110000
0011101001001101
0011100111101011
0011100110001000
0011100100100100
0011100011000001
0011100001011101
0011011111111000
0011011110010100
0011011100101110
0011011011001001
0011011001100011
0011010111111101
0011010110010111
0011010100110000
0011010011001001
0011010001100001
0011001111111010
0011001110010010
0011001100101001
0011001011000001
0011001001011000
0011000111101110
0011000110000101
0011000100011011
0011000010110001
0011000001000110
0010111111011011
0010111101110000
0010111100000101
0010111010011001
0010111000101101
0010110111000001
0010110101010100
0010110011100111
0010110001111010
0010110000001101
0010101110011111
0010101100110001
0010101011000011
0010101001010101
0010100111100110
0010100101110111
0010100100001000
0010100010011000
0010100000101000
0010011110111000
0010011101001000
0010011011011000
0010011001100111
0010010111110110
0010010110000101
0010010100010011
0010010010100010
0010010000110000
0010001110111110
0010001101001100
0010001011011001
0010001001100110
0010000111110011
0010000110000000
0010000100001101
0010000010011001
0010000000100101
0001111110110001
0001111100111101
0001111011001001
0001111001010100
0001110111100000
0001110101101011
0001110011110110
0001110010000000
0001110000001011
0001101110010101
0001101100011111
0001101010101001
0001101000110011
0001100110111101
0001100101000110
0001100011010000
0001100001011001
0001011111100010
0001011101101011
0001011011110100
0001011001111101
0001011000000101
0001010110001101
0001010100010110
0001010010011110
0001010000100110
0001001110101110
0001001100110101
0001001010111101
0001001001000100
0001000111001100
0001000101010011
0001000011011010
0001000001100001
0000111111101000
0000111101101111
0000111011110110
0000111001111101
0000111000000011
0000110110001010
0000110100010000
0000110010010111
0000110000011101
0000101110100011
0000101100101001
0000101010101111
0000101000110101
0000100110111011
0000100101000001
0000100011000111
0000100001001101
0000011111010010
0000011101011000
0000011011011110
0000011001100011
0000010111101001
0000010101101110
0000010011110100
0000010001111001
0000001111111110
0000001110000100
0000001100001001
0000001010001110
0000001000010100
0000000110011001
0000000100011110
0000000010100100
0000000000101001
1111111110101110
1111111100110011
1111111010111001
1111111000111110
1111110111000011
1111110101001001
1111110011001110
1111110001010011
1111101111011001
1111101101011110
1111101011100100
1111101001101001
1111100111101111
1111100101110100
1111100011111010
1111100001111111
1111100000000101
1111011110001011
1111011100010000
1111011010010110
1111011000011100
1111010110100010
1111010100101000
1111010010101110
1111010000110100
1111001110111011
1111001101000001
1111001011000111
1111001001001110
1111000111010100
1111000101011011
1111000011100010
1111000001101000
1110111111101111
1110111101110110
1110111011111101
1110111010000101
1110111000001100
1110110110010011
1110110100011011
1110110010100011
1110110000101010
1110101110110010
1110101100111010
1110101011000010
1110101001001011
1110100111010011
1110100101011100
1110100011100100
1110100001101101
1110011111110110
1110011101111111
1110011100001001
1110011010010010
1110011000011100
1110010110100101
1110010100101111
1110010010111001
1110010001000100
1110001111001110
1110001101011001
1110001011100011
1110001001101110
1110000111111001
1110000110000101
1110000100010000
1110000010011100
1110000000101000
1101111110110100
1101111101000000
1101111011001101
1101111001011001
1101110111100110
1101110101110011
1101110100000001
1101110010001110
1101110000011100
1101101110101010
1101101100111000
1101101011000111
1101101001010101
1101100111100100
1101100101110011
1101100100000011
1101100010010010
1101100000100010
1101011110110010
1101011101000011
1101011011010011
1101011001100100
1101010111110101
1101010110000111
1101010100011000
1101010010101010
1101010000111100
1101001111001111
1101001101100001
1101001011110100
1101001010001000
1101001000011011
1101000110101111
1101000101000011
1101000011010111
1101000001101100
1101000000000001
1100111110010110
1100111100101100
1100111011000010
1100111001011000
1100110111101111
1100110110000101
1100110100011100
1100110010110100
1100110001001100
1100101111100100
1100101101111100
1100101100010101
1100101010101110
1100101001000111
1100100111100001
1100100101111011
1100100100010101
1100100010110000
1100100001001011
1100011111100110
1100011110000010
1100011100011110
1100011010111010
1100011001010111
1100010111110100
1100010110010010
1100010100110000
1100010011001110
1100010001101101
1100010000001011
1100001110101011
1100001101001010
1100001011101011
1100001010001011
1100001000101100
1100000111001101
1100000101101111
1100000100010001
1100000010110011
1100000001010110
1011111111111001
1011111110011100
1011111101000000
1011111011100101
1011111010001001
1011111000101110
1011110111010100
1011110101111010
1011110100100000
1011110011000111
1011110001101110
1011110000010110
1011101110111110
1011101101100110
1011101100001111
1011101010111001
1011101001100010
1011101000001100
1011100110110111
1011100101100010
1011100100001110
1011100010111001
1011100001100110
1011100000010011
1011011111000000
1011011101101101
1011011100011011
1011011011001010
1011011001111001
1011011000101001
1011010111011000
1011010110001001
1011010100111010
1011010011101011
1011010010011101
1011010001001111
1011010000000010
1011001110110101
1011001101101000
1011001100011101
1011001011010001
1011001010000110
1011001000111100
1011000111110010
1011000110101000
1011000101011111
1011000100010111
1011000011001111
1011000010000111
1011000001000000
1010111111111001
1010111110110011
1010111101101110
1010111100101001
1010111011100100
1010111010100000
1010111001011100
1010111000011001
1010110111010111
1010110110010101
1010110101010011
1010110100010010
1010110011010001
1010110010010001
1010110001010010
1010110000010011
1010101111010100
1010101110010110
1010101101011001
1010101100011100
1010101011100000
1010101010100100
1010101001101000
1010101000101110
1010100111110011
1010100110111010
1010100110000000
1010100101001000
1010100100001111
1010100011011000
1010100010100001
1010100001101010
1010100000110100
1010011111111111
1010011111001010
1010011110010101
1010011101100010
1010011100101110
1010011011111100
1010011011001001
1010011010011000
1010011001100111
1010011000110110
1010011000000110
1010010111010111
1010010110101000
1010010101111010
1010010101001100
1010010100011111
1010010011110010
1010010011000110
1010010010011010
1010010001101111
1010010001000101
1010010000011011
1010001111110010
1010001111001001
1010001110100001
1010001101111010
1010001101010011
1010001100101100
1010001100000110
1010001011100001
1010001010111101
1010001010011000
1010001001110101
1010001001010010
1010001000110000
1010001000001110
1010000111101101
1010000111001100
1010000110101100
1010000110001100
1010000101101101
1010000101001111
1010000100110001
1010000100010100
1010000011111000
1010000011011100
1010000011000000
1010000010100110
1010000010001011
1010000001110010
1010000001011001
1010000001000000
1010000000101001
1010000000010001
1001111111111011
1001111111100101
1001111111001111
1001111110111010
1001111110100110
1001111110010010
1001111101111111
1001111101101101
1001111101011011
1001111101001001
1001111100111001
1001111100101001
1001111100011001
1001111100001010
1001111011111100
1001111011101110
1001111011100001
1001111011010100
1001111011001000
1001111010111101
1001111010110010
1001111010101000
1001111010011111
1001111010010110
1001111010001110
1001111010000110
1001111001111111
1001111001111000
1001111001110010
1001111001101101
1001111001101000
1001111001100100
1001111001100001
1001111001011110
1001111001011011
1001111001011010
1001111001011001
1001111001011000
1001111001011000
1001111001011001
1001111001011010
1001111001011100
1001111001011111
1001111001100010
1001111001100101
1001111001101010
1001111001101111
1001111001110100
1001111001111010
1001111010000001
1001111010001000
1001111010010000
1001111010011001
1001111010100010
1001111010101100
1001111010110110
1001111011000001
1001111011001100
1001111011011001
1001111011100101
1001111011110011
1001111100000001
1001111100001111
1001111100011110
1001111100101110
1001111100111110
1001111101001111
1001111101100001
1001111101110011
1001111110000101
1001111110011001
1001111110101101
1001111111000001
1001111111010110
1001111111101100
1010000000000010
1010000000011001
1010000000110000
1010000001001000
1010000001100001
1010000001111010
1010000010010100
1010000010101111
1010000011001010
1010000011100101
1010000100000001
1010000100011110
1010000100111011
1010000101011001
1010000101111000
1010000110010111
1010000110110110
1010000111010111
1010000111111000
1010001000011001
1010001000111011
1010001001011110
1010001010000001
1010001010100100
1010001011001001
1010001011101110
1010001100010011
1010001100111001
1010001101100000
1010001110000111
1010001110101110
1010001111010111
1010010000000000
1010010000101001
1010010001010011
1010010001111110
1010010010101001
1010010011010100
1010010100000001
1010010100101110
1010010101011011
1010010110001001
1010010110110111
1010010111100110
1010011000010110
1010011001000110
1010011001110111
1010011010101000
1010011011011010
1010011100001100
1010011100111111
1010011101110011
1010011110100111
1010011111011011
1010100000010000
1010100001000110
1010100001111100
1010100010110011
1010100011101010
1010100100100010
1010100101011010
1010100110010011
1010100111001101
1010101000000111
1010101001000001
1010101001111100
1010101010111000
1010101011110100
1010101100110000
1010101101101101
1010101110101011
1010101111101001
1010110000101000
1010110001100111
1010110010100111
1010110011100111
1010110100101000
1010110101101001
1010110110101011
1010110111101101
1010111000110000
1010111001110011
1010111010110111
1010111011111011
1010111101000000
1010111110000101
1010111111001011
1011000000010001
1011000001011000
1011000010011111
1011000011100111
1011000100101111
1011000101110111
1011000111000001
1011001000001010
1011001001010100
1011001010011111
1011001011101010
1011001100110110
1011001110000010
1011001111001110
1011010000011011
1011010001101001
1011010010110111
1011010100000101
1011010101010100
1011010110100011
1011010111110011
1011011001000011
1011011010010100
1011011011100101
1011011100110111
1011011110001001
1011011111011011
1011100000101110
1011100010000010
1011100011010101
1011100100101010
1011100101111110
1011100111010011
1011101000101001
1011101001111111
1011101011010101
1011101100101100
1011101110000100
1011101111011011
1011110000110011
1011110010001100
1011110011100101
1011110100111110
1011110110011000
1011110111110010
1011111001001101
1011111010101000
1011111100000011
1011111101011111
1011111110111011
1100000000011000
1100000001110101
1100000011010010
1100000100110000
1100000110001110
1100000111101101
1100001001001011
1100001010101011
1100001100001010
1100001101101011
1100001111001011
1100010000101100
1100010010001101
1100010011101111
1100010101010000
1100010110110011
1100011000010101
1100011001111000
1100011011011100
1100011100111111
1100011110100011
1100100000001000
1100100001101100
1100100011010010
1100100100110111
1100100110011101
1100101000000011
1100101001101001
1100101011010000
1100101100110111
1100101110011111
1100110000000110
1100110001101110
1100110011010111
1100110100111111
1100110110101000
1100111000010010
1100111001111011
1100111011100101
1100111101001111
1100111110111010
1101000000100101
1101000010010000
1101000011111011
1101000101100111
1101000111010011
1101001000111111
1101001010101100
1101001100011001
1101001110000110
1101001111110011
1101010001100001
1101010011001111
1101010100111101
1101010110101011
1101011000011010
1101011010001001
1101011011111000
1101011101101000
1101011111011000
1101100001001000
1101100010111000
1101100100101000
1101100110011001
1101101000001010
1101101001111011
1101101011101101
1101101101011110
1101101111010000
1101110001000010
1101110010110100
1101110100100111
1101110110011010
1101111000001101
1101111010000000
1101111011110011
1101111101100111
1101111111011011
1110000001001111
1110000011000011
1110000100110111
1110000110101100
1110001000100000
1110001010010101
1110001100001010
1110001110000000
1110001111110101
1110010001101011
1110010011100001
1110010101010111
1110010111001101
1110011001000011
1110011010111010
1110011100110000
1110011110100111
1110100000011110
1110100010010101
1110100100001100
1110100110000011
1110100111111011
1110101001110011
1110101011101010
1110101101100010
1110101111011010
1110110001010010
1110110011001011
1110110101000011
1110110110111100
1110111000110100
1110111010101101
1110111100100110
1110111110011111
1111000000011000
1111000010010001
1111000100001010
1111000110000011
1111000111111101
1111001001110110
1111001011110000
1111001101101001
1111001111100011
1111010001011101
1111010011010111
1111010101010001
1111010111001011
1111011001000101
1111011010111111
1111011100111001
1111011110110011
1111100000101110
1111100010101000
1111100100100010
1111100110011101
1111101000010111
1111101010010010
1111101100001100
1111101110000111
1111110000000010
1111110001111100
1111110011110111
1111110101110010
1111110111101100
1111111001100111
1111111011100010
1111111101011100
1111111111010111
0000000001010010
0000000011001101
0000000101000111
0000000111000010
0000001000111101
0000001010110111
0000001100110010
0000001110101101
0000010000100111
0000010010100010
0000010100011100
0000010110010111
0000011000010001
0000011010001100
0000011100000110
0000011110000001
0000011111111011
0000100001110101
0000100011110000
0000100101101010
0000100111100100
0000101001011110
0000101011011000
0000101101010010
0000101111001100
0000110001000101
0000110010111111
0000110100111001
0000110110110010
0000111000101100
0000111010100101
0000111100011110
0000111110011000
0001000000010001
0001000010001010
0001000100000011
0001000101111011
0001000111110100
0001001001101101
0001001011100101
0001001101011101
0001001111010110
0001010001001110
0001010011000110
0001010100111110
0001010110110101
0001011000101101
0001011010100100
0001011100011100
0001011110010011
0001100000001010
0001100010000001
0001100011110111
0001100101101110
0001100111100100
0001101001011011
0001101011010001
0001101101000111
0001101110111100
0001110000110010
0001110010100111
0001110100011101
0001110110010010
0001111000000111
0001111001111011
0001111011110000
0001111101100100
0001111111011000
0010000001001100
0010000011000000
0010000100110011
0010000110100111
0010001000011010
0010001010001101
0010001011111111
0010001101110010
0010001111100100
0010010001010110
0010010011001000
0010010100111001
0010010110101011
0010011000011100
0010011010001101
0010011011111101
0010011101101110
0010011111011110
0010100001001110
0010100010111101
0010100100101101
0010100110011100
0010101000001011
0010101001111001
0010101011101000
0010101101010110
0010101111000100
0010110000110001
0010110010011111
0010110100001100
0010110101111000
0010110111100101
0010111001010001
0010111010111101
0010111100101001
0010111110010100
0010111111111111
0011000001101010
0011000011010100
0011000100111110
0011000110101000
0011001000010001
0011001001111011
0011001011100100
0011001101001100
0011001110110100
0011010000011100
0011010010000100
0011010011101011
0011010101010010
0011010110111001
0011011000011111
0011011010000101
0011011011101011
0011011101010000
0011011110110101
0011100000011010
0011100001111110
0011100011100010
0011100101000110
0011100110101001
0011101000001100
0011101001101110
0011101011010000
0011101100110010
0011101110010011
0011101111110101
0011110001010101
0011110010110110
0011110100010101
0011110101110101
0011110111010100
0011111000110011
0011111010010001
0011111011101111
0011111101001101
0011111110101010
0100000000000111
0100000001100100
0100000011000000
0100000100011011
0100000101110111
0100000111010010
0100001000101100
0100001010000110
0100001011100000
0100001100111001
0100001110010010
0100001111101010
0100010001000010
0100010010011010
0100010011110001
0100010101000111
0100010110011110
0100010111110100
0100011001001001
0100011010011110
0100011011110010
0100011101000111
0100011110011010
0100011111101101
0100100001000000
0100100010010011
0100100011100101
0100100100110110
0100100110000111
0100100111010111
0100101000101000
0100101001110111
0100101011000110
0100101100010101
0100101101100011
0100101110110001
0100101111111110
0100110001001011
0100110010011000
0100110011100011
0100110100101111
0100110101111010
0100110111000100
0100111000001110
0100111001011000
0100111010100001
0100111011101001
0100111100110001
0100111101111001
0100111111000000
0101000000000111
0101000001001101
0101000010010010
0101000011010111
0101000100011100
0101000101100000
0101000110100100
0101000111100111
0101001000101001
0101001001101011
0101001010101101
0101001011101110
0101001100101111
0101001101101111
0101001110101110
0101001111101101
0101010000101100
0101010001101010
0101010010100111
0101010011100100
0101010100100000
0101010101011100
0101010110011000
0101010111010010
0101011000001101
0101011001000110
0101011010000000
0101011010111000
0101011011110001
0101011100101000
0101011101011111
0101011110010110
0101011111001100
0101100000000001
0101100000110110
0101100001101011
0101100010011110
0101100011010010
0101100100000100
0101100100110111
0101100101101000
0101100110011001
0101100111001010
0101100111111010
0101101000101001
0101101001011000
0101101010000110
0101101010110100
0101101011100001
0101101100001110
0101101100111010
0101101101100110
0101101110010001
0101101110111011
0101101111100101
0101110000001110
0101110000110111
0101110001011111
0101110010000110
0101110010101101
0101110011010100
0101110011111010
0101110100011111
0101110101000011
0101110101101000
0101110110001011
0101110110101110
0101110111010000
0101110111110010
0101111000010011
0101111000110100
0101111001010100
0101111001110100
0101111010010011
0101111010110001
0101111011001111
0101111011101100
0101111100001000
0101111100100100
0101111101000000
0101111101011010
0101111101110101
0101111110001110
0101111110100111
0101111111000000
0101111111010111
0101111111101111
0110000000000101
0110000000011011
0110000000110001
0110000001000110
0110000001011010
0110000001101110
0110000010000001
0110000010010011
0110000010100101
0110000010110111
0110000011000111
0110000011010111
0110000011100111
0110000011110110
0110000100000100
0110000100010010
0110000100011111
0110000100101100
0110000100111000
0110000101000011
0110000101001110
0110000101011000
0110000101100001
0110000101101010
0110000101110010
0110000101111010
0110000110000001
0110000110001000
0110000110001110
0110000110010011
0110000110011000
0110000110011100
0110000110011111
0110000110100010
0110000110100101
0110000110100110
0110000110100111
0110000110101000
0110000110101000
0110000110100111
0110000110100110
0110000110100100
0110000110100001
0110000110011110
0110000110011011
0110000110010110
0110000110010001
0110000110001100
0110000110000110
0110000101111111
0110000101111000
0110000101110000
0110000101100111
0110000101011110
0110000101010100
0110000101001010
0110000100111111
0110000100110100
0110000100100111
0110000100011011
0110000100001101
0110000011111111
0110000011110001
0110000011100010
0110000011010010
0110000011000010
0110000010110001
0110000010011111
0110000010001101
0110000001111011
0110000001100111
0110000001010011
0110000000111111
0110000000101010
0110000000010100
0101111111111110
0101111111100111
0101111111010000
0101111110111000
0101111110011111
0101111110000110
0101111101101100
0101111101010001
0101111100110110
0101111100011011
0101111011111111
0101111011100010
0101111011000101
0101111010100111
0101111010001000
0101111001101001
0101111001001010
0101111000101001
0101111000001000
0101110111100111
0101110111000101
0101110110100010
0101110101111111
0101110101011100
0101110100110111
0101110100010010
0101110011101101
0101110011000111
0101110010100000
0101110001111001
0101110001010010
0101110000101001
0101110000000000
0101101111010111
0101101110101101
0101101110000010
0101101101010111
0101101100101100
0101101011111111
0101101011010010
0101101010100101
0101101001110111
0101101001001001
0101101000011010
0101100111101010
0101100110111010
0101100110001001
0101100101011000
0101100100100110
0101100011110100
0101100011000001
0101100010001101
0101100001011001
0101100000100101
0101011111110000
0101011110111010
0101011110000100
0101011101001101
0101011100010110
0101011011011110
0101011010100110
0101011001101101
0101011000110011
0101010111111001
0101010110111111
0101010110000100
0101010101001000
0101010100001100
0101010011010000
0101010010010011
0101010001010101
0101010000010111
0101001111011000
0101001110011001
0101001101011001
0101001100011001
0101001011011000
0101001010010111
0101001001010101
0101001000010011
0101000111010000
0101000110001101
0101000101001001
0101000100000101
0101000011000000
0101000001111011
0101000000110101
0100111111101111
0100111110101000
0100111101100001
0100111100011001
0100111011010001
0100111010001001
0100111000111111
0100110111110110
0100110110101100
0100110101100001
0100110100010110
0100110011001010
0100110001111110
0100110000110010
0100101111100101
0100101110010111
0100101101001001
0100101011111011
0100101010101100
0100101001011101
0100101000001101
0100100110111101
0100100101101100
0100100100011011
0100100011001001
0100100001110111
0100100000100101
0100011111010010
0100011101111110
0100011100101011
0100011011010110
0100011010000010
0100011000101101
0100010111010111
0100010110000001
0100010100101011
0100010011010100
0100010001111100
0100010000100101
0100001111001101
0100001101110100
0100001100011011
0100001011000010
0100001001101000
0100001000001110
0100000110110011
0100000101011000
0100000011111101
0100000010100001
0100000001000101
0011111111101000
0011111110001011
0011111100101110
0011111011010000
0011111001110010
0011111000010011
0011110110110101
0011110101010101
0011110011110110
0011110010010101
0011110000110101
0011101111010100
0011101101110011
0011101100010001
0011101010110000
0011101001001101
0011100111101011
0011100110001000
0011100100100100
0011100011000001
0011100001011101
0011011111111000
0011011110010100
0011011100101110
0011011011001001
0011011001100011
0011010111111101
0011010110010111
0011010100110000
0011010011001001
0011010001100001
0011001111111010
0011001110010010
0011001100101001
0011001011000001
0011001001011000
0011000111101110
0011000110000101
0011000100011011
0011000010110001
0011000001000110
0010111111011011
0010111101110000
0010111100000101
0010111010011001
0010111000101101
0010110111000001
0010110101010100
0010110011100111
0010110001111010
0010110000001101
0010101110011111
0010101100110001
0010101011000011
0010101001010101
0010100111100110
0010100101110111
0010100100001000
0010100010011000
0010100000101000
0010011110111000
0010011101001000
0010011011011000
0010011001100111
0010010111110110
0010010110000101
0010010100010011
0010010010100010
0010010000110000
0010001110111110
0010001101001100
0010001011011001
0010001001100110
0010000111110011
0010000110000000
0010000100001101
0010000010011001
0010000000100101
0001111110110001
0001111100111101
0001111011001001
0001111001010100
0001110111100000
0001110101101011
0001110011110110
0001110010000000
0001110000001011
0001101110010101
0001101100011111
0001101010101001
0001101000110011
0001100110111101
0001100101000110
0001100011010000
0001100001011001
0001011111100010
0001011101101011
0001011011110100
0001011001111101
0001011000000101
0001010110001101
0001010100010110
0001010010011110
0001010000100110
0001001110101110
0001001100110101
0001001010111101
0001001001000100
0001000111001100
0001000101010011
0001000011011010
0001000001100001
0000111111101000
0000111101101111
0000111011110110
0000111001111101
0000111000000011
0000110110001010
0000110100010000
0000110010010111
0000110000011101
0000101110100011
0000101100101001
0000101010101111
0000101000110101
0000100110111011
0000100101000001
0000100011000111
0000100001001101
0000011111010010
0000011101011000
0000011011011110
0000011001100011
0000010111101001
0000010101101110
0000010011110100
0000010001111001
0000001111111110
0000001110000100
0000001100001001
0000001010001110
0000001000010100
0000000110011001
0000000100011110
0000000010100100
0000000000101001
1111111110101110
1111111100110011
1111111010111001
1111111000111110
1111110111000011
1111110101001001
1111110011001110
1111110001010011
1111101111011001
1111101101011110
1111101011100100
1111101001101001
1111100111101111
1111100101110100
1111100011111010
1111100001111111
1111100000000101
1111011110001011
1111011100010000
1111011010010110
1111011000011100
1111010110100010
1111010100101000
1111010010101110
1111010000110100
1111001110111011
1111001101000001
1111001011000111
1111001001001110
1111000111010100
1111000101011011
1111000011100010
1111000001101000
1110111111101111
1110111101110110
1110111011111101
1110111010000101
1110111000001100
1110110110010011
1110110100011011
1110110010100011
1110110000101010
1110101110110010
1110101100111010
1110101011000010
1110101001001011
1110100111010011
1110100101011100
1110100011100100
1110100001101101
1110011111110110
1110011101111111
1110011100001001
1110011010010010
1110011000011100
1110010110100101
1110010100101111
1110010010111001
1110010001000100
1110001111001110
1110001101011001
1110001011100011
1110001001101110
1110000111111001
1110000110000101
1110000100010000
1110000010011100
1110000000101000
1101111110110100
1101111101000000
1101111011001101
1101111001011001
1101110111100110
1101110101110011
1101110100000001
1101110010001110
1101110000011100
1101101110101010
1101101100111000
1101101011000111
1101101001010101
1101100111100100
1101100101110011
1101100100000011
1101100010010010
1101100000100010
1101011110110010
1101011101000011
1101011011010011
1101011001100100
1101010111110101
1101010110000111
1101010100011000
1101010010101010
1101010000111100
1101001111001111
1101001101100001
1101001011110100
1101001010001000
1101001000011011
1101000110101111
1101000101000011
1101000011010111
1101000001101100
1101000000000001
1100111110010110
1100111100101100
1100111011000010
1100111001011000
1100110111101111
1100110110000101
1100110100011100
1100110010110100
1100110001001100
1100101111100100
1100101101111100
1100101100010101
1100101010101110
1100101001000111
1100100111100001
1100100101111011
1100100100010101
1100100010110000
1100100001001011
1100011111100110
1100011110000010
1100011100011110
1100011010111010
1100011001010111
1100010111110100
1100010110010010
1100010100110000
1100010011001110
1100010001101101
1100010000001011
1100001110101011
1100001101001010
1100001011101011
1100001010001011
1100001000101100
1100000111001101
1100000101101111
1100000100010001
1100000010110011
1100000001010110
1011111111111001
1011111110011100
1011111101000000
1011111011100101
1011111010001001
1011111000101110
1011110111010100
1011110101111010
1011110100100000
1011110011000111
1011110001101110
1011110000010110
1011101110111110
1011101101100110
1011101100001111
1011101010111001
1011101001100010
1011101000001100
1011100110110111
1011100101100010
1011100100001110
1011100010111001
1011100001100110
1011100000010011
1011011111000000
1011011101101101
1011011100011011
1011011011001010
1011011001111001
1011011000101001
1011010111011000
1011010110001001
1011010100111010
1011010011101011
1011010010011101
1011010001001111
1011010000000010
1011001110110101
1011001101101000
1011001100011101
1011001011010001
1011001010000110
1011001000111100
1011000111110010
1011000110101000
1011000101011111
1011000100010111
1011000011001111
1011000010000111
1011000001000000
1010111111111001
1010111110110011
1010111101101110
1010111100101001
1010111011100100
1010111010100000
1010111001011100
1010111000011001
1010110111010111
1010110110010101
1010110101010011
1010110100010010
1010110011010001
1010110010010001
1010110001010010
1010110000010011
1010101111010100
1010101110010110
1010101101011001
1010101100011100
1010101011100000
1010101010100100
1010101001101000
1010101000101110
1010100111110011
1010100110111010
1010100110000000
1010100101001000
1010100100001111
1010100011011000
1010100010100001
1010100001101010
1010100000110100
1010011111111111
1010011111001010
1010011110010101
1010011101100010
1010011100101110
1010011011111100
1010011011001001
1010011010011000
1010011001100111
1010011000110110
1010011000000110
1010010111010111
1010010110101000
1010010101111010
1010010101001100
1010010100011111
1010010011110010
1010010011000110
1010010010011010
1010010001101111
1010010001000101
1010010000011011
1010001111110010
1010001111001001
1010001110100001
1010001101111010
1010001101010011
1010001100101100
1010001100000110
1010001011100001
1010001010111101
1010001010011000
1010001001110101
1010001001010010
1010001000110000
1010001000001110
1010000111101101
1010000111001100
1010000110101100
1010000110001100
1010000101101101
1010000101001111
1010000100110001
1010000100010100
1010000011111000
1010000011011100
1010000011000000
1010000010100110
1010000010001011
1010000001110010
1010000001011001
1010000001000000
1010000000101001
1010000000010001
1001111111111011
1001111111100101
1001111111001111
1001111110111010
1001111110100110
1001111110010010
1001111101111111
1001111101101101
1001111101011011
1001111101001001
1001111100111001
1001111100101001
1001111100011001
1001111100001010
1001111011111100
1001111011101110
1001111011100001
1001111011010100
1001111011001000
1001111010111101
1001111010110010
1001111010101000
1001111010011111
1001111010010110
1001111010001110
1001111010000110
1001111001111111
1001111001111000
1001111001110010
1001111001101101
1001111001101000
1001111001100100
1001111001100001
1001111001011110
1001111001011011
1001111001011010
1001111001011001
1001111001011000
1001111001011000
1001111001011001
1001111001011010
1001111001011100
1001111001011111
1001111001100010
1001111001100101
1001111001101010
1001111001101111
1001111001110100
1001111001111010
1001111010000001
1001111010001000
1001111010010000
1001111010011001
1001111010100010
1001111010101100
1001111010110110
1001111011000001
1001111011001100
1001111011011001
1001111011100101
1001111011110011
1001111100000001
1001111100001111
1001111100011110
1001111100101110
1001111100111110
1001111101001111
1001111101100001
1001111101110011
1001111110000101
1001111110011001
1001111110101101
1001111111000001
1001111111010110
1001111111101100
1010000000000010
1010000000011001
1010000000110000
1010000001001000
1010000001100001
1010000001111010
1010000010010100
1010000010101111
1010000011001010
1010000011100101
1010000100000001
1010000100011110
1010000100111011
1010000101011001
1010000101111000
1010000110010111
1010000110110110
1010000111010111
1010000111111000
1010001000011001
1010001000111011
1010001001011110
1010001010000001
1010001010100100
1010001011001001
1010001011101110
1010001100010011
1010001100111001
1010001101100000
1010001110000111
1010001110101110
1010001111010111
1010010000000000
1010010000101001
1010010001010011
1010010001111110
1010010010101001
1010010011010100
1010010100000001
1010010100101110
1010010101011011
1010010110001001
1010010110110111
1010010111100110
1010011000010110
1010011001000110
1010011001110111
1010011010101000
1010011011011010
1010011100001100
1010011100111111
1010011101110011
1010011110100111
1010011111011011
1010100000010000
1010100001000110
1010100001111100
1010100010110011
1010100011101010
1010100100100010
1010100101011010
1010100110010011
1010100111001101
1010101000000111
1010101001000001
1010101001111100
1010101010111000
1010101011110100
1010101100110000
1010101101101101
1010101110101011
1010101111101001
1010110000101000
1010110001100111
1010110010100111
1010110011100111
1010110100101000
1010110101101001
1010110110101011
1010110111101101
1010111000110000
1010111001110011
1010111010110111
1010111011111011
1010111101000000
1010111110000101
1010111111001011
1011000000010001
1011000001011000
1011000010011111
1011000011100111
1011000100101111
1011000101110111
1011000111000001
1011001000001010
1011001001010100
1011001010011111
1011001011101010
1011001100110110
1011001110000010
1011001111001110
1011010000011011
1011010001101001
1011010010110111
1011010100000101
1011010101010100
1011010110100011
1011010111110011
1011011001000011
1011011010010100
1011011011100101
1011011100110111
1011011110001001
1011011111011011
1011100000101110
1011100010000010
1011100011010101
1011100100101010
1011100101111110
1011100111010011
1011101000101001
1011101001111111
1011101011010101
1011101100101100
1011101110000100
1011101111011011
1011110000110011
1011110010001100
1011110011100101
1011110100111110
1011110110011000
1011110111110010
1011111001001101
1011111010101000
1011111100000011
1011111101011111
1011111110111011
1100000000011000
1100000001110101
1100000011010010
1100000100110000
1100000110001110
1100000111101101
1100001001001011
1100001010101011
1100001100001010
1100001101101011
1100001111001011
1100010000101100
1100010010001101
1100010011101111
1100010101010000
1100010110110011
1100011000010101
1100011001111000
1100011011011100
1100011100111111
1100011110100011
1100100000001000
1100100001101100
1100100011010010
1100100100110111
1100100110011101
1100101000000011
1100101001101001
1100101011010000
1100101100110111
1100101110011111
1100110000000110
1100110001101110
1100110011010111
1100110100111111
1100110110101000
1100111000010010
1100111001111011
1100111011100101
1100111101001111
1100111110111010
1101000000100101
1101000010010000
1101000011111011
1101000101100111
1101000111010011
1101001000111111
1101001010101100
1101001100011001
1101001110000110
1101001111110011
1101010001100001
1101010011001111
1101010100111101
1101010110101011
1101011000011010
1101011010001001
1101011011111000
1101011101101000
1101011111011000
1101100001001000
1101100010111000
1101100100101000
1101100110011001
1101101000001010
1101101001111011
1101101011101101
1101101101011110
1101101111010000
1101110001000010
1101110010110100
1101110100100111
1101110110011010
1101111000001101
1101111010000000
1101111011110011
1101111101100111
1101111111011011
1110000001001111
1110000011000011
1110000100110111
1110000110101100
1110001000100000
1110001010010101
1110001100001010
1110001110000000
1110001111110101
1110010001101011
1110010011100001
1110010101010111
1110010111001101
1110011001000011
1110011010111010
1110011100110000
1110011110100111
1110100000011110
1110100010010101
1110100100001100
1110100110000011
1110100111111011
1110101001110011
1110101011101010
1110101101100010
1110101111011010
1110110001010010
1110110011001011
1110110101000011
1110110110111100
1110111000110100
1110111010101101
1110111100100110
1110111110011111
1111000000011000
1111000010010001
1111000100001010
1111000110000011
1111000111111101
1111001001110110
1111001011110000
1111001101101001
1111001111100011
1111010001011101
1111010011010111
1111010101010001
1111010111001011
1111011001000101
1111011010111111
1111011100111001
1111011110110011
1111100000101110
1111100010101000
1111100100100010
1111100110011101
1111101000010111
1111101010010010
1111101100001100
1111101110000111
1111110000000010
1111110001111100
1111110011110111
1111110101110010
1111110111101100
1111111001100111
1111111011100010
1111111101011100
1111111111010111
0000000001010010
0000000011001101
0000000101000111
0000000111000010
0000001000111101
0000001010110111
0000001100110010
0000001110101101
0000010000100111
0000010010100010
0000010100011100
0000010110010111
0000011000010001
0000011010001100
0000011100000110
0000011110000001
0000011111111011
0000100001110101
0000100011110000
0000100101101010
0000100111100100
0000101001011110
0000101011011000
0000101101010010
0000101111001100
0000110001000101
0000110010111111
0000110100111001
0000110110110010
0000111000101100
0000111010100101
0000111100011110
0000111110011000
0001000000010001
0001000010001010
0001000100000011
0001000101111011
0001000111110100
0001001001101101
0001001011100101
0001001101011101
0001001111010110
0001010001001110
0001010011000110
0001010100111110
0001010110110101
0001011000101101
0001011010100100
0001011100011100
0001011110010011
0001100000001010
0001100010000001
0001100011110111
0001100101101110
0001100111100100
0001101001011011
0001101011010001
0001101101000111
0001101110111100
0001110000110010
0001110010100111
0001110100011101
0001110110010010
0001111000000111
0001111001111011
0001111011110000
0001111101100100
0001111111011000
0010000001001100
0010000011000000
0010000100110011
0010000110100111
0010001000011010
0010001010001101
0010001011111111
0010001101110010
0010001111100100
0010010001010110
0010010011001000
0010010100111001
0010010110101011
0010011000011100
0010011010001101
0010011011111101
0010011101101110
0010011111011110
0010100001001110
0010100010111101
0010100100101101
0010100110011100
0010101000001011
0010101001111001
0010101011101000
0010101101010110
0010101111000100
0010110000110001
0010110010011111
0010110100001100
0010110101111000
0010110111100101
0010111001010001
0010111010111101
0010111100101001
0010111110010100
0010111111111111
0011000001101010
0011000011010100
0011000100111110
0011000110101000
0011001000010001
0011001001111011
0011001011100100
0011001101001100
0011001110110100
0011010000011100
0011010010000100
0011010011101011
0011010101010010
0011010110111001
0011011000011111
0011011010000101
0011011011101011
0011011101010000
0011011110110101
0011100000011010
0011100001111110
0011100011100010
0011100101000110
0011100110101001
0011101000001100
0011101001101110
0011101011010000
0011101100110010
0011101110010011
0011101111110101
0011110001010101
0011110010110110
0011110100010101
0011110101110101
0011110111010100
0011111000110011
0011111010010001
0011111011101111
0011111101001101
0011111110101010
0100000000000111
0100000001100100
0100000011000000
0100000100011011
0100000101110111
0100000111010010
0100001000101100
0100001010000110
0100001011100000
0100001100111001
0100001110010010
0100001111101010
0100010001000010
0100010010011010
0100010011110001
0100010101000111
0100010110011110
0100010111110100
0100011001001001
0100011010011110
0100011011110010
0100011101000111
0100011110011010
0100011111101101
0100100001000000
0100100010010011
0100100011100101
0100100100110110
0100100110000111
0100100111010111
0100101000101000
0100101001110111
0100101011000110
0100101100010101
0100101101100011
0100101110110001
0100101111111110
0100110001001011
0100110010011000
0100110011100011
0100110100101111
0100110101111010
0100110111000100
0100111000001110
0100111001011000
0100111010100001
0100111011101001
0100111100110001
0100111101111001
0100111111000000
0101000000000111
0101000001001101
0101000010010010
0101000011010111
0101000100011100
0101000101100000
0101000110100100
0101000111100111
0101001000101001
0101001001101011
0101001010101101
0101001011101110
0101001100101111
0101001101101111
0101001110101110
0101001111101101
0101010000101100
0101010001101010
0101010010100111
0101010011100100
0101010100100000
0101010101011100
0101010110011000
0101010111010010
0101011000001101
0101011001000110
0101011010000000
0101011010111000
0101011011110001
0101011100101000
0101011101011111
0101011110010110
0101011111001100
0101100000000001
0101100000110110
0101100001101011
0101100010011110
0101100011010010
0101100100000100
0101100100110111
0101100101101000
0101100110011001
0101100111001010
0101100111111010
0101101000101001
0101101001011000
0101101010000110
0101101010110100
0101101011100001
0101101100001110
0101101100111010
0101101101100110
0101101110010001
0101101110111011
0101101111100101
0101110000001110
0101110000110111
0101110001011111
0101110010000110
0101110010101101
0101110011010100
0101110011111010
0101110100011111
0101110101000011
0101110101101000
0101110110001011
0101110110101110
0101110111010000
0101110111110010
0101111000010011
0101111000110100
0101111001010100
0101111001110100
0101111010010011
0101111010110001
0101111011001111
0101111011101100
0101111100001000
0101111100100100
0101111101000000
0101111101011010
0101111101110101
0101111110001110
0101111110100111
0101111111000000
0101111111010111
0101111111101111
0110000000000101
0110000000011011
0110000000110001
0110000001000110
0110000001011010
0110000001101110
0110000010000001
0110000010010011
0110000010100101
0110000010110111
0110000011000111
0110000011010111
0110000011100111
0110000011110110
0110000100000100
0110000100010010
0110000100011111
0110000100101100
0110000100111000
0110000101000011
0110000101001110
0110000101011000
0110000101100001
0110000101101010
0110000101110010
0110000101111010
0110000110000001
0110000110001000
0110000110001110
0110000110010011
0110000110011000
0110000110011100
0110000110011111
0110000110100010
0110000110100101
0110000110100110
0110000110100111
0110000110101000
0110000110101000
0110000110100111
0110000110100110
0110000110100100
0110000110100001
0110000110011110
0110000110011011
0110000110010110
0110000110010001
0110000110001100
0110000110000110
0110000101111111
0110000101111000
0110000101110000
0110000101100111
0110000101011110
0110000101010100
0110000101001010
0110000100111111
0110000100110100
0110000100100111
0110000100011011
0110000100001101
0110000011111111
0110000011110001
0110000011100010
0110000011010010
0110000011000010
0110000010110001
0110000010011111
0110000010001101
0110000001111011
0110000001100111
0110000001010011
0110000000111111
0110000000101010
0110000000010100
0101111111111110
0101111111100111
0101111111010000
0101111110111000
0101111110011111
0101111110000110
0101111101101100
0101111101010001
0101111100110110
0101111100011011
0101111011111111
0101111011100010
0101111011000101
0101111010100111
0101111010001000
0101111001101001
0101111001001010
0101111000101001
0101111000001000
0101110111100111
0101110111000101
0101110110100010
0101110101111111
0101110101011100
0101110100110111
0101110100010010
0101110011101101
0101110011000111
0101110010100000
0101110001111001
0101110001010010
0101110000101001
0101110000000000
0101101111010111
0101101110101101
0101101110000010
0101101101010111
0101101100101100
0101101011111111
0101101011010010
0101101010100101
0101101001110111
0101101001001001
0101101000011010
0101100111101010
0101100110111010
0101100110001001
0101100101011000
0101100100100110
0101100011110100
0101100011000001
0101100010001101
0101100001011001
0101100000100101
0101011111110000
0101011110111010
0101011110000100
0101011101001101
0101011100010110
0101011011011110
0101011010100110
0101011001101101
0101011000110011
0101010111111001
0101010110111111
0101010110000100
0101010101001000
0101010100001100
0101010011010000
0101010010010011
0101010001010101
0101010000010111
0101001111011000
0101001110011001
0101001101011001
0101001100011001
0101001011011000
0101001010010111
0101001001010101
0101001000010011
0101000111010000
0101000110001101
0101000101001001
0101000100000101
0101000011000000
0101000001111011
0101000000110101
0100111111101111
0100111110101000
0100111101100001
0100111100011001
0100111011010001
0100111010001001
0100111000111111
0100110111110110
0100110110101100
0100110101100001
0100110100010110
0100110011001010
0100110001111110
0100110000110010
0100101111100101
0100101110010111
0100101101001001
0100101011111011
0100101010101100
0100101001011101
0100101000001101
0100100110111101
0100100101101100
0100100100011011
0100100011001001
0100100001110111
0100100000100101
0100011111010010
0100011101111110
0100011100101011
0100011011010110
0100011010000010
0100011000101101
0100010111010111
0100010110000001
0100010100101011
0100010011010100
0100010001111100
0100010000100101
0100001111001101
0100001101110100
0100001100011011
0100001011000010
0100001001101000
0100001000001110
0100000110110011
0100000101011000
0100000011111101
0100000010100001
0100000001000101
0011111111101000
0011111110001011
0011111100101110
0011111011010000
0011111001110010
0011111000010011
0011110110110101
0011110101010101
0011110011110110
0011110010010101
0011110000110101
0011101111010100
0011101101110011
0011101100010001
0011101010110000
0011101001001101
0011100111101011
0011100110001000
0011100100100100
0011100011000001
0011100001011101
0011011111111000
0011011110010100
0011011100101110
0011011011001001
0011011001100011
0011010111111101
0011010110010111
0011010100110000
0011010011001001
0011010001100001
0011001111111010
0011001110010010
0011001100101001
0011001011000001
0011001001011000
0011000111101110
0011000110000101
0011000100011011
0011000010110001
0011000001000110
0010111111011011
0010111101110000
0010111100000101
0010111010011001
0010111000101101
0010110111000001
0010110101010100
0010110011100111
0010110001111010
0010110000001101
0010101110011111
0010101100110001
0010101011000011
0010101001010101
0010100111100110
0010100101110111
0010100100001000
0010100010011000
0010100000101000
0010011110111000
0010011101001000
0010011011011000
0010011001100111
0010010111110110
0010010110000101
0010010100010011
0010010010100010
0010010000110000
0010001110111110
0010001101001100
0010001011011001
0010001001100110
0010000111110011
0010000110000000
0010000100001101
0010000010011001
0010000000100101
0001111110110001
0001111100111101
0001111011001001
0001111001010100
0001110111100000
0001110101101011
0001110011110110
0001110010000000
0001110000001011
0001101110010101
0001101100011111
0001101010101001
0001101000110011
0001100110111101
0001100101000110
0001100011010000
0001100001011001
0001011111100010
0001011101101011
0001011011110100
0001011001111101
0001011000000101
0001010110001101
0001010100010110
0001010010011110
0001010000100110
0001001110101110
0001001100110101
0001001010111101
0001001001000100
0001000111001100
0001000101010011
0001000011011010
0001000001100001
0000111111101000
0000111101101111
0000111011110110
0000111001111101
0000111000000011
0000110110001010
0000110100010000
0000110010010111
0000110000011101
0000101110100011
0000101100101001
0000101010101111
0000101000110101
0000100110111011
0000100101000001
0000100011000111
0000100001001101
0000011111010010
0000011101011000
0000011011011110
0000011001100011
0000010111101001
0000010101101110
0000010011110100
0000010001111001
0000001111111110
0000001110000100
0000001100001001
0000001010001110
0000001000010100
0000000110011001
0000000100011110
0000000010100100
0000000000101001
1111111110101110
1111111100110011
1111111010111001
1111111000111110
1111110111000011
1111110101001001
1111110011001110
1111110001010011
1111101111011001
1111101101011110
1111101011100100
1111101001101001
1111100111101111
1111100101110100
1111100011111010
1111100001111111
1111100000000101
1111011110001011
1111011100010000
1111011010010110
1111011000011100
1111010110100010
1111010100101000
1111010010101110
1111010000110100
1111001110111011
1111001101000001
1111001011000111
1111001001001110
1111000111010100
1111000101011011
1111000011100010
1111000001101000
1110111111101111
1110111101110110
1110111011111101
1110111010000101
1110111000001100
1110110110010011
1110110100011011
1110110010100011
1110110000101010
1110101110110010
1110101100111010
1110101011000010
1110101001001011
1110100111010011
1110100101011100
1110100011100100
1110100001101101
1110011111110110
1110011101111111
1110011100001001
1110011010010010
1110011000011100
1110010110100101
1110010100101111
1110010010111001
1110010001000100
1110001111001110
1110001101011001
1110001011100011
1110001001101110
1110000111111001
1110000110000101
1110000100010000
1110000010011100
1110000000101000
1101111110110100
1101111101000000
1101111011001101
1101111001011001
1101110111100110
1101110101110011
1101110100000001
1101110010001110
1101110000011100
1101101110101010
1101101100111000
1101101011000111
1101101001010101
1101100111100100
1101100101110011
1101100100000011
1101100010010010
1101100000100010
1101011110110010
1101011101000011
1101011011010011
1101011001100100
1101010111110101
1101010110000111
1101010100011000
1101010010101010
1101010000111100
1101001111001111
1101001101100001
1101001011110100
1101001010001000
1101001000011011
1101000110101111
1101000101000011
1101000011010111
1101000001101100
1101000000000001
1100111110010110
1100111100101100
1100111011000010
1100111001011000
1100110111101111
1100110110000101
1100110100011100
1100110010110100
1100110001001100
1100101111100100
1100101101111100
1100101100010101
1100101010101110
1100101001000111
1100100111100001
1100100101111011
1100100100010101
1100100010110000
1100100001001011
1100011111100110
1100011110000010
1100011100011110
1100011010111010
1100011001010111
1100010111110100
1100010110010010
1100010100110000
1100010011001110
1100010001101101
1100010000001011
1100001110101011
1100001101001010
1100001011101011
1100001010001011
1100001000101100
1100000111001101
1100000101101111
1100000100010001
1100000010110011
1100000001010110
1011111111111001
1011111110011100
1011111101000000
1011111011100101
1011111010001001
1011111000101110
1011110111010100
1011110101111010
1011110100100000
1011110011000111
1011110001101110
1011110000010110
1011101110111110
1011101101100110
1011101100001111
1011101010111001
1011101001100010
1011101000001100
1011100110110111
1011100101100010
1011100100001110
1011100010111001
1011100001100110
1011100000010011
1011011111000000
1011011101101101
1011011100011011
1011011011001010
1011011001111001
1011011000101001
1011010111011000
1011010110001001
1011010100111010
1011010011101011
1011010010011101
1011010001001111
1011010000000010
1011001110110101
1011001101101000
1011001100011101
1011001011010001
1011001010000110
1011001000111100
1011000111110010
1011000110101000
1011000101011111
1011000100010111
1011000011001111
1011000010000111
1011000001000000
1010111111111001
1010111110110011
1010111101101110
1010111100101001
1010111011100100
1010111010100000
1010111001011100
1010111000011001
1010110111010111
1010110110010101
1010110101010011
1010110100010010
1010110011010001
1010110010010001
1010110001010010
1010110000010011
1010101111010100
1010101110010110
1010101101011001
1010101100011100
1010101011100000
1010101010100100
1010101001101000
1010101000101110
1010100111110011
1010100110111010
1010100110000000
1010100101001000
1010100100001111
1010100011011000
1010100010100001
1010100001101010
1010100000110100
1010011111111111
1010011111001010
1010011110010101
1010011101100010
1010011100101110
1010011011111100
1010011011001001
1010011010011000
1010011001100111
1010011000110110
1010011000000110
1010010111010111
1010010110101000
1010010101111010
1010010101001100
1010010100011111
1010010011110010
1010010011000110
1010010010011010
1010010001101111
1010010001000101
1010010000011011
1010001111110010
1010001111001001
1010001110100001
1010001101111010
1010001101010011
1010001100101100
1010001100000110
1010001011100001
1010001010111101
1010001010011000
1010001001110101
1010001001010010
1010001000110000
1010001000001110
1010000111101101
1010000111001100
1010000110101100
1010000110001100
1010000101101101
1010000101001111
1010000100110001
1010000100010100
1010000011111000
1010000011011100
1010000011000000
1010000010100110
1010000010001011
1010000001110010
1010000001011001
1010000001000000
1010000000101001
1010000000010001
1001111111111011
1001111111100101
1001111111001111
1001111110111010
1001111110100110
1001111110010010
1001111101111111
1001111101101101
1001111101011011
1001111101001001
1001111100111001
1001111100101001
1001111100011001
1001111100001010
1001111011111100
1001111011101110
1001111011100001
1001111011010100
1001111011001000
1001111010111101
1001111010110010
1001111010101000
1001111010011111
1001111010010110
1001111010001110
1001111010000110
1001111001111111
1001111001111000
1001111001110010
1001111001101101
1001111001101000
1001111001100100
1001111001100001
1001111001011110
1001111001011011
1001111001011010
1001111001011001
1001111001011000
1001111001011000
1001111001011001
1001111001011010
1001111001011100
1001111001011111
1001111001100010
1001111001100101
1001111001101010
1001111001101111
1001111001110100
1001111001111010
1001111010000001
1001111010001000
1001111010010000
1001111010011001
1001111010100010
1001111010101100
1001111010110110
1001111011000001
1001111011001100
1001111011011001
1001111011100101
1001111011110011
1001111100000001
1001111100001111
1001111100011110
1001111100101110
1001111100111110
1001111101001111
1001111101100001
1001111101110011
1001111110000101
1001111110011001
1001111110101101
1001111111000001
1001111111010110
1001111111101100
1010000000000010
1010000000011001
1010000000110000
1010000001001000
1010000001100001
1010000001111010
1010000010010100
1010000010101111
1010000011001010
1010000011100101
1010000100000001
1010000100011110
1010000100111011
1010000101011001
1010000101111000
1010000110010111
1010000110110110
1010000111010111
1010000111111000
1010001000011001
1010001000111011
1010001001011110
1010001010000001
1010001010100100
1010001011001001
1010001011101110
1010001100010011
1010001100111001
1010001101100000
1010001110000111
1010001110101110
1010001111010111
1010010000000000
1010010000101001
1010010001010011
1010010001111110
1010010010101001
1010010011010100
1010010100000001
1010010100101110
1010010101011011
1010010110001001
1010010110110111
1010010111100110
1010011000010110
1010011001000110
1010011001110111
1010011010101000
1010011011011010
1010011100001100
1010011100111111
1010011101110011
1010011110100111
1010011111011011
1010100000010000
1010100001000110
1010100001111100
1010100010110011
1010100011101010
1010100100100010
1010100101011010
1010100110010011
1010100111001101
1010101000000111
1010101001000001
1010101001111100
1010101010111000
1010101011110100
1010101100110000
1010101101101101
1010101110101011
1010101111101001
1010110000101000
1010110001100111
1010110010100111
1010110011100111
1010110100101000
1010110101101001
1010110110101011
1010110111101101
1010111000110000
1010111001110011
1010111010110111
1010111011111011
1010111101000000
1010111110000101
1010111111001011
1011000000010001
1011000001011000
1011000010011111
1011000011100111
1011000100101111
1011000101110111
1011000111000001
1011001000001010
1011001001010100
1011001010011111
1011001011101010
1011001100110110
1011001110000010
1011001111001110
1011010000011011
1011010001101001
1011010010110111
1011010100000101
1011010101010100
1011010110100011
1011010111110011
1011011001000011
1011011010010100
1011011011100101
1011011100110111
1011011110001001
1011011111011011
1011100000101110
1011100010000010
1011100011010101
1011100100101010
1011100101111110
1011100111010011
1011101000101001
1011101001111111
1011101011010101
1011101100101100
1011101110000100
1011101111011011
1011110000110011
1011110010001100
1011110011100101
1011110100111110
1011110110011000
1011110111110010
1011111001001101
1011111010101000
1011111100000011
1011111101011111
1011111110111011
1100000000011000
1100000001110101
1100000011010010
1100000100110000
1100000110001110
1100000111101101
1100001001001011
1100001010101011
1100001100001010
1100001101101011
1100001111001011
1100010000101100
1100010010001101
1100010011101111
1100010101010000
1100010110110011
1100011000010101
1100011001111000
1100011011011100
1100011100111111
1100011110100011
1100100000001000
1100100001101100
1100100011010010
1100100100110111
1100100110011101
1100101000000011
1100101001101001
1100101011010000
1100101100110111
1100101110011111
1100110000000110
1100110001101110
1100110011010111
1100110100111111
1100110110101000
1100111000010010
1100111001111011
1100111011100101
1100111101001111
1100111110111010
1101000000100101
1101000010010000
1101000011111011
1101000101100111
1101000111010011
1101001000111111
1101001010101100
1101001100011001
1101001110000110
1101001111110011
1101010001100001
1101010011001111
1101010100111101
1101010110101011
1101011000011010
1101011010001001
1101011011111000
1101011101101000
1101011111011000
1101100001001000
1101100010111000
1101100100101000
1101100110011001
1101101000001010
1101101001111011
1101101011101101
1101101101011110
1101101111010000
1101110001000010
1101110010110100
1101110100100111
1101110110011010
1101111000001101
1101111010000000
1101111011110011
1101111101100111
1101111111011011
1110000001001111
1110000011000011
1110000100110111
1110000110101100
1110001000100000
1110001010010101
1110001100001010
1110001110000000
1110001111110101
1110010001101011
1110010011100001
1110010101010111
1110010111001101
1110011001000011
1110011010111010
1110011100110000
1110011110100111
1110100000011110
1110100010010101
1110100100001100
1110100110000011
1110100111111011
1110101001110011
1110101011101010
1110101101100010
1110101111011010
1110110001010010
1110110011001011
1110110101000011
1110110110111100
1110111000110100
1110111010101101
1110111100100110
1110111110011111
1111000000011000
1111000010010001
1111000100001010
1111000110000011
1111000111111101
1111001001110110
1111001011110000
1111001101101001
1111001111100011
1111010001011101
1111010011010111
1111010101010001
1111010111001011
1111011001000101
1111011010111111
1111011100111001
1111011110110011
1111100000101110
1111100010101000
1111100100100010
1111100110011101
1111101000010111
1111101010010010
1111101100001100
1111101110000111
1111110000000010
1111110001111100
1111110011110111
1111110101110010
1111110111101100
1111111001100111
1111111011100010
1111111101011100
1111111111010111
0000000001010010
0000000011001101
0000000101000111
0000000111000010
0000001000111101
0000001010110111
0000001100110010
0000001110101101
0000010000100111
0000010010100010
0000010100011100
0000010110010111
0000011000010001
0000011010001100
0000011100000110
0000011110000001
0000011111111011
0000100001110101
0000100011110000
0000100101101010
0000100111100100
0000101001011110
0000101011011000
0000101101010010
0000101111001100
0000110001000101
0000110010111111
0000110100111001
0000110110110010
0000111000101100
0000111010100101
0000111100011110
0000111110011000
0001000000010001
0001000010001010
0001000100000011
0001000101111011
0001000111110100
0001001001101101
0001001011100101
0001001101011101
0001001111010110
0001010001001110
0001010011000110
0001010100111110
0001010110110101
0001011000101101
0001011010100100
0001011100011100
0001011110010011
0001100000001010
0001100010000001
0001100011110111
0001100101101110
0001100111100100
0001101001011011
0001101011010001
0001101101000111
0001101110111100
0001110000110010
0001110010100111
0001110100011101
0001110110010010
0001111000000111
0001111001111011
0001111011110000
0001111101100100
0001111111011000
0010000001001100
0010000011000000
0010000100110011
0010000110100111
0010001000011010
0010001010001101
0010001011111111
0010001101110010
0010001111100100
0010010001010110
0010010011001000
0010010100111001
0010010110101011
0010011000011100
0010011010001101
0010011011111101
0010011101101110
0010011111011110
0010100001001110
0010100010111101
0010100100101101
0010100110011100
0010101000001011
0010101001111001
0010101011101000
0010101101010110
0010101111000100
0010110000110001
0010110010011111
0010110100001100
0010110101111000
0010110111100101
0010111001010001
0010111010111101
0010111100101001
0010111110010100
0010111111111111
0011000001101010
0011000011010100
0011000100111110
0011000110101000
0011001000010001
0011001001111011
0011001011100100
0011001101001100
0011001110110100
0011010000011100
0011010010000100
0011010011101011
0011010101010010
0011010110111001
0011011000011111
0011011010000101
0011011011101011
0011011101010000
0011011110110101
0011100000011010
0011100001111110
0011100011100010
0011100101000110
0011100110101001
0011101000001100
0011101001101110
0011101011010000
0011101100110010
0011101110010011
0011101111110101
0011110001010101
0011110010110110
0011110100010101
0011110101110101
0011110111010100
0011111000110011
0011111010010001
0011111011101111
0011111101001101
0011111110101010
0100000000000111
0100000001100100
0100000011000000
0100000100011011
0100000101110111
0100000111010010
0100001000101100
0100001010000110
0100001011100000
0100001100111001
0100001110010010
0100001111101010
0100010001000010
0100010010011010
0100010011110001
0100010101000111
0100010110011110
0100010111110100
0100011001001001
0100011010011110
0100011011110010
0100011101000111
0100011110011010
0100011111101101
0100100001000000
0100100010010011
0100100011100101
0100100100110110
0100100110000111
0100100111010111
0100101000101000
0100101001110111
0100101011000110
0100101100010101
0100101101100011
0100101110110001
0100101111111110
0100110001001011
0100110010011000
0100110011100011
0100110100101111
0100110101111010
0100110111000100
0100111000001110
0100111001011000
0100111010100001
0100111011101001
0100111100110001
0100111101111001
0100111111000000
0101000000000111
0101000001001101
0101000010010010
0101000011010111
0101000100011100
0101000101100000
0101000110100100
0101000111100111
0101001000101001
0101001001101011
0101001010101101
0101001011101110
0101001100101111
0101001101101111
0101001110101110
0101001111101101
0101010000101100
0101010001101010
0101010010100111
0101010011100100
0101010100100000
0101010101011100
0101010110011000
0101010111010010
0101011000001101
0101011001000110
0101011010000000
0101011010111000
0101011011110001
0101011100101000
0101011101011111
0101011110010110
0101011111001100
0101100000000001
0101100000110110
0101100001101011
0101100010011110
0101100011010010
0101100100000100
0101100100110111
0101100101101000
0101100110011001
0101100111001010
0101100111111010
0101101000101001
0101101001011000
0101101010000110
0101101010110100
0101101011100001
0101101100001110
0101101100111010
0101101101100110
0101101110010001
0101101110111011
0101101111100101
0101110000001110
0101110000110111
0101110001011111
0101110010000110
0101110010101101
0101110011010100
0101110011111010
0101110100011111
0101110101000011
0101110101101000
0101110110001011
0101110110101110
0101110111010000
0101110111110010
0101111000010011
0101111000110100
0101111001010100
0101111001110100
0101111010010011
0101111010110001
0101111011001111
0101111011101100
0101111100001000
0101111100100100
0101111101000000
0101111101011010
0101111101110101
0101111110001110
0101111110100111
0101111111000000
0101111111010111
0101111111101111
0110000000000101
0110000000011011
0110000000110001
0110000001000110
0110000001011010
0110000001101110
0110000010000001
0110000010010011
0110000010100101
0110000010110111
0110000011000111
0110000011010111
0110000011100111
0110000011110110
0110000100000100
0110000100010010
0110000100011111
0110000100101100
0110000100111000
0110000101000011
0110000101001110
0110000101011000
0110000101100001
0110000101101010
0110000101110010
0110000101111010
0110000110000001
0110000110001000
0110000110001110
0110000110010011
0110000110011000
0110000110011100
0110000110011111
0110000110100010
0110000110100101
0110000110100110
0110000110100111
0110000110101000
0110000110101000
0110000110100111
0110000110100110
0110000110100100
0110000110100001
0110000110011110
0110000110011011
0110000110010110
0110000110010001
0110000110001100
0110000110000110
0110000101111111
0110000101111000
0110000101110000
0110000101100111
0110000101011110
0110000101010100
0110000101001010
0110000100111111
0110000100110100
0110000100100111
0110000100011011
0110000100001101
0110000011111111
0110000011110001
0110000011100010
0110000011010010
0110000011000010
0110000010110001
0110000010011111
0110000010001101
0110000001111011
0110000001100111
0110000001010011
0110000000111111
0110000000101010
0110000000010100
0101111111111110
0101111111100111
0101111111010000
0101111110111000
0101111110011111
0101111110000110
0101111101101100
0101111101010001
0101111100110110
0101111100011011
0101111011111111
0101111011100010
0101111011000101
0101111010100111
0101111010001000
0101111001101001
0101111001001010
0101111000101001
0101111000001000
0101110111100111
0101110111000101
0101110110100010
0101110101111111
0101110101011100
0101110100110111
0101110100010010
0101110011101101
0101110011000111
0101110010100000
0101110001111001
0101110001010010
0101110000101001
0101110000000000
0101101111010111
0101101110101101
0101101110000010
0101101101010111
0101101100101100
0101101011111111
0101101011010010
0101101010100101
0101101001110111
0101101001001001
0101101000011010
0101100111101010
0101100110111010
0101100110001001
0101100101011000
0101100100100110
0101100011110100
0101100011000001
0101100010001101
0101100001011001
0101100000100101
0101011111110000
0101011110111010
0101011110000100
0101011101001101
0101011100010110
0101011011011110
0101011010100110
0101011001101101
0101011000110011
0101010111111001
0101010110111111
0101010110000100
0101010101001000
0101010100001100
0101010011010000
1101111010011001
1101111000100110
1101110110110011
1101110101000000
1101110011001110
1101110001011100
1101101111101001
1101101101110111
1101101100000110
1101101010010100
1101101000100011
1101100110110010
1101100101000001
1101100011010001
1101100001100001
1101011111110000
1101011110000001
1101011100010001
1101011010100010
1101011000110011
1101010111000100
1101010101010110
1101010011100111
1101010001111001
1101010000001100
1101001110011110
1101001100110001
1101001011000100
1101001001010111
1101000111101011
1101000101111111
1101000100010011
1101000010101000
1101000000111101
1100111111010010
1100111101100111
1100111011111101
1100111010010011
1100111000101001
1100110111000000
1100110101010111
1100110011101110
1100110010000101
1100110000011101
1100101110110110
1100101101001110
1100101011100111
1100101010000000
1100101000011010
1100100110110011
1100100101001110
1100100011101000
1100100010000011
1100100000011110
1100011110111010
1100011101010110
1100011011110010
1100011010001110
1100011000101011
1100010111001001
1100010101100110
1100010100000100
1100010010100011
1100010001000001
1100001111100000
1100001110000000
1100001100100000
1100001011000000
1100001001100001
1100001000000010
1100000110100011
1100000101000101
1100000011100111
1100000010001001
1100000000101100
1011111111010000
1011111101110011
1011111100010111
1011111010111100
1011111001100001
1011111000000110
1011110110101100
1011110101010010
1011110011111001
1011110010100000
1011110001000111
1011101111101111
1011101110010111
1011101101000000
1011101011101001
1011101010010010
1011101000111100
1011100111100110
1011100110010001
1011100100111100
1011100011101000
1011100010010100
1011100001000001
1011011111101110
1011011110011011
1011011101001001
1011011011110111
1011011010100110
1011011001010101
1011011000000101
1011010110110101
1011010101100110
1011010100010111
1011010011001000
1011010001111010
1011010000101101
1011001111011111
1011001110010011
1011001101000111
1011001011111011
1011001010110000
1011001001100101
1011001000011011
1011000111010001
1011000110001000
1011000100111111
1011000011110111
1011000010101111
1011000001100111
1011000000100001
1010111111011010
1010111110010100
1010111101001111
1010111100001010
1010111011000110
1010111010000010
1010111000111110
1010110111111100
1010110110111001
1010110101110111
1010110100110110
1010110011110101
1010110010110101
1010110001110101
1010110000110110
1010101111110111
1010101110111001
1010101101111011
1010101100111110
1010101100000001
1010101011000101
1010101010001001
1010101001001110
1010101000010100
1010100111011010
1010100110100000
1010100101100111
1010100100101111
1010100011110111
1010100010111111
1010100010001000
1010100001010010
1010100000011100
1010011111100111
1010011110110010
1010011101111110
1010011101001011
1010011100011000
1010011011100101
1010011010110011
1010011010000010
1010011001010001
1010011000100001
1010010111110001
1010010111000010
1010010110010011
1010010101100101
1010010100111000
1010010100001011
1010010011011110
1010010010110010
1010010010000111
1010010001011101
1010010000110010
1010010000001001
1010001111100000
1010001110110111
1010001110010000
1010001101101000
1010001101000010
1010001100011011
1010001011110110
1010001011010001
1010001010101100
1010001010001001
1010001001100101
1010001001000011
1010001000100000
1010000111111111
1010000111011110
1010000110111110
1010000110011110
1010000101111111
1010000101100000
1010000101000010
1010000100100100
1010000100001000
1010000011101011
1010000011010000
1010000010110100
1010000010011010
1010000010000000
1010000001100111
1010000001001110
1010000000110110
1010000000011110
1010000000000111
1001111111110001
1001111111011011
1001111111000110
1001111110110001
1001111110011101
1001111110001010
1001111101110111
1001111101100101
1001111101010011
1001111101000010
1001111100110001
1001111100100010
1001111100010010
1001111100000100
1001111011110110
1001111011101000
1001111011011011
1001111011001111
1001111011000011
1001111010111000
1001111010101110
1001111010100100
1001111010011011
1001111010010010
1001111010001010
1001111010000011
1001111001111100
1001111001110101
1001111001110000
1001111001101011
1001111001100110
1001111001100010
1001111001011111
1001111001011101
1001111001011011
1001111001011001
1001111001011000
1001111001011000
1001111001011000
1001111001011001
1001111001011011
1001111001011101
1001111001100000
1001111001100011
1001111001100111
1001111001101100
1001111001110001
1001111001110111
1001111001111101
1001111010000100
1001111010001100
1001111010010100
1001111010011101
1001111010100110
1001111010110000
1001111010111011
1001111011000110
1001111011010010
1001111011011110
1001111011101011
1001111011111001
1001111100000111
1001111100010110
1001111100100101
1001111100110101
1001111101000110
1001111101010111
1001111101101001
1001111101111011
1001111110001110
1001111110100001
1001111110110110
1001111111001010
1001111111100000
1001111111110110
1010000000001100
1010000000100011
1010000000111011
1010000001010011
1010000001101100
1010000010000110
1010000010100000
1010000010111010
1010000011010110
1010000011110010
1010000100001110
1010000100101011
1010000101001001
1010000101100111
1010000110000101
1010000110100101
1010000111000101
1010000111100101
1010001000000110
1010001000101000
1010001001001010
1010001001101101
1010001010010000
1010001010110100
1010001011011001
1010001011111110
1010001100100100
1010001101001010
1010001101110001
1010001110011000
1010001111000000
1010001111101001
1010010000010010
1010010000111100
1010010001100110
1010010010010001
1010010010111100
1010010011101000
1010010100010101
1010010101000010
1010010101101111
1010010110011101
1010010111001100
1010010111111100
1010011000101011
1010011001011100
1010011010001101
1010011010111110
1010011011110000
1010011100100011
1010011101010110
1010011110001010
1010011110111110
1010011111110011
1010100000101000
1010100001011110
1010100010010101
1010100011001100
1010100100000011
1010100100111011
1010100101110100
1010100110101101
1010100111100110
1010101000100001
1010101001011011
1010101010010111
1010101011010010
1010101100001111
1010101101001011
1010101110001001
1010101111000111
1010110000000101
1010110001000100
1010110010000011
1010110011000011
1010110100000100
1010110101000101
1010110110000110
1010110111001000
1010111000001010
1010111001001101
1010111010010001
1010111011010101
1010111100011001
1010111101011110
1010111110100100
1010111111101010
1011000000110000
1011000001110111
1011000010111111
1011000100000111
1011000101001111
1011000110011000
1011000111100001
1011001000101011
1011001001110110
1011001011000000
1011001100001100
1011001101011000
1011001110100100
1011001111110001
1011010000111110
1011010010001011
1011010011011010
1011010100101000
1011010101110111
1011010111000111
1011011000010111
1011011001100111
1011011010111000
1011011100001001
1011011101011011
1011011110101101
1011100000000000
1011100001010011
1011100010100111
1011100011111011
1011100101001111
1011100110100100
1011100111111001
1011101001001111
1011101010100101
1011101011111100
1011101101010011
1011101110101010
1011110000000010
1011110001011011
1011110010110011
1011110100001100
1011110101100110
1011110111000000
1011111000011010
1011111001110101
1011111011010000
1011111100101100
1011111110001000
1011111111100100
1100000001000001
1100000010011110
1100000011111100
1100000101011010
1100000110111000
1100001000010111
1100001001110110
1100001011010101
1100001100110101
1100001110010101
1100001111110110
1100010001010111
1100010010111000
1100010100011010
1100010101111100
1100010111011110
1100011001000001
1100011010100100
1100011100001000
1100011101101100
1100011111010000
1100100000110100
1100100010011001
1100100011111111
1100100101100100
1100100111001010
1100101000110000
1100101010010111
1100101011111110
1100101101100101
1100101111001101
1100110000110100
1100110010011101
1100110100000101
1100110101101110
1100110111010111
1100111001000001
1100111010101010
1100111100010100
1100111101111111
1100111111101001
1101000001010100
1101000011000000
1101000100101011
1101000110010111
1101001000000011
1101001001110000
1101001011011100
1101001101001001
1101001110110110
1101010000100100
1101010010010010
1101010100000000
1101010101101110
1101010111011101
1101011001001011
1101011010111011
1101011100101010
1101011110011001
1101100000001001
1101100001111001
1101100011101010
1101100101011010
1101100111001011
1101101000111100
1101101010101110
1101101100011111
1101101110010001
1101110000000011
1101110001110101
1101110011100111
1101110101011010
1101110111001101
1101111001000000
1101111010110011
1101111100100111
1101111110011010
1110000000001110
1110000010000010
1110000011110110
1110000101101011
1110000111100000
1110001001010100
1110001011001001
1110001100111111
1110001110110100
1110010000101001
1110010010011111
1110010100010101
1110010110001011
1110011000000001
1110011001111000
1110011011101110
1110011101100101
1110011111011100
1110100001010011
1110100011001010
1110100101000001
1110100110111001
1110101000110000
1110101010101000
1110101100100000
1110101110011000
1110110000010000
1110110010001000
1110110100000000
1110110101111001
1110110111110001
1110111001101010
1110111011100011
1110111101011011
1110111111010100
1111000001001101
1111000011000111
1111000101000000
1111000110111001
1111001000110011
1111001010101100
1111001100100110
1111001110011111
1111010000011001
1111010010010011
1111010100001101
1111010110000111
1111011000000001
1111011001111011
1111011011110101
1111011101110000
1111011111101010
1111100001100100
1111100011011110
1111100101011001
1111100111010011
1111101001001110
1111101011001000
1111101101000011
1111101110111110
1111110000111000
1111110010110011
1111110100101101
1111110110101000
1111111000100011
1111111010011101
1111111100011000
1111111110010011
0000000000001110
0000000010001000
0000000100000011
0000000101111110
0000000111111000
0000001001110011
0000001011101110
0000001101101000
0000001111100011
0000010001011110
0000010011011000
0000010101010011
0000010111001101
0000011001001000
0000011011000010
0000011100111101
0000011110110111
0000100000110001
0000100010101100
0000100100100110
0000100110100000
0000101000011010
0000101010010100
0000101100001110
0000101110001000
0000110000000010
0000110001111100
0000110011110101
0000110101101111
0000110111101000
0000111001100010
0000111011011011
0000111101010100
0000111111001101
0001000001000111
0001000010111111
0001000100111000
0001000110110001
0001001000101010
0001001010100010
0001001100011011
0001001110010011
0001010000001011
0001010010000011
0001010011111011
0001010101110011
0001010111101010
0001011001100010
0001011011011001
0001011101010001
0001011111001000
0001100000111111
0001100010110101
0001100100101100
0001100110100011
0001101000011001
0001101010001111
0001101100000101
0001101101111011
0001101111110001
0001110001100110
0001110011011011
0001110101010001
0001110111000110
0001111000111010
0001111010101111
0001111100100011
0001111110011000
0010000000001100
0010000001111111
0010000011110011
0010000101100111
0010000111011010
0010001001001101
0010001011000000
0010001100110010
0010001110100100
0010010000010111
0010010010001001
0010010011111010
0010010101101100
0010010111011101
0010011001001110
0010011010111111
0010011100101111
0010011110011111
0010100000010000
0010100001111111
0010100011101111
0010100101011110
0010100111001101
0010101000111100
0010101010101010
0010101100011001
0010101110000111
0010101111110100
0010110001100010
0010110011001111
0010110100111100
0010110110101001
0010111000010101
0010111010000001
0010111011101101
0010111101011000
0010111111000011
0011000000101110
0011000010011001
0011000100000011
0011000101101101
0011000111010111
0011001001000000
0011001010101001
0011001100010010
0011001101111011
0011001111100011
0011010001001010
0011010010110010
0011010100011001
0011010110000000
0011010111100110
0011011001001101
0011011010110010
0011011100011000
0011011101111101
0011011111100010
0011100001000110
0011100010101010
0011100100001110
0011100101110010
0011100111010101
0011101000110111
0011101010011010
0011101011111100
0011101101011101
0011101110111111
0011110000100000
0011110010000000
0011110011100000
0011110101000000
0011110110011111
0011110111111110
0011111001011101
0011111010111011
0011111100011001
0011111101110111
0011111111010100
0100000000110000
0100000010001101
0100000011101001
0100000101000100
0100000110011111
0100000111111010
0100001001010100
0100001010101110
0100001100000111
0100001101100000
0100001110111001
0100010000010001
0100010001101001
0100010011000000
0100010100010111
0100010101101110
0100010111000100
0100011000011010
0100011001101111
0100011011000100
0100011100011000
0100011101101100
0100011110111111
0100100000010010
0100100001100101
0100100010110111
0100100100001001
0100100101011010
0100100110101011
0100100111111011
0100101001001011
0100101010011010
0100101011101001
0100101100111000
0100101110000110
0100101111010011
0100110000100001
0100110001101101
0100110010111001
0100110100000101
0100110101010000
0100110110011011
0100110111100101
0100111000101111
0100111001111000
0100111011000001
0100111100001001
0100111101010001
0100111110011001
0100111111011111
0101000000100110
0101000001101100
0101000010110001
0101000011110110
0101000100111010
0101000101111110
0101000111000010
0101001000000100
0101001001000111
0101001010001001
0101001011001010
0101001100001011
0101001101001011
0101001110001011
0101001111001010
0101010000001001
0101010001000111
0101010010000101
0101010011000010
0101010011111111
0101010100111011
0101010101110111
0101010110110010
0101010111101100
0101011000100110
0101011001100000
0101011010011001
0101011011010001
0101011100001001
0101011101000001
0101011101111000
0101011110101110
0101011111100100
0101100000011001
0101100001001110
0101100010000010
0101100010110101
0101100011101000
0101100100011011
0101100101001101
0101100101111110
0101100110101111
0101100111011111
0101101000001111
0101101000111110
0101101001101101
0101101010011011
0101101011001000
0101101011110101
0101101100100010
0101101101001110
0101101101111001
0101101110100011
0101101111001110
0101101111110111
0101110000100000
0101110001001001
0101110001110000
0101110010011000
0101110010111110
0101110011100101
0101110100001010
0101110100101111
0101110101010100
0101110101110111
0101110110011011
0101110110111101
0101110111100000
0101111000000001
0101111000100010
0101111001000010
0101111001100010
0101111010000001
0101111010100000
0101111010111110
0101111011011100
0101111011111000
0101111100010101
0101111100110000
0101111101001100
0101111101100110
0101111110000000
0101111110011001
0101111110110010
0101111111001010
0101111111100010
0101111111111001
0110000000001111
0110000000100101
0110000000111010
0110000001001111
0110000001100011
0110000001110110
0110000010001001
0110000010011011
0110000010101101
0110000010111110
0110000011001111
0110000011011110
0110000011101110
0110000011111100
0110000100001010
0110000100011000
0110000100100101
0110000100110001
0110000100111101
0110000101001000
0110000101010010
0110000101011100
0110000101100101
0110000101101110
0110000101110110
0110000101111101
0110000110000100
0110000110001011
0110000110010000
0110000110010101
0110000110011010
0110000110011110
0110000110100001
0110000110100011
0110000110100101
0110000110100111
0110000110101000
0110000110101000
0110000110101000
0110000110100111
0110000110100101
0110000110100011
0110000110100000
0110000110011101
0110000110011001
0110000110010100
0110000110001111
0110000110001001
0110000110000011
0110000101111100
0110000101110100
0110000101101100
0110000101100011
0110000101011010
0110000101010000
0110000101000101
0110000100111010
0110000100101110
0110000100100010
0110000100010101
0110000100000111
0110000011111001
0110000011101010
0110000011011011
0110000011001011
0110000010111010
0110000010101001
0110000010010111
0110000010000101
0110000001110010
0110000001011111
0110000001001010
0110000000110110
0110000000100000
0110000000001010
0101111111110100
0101111111011101
0101111111000101
0101111110101101
0101111110010100
0101111101111010
0101111101100000
0101111101000110
0101111100101010
0101111100001110
0101111011110010
0101111011010101
0101111010110111
0101111010011001
0101111001111011
0101111001011011
0101111000111011
0101111000011011
0101110111111010
0101110111011000
0101110110110110
0101110110010011
0101110101110000
0101110101001100
0101110100100111
0101110100000010
0101110011011100
0101110010110110
0101110010001111
0101110001101000
0101110001000000
0101110000010111
0101101111101110
0101101111000100
0101101110011010
0101101101101111
0101101101000100
0101101100011000
0101101011101011
0101101010111110
0101101010010001
0101101001100011
0101101000110100
0101101000000100
0101100111010101
0101100110100100
0101100101110011
0101100101000010
0101100100010000
0101100011011101
0101100010101010
0101100001110110
0101100001000010
0101100000001101
0101011111011000
0101011110100010
0101011101101011
0101011100110100
0101011011111101
0101011011000101
0101011010001100
0101011001010011
0101011000011010
0101010111011111
0101010110100101
0101010101101001
0101010100101110
0101010011110001
0101010010110101
0101010001110111
0101010000111001
0101001111111011
0101001110111100
0101001101111101
0101001100111101
0101001011111100
0101001010111011
0101001001111010
0101001000111000
0101000111110110
0101000110110011
0101000101101111
0101000100101011
0101000011100111
0101000010100010
0101000001011100
0101000000010110
0100111111010000
0100111110001001
0100111101000001
0100111011111001
0100111010110001
0100111001101000
0100111000011111
0100110111010101
0100110110001010
0100110101000000
0100110011110100
0100110010101000
0100110001011100
0100110000001111
0100101111000010
0100101101110101
0100101100100110
0100101011011000
0100101010001001
0100101000111001
0100100111101001
0100100110011001
0100100101001000
0100100011110111
0100100010100101
0100100001010011
0100100000000000
0100011110101101
0100011101011001
0100011100000101
0100011010110001
0100011001011100
0100011000000111
0100010110110001
0100010101011011
0100010100000100
0100010010101101
0100010001010110
0100001111111110
0100001110100101
0100001101001101
0100001011110100
0100001010011010
0100001001000000
0100000111100110
0100000110001011
0100000100110000
0100000011010100
0100000001111000
0100000000011100
0011111110111111
0011111101100010
0011111100000100
0011111010100110
0011111001001000
0011110111101001
0011110110001010
0011110100101011
0011110011001011
0011110001101011
0011110000001010
0011101110101001
0011101101001000
0011101011100110
0011101010000100
0011101000100010
0011100110111111
0011100101011100
0011100011111000
0011100010010100
0011100000110000
0011011111001100
0011011101100111
0011011100000001
0011011010011100
0011011000110110
0011010111010000
0011010101101001
0011010100000010
0011010010011011
0011010000110011
0011001111001100
0011001101100011
0011001011111011
0011001010010010
0011001000101001
0011000110111111
0011000101010110
0011000011101100
0011000010000001
0011000000010111
0010111110101100
0010111101000000
0010111011010101
0010111001101001
0010110111111101
0010110110010000
0010110100100100
0010110010110111
0010110001001010
0010101111011100
0010101101101110
0010101100000000
0010101010010010
0010101000100011
0010100110110101
0010100101000101
0010100011010110
0010100001100111
0010011111110111
0010011110000111
0010011100010110
0010011010100110
0010011000110101
0010010111000100
0010010101010010
0010010011100001
0010010001101111
0010001111111101
0010001110001011
0010001100011001
0010001010100110
0010001000110011
0010000111000000
0010000101001101
0010000011011001
0010000001100110
0001111111110010
0001111101111110
0001111100001010
0001111010010101
0001111000100000
0001110110101100
0001110100110111
0001110011000001
0001110001001100
0001101111010111
0001101101100001
0001101011101011
0001101001110101
0001100111111111
0001100110001000
0001100100010010
0001100010011011
0001100000100100
0001011110101101
0001011100110110
0001011010111111
0001011001000111
0001010111010000
0001010101011000
0001010011100000
0001010001101000
0001001111110000
0001001101111000
0001001100000000
0001001010000111
0001001000001111
0001000110010110
0001000100011101
0001000010100101
0001000000101100
0000111110110011
0000111100111001
0000111011000000
0000111001000111
0000110111001101
0000110101010100
0000110011011010
0000110001100001
0000101111100111
0000101101101101
0000101011110011
0000101001111001
0000100111111111
0000100110000101
0000100100001011
0000100010010000
0000100000010110
0000011110011100
0000011100100010
0000011010100111
0000011000101101
0000010110110010
0000010100111000
0000010010111101
0000010001000010
0000001111001000
0000001101001101
0000001011010011
0000001001011000
0000000111011101
0000000101100011
0000000011101000
0000000001101101
1111111111110010
1111111101111000
1111111011111101
1111111010000010
1111111000001000
1111110110001101
1111110100010010
1111110010011000
1111110000011101
1111101110100010
1111101100101000
1111101010101101
1111101000110011
1111100110111000
1111100100111110
1111100011000011
1111100001001001
1111011111001111
1111011101010100
1111011011011010
1111011001100000
1111010111100110
1111010101101100
1111010011110010
1111010001111000
1111001111111110
1111001110000100
1111001100001011
1111001010010001
1111001000011000
1111000110011110
1111000100100101
1111000010101100
1111000000110011
1110111110111001
1110111101000001
1110111011001000
1110111001001111
1110110111010110
1110110101011110
1110110011100101
1110110001101101
1110101111110101
1110101101111101
1110101100000101
1110101010001101
1110101000010110
1110100110011110
1110100100100111
1110100010101111
1110100000111000
1110011111000001
1110011101001011
1110011011010100
1110011001011101
1110010111100111
1110010101110001
1110010011111011
1110010010000101
1110010000001111
1110001110011010
1110001100100101
1110001010101111
1110001000111010
1110000111000110
1110000101010001
1110000011011101
1110000001101000
1101111111110100
1101111110000001
1101111100001101
1101111010011001
1101111000100110
1101110110110011
1101110101000000
1101110011001110
1101110001011100
1101101111101001
1101101101110111
1101101100000110
1101101010010100
1101101000100011
1101100110110010
1101100101000001
1101100011010001
1101100001100001
1101011111110000
1101011110000001
1101011100010001
1101011010100010
1101011000110011
1101010111000100
1101010101010110
1101010011100111
1101010001111001
1101010000001100
1101001110011110
1101001100110001
1101001011000100
1101001001010111
1101000111101011
1101000101111111
1101000100010011
1101000010101000
1101000000111101
1100111111010010
1100111101100111
1100111011111101
1100111010010011
1100111000101001
1100110111000000
1100110101010111
1100110011101110
1100110010000101
1100110000011101
1100101110110110
1100101101001110
1100101011100111
1100101010000000
1100101000011010
1100100110110011
1100100101001110
1100100011101000
1100100010000011
1100100000011110
1100011110111010
1100011101010110
1100011011110010
1100011010001110
1100011000101011
1100010111001001
1100010101100110
1100010100000100
1100010010100011
1100010001000001
1100001111100000
1100001110000000
1100001100100000
1100001011000000
1100001001100001
1100001000000010
1100000110100011
1100000101000101
1100000011100111
1100000010001001
1100000000101100
1011111111010000
1011111101110011
1011111100010111
1011111010111100
1011111001100001
1011111000000110
1011110110101100
1011110101010010
1011110011111001
1011110010100000
1011110001000111
1011101111101111
1011101110010111
1011101101000000
1011101011101001
1011101010010010
1011101000111100
1011100111100110
1011100110010001
1011100100111100
1011100011101000
1011100010010100
1011100001000001
1011011111101110
1011011110011011
1011011101001001
1011011011110111
1011011010100110
1011011001010101
1011011000000101
1011010110110101
1011010101100110
1011010100010111
1011010011001000
1011010001111010
1011010000101101
1011001111011111
1011001110010011
1011001101000111
1011001011111011
1011001010110000
1011001001100101
1011001000011011
1011000111010001
1011000110001000
1011000100111111
1011000011110111
1011000010101111
1011000001100111
1011000000100001
1010111111011010
1010111110010100
1010111101001111
1010111100001010
1010111011000110
1010111010000010
1010111000111110
1010110111111100
1010110110111001
1010110101110111
1010110100110110
1010110011110101
1010110010110101
1010110001110101
1010110000110110
1010101111110111
1010101110111001
1010101101111011
1010101100111110
1010101100000001
1010101011000101
1010101010001001
1010101001001110
1010101000010100
1010100111011010
1010100110100000
1010100101100111
1010100100101111
1010100011110111
1010100010111111
1010100010001000
1010100001010010
1010100000011100
1010011111100111
1010011110110010
1010011101111110
1010011101001011
1010011100011000
1010011011100101
1010011010110011
1010011010000010
1010011001010001
1010011000100001
1010010111110001
1010010111000010
1010010110010011
1010010101100101
1010010100111000
1010010100001011
1010010011011110
1010010010110010
1010010010000111
1010010001011101
1010010000110010
1010010000001001
1010001111100000
1010001110110111
1010001110010000
1010001101101000
1010001101000010
1010001100011011
1010001011110110
1010001011010001
1010001010101100
1010001010001001
1010001001100101
1010001001000011
1010001000100000
1010000111111111
1010000111011110
1010000110111110
1010000110011110
1010000101111111
1010000101100000
1010000101000010
1010000100100100
1010000100001000
1010000011101011
1010000011010000
1010000010110100
1010000010011010
1010000010000000
1010000001100111
1010000001001110
1010000000110110
1010000000011110
1010000000000111
1001111111110001
1001111111011011
1001111111000110
1001111110110001
1001111110011101
1001111110001010
1001111101110111
1001111101100101
1001111101010011
1001111101000010
1001111100110001
1001111100100010
1001111100010010
1001111100000100
1001111011110110
1001111011101000
1001111011011011
1001111011001111
1001111011000011
1001111010111000
1001111010101110
1001111010100100
1001111010011011
1001111010010010
1001111010001010
1001111010000011
1001111001111100
1001111001110101
1001111001110000
1001111001101011
1001111001100110
1001111001100010
1001111001011111
1001111001011101
1001111001011011
1001111001011001
1001111001011000
1001111001011000
1001111001011000
1001111001011001
1001111001011011
1001111001011101
1001111001100000
1001111001100011
1001111001100111
1001111001101100
1001111001110001
1001111001110111
1001111001111101
1001111010000100
1001111010001100
1001111010010100
1001111010011101
1001111010100110
1001111010110000
1001111010111011
1001111011000110
1001111011010010
1001111011011110
1001111011101011
1001111011111001
1001111100000111
1001111100010110
1001111100100101
1001111100110101
1001111101000110
1001111101010111
1001111101101001
1001111101111011
1001111110001110
1001111110100001
1001111110110110
1001111111001010
1001111111100000
1001111111110110
1010000000001100
1010000000100011
1010000000111011
1010000001010011
1010000001101100
1010000010000110
1010000010100000
1010000010111010
1010000011010110
1010000011110010
1010000100001110
1010000100101011
1010000101001001
1010000101100111
1010000110000101
1010000110100101
1010000111000101
1010000111100101
1010001000000110
1010001000101000
1010001001001010
1010001001101101
1010001010010000
1010001010110100
1010001011011001
1010001011111110
1010001100100100
1010001101001010
1010001101110001
1010001110011000
1010001111000000
1010001111101001
1010010000010010
1010010000111100
1010010001100110
1010010010010001
1010010010111100
1010010011101000
1010010100010101
1010010101000010
1010010101101111
1010010110011101
1010010111001100
1010010111111100
1010011000101011
1010011001011100
1010011010001101
1010011010111110
1010011011110000
1010011100100011
1010011101010110
1010011110001010
1010011110111110
1010011111110011
1010100000101000
1010100001011110
1010100010010101
1010100011001100
1010100100000011
1010100100111011
1010100101110100
1010100110101101
1010100111100110
1010101000100001
1010101001011011
1010101010010111
1010101011010010
1010101100001111
1010101101001011
1010101110001001
1010101111000111
1010110000000101
1010110001000100
1010110010000011
1010110011000011
1010110100000100
1010110101000101
1010110110000110
1010110111001000
1010111000001010
1010111001001101
1010111010010001
1010111011010101
1010111100011001
1010111101011110
1010111110100100
1010111111101010
1011000000110000
1011000001110111
1011000010111111
1011000100000111
1011000101001111
1011000110011000
1011000111100001
1011001000101011
1011001001110110
1011001011000000
1011001100001100
1011001101011000
1011001110100100
1011001111110001
1011010000111110
1011010010001011
1011010011011010
1011010100101000
1011010101110111
1011010111000111
1011011000010111
1011011001100111
1011011010111000
1011011100001001
1011011101011011
1011011110101101
1011100000000000
1011100001010011
1011100010100111
1011100011111011
1011100101001111
1011100110100100
1011100111111001
1011101001001111
1011101010100101
1011101011111100
1011101101010011
1011101110101010
1011110000000010
1011110001011011
1011110010110011
1011110100001100
1011110101100110
1011110111000000
1011111000011010
1011111001110101
1011111011010000
1011111100101100
1011111110001000
1011111111100100
1100000001000001
1100000010011110
1100000011111100
1100000101011010
1100000110111000
1100001000010111
1100001001110110
1100001011010101
1100001100110101
1100001110010101
1100001111110110
1100010001010111
1100010010111000
1100010100011010
1100010101111100
1100010111011110
1100011001000001
1100011010100100
1100011100001000
1100011101101100
1100011111010000
1100100000110100
1100100010011001
1100100011111111
1100100101100100
1100100111001010
1100101000110000
1100101010010111
1100101011111110
1100101101100101
1100101111001101
1100110000110100
1100110010011101
1100110100000101
1100110101101110
1100110111010111
1100111001000001
1100111010101010
1100111100010100
1100111101111111
1100111111101001
1101000001010100
1101000011000000
1101000100101011
1101000110010111
1101001000000011
1101001001110000
1101001011011100
1101001101001001
1101001110110110
1101010000100100
1101010010010010
1101010100000000
1101010101101110
1101010111011101
1101011001001011
1101011010111011
1101011100101010
1101011110011001
1101100000001001
1101100001111001
1101100011101010
1101100101011010
1101100111001011
1101101000111100
1101101010101110
1101101100011111
1101101110010001
1101110000000011
1101110001110101
1101110011100111
1101110101011010
1101110111001101
1101111001000000
1101111010110011
1101111100100111
1101111110011010
1110000000001110
1110000010000010
1110000011110110
1110000101101011
1110000111100000
1110001001010100
1110001011001001
1110001100111111
1110001110110100
1110010000101001
1110010010011111
1110010100010101
1110010110001011
1110011000000001
1110011001111000
1110011011101110
1110011101100101
1110011111011100
1110100001010011
1110100011001010
1110100101000001
1110100110111001
1110101000110000
1110101010101000
1110101100100000
1110101110011000
1110110000010000
1110110010001000
1110110100000000
1110110101111001
1110110111110001
1110111001101010
1110111011100011
1110111101011011
1110111111010100
1111000001001101
1111000011000111
1111000101000000
1111000110111001
1111001000110011
1111001010101100
1111001100100110
1111001110011111
1111010000011001
1111010010010011
1111010100001101
1111010110000111
1111011000000001
1111011001111011
1111011011110101
1111011101110000
1111011111101010
1111100001100100
1111100011011110
1111100101011001
1111100111010011
1111101001001110
1111101011001000
1111101101000011
1111101110111110
1111110000111000
1111110010110011
1111110100101101
1111110110101000
1111111000100011
1111111010011101
1111111100011000
1111111110010011
0000000000001110
0000000010001000
0000000100000011
0000000101111110
0000000111111000
0000001001110011
0000001011101110
0000001101101000
0000001111100011
0000010001011110
0000010011011000
0000010101010011
0000010111001101
0000011001001000
0000011011000010
0000011100111101
0000011110110111
0000100000110001
0000100010101100
0000100100100110
0000100110100000
0000101000011010
0000101010010100
0000101100001110
0000101110001000
0000110000000010
0000110001111100
0000110011110101
0000110101101111
0000110111101000
0000111001100010
0000111011011011
0000111101010100
0000111111001101
0001000001000111
0001000010111111
0001000100111000
0001000110110001
0001001000101010
0001001010100010
0001001100011011
0001001110010011
0001010000001011
0001010010000011
0001010011111011
0001010101110011
0001010111101010
0001011001100010
0001011011011001
0001011101010001
0001011111001000
0001100000111111
0001100010110101
0001100100101100
0001100110100011
0001101000011001
0001101010001111
0001101100000101
0001101101111011
0001101111110001
0001110001100110
0001110011011011
0001110101010001
0001110111000110
0001111000111010
0001111010101111
0001111100100011
0001111110011000
0010000000001100
0010000001111111
0010000011110011
0010000101100111
0010000111011010
0010001001001101
0010001011000000
0010001100110010
0010001110100100
0010010000010111
0010010010001001
0010010011111010
0010010101101100
0010010111011101
0010011001001110
0010011010111111
0010011100101111
0010011110011111
0010100000010000
0010100001111111
0010100011101111
0010100101011110
0010100111001101
0010101000111100
0010101010101010
0010101100011001
0010101110000111
0010101111110100
0010110001100010
0010110011001111
0010110100111100
0010110110101001
0010111000010101
0010111010000001
0010111011101101
0010111101011000
0010111111000011
0011000000101110
0011000010011001
0011000100000011
0011000101101101
0011000111010111
0011001001000000
0011001010101001
0011001100010010
0011001101111011
0011001111100011
0011010001001010
0011010010110010
0011010100011001
0011010110000000
0011010111100110
0011011001001101
0011011010110010
0011011100011000
0011011101111101
0011011111100010
0011100001000110
0011100010101010
0011100100001110
0011100101110010
0011100111010101
0011101000110111
0011101010011010
0011101011111100
0011101101011101
0011101110111111
0011110000100000
0011110010000000
0011110011100000
0011110101000000
0011110110011111
0011110111111110
0011111001011101
0011111010111011
0011111100011001
0011111101110111
0011111111010100
0100000000110000
0100000010001101
0100000011101001
0100000101000100
0100000110011111
0100000111111010
0100001001010100
0100001010101110
0100001100000111
0100001101100000
0100001110111001
0100010000010001
0100010001101001
0100010011000000
0100010100010111
0100010101101110
0100010111000100
0100011000011010
0100011001101111
0100011011000100
0100011100011000
0100011101101100
0100011110111111
0100100000010010
0100100001100101
0100100010110111
0100100100001001
0100100101011010
0100100110101011
0100100111111011
0100101001001011
0100101010011010
0100101011101001
0100101100111000
0100101110000110
0100101111010011
0100110000100001
0100110001101101
0100110010111001
0100110100000101
0100110101010000
0100110110011011
0100110111100101
0100111000101111
0100111001111000
0100111011000001
0100111100001001
0100111101010001
0100111110011001
0100111111011111
0101000000100110
0101000001101100
0101000010110001
0101000011110110
0101000100111010
0101000101111110
0101000111000010
0101001000000100
0101001001000111
0101001010001001
0101001011001010
0101001100001011
0101001101001011
0101001110001011
0101001111001010
0101010000001001
0101010001000111
0101010010000101
0101010011000010
0101010011111111
0101010100111011
0101010101110111
0101010110110010
0101010111101100
0101011000100110
0101011001100000
0101011010011001
0101011011010001
0101011100001001
0101011101000001
0101011101111000
0101011110101110
0101011111100100
0101100000011001
0101100001001110
0101100010000010
0101100010110101
0101100011101000
0101100100011011
0101100101001101
0101100101111110
0101100110101111
0101100111011111
0101101000001111
0101101000111110
0101101001101101
0101101010011011
0101101011001000
0101101011110101
0101101100100010
0101101101001110
0101101101111001
0101101110100011
0101101111001110
0101101111110111
0101110000100000
0101110001001001
0101110001110000
0101110010011000
0101110010111110
0101110011100101
0101110100001010
0101110100101111
0101110101010100
0101110101110111
0101110110011011
0101110110111101
0101110111100000
0101111000000001
0101111000100010
0101111001000010
0101111001100010
0101111010000001
0101111010100000
0101111010111110
0101111011011100
0101111011111000
0101111100010101
0101111100110000
0101111101001100
0101111101100110
0101111110000000
0101111110011001
0101111110110010
0101111111001010
0101111111100010
0101111111111001
0110000000001111
0110000000100101
0110000000111010
0110000001001111
0110000001100011
0110000001110110
0110000010001001
0110000010011011
0110000010101101
0110000010111110
0110000011001111
0110000011011110
0110000011101110
0110000011111100
0110000100001010
0110000100011000
0110000100100101
0110000100110001
0110000100111101
0110000101001000
0110000101010010
0110000101011100
0110000101100101
0110000101101110
0110000101110110
0110000101111101
0110000110000100
0110000110001011
0110000110010000
0110000110010101
0110000110011010
0110000110011110
0110000110100001
0110000110100011
0110000110100101
0110000110100111
0110000110101000
0110000110101000
0110000110101000
0110000110100111
0110000110100101
0110000110100011
0110000110100000
0110000110011101
0110000110011001
0110000110010100
0110000110001111
0110000110001001
0110000110000011
0110000101111100
0110000101110100
0110000101101100
0110000101100011
0110000101011010
0110000101010000
0110000101000101
0110000100111010
0110000100101110
0110000100100010
0110000100010101
0110000100000111
0110000011111001
0110000011101010
0110000011011011
0110000011001011
0110000010111010
0110000010101001
0110000010010111
0110000010000101
0110000001110010
0110000001011111
0110000001001010
0110000000110110
0110000000100000
0110000000001010
0101111111110100
0101111111011101
0101111111000101
0101111110101101
0101111110010100
0101111101111010
0101111101100000
0101111101000110
0101111100101010
0101111100001110
0101111011110010
0101111011010101
0101111010110111
0101111010011001
0101111001111011
0101111001011011
0101111000111011
0101111000011011
0101110111111010
0101110111011000
0101110110110110
0101110110010011
0101110101110000
0101110101001100
0101110100100111
0101110100000010
0101110011011100
0101110010110110
0101110010001111
0101110001101000
0101110001000000
0101110000010111
0101101111101110
0101101111000100
0101101110011010
0101101101101111
0101101101000100
0101101100011000
0101101011101011
0101101010111110
0101101010010001
0101101001100011
0101101000110100
0101101000000100
0101100111010101
0101100110100100
0101100101110011
0101100101000010
0101100100010000
0101100011011101
0101100010101010
0101100001110110
0101100001000010
0101100000001101
0101011111011000
0101011110100010
0101011101101011
0101011100110100
0101011011111101
0101011011000101
0101011010001100
0101011001010011
0101011000011010
0101010111011111
0101010110100101
0101010101101001
0101010100101110
0101010011110001
0101010010110101
0101010001110111
0101010000111001
0101001111111011
0101001110111100
0101001101111101
0101001100111101
0101001011111100
0101001010111011
0101001001111010
0101001000111000
0101000111110110
0101000110110011
0101000101101111
0101000100101011
0101000011100111
0101000010100010
0101000001011100
0101000000010110
0100111111010000
0100111110001001
0100111101000001
0100111011111001
0100111010110001
0100111001101000
0100111000011111
0100110111010101
0100110110001010
0100110101000000
0100110011110100
0100110010101000
0100110001011100
0100110000001111
0100101111000010
0100101101110101
0100101100100110
0100101011011000
0100101010001001
0100101000111001
0100100111101001
0100100110011001
0100100101001000
0100100011110111
0100100010100101
0100100001010011
0100100000000000
0100011110101101
0100011101011001
0100011100000101
0100011010110001
0100011001011100
0100011000000111
0100010110110001
0100010101011011
0100010100000100
0100010010101101
0100010001010110
0100001111111110
0100001110100101
0100001101001101
0100001011110100
0100001010011010
0100001001000000
0100000111100110
0100000110001011
0100000100110000
0100000011010100
0100000001111000
0100000000011100
0011111110111111
0011111101100010
0011111100000100
0011111010100110
0011111001001000
0011110111101001
0011110110001010
0011110100101011
0011110011001011
0011110001101011
0011110000001010
0011101110101001
0011101101001000
0011101011100110
0011101010000100
0011101000100010
0011100110111111
0011100101011100
0011100011111000
0011100010010100
0011100000110000
0011011111001100
0011011101100111
0011011100000001
0011011010011100
0011011000110110
0011010111010000
0011010101101001
0011010100000010
0011010010011011
0011010000110011
0011001111001100
0011001101100011
0011001011111011
0011001010010010
0011001000101001
0011000110111111
0011000101010110
0011000011101100
0011000010000001
0011000000010111
0010111110101100
0010111101000000
0010111011010101
0010111001101001
0010110111111101
0010110110010000
0010110100100100
0010110010110111
0010110001001010
0010101111011100
0010101101101110
0010101100000000
0010101010010010
0010101000100011
0010100110110101
0010100101000101
0010100011010110
0010100001100111
0010011111110111
0010011110000111
0010011100010110
0010011010100110
0010011000110101
0010010111000100
0010010101010010
0010010011100001
0010010001101111
0010001111111101
0010001110001011
0010001100011001
0010001010100110
0010001000110011
0010000111000000
0010000101001101
0010000011011001
0010000001100110
0001111111110010
0001111101111110
0001111100001010
0001111010010101
0001111000100000
0001110110101100
0001110100110111
0001110011000001
0001110001001100
0001101111010111
0001101101100001
0001101011101011
0001101001110101
0001100111111111
0001100110001000
0001100100010010
0001100010011011
0001100000100100
0001011110101101
0001011100110110
0001011010111111
0001011001000111
0001010111010000
0001010101011000
0001010011100000
0001010001101000
0001001111110000
0001001101111000
0001001100000000
0001001010000111
0001001000001111
0001000110010110
0001000100011101
0001000010100101
0001000000101100
0000111110110011
0000111100111001
0000111011000000
0000111001000111
0000110111001101
0000110101010100
0000110011011010
0000110001100001
0000101111100111
0000101101101101
0000101011110011
0000101001111001
0000100111111111
0000100110000101
0000100100001011
0000100010010000
0000100000010110
0000011110011100
0000011100100010
0000011010100111
0000011000101101
0000010110110010
0000010100111000
0000010010111101
0000010001000010
0000001111001000
0000001101001101
0000001011010011
0000001001011000
0000000111011101
0000000101100011
0000000011101000
0000000001101101
1111111111110010
1111111101111000
1111111011111101
1111111010000010
1111111000001000
1111110110001101
1111110100010010
1111110010011000
1111110000011101
1111101110100010
1111101100101000
1111101010101101
1111101000110011
1111100110111000
1111100100111110
1111100011000011
1111100001001001
1111011111001111
1111011101010100
1111011011011010
1111011001100000
1111010111100110
1111010101101100
1111010011110010
1111010001111000
1111001111111110
1111001110000100
1111001100001011
1111001010010001
1111001000011000
1111000110011110
1111000100100101
1111000010101100
1111000000110011
1110111110111001
1110111101000001
1110111011001000
1110111001001111
1110110111010110
1110110101011110
1110110011100101
1110110001101101
1110101111110101
1110101101111101
1110101100000101
1110101010001101
1110101000010110
1110100110011110
1110100100100111
1110100010101111
1110100000111000
1110011111000001
1110011101001011
1110011011010100
1110011001011101
1110010111100111
1110010101110001
1110010011111011
1110010010000101
1110010000001111
1110001110011010
1110001100100101
1110001010101111
1110001000111010
1110000111000110
1110000101010001
1110000011011101
1110000001101000
1101111111110100
1101111110000001
1101111100001101
1101111010011001
1101111000100110
1101110110110011
1101110101000000
1101110011001110
1101110001011100
1101101111101001
1101101101110111
1101101100000110
1101101010010100
1101101000100011
1101100110110010
1101100101000001
1101100011010001
1101100001100001
1101011111110000
1101011110000001
1101011100010001
1101011010100010
1101011000110011
1101010111000100
1101010101010110
1101010011100111
1101010001111001
1101010000001100
1101001110011110
1101001100110001
1101001011000100
1101001001010111
1101000111101011
1101000101111111
1101000100010011
1101000010101000
1101000000111101
1100111111010010
1100111101100111
1100111011111101
1100111010010011
1100111000101001
1100110111000000
1100110101010111
1100110011101110
1100110010000101
1100110000011101
1100101110110110
1100101101001110
1100101011100111
1100101010000000
1100101000011010
1100100110110011
1100100101001110
1100100011101000
1100100010000011
1100100000011110
1100011110111010
1100011101010110
1100011011110010
1100011010001110
1100011000101011
1100010111001001
1100010101100110
1100010100000100
1100010010100011
1100010001000001
1100001111100000
1100001110000000
1100001100100000
1100001011000000
1100001001100001
1100001000000010
1100000110100011
1100000101000101
1100000011100111
1100000010001001
1100000000101100
1011111111010000
1011111101110011
1011111100010111
1011111010111100
1011111001100001
1011111000000110
1011110110101100
1011110101010010
1011110011111001
1011110010100000
1011110001000111
1011101111101111
1011101110010111
1011101101000000
1011101011101001
1011101010010010
1011101000111100
1011100111100110
1011100110010001
1011100100111100
1011100011101000
1011100010010100
1011100001000001
1011011111101110
1011011110011011
1011011101001001
1011011011110111
1011011010100110
1011011001010101
1011011000000101
1011010110110101
1011010101100110
1011010100010111
1011010011001000
1011010001111010
1011010000101101
1011001111011111
1011001110010011
1011001101000111
1011001011111011
1011001010110000
1011001001100101
1011001000011011
1011000111010001
1011000110001000
1011000100111111
1011000011110111
1011000010101111
1011000001100111
1011000000100001
1010111111011010
1010111110010100
1010111101001111
1010111100001010
1010111011000110
1010111010000010
1010111000111110
1010110111111100
1010110110111001
1010110101110111
1010110100110110
1010110011110101
1010110010110101
1010110001110101
1010110000110110
1010101111110111
1010101110111001
1010101101111011
1010101100111110
1010101100000001
1010101011000101
1010101010001001
1010101001001110
1010101000010100
1010100111011010
1010100110100000
1010100101100111
1010100100101111
1010100011110111
1010100010111111
1010100010001000
1010100001010010
1010100000011100
1010011111100111
1010011110110010
1010011101111110
1010011101001011
1010011100011000
1010011011100101
1010011010110011
1010011010000010
1010011001010001
1010011000100001
1010010111110001
1010010111000010
1010010110010011
1010010101100101
1010010100111000
1010010100001011
1010010011011110
1010010010110010
1010010010000111
1010010001011101
1010010000110010
1010010000001001
1010001111100000
1010001110110111
1010001110010000
1010001101101000
1010001101000010
1010001100011011
1010001011110110
1010001011010001
1010001010101100
1010001010001001
1010001001100101
1010001001000011
1010001000100000
1010000111111111
1010000111011110
1010000110111110
1010000110011110
1010000101111111
1010000101100000
1010000101000010
1010000100100100
1010000100001000
1010000011101011
1010000011010000
1010000010110100
1010000010011010
1010000010000000
1010000001100111
1010000001001110
1010000000110110
1010000000011110
1010000000000111
1001111111110001
1001111111011011
1001111111000110
1001111110110001
1001111110011101
1001111110001010
1001111101110111
1001111101100101
1001111101010011
1001111101000010
1001111100110001
1001111100100010
1001111100010010
1001111100000100
1001111011110110
1001111011101000
1001111011011011
1001111011001111
1001111011000011
1001111010111000
1001111010101110
1001111010100100
1001111010011011
1001111010010010
1001111010001010
1001111010000011
1001111001111100
1001111001110101
1001111001110000
1001111001101011
1001111001100110
1001111001100010
1001111001011111
1001111001011101
1001111001011011
1001111001011001
1001111001011000
1001111001011000
1001111001011000
1001111001011001
1001111001011011
1001111001011101
1001111001100000
1001111001100011
1001111001100111
1001111001101100
1001111001110001
1001111001110111
1001111001111101
1001111010000100
1001111010001100
1001111010010100
1001111010011101
1001111010100110
1001111010110000
1001111010111011
1001111011000110
1001111011010010
1001111011011110
1001111011101011
1001111011111001
1001111100000111
1001111100010110
1001111100100101
1001111100110101
1001111101000110
1001111101010111
1001111101101001
1001111101111011
1001111110001110
1001111110100001
1001111110110110
1001111111001010
1001111111100000
1001111111110110
1010000000001100
1010000000100011
1010000000111011
1010000001010011
1010000001101100
1010000010000110
1010000010100000
1010000010111010
1010000011010110
1010000011110010
1010000100001110
1010000100101011
1010000101001001
1010000101100111
1010000110000101
1010000110100101
1010000111000101
1010000111100101
1010001000000110
1010001000101000
1010001001001010
1010001001101101
1010001010010000
1010001010110100
1010001011011001
1010001011111110
1010001100100100
1010001101001010
1010001101110001
1010001110011000
1010001111000000
1010001111101001
1010010000010010
1010010000111100
1010010001100110
1010010010010001
1010010010111100
1010010011101000
1010010100010101
1010010101000010
1010010101101111
1010010110011101
1010010111001100
1010010111111100
1010011000101011
1010011001011100
1010011010001101
1010011010111110
1010011011110000
1010011100100011
1010011101010110
1010011110001010
1010011110111110
1010011111110011
1010100000101000
1010100001011110
1010100010010101
1010100011001100
1010100100000011
1010100100111011
1010100101110100
1010100110101101
1010100111100110
1010101000100001
1010101001011011
1010101010010111
1010101011010010
1010101100001111
1010101101001011
1010101110001001
1010101111000111
1010110000000101
1010110001000100
1010110010000011
1010110011000011
1010110100000100
1010110101000101
1010110110000110
1010110111001000
1010111000001010
1010111001001101
1010111010010001
1010111011010101
1010111100011001
1010111101011110
1010111110100100
1010111111101010
1011000000110000
1011000001110111
1011000010111111
1011000100000111
1011000101001111
1011000110011000
1011000111100001
1011001000101011
1011001001110110
1011001011000000
1011001100001100
1011001101011000
1011001110100100
1011001111110001
1011010000111110
1011010010001011
1011010011011010
1011010100101000
1011010101110111
1011010111000111
1011011000010111
1011011001100111
1011011010111000
1011011100001001
1011011101011011
1011011110101101
1011100000000000
1011100001010011
1011100010100111
1011100011111011
1011100101001111
1011100110100100
1011100111111001
1011101001001111
1011101010100101
1011101011111100
1011101101010011
1011101110101010
1011110000000010
1011110001011011
1011110010110011
1011110100001100
1011110101100110
1011110111000000
1011111000011010
1011111001110101
1011111011010000
1011111100101100
1011111110001000
1011111111100100
1100000001000001
1100000010011110
1100000011111100
1100000101011010
1100000110111000
1100001000010111
1100001001110110
1100001011010101
1100001100110101
1100001110010101
1100001111110110
1100010001010111
1100010010111000
1100010100011010
1100010101111100
1100010111011110
1100011001000001
1100011010100100
1100011100001000
1100011101101100
1100011111010000
1100100000110100
1100100010011001
1100100011111111
1100100101100100
1100100111001010
1100101000110000
1100101010010111
1100101011111110
1100101101100101
1100101111001101
1100110000110100
1100110010011101
1100110100000101
1100110101101110
1100110111010111
1100111001000001
1100111010101010
1100111100010100
1100111101111111
1100111111101001
1101000001010100
1101000011000000
1101000100101011
1101000110010111
1101001000000011
1101001001110000
1101001011011100
1101001101001001
1101001110110110
1101010000100100
1101010010010010
1101010100000000
1101010101101110
1101010111011101
1101011001001011
1101011010111011
1101011100101010
1101011110011001
1101100000001001
1101100001111001
1101100011101010
1101100101011010
1101100111001011
1101101000111100
1101101010101110
1101101100011111
1101101110010001
1101110000000011
1101110001110101
1101110011100111
1101110101011010
1101110111001101
1101111001000000
1101111010110011
1101111100100111
1101111110011010
1110000000001110
1110000010000010
1110000011110110
1110000101101011
1110000111100000
1110001001010100
1110001011001001
1110001100111111
1110001110110100
1110010000101001
1110010010011111
1110010100010101
1110010110001011
1110011000000001
1110011001111000
1110011011101110
1110011101100101
1110011111011100
1110100001010011
1110100011001010
1110100101000001
1110100110111001
1110101000110000
1110101010101000
1110101100100000
1110101110011000
1110110000010000
1110110010001000
1110110100000000
1110110101111001
1110110111110001
1110111001101010
1110111011100011
1110111101011011
1110111111010100
1111000001001101
1111000011000111
1111000101000000
1111000110111001
1111001000110011
1111001010101100
1111001100100110
1111001110011111
1111010000011001
1111010010010011
1111010100001101
1111010110000111
1111011000000001
1111011001111011
1111011011110101
1111011101110000
1111011111101010
1111100001100100
1111100011011110
1111100101011001
1111100111010011
1111101001001110
1111101011001000
1111101101000011
1111101110111110
1111110000111000
1111110010110011
1111110100101101
1111110110101000
1111111000100011
1111111010011101
1111111100011000
1111111110010011
0000000000001110
0000000010001000
0000000100000011
0000000101111110
0000000111111000
0000001001110011
0000001011101110
0000001101101000
0000001111100011
0000010001011110
0000010011011000
0000010101010011
0000010111001101
0000011001001000
0000011011000010
0000011100111101
0000011110110111
0000100000110001
0000100010101100
0000100100100110
0000100110100000
0000101000011010
0000101010010100
0000101100001110
0000101110001000
0000110000000010
0000110001111100
0000110011110101
0000110101101111
0000110111101000
0000111001100010
0000111011011011
0000111101010100
0000111111001101
0001000001000111
0001000010111111
0001000100111000
0001000110110001
0001001000101010
0001001010100010
0001001100011011
0001001110010011
0001010000001011
0001010010000011
0001010011111011
0001010101110011
0001010111101010
0001011001100010
0001011011011001
0001011101010001
0001011111001000
0001100000111111
0001100010110101
0001100100101100
0001100110100011
0001101000011001
0001101010001111
0001101100000101
0001101101111011
0001101111110001
0001110001100110
0001110011011011
0001110101010001
0001110111000110
0001111000111010
0001111010101111
0001111100100011
0001111110011000
0010000000001100
0010000001111111
0010000011110011
0001000010110011
0001000011101101
0001000100100110
0001000101100000
0001000110011001
0001000111010010
0001001000001011
0001001001000100
0001001001111101
0001001010110110
0001001011101110
0001001100100111
0001001101011111
0001001110011000
0001001111010000
0001010000001000
0001010001000000
0001010001110111
0001010010101111
0001010011100111
0001010100011110
0001010101010101
0001010110001100
0001010111000011
0001010111111010
0001011000110001
0001011001101000
0001011010011110
0001011011010100
0001011100001010
0001011101000000
0001011101110110
0001011110101100
0001011111100010
0001100000010111
0001100001001100
0001100010000010
0001100010110111
0001100011101011
0001100100100000
0001100101010101
0001100110001001
0001100110111101
0001100111110001
0001101000100101
0001101001011001
0001101010001101
0001101011000000
0001101011110011
0001101100100110
0001101101011001
0001101110001100
0001101110111111
0001101111110001
0001110000100011
0001110001010101
0001110010000111
0001110010111001
0001110011101010
0001110100011100
0001110101001101
0001110101111110
0001110110101111
0001110111011111
0001111000010000
0001111001000000
0001111001110000
0001111010100000
0001111011010000
0001111011111111
0001111100101110
0001111101011110
0001111110001101
0001111110111011
0001111111101010
0010000000011000
0010000001000110
0010000001110100
0010000010100010
0010000011010000
0010000011111101
0010000100101010
0010000101010111
0010000110000100
0010000110110000
0010000111011101
0010001000001001
0010001000110101
0010001001100000
0010001010001100
0010001010110111
0010001011100010
0010001100001101
0010001100110111
0010001101100010
0010001110001100
0010001110110110
0010001111100000
0010010000001001
0010010000110010
0010010001011100
0010010010000100
0010010010101101
0010010011010101
0010010011111110
0010010100100110
0010010101001101
0010010101110101
0010010110011100
0010010111000011
0010010111101010
0010011000010000
0010011000110111
0010011001011101
0010011010000011
0010011010101000
0010011011001101
0010011011110011
0010011100011000
0010011100111100
0010011101100001
0010011110000101
0010011110101001
0010011111001100
0010011111110000
0010100000010011
0010100000110110
0010100001011001
0010100001111011
0010100010011101
0010100010111111
0010100011100001
0010100100000010
0010100100100011
0010100101000100
0010100101100101
0010100110000101
0010100110100110
0010100111000101
0010100111100101
0010101000000100
0010101000100100
0010101001000010
0010101001100001
0010101001111111
0010101010011110
0010101010111011
0010101011011001
0010101011110110
0010101100010011
0010101100110000
0010101101001100
0010101101101001
0010101110000101
0010101110100000
0010101110111100
0010101111010111
0010101111110010
0010110000001100
0010110000100111
0010110001000001
0010110001011011
0010110001110100
0010110010001101
0010110010100110
0010110010111111
0010110011011000
0010110011110000
0010110100001000
0010110100011111
0010110100110110
0010110101001101
0010110101100100
0010110101111011
0010110110010001
0010110110100111
0010110110111100
0010110111010010
0010110111100111
0010110111111100
0010111000010000
0010111000100100
0010111000111000
0010111001001100
0010111001011111
0010111001110010
0010111010000101
0010111010011000
0010111010101010
0010111010111100
0010111011001101
0010111011011111
0010111011110000
0010111100000001
0010111100010001
0010111100100001
0010111100110001
0010111101000001
0010111101010000
0010111101011111
0010111101101110
0010111101111100
0010111110001010
0010111110011000
0010111110100110
0010111110110011
0010111111000000
0010111111001101
0010111111011001
0010111111100101
0010111111110001
0010111111111100
0011000000001000
0011000000010011
0011000000011101
0011000000100111
0011000000110001
0011000000111011
0011000001000101
0011000001001110
0011000001010111
0011000001011111
0011000001100111
0011000001101111
0011000001110111
0011000001111110
0011000010000101
0011000010001100
0011000010010010
0011000010011000
0011000010011110
0011000010100100
0011000010101001
0011000010101110
0011000010110011
0011000010110111
0011000010111011
0011000010111111
0011000011000010
0011000011000101
0011000011001000
0011000011001011
0011000011001101
0011000011001111
0011000011010000
0011000011010010
0011000011010011
0011000011010011
0011000011010100
0011000011010100
0011000011010100
0011000011010011
0011000011010011
0011000011010001
0011000011010000
0011000011001110
0011000011001100
0011000011001010
0011000011001000
0011000011000101
0011000011000001
0011000010111110
0011000010111010
0011000010110110
0011000010110010
0011000010101101
0011000010101000
0011000010100011
0011000010011101
0011000010010111
0011000010010001
0011000010001010
0011000010000100
0011000001111101
0011000001110101
0011000001101101
0011000001100101
0011000001011101
0011000001010101
0011000001001100
0011000001000011
0011000000111001
0011000000101111
0011000000100101
0011000000011011
0011000000010000
0011000000000101
0010111111111010
0010111111101110
0010111111100010
0010111111010110
0010111111001010
0010111110111101
0010111110110000
0010111110100011
0010111110010101
0010111110000111
0010111101111001
0010111101101011
0010111101011100
0010111101001101
0010111100111101
0010111100101110
0010111100011110
0010111100001101
0010111011111101
0010111011101100
0010111011011011
0010111011001001
0010111010111000
0010111010100110
0010111010010100
0010111010000001
0010111001101110
0010111001011011
0010111001001000
0010111000110100
0010111000100000
0010111000001100
0010110111110111
0010110111100010
0010110111001101
0010110110111000
0010110110100010
0010110110001100
0010110101110110
0010110101011111
0010110101001000
0010110100110001
0010110100011010
0010110100000010
0010110011101010
0010110011010010
0010110010111010
0010110010100001
0010110010001000
0010110001101111
0010110001010101
0010110000111011
0010110000100001
0010110000000111
0010101111101100
0010101111010001
0010101110110110
0010101110011010
0010101101111110
0010101101100010
0010101101000110
0010101100101010
0010101100001101
0010101011110000
0010101011010010
0010101010110101
0010101010010111
0010101001111001
0010101001011010
0010101000111100
0010101000011101
0010100111111110
0010100111011110
0010100110111110
0010100110011110
0010100101111110
0010100101011110
0010100100111101
0010100100011100
0010100011111011
0010100011011001
0010100010111000
0010100010010110
0010100001110011
0010100001010001
0010100000101110
0010100000001011
0010011111101000
0010011111000100
0010011110100001
0010011101111101
0010011101011000
0010011100110100
0010011100001111
0010011011101010
0010011011000101
0010011010100000
0010011001111010
0010011001010100
0010011000101110
0010011000001000
0010010111100001
0010010110111010
0010010110010011
0010010101101100
0010010101000100
0010010100011101
0010010011110101
0010010011001100
0010010010100100
0010010001111011
0010010001010010
0010010000101001
0010010000000000
0010001111010110
0010001110101101
0010001110000011
0010001101011000
0010001100101110
0010001100000011
0010001011011000
0010001010101101
0010001010000010
0010001001010110
0010001000101011
0010000111111111
0010000111010011
0010000110100110
0010000101111010
0010000101001101
0010000100100000
0010000011110011
0010000011000101
0010000010011000
0010000001101010
0010000000111100
0010000000001110
0001111111011111
0001111110110001
0001111110000010
0001111101010011
0001111100100100
0001111011110101
0001111011000101
0001111010010101
0001111001100101
0001111000110101
0001111000000101
0001110111010101
0001110110100100
0001110101110011
0001110101000010
0001110100010001
0001110011011111
0001110010101110
0001110001111100
0001110001001010
0001110000011000
0001101111100110
0001101110110011
0001101110000001
0001101101001110
0001101100011011
0001101011101000
0001101010110101
0001101010000001
0001101001001101
0001101000011010
0001100111100110
0001100110110010
0001100101111101
0001100101001001
0001100100010100
0001100011100000
0001100010101011
0001100001110110
0001100001000001
0001100000001011
0001011111010110
0001011110100000
0001011101101010
0001011100110101
0001011011111110
0001011011001000
0001011010010010
0001011001011011
0001011000100101
0001010111101110
0001010110110111
0001010110000000
0001010101001001
0001010100010010
0001010011011010
0001010010100011
0001010001101011
0001010000110011
0001001111111011
0001001111000011
0001001110001011
0001001101010011
0001001100011010
0001001011100010
0001001010101001
0001001001110000
0001001000111000
0001000111111111
0001000111000110
0001000110001100
0001000101010011
0001000100011010
0001000011100000
0001000010100110
0001000001101101
0001000000110011
0000111111111001
0000111110111111
0000111110000101
0000111101001011
0000111100010000
0000111011010110
0000111010011011
0000111001100001
0000111000100110
0000110111101011
0000110110110000
0000110101110101
0000110100111010
0000110011111111
0000110011000100
0000110010001001
0000110001001110
0000110000010010
0000101111010111
0000101110011011
0000101101011111
0000101100100100
0000101011101000
0000101010101100
0000101001110000
0000101000110100
0000100111111000
0000100110111100
0000100110000000
0000100101000100
0000100100000111
0000100011001011
0000100010001111
0000100001010010
0000100000010110
0000011111011001
0000011110011101
0000011101100000
0000011100100011
0000011011100111
0000011010101010
0000011001101101
0000011000110000
0000010111110011
0000010110110110
0000010101111001
0000010100111101
0000010011111111
0000010011000010
0000010010000101
0000010001001000
0000010000001011
0000001111001110
0000001110010001
0000001101010100
0000001100010110
0000001011011001
0000001010011100
0000001001011111
0000001000100001
0000000111100100
0000000110100111
0000000101101001
0000000100101100
0000000011101111
0000000010110001
0000000001110100
0000000000110111
1111111111111001
1111111110111100
1111111101111110
1111111101000001
1111111100000100
1111111011000110
1111111010001001
1111111001001100
1111111000001110
1111110111010001
1111110110010100
1111110101010111
1111110100011001
1111110011011100
1111110010011111
1111110001100010
1111110000100100
1111101111100111
1111101110101010
1111101101101101
1111101100110000
1111101011110011
1111101010110110
1111101001111001
1111101000111100
1111100111111111
1111100111000010
1111100110000101
1111100101001001
1111100100001100
1111100011001111
1111100010010010
1111100001010110
1111100000011001
1111011111011101
1111011110100000
1111011101100100
1111011100100111
1111011011101011
1111011010101111
1111011001110011
1111011000110111
1111010111111010
1111010110111110
1111010110000010
1111010101000111
1111010100001011
1111010011001111
1111010010010011
1111010001011000
1111010000011100
1111001111100001
1111001110100101
1111001101101010
1111001100101111
1111001011110100
1111001010111000
1111001001111101
1111001001000011
1111001000001000
1111000111001101
1111000110010010
1111000101011000
1111000100011101
1111000011100011
1111000010101001
1111000001101110
1111000000110100
1110111111111010
1110111111000000
1110111110000110
1110111101001101
1110111100010011
1110111011011010
1110111010100000
1110111001100111
1110111000101110
1110110111110101
1110110110111100
1110110110000011
1110110101001010
1110110100010010
1110110011011001
1110110010100001
1110110001101000
1110110000110000
1110101111111000
1110101111000000
1110101110001001
1110101101010001
1110101100011001
1110101011100010
1110101010101011
1110101001110100
1110101000111101
1110101000000110
1110100111001111
1110100110011000
1110100101100010
1110100100101100
1110100011110110
1110100011000000
1110100010001010
1110100001010100
1110100000011110
1110011111101001
1110011110110100
1110011101111110
1110011101001001
1110011100010101
1110011011100000
1110011010101011
1110011001110111
1110011001000011
1110011000001111
1110010111011011
1110010110100111
1110010101110011
1110010101000000
1110010100001101
1110010011011010
1110010010100111
1110010001110100
1110010001000001
1110010000001111
1110001111011101
1110001110101011
1110001101111001
1110001101000111
1110001100010110
1110001011100100
1110001010110011
1110001010000010
1110001001010001
1110001000100001
1110000111110000
1110000111000000
1110000110010000
1110000101100000
1110000100110000
1110000100000001
1110000011010010
1110000010100010
1110000001110011
1110000001000101
1110000000010110
1101111111101000
1101111110111010
1101111110001100
1101111101011110
1101111100110000
1101111100000011
1101111011010110
1101111010101001
1101111001111100
1101111001010000
1101111000100011
1101110111110111
1101110111001011
1101110110100000
1101110101110100
1101110101001001
1101110100011110
1101110011110011
1101110011001001
1101110010011110
1101110001110100
1101110001001010
1101110000100000
1101101111110111
1101101111001110
1101101110100100
1101101101111100
1101101101010011
1101101100101011
1101101100000010
1101101011011010
1101101010110011
1101101010001011
1101101001100100
1101101000111101
1101101000010110
1101100111110000
1101100111001001
1101100110100011
1101100101111101
1101100101011000
1101100100110011
1101100100001101
1101100011101000
1101100011000100
1101100010011111
1101100001111011
1101100001010111
1101100000110100
1101100000010000
1101011111101101
1101011111001010
1101011110100111
1101011110000101
1101011101100011
1101011101000001
1101011100011111
1101011011111110
1101011011011101
1101011010111100
1101011010011011
1101011001111011
1101011001011010
1101011000111011
1101011000011011
1101010111111100
1101010111011100
1101010110111110
1101010110011111
1101010110000001
1101010101100010
1101010101000101
1101010100100111
1101010100001010
1101010011101101
1101010011010000
1101010010110100
1101010010010111
1101010001111011
1101010001100000
1101010001000100
1101010000101001
1101010000001110
1101001111110100
1101001111011001
1101001110111111
1101001110100101
1101001110001100
1101001101110011
1101001101011010
1101001101000001
1101001100101000
1101001100010000
1101001011111000
1101001011100001
1101001011001010
1101001010110011
1101001010011100
1101001010000101
1101001001101111
1101001001011001
1101001001000100
1101001000101110
1101001000011001
1101001000000100
1101000111110000
1101000111011100
1101000111001000
1101000110110100
1101000110100001
1101000110001110
1101000101111011
1101000101101000
1101000101010110
1101000101000100
1101000100110011
1101000100100001
1101000100010000
1101000011111111
1101000011101111
1101000011011111
1101000011001111
1101000010111111
1101000010110000
1101000010100001
1101000010010010
1101000010000100
1101000001110110
1101000001101000
1101000001011010
1101000001001101
1101000001000000
1101000000110011
1101000000100111
1101000000011011
1101000000001111
1101000000000100
1100111111111000
1100111111101101
1100111111100011
1100111111011001
1100111111001111
1100111111000101
1100111110111011
1100111110110010
1100111110101001
1100111110100001
1100111110011001
1100111110010001
1100111110001001
1100111110000010
1100111101111011
1100111101110100
1100111101101110
1100111101101000
1100111101100010
1100111101011100
1100111101010111
1100111101010010
1100111101001101
1100111101001001
1100111101000101
1100111101000001
1100111100111110
1100111100111011
1100111100111000
1100111100110101
1100111100110011
1100111100110001
1100111100110000
1100111100101110
1100111100101101
1100111100101101
1100111100101100
1100111100101100
1100111100101100
1100111100101101
1100111100101101
1100111100101111
1100111100110000
1100111100110010
1100111100110100
1100111100110110
1100111100111000
1100111100111011
1100111100111111
1100111101000010
1100111101000110
1100111101001010
1100111101001110
1100111101010011
1100111101011000
1100111101011101
1100111101100011
1100111101101001
1100111101101111
1100111101110110
1100111101111100
1100111110000011
1100111110001011
1100111110010011
1100111110011011
1100111110100011
1100111110101011
1100111110110100
1100111110111101
1100111111000111
1100111111010001
1100111111011011
1100111111100101
1100111111110000
1100111111111011
1101000000000110
1101000000010010
1101000000011110
1101000000101010
1101000000110110
1101000001000011
1101000001010000
1101000001011101
1101000001101011
1101000001111001
1101000010000111
1101000010010101
1101000010100100
1101000010110011
1101000011000011
1101000011010010
1101000011100010
1101000011110011
1101000100000011
1101000100010100
1101000100100101
1101000100110111
1101000101001000
1101000101011010
1101000101101100
1101000101111111
1101000110010010
1101000110100101
1101000110111000
1101000111001100
1101000111100000
1101000111110100
1101001000001001
1101001000011110
1101001000110011
1101001001001000
1101001001011110
1101001001110100
1101001010001010
1101001010100001
1101001010111000
1101001011001111
1101001011100110
1101001011111110
1101001100010110
1101001100101110
1101001101000110
1101001101011111
1101001101111000
1101001110010001
1101001110101011
1101001111000101
1101001111011111
1101001111111001
1101010000010100
1101010000101111
1101010001001010
1101010001100110
1101010010000010
1101010010011110
1101010010111010
1101010011010110
1101010011110011
1101010100010000
1101010100101110
1101010101001011
1101010101101001
1101010110000111
1101010110100110
1101010111000100
1101010111100011
1101011000000010
1101011000100010
1101011001000010
1101011001100010
1101011010000010
1101011010100010
1101011011000011
1101011011100100
1101011100000101
1101011100100111
1101011101001000
1101011101101010
1101011110001101
1101011110101111
1101011111010010
1101011111110101
1101100000011000
1101100000111100
1101100001011111
1101100010000011
1101100010101000
1101100011001100
1101100011110001
1101100100010110
1101100100111011
1101100101100000
1101100110000110
1101100110101100
1101100111010010
1101100111111000
1101101000011111
1101101001000110
1101101001101101
1101101010010100
1101101010111100
1101101011100011
1101101100001011
1101101100110100
1101101101011100
1101101110000101
1101101110101110
1101101111010111
1101110000000000
1101110000101010
1101110001010011
1101110001111101
1101110010101000
1101110011010010
1101110011111101
1101110100101000
1101110101010011
1101110101111110
1101110110101010
1101110111010101
1101111000000001
1101111000101101
1101111001011010
1101111010000110
1101111010110011
1101111011100000
1101111100001101
1101111100111011
1101111101101000
1101111110010110
1101111111000100
1101111111110010
1110000000100001
1110000001001111
1110000001111110
1110000010101101
1110000011011100
1110000100001011
1110000100111011
1110000101101011
1110000110011011
1110000111001011
1110000111111011
1110001000101011
1110001001011100
1110001010001101
1110001010111110
1110001011101111
1110001100100001
1110001101010010
1110001110000100
1110001110110110
1110001111101000
1110010000011010
1110010001001101
1110010001111111
1110010010110010
1110010011100101
1110010100011000
1110010101001011
1110010101111111
1110010110110011
1110010111100110
1110011000011010
1110011001001110
1110011010000011
1110011010110111
1110011011101100
1110011100100000
1110011101010101
1110011110001010
1110011110111111
1110011111110101
1110100000101010
1110100001100000
1110100010010110
1110100011001011
1110100100000010
1110100100111000
1110100101101110
1110100110100101
1110100111011011
1110101000010010
1110101001001001
1110101010000000
1110101010110111
1110101011101110
1110101100100110
1110101101011101
1110101110010101
1110101111001101
1110110000000101
1110110000111101
1110110001110101
1110110010101101
1110110011100110
1110110100011110
1110110101010111
1110110110010000
1110110111001000
1110111000000001
1110111000111010
1110111001110100
1110111010101101
1110111011100110
1110111100100000
1110111101011010
1110111110010011
1110111111001101
1111000000000111
1111000001000001
1111000001111011
1111000010110101
1111000011110000
1111000100101010
1111000101100101
1111000110011111
1111000111011010
1111001000010101
1111001001010000
1111001010001011
1111001011000110
1111001100000001
1111001100111100
1111001101110111
1111001110110010
1111001111101110
1111010000101001
1111010001100101
1111010010100001
1111010011011100
1111010100011000
1111010101010100
1111010110010000
1111010111001100
1111011000001000
1111011001000100
1111011010000000
1111011010111100
1111011011111001
1111011100110101
1111011101110001
1111011110101110
1111011111101010
1111100000100111
1111100001100011
1111100010100000
1111100011011101
1111100100011001
1111100101010110
1111100110010011
1111100111010000
1111101000001101
1111101001001010
1111101010000111
1111101011000011
1111101100000001
1111101100111110
1111101101111011
1111101110111000
1111101111110101
1111110000110010
1111110001101111
1111110010101100
1111110011101010
1111110100100111
1111110101100100
1111110110100001
1111110111011111
1111111000011100
1111111001011001
1111111010010111
1111111011010100
1111111100010001
1111111101001111
1111111110001100
1111111111001001
0000000000000111
0000000001000100
0000000010000010
0000000010111111
0000000011111100
0000000100111010
0000000101110111
0000000110110100
0000000111110010
0000001000101111
0000001001101100
0000001010101001
0000001011100111
0000001100100100
0000001101100001
0000001110011110
0000001111011100
0000010000011001
0000010001010110
0000010010010011
0000010011010000
0000010100001101
0000010101001010
0000010110000111
0000010111000100
0000011000000001
0000011000111110
0000011001111011
0000011010110111
0000011011110100
0000011100110001
0000011101101110
0000011110101010
0000011111100111
0000100000100011
0000100001100000
0000100010011100
0000100011011001
0000100100010101
0000100101010001
0000100110001101
0000100111001001
0000101000000110
0000101001000010
0000101001111110
0000101010111001
0000101011110101
0000101100110001
0000101101101101
0000101110101000
0000101111100100
0000110000011111
0000110001011011
0000110010010110
0000110011010001
0000110100001100
0000110101001000
0000110110000011
0000110110111101
0000110111111000
0000111000110011
0000111001101110
0000111010101000
0000111011100011
0000111100011101
0000111101010111
0000111110010010
0000111111001100
0001000000000110
0001000001000000
0001000001111010
0001000010110011
0001000011101101
0001000100100110
0001000101100000
0001000110011001
0001000111010010
0001001000001011
0001001001000100
0001001001111101
0001001010110110
0001001011101110
0001001100100111
0001001101011111
0001001110011000
0001001111010000
0001010000001000
0001010001000000
0001010001110111
0001010010101111
0001010011100111
0001010100011110
0001010101010101
0001010110001100
0001010111000011
0001010111111010
0001011000110001
0001011001101000
0001011010011110
0001011011010100
0001011100001010
0001011101000000
0001011101110110
0001011110101100
0001011111100010
0001100000010111
0001100001001100
0001100010000010
0001100010110111
0001100011101011
0001100100100000
0001100101010101
0001100110001001
0001100110111101
0001100111110001
0001101000100101
0001101001011001
0001101010001101
0001101011000000
0001101011110011
0001101100100110
0001101101011001
0001101110001100
0001101110111111
0001101111110001
0001110000100011
0001110001010101
0001110010000111
0001110010111001
0001110011101010
0001110100011100
0001110101001101
0001110101111110
0001110110101111
0001110111011111
0001111000010000
0001111001000000
0001111001110000
0001111010100000
0001111011010000
0001111011111111
0001111100101110
0001111101011110
0001111110001101
0001111110111011
0001111111101010
0010000000011000
0010000001000110
0010000001110100
0010000010100010
0010000011010000
0010000011111101
0010000100101010
0010000101010111
0010000110000100
0010000110110000
0010000111011101
0010001000001001
0010001000110101
0010001001100000
0010001010001100
0010001010110111
0010001011100010
0010001100001101
0010001100110111
0010001101100010
0010001110001100
0010001110110110
0010001111100000
0010010000001001
0010010000110010
0010010001011100
0010010010000100
0010010010101101
0010010011010101
0010010011111110
0010010100100110
0010010101001101
0010010101110101
0010010110011100
0010010111000011
0010010111101010
0010011000010000
0010011000110111
0010011001011101
0010011010000011
0010011010101000
0010011011001101
0010011011110011
0010011100011000
0010011100111100
0010011101100001
0010011110000101
0010011110101001
0010011111001100
0010011111110000
0010100000010011
0010100000110110
0010100001011001
0010100001111011
0010100010011101
0010100010111111
0010100011100001
0010100100000010
0010100100100011
0010100101000100
0010100101100101
0010100110000101
0010100110100110
0010100111000101
0010100111100101
0010101000000100
0010101000100100
0010101001000010
0010101001100001
0010101001111111
0010101010011110
0010101010111011
0010101011011001
0010101011110110
0010101100010011
0010101100110000
0010101101001100
0010101101101001
0010101110000101
0010101110100000
0010101110111100
0010101111010111
0010101111110010
0010110000001100
0010110000100111
0010110001000001
0010110001011011
0010110001110100
0010110010001101
0010110010100110
0010110010111111
0010110011011000
0010110011110000
0010110100001000
0010110100011111
0010110100110110
0010110101001101
0010110101100100
0010110101111011
0010110110010001
0010110110100111
0010110110111100
0010110111010010
0010110111100111
0010110111111100
0010111000010000
0010111000100100
0010111000111000
0010111001001100
0010111001011111
0010111001110010
0010111010000101
0010111010011000
0010111010101010
0010111010111100
0010111011001101
0010111011011111
0010111011110000
0010111100000001
0010111100010001
0010111100100001
0010111100110001
0010111101000001
0010111101010000
0010111101011111
0010111101101110
0010111101111100
0010111110001010
0010111110011000
0010111110100110
0010111110110011
0010111111000000
0010111111001101
0010111111011001
0010111111100101
0010111111110001
0010111111111100
0011000000001000
0011000000010011
0011000000011101
0011000000100111
0011000000110001
0011000000111011
0011000001000101
0011000001001110
0011000001010111
0011000001011111
0011000001100111
0011000001101111
0011000001110111
0011000001111110
0011000010000101
0011000010001100
0011000010010010
0011000010011000
0011000010011110
0011000010100100
0011000010101001
0011000010101110
0011000010110011
0011000010110111
0011000010111011
0011000010111111
0011000011000010
0011000011000101
0011000011001000
0011000011001011
0011000011001101
0011000011001111
0011000011010000
0011000011010010
0011000011010011
0011000011010011
0011000011010100
0011000011010100
0011000011010100
0011000011010011
0011000011010011
0011000011010001
0011000011010000
0011000011001110
0011000011001100
0011000011001010
0011000011001000
0011000011000101
0011000011000001
0011000010111110
0011000010111010
0011000010110110
0011000010110010
0011000010101101
0011000010101000
0011000010100011
0011000010011101
0011000010010111
0011000010010001
0011000010001010
0011000010000100
0011000001111101
0011000001110101
0011000001101101
0011000001100101
0011000001011101
0011000001010101
0011000001001100
0011000001000011
0011000000111001
0011000000101111
0011000000100101
0011000000011011
0011000000010000
0011000000000101
0010111111111010
0010111111101110
0010111111100010
0010111111010110
0010111111001010
0010111110111101
0010111110110000
0010111110100011
0010111110010101
0010111110000111
0010111101111001
0010111101101011
0010111101011100
0010111101001101
0010111100111101
0010111100101110
0010111100011110
0010111100001101
0010111011111101
0010111011101100
0010111011011011
0010111011001001
0010111010111000
0010111010100110
0010111010010100
0010111010000001
0010111001101110
0010111001011011
0010111001001000
0010111000110100
0010111000100000
0010111000001100
0010110111110111
0010110111100010
0010110111001101
0010110110111000
0010110110100010
0010110110001100
0010110101110110
0010110101011111
0010110101001000
0010110100110001
0010110100011010
0010110100000010
0010110011101010
0010110011010010
0010110010111010
0010110010100001
0010110010001000
0010110001101111
0010110001010101
0010110000111011
0010110000100001
0010110000000111
0010101111101100
0010101111010001
0010101110110110
0010101110011010
0010101101111110
0010101101100010
0010101101000110
0010101100101010
0010101100001101
0010101011110000
0010101011010010
0010101010110101
0010101010010111
0010101001111001
0010101001011010
0010101000111100
0010101000011101
0010100111111110
0010100111011110
0010100110111110
0010100110011110
0010100101111110
0010100101011110
0010100100111101
0010100100011100
0010100011111011
0010100011011001
0010100010111000
0010100010010110
0010100001110011
0010100001010001
0010100000101110
0010100000001011
0010011111101000
0010011111000100
0010011110100001
0010011101111101
0010011101011000
0010011100110100
0010011100001111
0010011011101010
0010011011000101
0010011010100000
0010011001111010
0010011001010100
0010011000101110
0010011000001000
0010010111100001
0010010110111010
0010010110010011
0010010101101100
0010010101000100
0010010100011101
0010010011110101
0010010011001100
0010010010100100
0010010001111011
0010010001010010
0010010000101001
0010010000000000
0010001111010110
0010001110101101
0010001110000011
0010001101011000
0010001100101110
0010001100000011
0010001011011000
0010001010101101
0010001010000010
0010001001010110
0010001000101011
0010000111111111
0010000111010011
0010000110100110
0010000101111010
0010000101001101
0010000100100000
0010000011110011
0010000011000101
0010000010011000
0010000001101010
0010000000111100
0010000000001110
0001111111011111
0001111110110001
0001111110000010
0001111101010011
0001111100100100
0001111011110101
0001111011000101
0001111010010101
0001111001100101
0001111000110101
0001111000000101
0001110111010101
0001110110100100
0001110101110011
0001110101000010
0001110100010001
0001110011011111
0001110010101110
0001110001111100
0001110001001010
0001110000011000
0001101111100110
0001101110110011
0001101110000001
0001101101001110
0001101100011011
0001101011101000
0001101010110101
0001101010000001
0001101001001101
0001101000011010
0001100111100110
0001100110110010
0001100101111101
0001100101001001
0001100100010100
0001100011100000
0001100010101011
0001100001110110
0001100001000001
0001100000001011
0001011111010110
0001011110100000
0001011101101010
0001011100110101
0001011011111110
0001011011001000
0001011010010010
0001011001011011
0001011000100101
0001010111101110
0001010110110111
0001010110000000
0001010101001001
0001010100010010
0001010011011010
0001010010100011
0001010001101011
0001010000110011
0001001111111011
0001001111000011
0001001110001011
0001001101010011
0001001100011010
0001001011100010
0001001010101001
0001001001110000
0001001000111000
0001000111111111
0001000111000110
0001000110001100
0001000101010011
0001000100011010
0001000011100000
0001000010100110
0001000001101101
0001000000110011
0000111111111001
0000111110111111
0000111110000101
0000111101001011
0000111100010000
0000111011010110
0000111010011011
0000111001100001
0000111000100110
0000110111101011
0000110110110000
0000110101110101
0000110100111010
0000110011111111
0000110011000100
0000110010001001
0000110001001110
0000110000010010
0000101111010111
0000101110011011
0000101101011111
0000101100100100
0000101011101000
0000101010101100
0000101001110000
0000101000110100
0000100111111000
0000100110111100
0000100110000000
0000100101000100
0000100100000111
0000100011001011
0000100010001111
0000100001010010
0000100000010110
0000011111011001
0000011110011101
0000011101100000
0000011100100011
0000011011100111
0000011010101010
0000011001101101
0000011000110000
0000010111110011
0000010110110110
0000010101111001
0000010100111101
0000010011111111
0000010011000010
0000010010000101
0000010001001000
0000010000001011
0000001111001110
0000001110010001
0000001101010100
0000001100010110
0000001011011001
0000001010011100
0000001001011111
0000001000100001
0000000111100100
0000000110100111
0000000101101001
0000000100101100
0000000011101111
0000000010110001
0000000001110100
0000000000110111
1111111111111001
1111111110111100
1111111101111110
1111111101000001
1111111100000100
1111111011000110
1111111010001001
1111111001001100
1111111000001110
1111110111010001
1111110110010100
1111110101010111
1111110100011001
1111110011011100
1111110010011111
1111110001100010
1111110000100100
1111101111100111
1111101110101010
1111101101101101
1111101100110000
1111101011110011
1111101010110110
1111101001111001
1111101000111100
1111100111111111
1111100111000010
1111100110000101
1111100101001001
1111100100001100
1111100011001111
1111100010010010
1111100001010110
1111100000011001
1111011111011101
1111011110100000
1111011101100100
1111011100100111
1111011011101011
1111011010101111
1111011001110011
1111011000110111
1111010111111010
1111010110111110
1111010110000010
1111010101000111
1111010100001011
1111010011001111
1111010010010011
1111010001011000
1111010000011100
1111001111100001
1111001110100101
1111001101101010
1111001100101111
1111001011110100
1111001010111000
1111001001111101
1111001001000011
1111001000001000
1111000111001101
1111000110010010
1111000101011000
1111000100011101
1111000011100011
1111000010101001
1111000001101110
1111000000110100
1110111111111010
1110111111000000
1110111110000110
1110111101001101
1110111100010011
1110111011011010
1110111010100000
1110111001100111
1110111000101110
1110110111110101
1110110110111100
1110110110000011
1110110101001010
1110110100010010
1110110011011001
1110110010100001
1110110001101000
1110110000110000
1110101111111000
1110101111000000
1110101110001001
1110101101010001
1110101100011001
1110101011100010
1110101010101011
1110101001110100
1110101000111101
1110101000000110
1110100111001111
1110100110011000
1110100101100010
1110100100101100
1110100011110110
1110100011000000
1110100010001010
1110100001010100
1110100000011110
1110011111101001
1110011110110100
1110011101111110
1110011101001001
1110011100010101
1110011011100000
1110011010101011
1110011001110111
1110011001000011
1110011000001111
1110010111011011
1110010110100111
1110010101110011
1110010101000000
1110010100001101
1110010011011010
1110010010100111
1110010001110100
1110010001000001
1110010000001111
1110001111011101
1110001110101011
1110001101111001
1110001101000111
1110001100010110
1110001011100100
1110001010110011
1110001010000010
1110001001010001
1110001000100001
1110000111110000
1110000111000000
1110000110010000
1110000101100000
1110000100110000
1110000100000001
1110000011010010
1110000010100010
1110000001110011
1110000001000101
1110000000010110
1101111111101000
1101111110111010
1101111110001100
1101111101011110
1101111100110000
1101111100000011
1101111011010110
1101111010101001
1101111001111100
1101111001010000
1101111000100011
1101110111110111
1101110111001011
1101110110100000
1101110101110100
1101110101001001
1101110100011110
1101110011110011
1101110011001001
1101110010011110
1101110001110100
1101110001001010
1101110000100000
1101101111110111
1101101111001110
1101101110100100
1101101101111100
1101101101010011
1101101100101011
1101101100000010
1101101011011010
1101101010110011
1101101010001011
1101101001100100
1101101000111101
1101101000010110
1101100111110000
1101100111001001
1101100110100011
1101100101111101
1101100101011000
1101100100110011
1101100100001101
1101100011101000
1101100011000100
1101100010011111
1101100001111011
1101100001010111
1101100000110100
1101100000010000
1101011111101101
1101011111001010
1101011110100111
1101011110000101
1101011101100011
1101011101000001
1101011100011111
1101011011111110
1101011011011101
1101011010111100
1101011010011011
1101011001111011
1101011001011010
1101011000111011
1101011000011011
1101010111111100
1101010111011100
1101010110111110
1101010110011111
1101010110000001
1101010101100010
1101010101000101
1101010100100111
1101010100001010
1101010011101101
1101010011010000
1101010010110100
1101010010010111
1101010001111011
1101010001100000
1101010001000100
1101010000101001
1101010000001110
1101001111110100
1101001111011001
1101001110111111
1101001110100101
1101001110001100
1101001101110011
1101001101011010
1101001101000001
1101001100101000
1101001100010000
1101001011111000
1101001011100001
1101001011001010
1101001010110011
1101001010011100
1101001010000101
1101001001101111
1101001001011001
1101001001000100
1101001000101110
1101001000011001
1101001000000100
1101000111110000
1101000111011100
1101000111001000
1101000110110100
1101000110100001
1101000110001110
1101000101111011
1101000101101000
1101000101010110
1101000101000100
1101000100110011
1101000100100001
1101000100010000
1101000011111111
1101000011101111
1101000011011111
1101000011001111
1101000010111111
1101000010110000
1101000010100001
1101000010010010
1101000010000100
1101000001110110
1101000001101000
1101000001011010
1101000001001101
1101000001000000
1101000000110011
1101000000100111
1101000000011011
1101000000001111
1101000000000100
1100111111111000
1100111111101101
1100111111100011
1100111111011001
1100111111001111
1100111111000101
1100111110111011
1100111110110010
1100111110101001
1100111110100001
1100111110011001
1100111110010001
1100111110001001
1100111110000010
1100111101111011
1100111101110100
1100111101101110
1100111101101000
1100111101100010
1100111101011100
1100111101010111
1100111101010010
1100111101001101
1100111101001001
1100111101000101
1100111101000001
1100111100111110
1100111100111011
1100111100111000
1100111100110101
1100111100110011
1100111100110001
1100111100110000
1100111100101110
1100111100101101
1100111100101101
1100111100101100
1100111100101100
1100111100101100
1100111100101101
1100111100101101
1100111100101111
1100111100110000
1100111100110010
1100111100110100
1100111100110110
1100111100111000
1100111100111011
1100111100111111
1100111101000010
1100111101000110
1100111101001010
1100111101001110
1100111101010011
1100111101011000
1100111101011101
1100111101100011
1100111101101001
1100111101101111
1100111101110110
1100111101111100
1100111110000011
1100111110001011
1100111110010011
1100111110011011
1100111110100011
1100111110101011
1100111110110100
1100111110111101
1100111111000111
1100111111010001
1100111111011011
1100111111100101
1100111111110000
1100111111111011
1101000000000110
1101000000010010
1101000000011110
1101000000101010
1101000000110110
1101000001000011
1101000001010000
1101000001011101
1101000001101011
1101000001111001
1101000010000111
1101000010010101
1101000010100100
1101000010110011
1101000011000011
1101000011010010
1101000011100010
1101000011110011
1101000100000011
1101000100010100
1101000100100101
1101000100110111
1101000101001000
1101000101011010
1101000101101100
1101000101111111
1101000110010010
1101000110100101
1101000110111000
1101000111001100
1101000111100000
1101000111110100
1101001000001001
1101001000011110
1101001000110011
1101001001001000
1101001001011110
1101001001110100
1101001010001010
1101001010100001
1101001010111000
1101001011001111
1101001011100110
1101001011111110
1101001100010110
1101001100101110
1101001101000110
1101001101011111
1101001101111000
1101001110010001
1101001110101011
1101001111000101
1101001111011111
1101001111111001
1101010000010100
1101010000101111
1101010001001010
1101010001100110
1101010010000010
1101010010011110
1101010010111010
1101010011010110
1101010011110011
1101010100010000
1101010100101110
1101010101001011
1101010101101001
1101010110000111
1101010110100110
1101010111000100
1101010111100011
1101011000000010
1101011000100010
1101011001000010
1101011001100010
1101011010000010
1101011010100010
1101011011000011
1101011011100100
1101011100000101
1101011100100111
1101011101001000
1101011101101010
1101011110001101
1101011110101111
1101011111010010
1101011111110101
1101100000011000
1101100000111100
1101100001011111
1101100010000011
1101100010101000
1101100011001100
1101100011110001
1101100100010110
1101100100111011
1101100101100000
1101100110000110
1101100110101100
1101100111010010
1101100111111000
1101101000011111
1101101001000110
1101101001101101
1101101010010100
1101101010111100
1101101011100011
1101101100001011
1101101100110100
1101101101011100
1101101110000101
1101101110101110
1101101111010111
1101110000000000
1101110000101010
1101110001010011
1101110001111101
1101110010101000
1101110011010010
1101110011111101
1101110100101000
1101110101010011
1101110101111110
1101110110101010
1101110111010101
1101111000000001
1101111000101101
1101111001011010
1101111010000110
1101111010110011
1101111011100000
1101111100001101
1101111100111011
1101111101101000
1101111110010110
1101111111000100
1101111111110010
1110000000100001
1110000001001111
1110000001111110
1110000010101101
1110000011011100
1110000100001011
1110000100111011
1110000101101011
1110000110011011
1110000111001011
1110000111111011
1110001000101011
1110001001011100
1110001010001101
1110001010111110
1110001011101111
1110001100100001
1110001101010010
1110001110000100
1110001110110110
1110001111101000
1110010000011010
1110010001001101
1110010001111111
1110010010110010
1110010011100101
1110010100011000
1110010101001011
1110010101111111
1110010110110011
1110010111100110
1110011000011010
1110011001001110
1110011010000011
1110011010110111
1110011011101100
1110011100100000
1110011101010101
1110011110001010
1110011110111111
1110011111110101
1110100000101010
1110100001100000
1110100010010110
1110100011001011
1110100100000010
1110100100111000
1110100101101110
1110100110100101
1110100111011011
1110101000010010
1110101001001001
1110101010000000
1110101010110111
1110101011101110
1110101100100110
1110101101011101
1110101110010101
1110101111001101
1110110000000101
1110110000111101
1110110001110101
1110110010101101
1110110011100110
1110110100011110
1110110101010111
1110110110010000
1110110111001000
1110111000000001
1110111000111010
1110111001110100
1110111010101101
1110111011100110
1110111100100000
1110111101011010
1110111110010011
1110111111001101
1111000000000111
1111000001000001
1111000001111011
1111000010110101
1111000011110000
1111000100101010
1111000101100101
1111000110011111
1111000111011010
1111001000010101
1111001001010000
1111001010001011
1111001011000110
1111001100000001
1111001100111100
1111001101110111
1111001110110010
1111001111101110
1111010000101001
1111010001100101
1111010010100001
1111010011011100
1111010100011000
1111010101010100
1111010110010000
1111010111001100
1111011000001000
1111011001000100
1111011010000000
1111011010111100
1111011011111001
1111011100110101
1111011101110001
1111011110101110
1111011111101010
1111100000100111
1111100001100011
1111100010100000
1111100011011101
1111100100011001
1111100101010110
1111100110010011
1111100111010000
1111101000001101
1111101001001010
1111101010000111
1111101011000011
1111101100000001
1111101100111110
1111101101111011
1111101110111000
1111101111110101
1111110000110010
1111110001101111
1111110010101100
1111110011101010
1111110100100111
1111110101100100
1111110110100001
1111110111011111
1111111000011100
1111111001011001
1111111010010111
1111111011010100
1111111100010001
1111111101001111
1111111110001100
1111111111001001
0000000000000111
0000000001000100
0000000010000010
0000000010111111
0000000011111100
0000000100111010
0000000101110111
0000000110110100
0000000111110010
0000001000101111
0000001001101100
0000001010101001
0000001011100111
0000001100100100
0000001101100001
0000001110011110
0000001111011100
0000010000011001
0000010001010110
0000010010010011
0000010011010000
0000010100001101
0000010101001010
0000010110000111
0000010111000100
0000011000000001
0000011000111110
0000011001111011
0000011010110111
0000011011110100
0000011100110001
0000011101101110
0000011110101010
0000011111100111
0000100000100011
0000100001100000
0000100010011100
0000100011011001
0000100100010101
0000100101010001
0000100110001101
0000100111001001
0000101000000110
0000101001000010
0000101001111110
0000101010111001
0000101011110101
0000101100110001
0000101101101101
0000101110101000
0000101111100100
0000110000011111
0000110001011011
0000110010010110
0000110011010001
0000110100001100
0000110101001000
0000110110000011
0000110110111101
0000110111111000
0000111000110011
0000111001101110
0000111010101000
0000111011100011
0000111100011101
0000111101010111
0000111110010010
0000111111001100
0001000000000110
0001000001000000
0001000001111010
0001000010110011
0001000011101101
0001000100100110
0001000101100000
0001000110011001
0001000111010010
0001001000001011
0001001001000100
0001001001111101
0001001010110110
0001001011101110
0001001100100111
0001001101011111
0001001110011000
0001001111010000
0001010000001000
0001010001000000
0001010001110111
0001010010101111
0001010011100111
0001010100011110
0001010101010101
0001010110001100
0001010111000011
0001010111111010
0001011000110001
0001011001101000
0001011010011110
0001011011010100
0001011100001010
0001011101000000
0001011101110110
0001011110101100
0001011111100010
0001100000010111
0001100001001100
0001100010000010
0001100010110111
0001100011101011
0001100100100000
0001100101010101
0001100110001001
0001100110111101
0001100111110001
0001101000100101
0001101001011001
0001101010001101
0001101011000000
0001101011110011
0001101100100110
0001101101011001
0001101110001100
0001101110111111
0001101111110001
0001110000100011
0001110001010101
0001110010000111
0001110010111001
0001110011101010
0001110100011100
0001110101001101
0001110101111110
0001110110101111
0001110111011111
0001111000010000
0001111001000000
0001111001110000
0001111010100000
0001111011010000
0001111011111111
0001111100101110
0001111101011110
0001111110001101
0001111110111011
0001111111101010
0010000000011000
0010000001000110
0010000001110100
0010000010100010
0010000011010000
0010000011111101
0010000100101010
0010000101010111
0010000110000100
0010000110110000
0010000111011101
0010001000001001
0010001000110101
0010001001100000
0010001010001100
0010001010110111
0010001011100010
0010001100001101
0010001100110111
0010001101100010
0010001110001100
0010001110110110
0010001111100000
0010010000001001
0010010000110010
0010010001011100
0010010010000100
0010010010101101
0010010011010101
0010010011111110
0010010100100110
0010010101001101
0010010101110101
0010010110011100
0010010111000011
0010010111101010
0010011000010000
0010011000110111
0010011001011101
0010011010000011
0010011010101000
0010011011001101
0010011011110011
0010011100011000
0010011100111100
0010011101100001
0010011110000101
0010011110101001
0010011111001100
0010011111110000
0010100000010011
0010100000110110
0010100001011001
0010100001111011
0010100010011101
0010100010111111
0010100011100001
0010100100000010
0010100100100011
0010100101000100
0010100101100101
0010100110000101
0010100110100110
0010100111000101
0010100111100101
0010101000000100
0010101000100100
0010101001000010
0010101001100001
0010101001111111
0010101010011110
0010101010111011
0010101011011001
0010101011110110
0010101100010011
0010101100110000
0010101101001100
0010101101101001
0010101110000101
0010101110100000
0010101110111100
0010101111010111
0010101111110010
0010110000001100
0010110000100111
0010110001000001
0010110001011011
0010110001110100
0010110010001101
0010110010100110
0010110010111111
0010110011011000
0010110011110000
0010110100001000
0010110100011111
0010110100110110
0010110101001101
0010110101100100
0010110101111011
0010110110010001
0010110110100111
0010110110111100
0010110111010010
0010110111100111
0010110111111100
0010111000010000
0010111000100100
0010111000111000
0010111001001100
0010111001011111
0010111001110010
0010111010000101
0010111010011000
0010111010101010
0010111010111100
0010111011001101
0010111011011111
0010111011110000
0010111100000001
0010111100010001
0010111100100001
0010111100110001
0010111101000001
0010111101010000
0010111101011111
0010111101101110
0010111101111100
0010111110001010
0010111110011000
0010111110100110
0010111110110011
0010111111000000
0010111111001101
0010111111011001
0010111111100101
0010111111110001
0010111111111100
0011000000001000
0011000000010011
0011000000011101
0011000000100111
0011000000110001
0011000000111011
0011000001000101
0011000001001110
0011000001010111
0011000001011111
0011000001100111
0011000001101111
0011000001110111
0011000001111110
0011000010000101
0011000010001100
0011000010010010
0011000010011000
0011000010011110
0011000010100100
0011000010101001
0011000010101110
0011000010110011
0011000010110111
0011000010111011
0011000010111111
0011000011000010
0011000011000101
0011000011001000
0011000011001011
0011000011001101
0011000011001111
0011000011010000
0011000011010010
0011000011010011
0011000011010011
0011000011010100
0011000011010100
0011000011010100
0011000011010011
0011000011010011
0011000011010001
0011000011010000
0011000011001110
0011000011001100
0011000011001010
0011000011001000
0011000011000101
0011000011000001
0011000010111110
0011000010111010
0011000010110110
0011000010110010
0011000010101101
0011000010101000
0011000010100011
0011000010011101
0011000010010111
0011000010010001
0011000010001010
0011000010000100
0011000001111101
0011000001110101
0011000001101101
0011000001100101
0011000001011101
0011000001010101
0011000001001100
0011000001000011
0011000000111001
0011000000101111
0011000000100101
0011000000011011
0011000000010000
0011000000000101
0010111111111010
0010111111101110
0010111111100010
0010111111010110
0010111111001010
0010111110111101
0010111110110000
0010111110100011
0010111110010101
0010111110000111
0010111101111001
0010111101101011
0010111101011100
0010111101001101
0010111100111101
0010111100101110
0010111100011110
0010111100001101
0010111011111101
0010111011101100
0010111011011011
0010111011001001
0010111010111000
0010111010100110
0010111010010100
0010111010000001
0010111001101110
0010111001011011
0010111001001000
0010111000110100
0010111000100000
0010111000001100
0010110111110111
0010110111100010
0010110111001101
0010110110111000
0010110110100010
0010110110001100
0010110101110110
0010110101011111
0010110101001000
0010110100110001
0010110100011010
0010110100000010
0010110011101010
0010110011010010
0010110010111010
0010110010100001
0010110010001000
0010110001101111
0010110001010101
0010110000111011
0010110000100001
0010110000000111
0010101111101100
0010101111010001
0010101110110110
0010101110011010
0010101101111110
0010101101100010
0010101101000110
0010101100101010
0010101100001101
0010101011110000
0010101011010010
0010101010110101
0010101010010111
0010101001111001
0010101001011010
0010101000111100
0010101000011101
0010100111111110
0010100111011110
0010100110111110
0010100110011110
0010100101111110
0010100101011110
0010100100111101
0010100100011100
0010100011111011
0010100011011001
0010100010111000
0010100010010110
0010100001110011
0010100001010001
0010100000101110
0010100000001011
0010011111101000
0010011111000100
0010011110100001
0010011101111101
0010011101011000
0010011100110100
0010011100001111
0010011011101010
0010011011000101
0010011010100000
0010011001111010
0010011001010100
0010011000101110
0010011000001000
0010010111100001
0010010110111010
0010010110010011
0010010101101100
0010010101000100
0010010100011101
0010010011110101
0010010011001100
0010010010100100
0010010001111011
0010010001010010
0010010000101001
0010010000000000
0010001111010110
0010001110101101
0010001110000011
0010001101011000
0010001100101110
0010001100000011
0010001011011000
0010001010101101
0010001010000010
0010001001010110
0010001000101011
0010000111111111
0010000111010011
0010000110100110
0010000101111010
0010000101001101
0010000100100000
0010000011110011
0010000011000101
0010000010011000
0010000001101010
0010000000111100
0010000000001110
0001111111011111
0001111110110001
0001111110000010
0001111101010011
0001111100100100
0001111011110101
0001111011000101
0001111010010101
0001111001100101
0001111000110101
0001111000000101
0001110111010101
0001110110100100
0001110101110011
0001110101000010
0001110100010001
0001110011011111
0001110010101110
0001110001111100
0001110001001010
0001110000011000
0001101111100110
0001101110110011
0001101110000001
0001101101001110
0001101100011011
0001101011101000
0001101010110101
0001101010000001
0001101001001101
0001101000011010
0001100111100110
0001100110110010
0001100101111101
0001100101001001
0001100100010100
0001100011100000
0001100010101011
0001100001110110
0001100001000001
0001100000001011
0001011111010110
0001011110100000
0001011101101010
0001011100110101
0001011011111110
0001011011001000
0001011010010010
0001011001011011
0001011000100101
0001010111101110
0001010110110111
0001010110000000
0001010101001001
0001010100010010
0001010011011010
0001010010100011
0001010001101011
0001010000110011
0001001111111011
0001001111000011
0001001110001011
0001001101010011
0001001100011010
0001001011100010
0001001010101001
0001001001110000
0001001000111000
0001000111111111
0001000111000110
0001000110001100
0001000101010011
0001000100011010
0001000011100000
0001000010100110
0001000001101101
0001000000110011
0000111111111001
0000111110111111
0000111110000101
0000111101001011
0000111100010000
0000111011010110
0000111010011011
0000111001100001
0000111000100110
0000110111101011
0000110110110000
0000110101110101
0000110100111010
0000110011111111
0000110011000100
0000110010001001
0000110001001110
0000110000010010
0000101111010111
0000101110011011
0000101101011111
0000101100100100
0000101011101000
0000101010101100
0000101001110000
0000101000110100
0000100111111000
0000100110111100
0000100110000000
0000100101000100
0000100100000111
0000100011001011
0000100010001111
0000100001010010
0000100000010110
0000011111011001
0000011110011101
0000011101100000
0000011100100011
0000011011100111
0000011010101010
0000011001101101
0000011000110000
0000010111110011
0000010110110110
0000010101111001
0000010100111101
0000010011111111
0000010011000010
0000010010000101
0000010001001000
0000010000001011
0000001111001110
0000001110010001
0000001101010100
0000001100010110
0000001011011001
0000001010011100
0000001001011111
0000001000100001
0000000111100100
0000000110100111
0000000101101001
0000000100101100
0000000011101111
0000000010110001
0000000001110100
0000000000110111
1111111111111001
1111111110111100
1111111101111110
1111111101000001
1111111100000100
1111111011000110
1111111010001001
1111111001001100
1111111000001110
1111110111010001
1111110110010100
1111110101010111
1111110100011001
1111110011011100
1111110010011111
1111110001100010
1111110000100100
1111101111100111
1111101110101010
1111101101101101
1111101100110000
1111101011110011
1111101010110110
1111101001111001
1111101000111100
1111100111111111
1111100111000010
1111100110000101
1111100101001001
1111100100001100
1111100011001111
1111100010010010
1111100001010110
1111100000011001
1111011111011101
1111011110100000
1111011101100100
1111011100100111
1111011011101011
1111011010101111
1111011001110011
1111011000110111
1111010111111010
1111010110111110
1111010110000010
1111010101000111
1111010100001011
1111010011001111
1111010010010011
1111010001011000
1111010000011100
1111001111100001
1111001110100101
1111001101101010
1111001100101111
1111001011110100
1111001010111000
1111001001111101
1111001001000011
1111001000001000
1111000111001101
1111000110010010
1111000101011000
1111000100011101
1111000011100011
1111000010101001
1111000001101110
1111000000110100
1110111111111010
1110111111000000
1110111110000110
1110111101001101
1110111100010011
1110111011011010
1110111010100000
1110111001100111
1110111000101110
1110110111110101
1110110110111100
1110110110000011
1110110101001010
1110110100010010
1110110011011001
1110110010100001
1110110001101000
1110110000110000
1110101111111000
1110101111000000
1110101110001001
1110101101010001
1110101100011001
1110101011100010
1110101010101011
1110101001110100
1110101000111101
1110101000000110
1110100111001111
1110100110011000
1110100101100010
1110100100101100
1110100011110110
1110100011000000
1110100010001010
1110100001010100
1110100000011110
1110011111101001
1110011110110100
1110011101111110
1110011101001001
1110011100010101
1110011011100000
1110011010101011
1110011001110111
1110011001000011
1110011000001111
1110010111011011
1110010110100111
1110010101110011
1110010101000000
1110010100001101
1110010011011010
1110010010100111
1110010001110100
1110010001000001
1110010000001111
1110001111011101
1110001110101011
1110001101111001
1110001101000111
1110001100010110
1110001011100100
1110001010110011
1110001010000010
1110001001010001
1110001000100001
1110000111110000
1110000111000000
1110000110010000
1110000101100000
1110000100110000
1110000100000001
1110000011010010
1110000010100010
1110000001110011
1110000001000101
1110000000010110
1101111111101000
1101111110111010
1101111110001100
1101111101011110
1101111100110000
1101111100000011
1101111011010110
1101111010101001
1101111001111100
1101111001010000
1101111000100011
1101110111110111
1101110111001011
1101110110100000
1101110101110100
1101110101001001
1101110100011110
1101110011110011
1101110011001001
1101110010011110
1101110001110100
1101110001001010
1101110000100000
1101101111110111
1101101111001110
1101101110100100
1101101101111100
1101101101010011
1101101100101011
1101101100000010
1101101011011010
1101101010110011
1101101010001011
1101101001100100
1101101000111101
1101101000010110
1101100111110000
1101100111001001
1101100110100011
1101100101111101
1101100101011000
1101100100110011
1101100100001101
1101100011101000
1101100011000100
1101100010011111
1101100001111011
1101100001010111
1101100000110100
1101100000010000
1101011111101101
1101011111001010
1101011110100111
1101011110000101
1101011101100011
1101011101000001
1101011100011111
1101011011111110
1101011011011101
1101011010111100
1101011010011011
1101011001111011
1101011001011010
1101011000111011
1101011000011011
1101010111111100
1101010111011100
1101010110111110
1101010110011111
1101010110000001
1101010101100010
1101010101000101
1101010100100111
1101010100001010
1101010011101101
1101010011010000
1101010010110100
1101010010010111
1101010001111011
1101010001100000
1101010001000100
1101010000101001
1101010000001110
1101001111110100
1101001111011001
1101001110111111
1101001110100101
1101001110001100
1101001101110011
1101001101011010
1101001101000001
1101001100101000
1101001100010000
1101001011111000
1101001011100001
1101001011001010
1101001010110011
1101001010011100
1101001010000101
1101001001101111
1101001001011001
1101001001000100
1101001000101110
1101001000011001
1101001000000100
1101000111110000
1101000111011100
1101000111001000
1101000110110100
1101000110100001
1101000110001110
1101000101111011
1101000101101000
1101000101010110
1101000101000100
1101000100110011
1101000100100001
1101000100010000
1101000011111111
1101000011101111
1101000011011111
1101000011001111
1101000010111111
1101000010110000
1101000010100001
1101000010010010
1101000010000100
1101000001110110
1101000001101000
1101000001011010
1101000001001101
1101000001000000
1101000000110011
1101000000100111
1101000000011011
1101000000001111
1101000000000100
1100111111111000
1100111111101101
1100111111100011
1100111111011001
1100111111001111
1100111111000101
1100111110111011
1100111110110010
1100111110101001
1100111110100001
1100111110011001
1100111110010001
1100111110001001
1100111110000010
1100111101111011
1100111101110100
1100111101101110
1100111101101000
1100111101100010
1100111101011100
1100111101010111
1100111101010010
1100111101001101
1100111101001001
1100111101000101
1100111101000001
1100111100111110
1100111100111011
1100111100111000
1100111100110101
1100111100110011
1100111100110001
1100111100110000
1100111100101110
1100111100101101
1100111100101101
1100111100101100
1100111100101100
1100111100101100
1100111100101101
1100111100101101
1100111100101111
1100111100110000
1100111100110010
1100111100110100
1100111100110110
1100111100111000
1100111100111011
1100111100111111
1100111101000010
1100111101000110
1100111101001010
1100111101001110
1100111101010011
1100111101011000
1100111101011101
1100111101100011
1100111101101001
1100111101101111
1100111101110110
1100111101111100
1100111110000011
1100111110001011
1100111110010011
1100111110011011
1100111110100011
1100111110101011
1100111110110100
1100111110111101
1100111111000111
1100111111010001
1100111111011011
1100111111100101
1100111111110000
1100111111111011
1101000000000110
1101000000010010
1101000000011110
1101000000101010
1101000000110110
1101000001000011
1101000001010000
1101000001011101
1101000001101011
1101000001111001
1101000010000111
1101000010010101
1101000010100100
1101000010110011
1101000011000011
1101000011010010
1101000011100010
1101000011110011
1101000100000011
1101000100010100
1101000100100101
1101000100110111
1101000101001000
1101000101011010
1101000101101100
1101000101111111
1101000110010010
1101000110100101
1101000110111000
1101000111001100
1101000111100000
1101000111110100
1101001000001001
1101001000011110
1101001000110011
1101001001001000
1101001001011110
1101001001110100
1101001010001010
1101001010100001
1101001010111000
1101001011001111
1101001011100110
1101001011111110
1101001100010110
1101001100101110
1101001101000110
1101001101011111
1101001101111000
1101001110010001
1101001110101011
1101001111000101
1101001111011111
1101001111111001
1101010000010100
1101010000101111
1101010001001010
1101010001100110
1101010010000010
1101010010011110
1101010010111010
1101010011010110
1101010011110011
1101010100010000
1101010100101110
1101010101001011
1101010101101001
1101010110000111
1101010110100110
1101010111000100
1101010111100011
1101011000000010
1101011000100010
1101011001000010
1101011001100010
1101011010000010
1101011010100010
1101011011000011
1101011011100100
1101011100000101
1101011100100111
1101011101001000
1101011101101010
1101011110001101
1101011110101111
1101011111010010
1101011111110101
1101100000011000
1101100000111100
1101100001011111
1101100010000011
1101100010101000
1101100011001100
1101100011110001
1101100100010110
1101100100111011
1101100101100000
1101100110000110
1101100110101100
1101100111010010
1101100111111000
1101101000011111
1101101001000110
1101101001101101
1101101010010100
1101101010111100
1101101011100011
1101101100001011
1101101100110100
1101101101011100
1101101110000101
1101101110101110
1101101111010111
1101110000000000
1101110000101010
1101110001010011
1101110001111101
1101110010101000
1101110011010010
1101110011111101
1101110100101000
1101110101010011
1101110101111110
1101110110101010
1101110111010101
1101111000000001
1101111000101101
1101111001011010
1101111010000110
1101111010110011
1101111011100000
1101111100001101
1101111100111011
1101111101101000
1101111110010110
1101111111000100
1101111111110010
1110000000100001
1110000001001111
1110000001111110
1110000010101101
1110000011011100
1110000100001011
1110000100111011
1110000101101011
1110000110011011
1110000111001011
1110000111111011
1110001000101011
1110001001011100
1110001010001101
1110001010111110
1110001011101111
1110001100100001
1110001101010010
1110001110000100
1110001110110110
1110001111101000
1110010000011010
1110010001001101
1110010001111111
1110010010110010
1110010011100101
1110010100011000
1110010101001011
1110010101111111
1110010110110011
1110010111100110
1110011000011010
1110011001001110
1110011010000011
1110011010110111
1110011011101100
1110011100100000
1110011101010101
1110011110001010
1110011110111111
1110011111110101
1110100000101010
1110100001100000
1110100010010110
1110100011001011
1110100100000010
1110100100111000
1110100101101110
1110100110100101
1110100111011011
1110101000010010
1110101001001001
1110101010000000
1110101010110111
1110101011101110
1110101100100110
1110101101011101
1110101110010101
1110101111001101
1110110000000101
1110110000111101
1110110001110101
1110110010101101
1110110011100110
1110110100011110
1110110101010111
1110110110010000
1110110111001000
1110111000000001
1110111000111010
1110111001110100
1110111010101101
1110111011100110
1110111100100000
1110111101011010
1110111110010011
1110111111001101
1111000000000111
1111000001000001
1111000001111011
1111000010110101
1111000011110000
1111000100101010
1111000101100101
1111000110011111
1111000111011010
1111001000010101
1111001001010000
1111001010001011
1111001011000110
1111001100000001
1111001100111100
1111001101110111
1111001110110010
1111001111101110
1111010000101001
1111010001100101
1111010010100001
1111010011011100
1111010100011000
1111010101010100
1111010110010000
1111010111001100
1111011000001000
1111011001000100
1111011010000000
1111011010111100
1111011011111001
1111011100110101
1111011101110001
1111011110101110
1111011111101010
1111100000100111
1111100001100011
1111100010100000
1111100011011101
1111100100011001
1111100101010110
1111100110010011
1111100111010000
1111101000001101
1111101001001010
1111101010000111
1111101011000011
1111101100000001
1111101100111110
1111101101111011
1111101110111000
1111101111110101
1111110000110010
1111110001101111
1111110010101100
1111110011101010
1111110100100111
1111110101100100
1111110110100001
1111110111011111
1111111000011100
1111111001011001
1111111010010111
1111111011010100
1111111100010001
1111111101001111
1111111110001100
1111111111001001
0000000000000111
0000000001000100
0000000010000010
0000000010111111
0000000011111100
0000000100111010
0000000101110111
0000000110110100
0000000111110010
0000001000101111
0000001001101100
0000001010101001
0000001011100111
0000001100100100
0000001101100001
0000001110011110
0000001111011100
0000010000011001
0000010001010110
0000010010010011
0000010011010000
0000010100001101
0000010101001010
0000010110000111
0000010111000100
0000011000000001
0000011000111110
0000011001111011
0000011010110111
0000011011110100
0000011100110001
0000011101101110
0000011110101010
0000011111100111
0000100000100011
0000100001100000
0000100010011100
0000100011011001
0000100100010101
0000100101010001
0000100110001101
0000100111001001
0000101000000110
0000101001000010
0000101001111110
0000101010111001
0000101011110101
0000101100110001
0000101101101101
0000101110101000
0000101111100100
0000110000011111
0000110001011011
0000110010010110
0000110011010001
0000110100001100
0000110101001000
0000110110000011
0000110110111101
0000110111111000
0000111000110011
0000111001101110
0000111010101000
0000111011100011
0000111100011101
0000111101010111
0000111110010010
0000111111001100
0001000000000110
0001000001000000
0001000001111010
0001000010110011
0001000011101101
0001000100100110
0001000101100000
0001000110011001
0001000111010010
0001001000001011
0001001001000100
0001001001111101
0001001010110110
0001001011101110
0001001100100111
0001001101011111
0001001110011000
0001001111010000
0001010000001000
0001010001000000
0001010001110111
0001010010101111
0001010011100111
0001010100011110
0001010101010101
0001010110001100
0001010111000011
0001010111111010
0001011000110001
0001011001101000
0001011010011110
0001011011010100
0001011100001010
0001011101000000
0001011101110110
0001011110101100
0001011111100010
0001100000010111
0001100001001100
0001100010000010
0001100010110111
0001100011101011
0001100100100000
0001100101010101
0001100110001001
0001100110111101
0001100111110001
0001101000100101
0001101001011001
0001101010001101
0001101011000000
0001101011110011
0001101100100110
0001101101011001
0001101110001100
0001101110111111
0001101111110001
0001110000100011
0001110001010101
0001110010000111
0001110010111001
0001110011101010
0001110100011100
0001110101001101
0001110101111110
0001110110101111
0001110111011111
0001111000010000
0001111001000000
0001111001110000
0001111010100000
0001111011010000
0001111011111111
0001111100101110
0001111101011110
0001111110001101
0001111110111011
0001111111101010
0010000000011000
0010000001000110
0010000001110100
0010000010100010
0010000011010000
0010000011111101
0010000100101010
0010000101010111
0010000110000100
0010000110110000
0010000111011101
0010001000001001
0010001000110101
0010001001100000
0010001010001100
0010001010110111
0010001011100010
0010001100001101
0010001100110111
0010001101100010
0010001110001100
0010001110110110
0010001111100000
0010010000001001
0010010000110010
0010010001011100
0010010010000100
0010010010101101
0010010011010101
0010010011111110
0010010100100110
0010010101001101
0010010101110101
0010010110011100
0010010111000011
0010010111101010
0010011000010000
0010011000110111
0010011001011101
0010011010000011
0010011010101000
0010011011001101
0010011011110011
0010011100011000
0010011100111100
0010011101100001
0010011110000101
0010011110101001
0010011111001100
0010011111110000
0010100000010011
0010100000110110
0010100001011001
0010100001111011
0010100010011101
0010100010111111
0010100011100001
0010100100000010
0010100100100011
0010100101000100
0010100101100101
0010100110000101
0010100110100110
0010100111000101
0010100111100101
0010101000000100
0010101000100100
0010101001000010
0010101001100001
0010101001111111
0010101010011110
0010101010111011
0010101011011001
0010101011110110
0010101100010011
0010101100110000
0010101101001100
0010101101101001
0010101110000101
0010101110100000
0010101110111100
0010101111010111
0010101111110010
0010110000001100
0010110000100111
0010110001000001
0010110001011011
0010110001110100
0010110010001101
0010110010100110
0010110010111111
0010110011011000
0010110011110000
0010110100001000
0010110100011111
0010110100110110
0010110101001101
0010110101100100
0010110101111011
0010110110010001
0010110110100111
0010110110111100
0010110111010010
0010110111100111
0010110111111100
0010111000010000
0010111000100100
0010111000111000
0010111001001100
0010111001011111
0010111001110010
0010111010000101
0010111010011000
0010111010101010
0010111010111100
0010111011001101
0010111011011111
0010111011110000
0010111100000001
0010111100010001
0010111100100001
0010111100110001
0010111101000001
0010111101010000
0010111101011111
0010111101101110
0010111101111100
0010111110001010
0010111110011000
0010111110100110
0010111110110011
0010111111000000
0010111111001101
0010111111011001
0010111111100101
0010111111110001
0010111111111100
0011000000001000
0011000000010011
0011000000011101
0011000000100111
0011000000110001
0011000000111011
0011000001000101
0011000001001110
0011000001010111
0011000001011111
0011000001100111
0011000001101111
0011000001110111
0011000001111110
0011000010000101
0011000010001100
0011000010010010
0011000010011000
0011000010011110
0011000010100100
0011000010101001
0011000010101110
0011000010110011
0011000010110111
0011000010111011
0011000010111111
0011000011000010
0011000011000101
0011000011001000
0011000011001011
0011000011001101
0011000011001111
0011000011010000
0011000011010010
0011000011010011
0011000011010011
0011000011010100
0011000011010100
0011000011010100
0011000011010011
0011000011010011
0011000011010001
0011000011010000
0011000011001110
0011000011001100
0011000011001010
0011000011001000
0011000011000101
0011000011000001
0011000010111110
0011000010111010
0011000010110110
0011000010110010
0011000010101101
0011000010101000
0011000010100011
0011000010011101
0011000010010111
0011000010010001
0011000010001010
0011000010000100
0011000001111101
0011000001110101
0011000001101101
0011000001100101
0011000001011101
0011000001010101
0011000001001100
0011000001000011
0011000000111001
0011000000101111
0011000000100101
0011000000011011
0011000000010000
0011000000000101
0010111111111010
0010111111101110
0010111111100010
0010111111010110
0010111111001010
0010111110111101
0010111110110000
0010111110100011
0010111110010101
0010111110000111
0010111101111001
0010111101101011
0010111101011100
0010111101001101
0010111100111101
0010111100101110
0010111100011110
0010111100001101
0010111011111101
0010111011101100
0010111011011011
0010111011001001
0010111010111000
0010111010100110
0010111010010100
0010111010000001
0010111001101110
0010111001011011
0010111001001000
0010111000110100
0010111000100000
0010111000001100
0010110111110111
0010110111100010
0010110111001101
0010110110111000
0010110110100010
0010110110001100
0010110101110110
0010110101011111
0010110101001000
0010110100110001
0010110100011010
0010110100000010
0010110011101010
0010110011010010
0010110010111010
0010110010100001
0010110010001000
0010110001101111
0010110001010101
0010110000111011
0010110000100001
0010110000000111
0010101111101100
0010101111010001
0010101110110110
0010101110011010
0010101101111110
0010101101100010
0010101101000110
0010101100101010
0010101100001101
0010101011110000
0010101011010010
0010101010110101
0010101010010111
0010101001111001
0010101001011010
0010101000111100
0010101000011101
0010100111111110
0010100111011110
0010100110111110
0010100110011110
0010100101111110
0010100101011110
0010100100111101
0010100100011100
0010100011111011
0010100011011001
0010100010111000
0010100010010110
0010100001110011
0010100001010001
0010100000101110
0010100000001011
0010011111101000
0010011111000100
0010011110100001
0010011101111101
0010011101011000
0010011100110100
0010011100001111
0010011011101010
0010011011000101
0010011010100000
0010011001111010
0010011001010100
0010011000101110
0010011000001000
0010010111100001
0010010110111010
0010010110010011
0010010101101100
0010010101000100
0010010100011101
0010010011110101
0010010011001100
0010010010100100
0010010001111011
0010010001010010
0010010000101001
0010010000000000
0010001111010110
0010001110101101
0010001110000011
0010001101011000
0010001100101110
0010001100000011
0010001011011000
0010001010101101
0010001010000010
0010001001010110
0010001000101011
0010000111111111
0010000111010011
0010000110100110
0010000101111010
0010000101001101
0010000100100000
0010000011110011
0010000011000101
0010000010011000
0010000001101010
0010000000111100
0010000000001110
0001111111011111
0001111110110001
0001111110000010
0001111101010011
0001111100100100
0001111011110101
0001111011000101
0001111010010101
0001111001100101
0001111000110101
0001111000000101
0001110111010101
0001110110100100
0001110101110011
0001110101000010
0001110100010001
0001110011011111
0001110010101110
0001110001111100
0001110001001010
0001110000011000
0001101111100110
0001101110110011
0001101110000001
0001101101001110
0001101100011011
0001101011101000
0001101010110101
0001101010000001
0001101001001101
0001101000011010
0001100111100110
0001100110110010
0001100101111101
0001100101001001
0001100100010100
0001100011100000
0001100010101011
0001100001110110
0001100001000001
0001100000001011
0001011111010110
0001011110100000
0001011101101010
0001011100110101
0001011011111110
0001011011001000
0001011010010010
0001011001011011
0001011000100101
0001010111101110
0001010110110111
0001010110000000
0001010101001001
0001010100010010
0001010011011010
0001010010100011
0001010001101011
0001010000110011
0001001111111011
0001001111000011
0001001110001011
0001001101010011
0001001100011010
0001001011100010
0001001010101001
0001001001110000
0001001000111000
0001000111111111
0001000111000110
0001000110001100
0001000101010011
0001000100011010
0001000011100000
0001000010100110
0001000001101101
0001000000110011
0000111111111001
0000111110111111
0000111110000101
0000111101001011
0000111100010000
0000111011010110
0000111010011011
0000111001100001
0000111000100110
0000110111101011
0000110110110000
0000110101110101
0000110100111010
0000110011111111
0000110011000100
0000110010001001
0000110001001110
0000110000010010
0000101111010111
0000101110011011
0000101101011111
0000101100100100
0000101011101000
0000101010101100
0000101001110000
0000101000110100
0000100111111000
0000100110111100
0000100110000000
0000100101000100
0000100100000111
0000100011001011
0000100010001111
0000100001010010
0000100000010110
0000011111011001
0000011110011101
0000011101100000
0000011100100011
0000011011100111
0000011010101010
0000011001101101
0000011000110000
0000010111110011
0000010110110110
0000010101111001
0000010100111101
0000010011111111
0000010011000010
0000010010000101
0000010001001000
0000010000001011
0000001111001110
0000001110010001
0000001101010100
0000001100010110
0000001011011001
0000001010011100
0000001001011111
0000001000100001
0000000111100100
0000000110100111
0000000101101001
0000000100101100
0000000011101111
0000000010110001
0000000001110100
0000000000110111
1111111111111001
1111111110111100
1111111101111110
1111111101000001
1111111100000100
1111111011000110
1111111010001001
1111111001001100
1111111000001110
1111110111010001
1111110110010100
1111110101010111
1111110100011001
1111110011011100
1111110010011111
1111110001100010
1111110000100100
1111101111100111
1111101110101010
1111101101101101
1111101100110000
1111101011110011
1111101010110110
1111101001111001
1111101000111100
1111100111111111
1111100111000010
1111100110000101
1111100101001001
1111100100001100
1111100011001111
1111100010010010
1111100001010110
1111100000011001
1111011111011101
1111011110100000
1111011101100100
1111011100100111
1111011011101011
1111011010101111
1111011001110011
1111011000110111
1111010111111010
1111010110111110
1111010110000010
1111010101000111
1111010100001011
1111010011001111
1111010010010011
1111010001011000
1111010000011100
1111001111100001
1111001110100101
1111001101101010
1111001100101111
1111001011110100
1111001010111000
1111001001111101
1111001001000011
1111001000001000
1111000111001101
1111000110010010
1111000101011000
1111000100011101
1111000011100011
1111000010101001
1111000001101110
1111000000110100
1110111111111010
1110111111000000
1110111110000110
1110111101001101
1110111100010011
1110111011011010
1110111010100000
1110111001100111
1110111000101110
1110110111110101
1110110110111100
1110110110000011
1110110101001010
1110110100010010
1110110011011001
1110110010100001
1110110001101000
1110110000110000
1110101111111000
1110101111000000
1110101110001001
1110101101010001
1110101100011001
1110101011100010
1110101010101011
1110101001110100
1110101000111101
1110101000000110
1110100111001111
1110100110011000
1110100101100010
1110100100101100
1110100011110110
1110100011000000
1110100010001010
1110100001010100
1110100000011110
1110011111101001
1110011110110100
1110011101111110
1110011101001001
1110011100010101
1110011011100000
1110011010101011
1110011001110111
1110011001000011
1110011000001111
1110010111011011
1110010110100111
1110010101110011
1110010101000000
1110010100001101
1110010011011010
1110010010100111
1110010001110100
1110010001000001
1110010000001111
1110001111011101
1110001110101011
1110001101111001
1110001101000111
1110001100010110
1110001011100100
1110001010110011
1110001010000010
1110001001010001
1110001000100001
1110000111110000
1110000111000000
1110000110010000
1110000101100000
1110000100110000
1110000100000001
1110000011010010
1110000010100010
1110000001110011
1110000001000101
1110000000010110
1101111111101000
1101111110111010
1101111110001100
1101111101011110
1101111100110000
1101111100000011
1101111011010110
1101111010101001
1101111001111100
1101111001010000
1101111000100011
1101110111110111
1101110111001011
1101110110100000
1101110101110100
1101110101001001
1101110100011110
1101110011110011
1101110011001001
1101110010011110
1101110001110100
1101110001001010
1101110000100000
1101101111110111
1101101111001110
1101101110100100
1101101101111100
1101101101010011
1101101100101011
1101101100000010
1101101011011010
1101101010110011
1101101010001011
1101101001100100
1101101000111101
1101101000010110
1101100111110000
1101100111001001
1101100110100011
1101100101111101
1101100101011000
1101100100110011
1101100100001101
1101100011101000
1101100011000100
1101100010011111
1101100001111011
1101100001010111
1101100000110100
1101100000010000
1101011111101101
1101011111001010
1101011110100111
1101011110000101
1101011101100011
1101011101000001
1101011100011111
1101011011111110
1101011011011101
1101011010111100
1101011010011011
1101011001111011
1101011001011010
1101011000111011
1101011000011011
1101010111111100
1101010111011100
1101010110111110
1101010110011111
1101010110000001
1101010101100010
1101010101000101
1101010100100111
1101010100001010
1101010011101101
1101010011010000
1101010010110100
1101010010010111
1101010001111011
1101010001100000
1101010001000100
1101010000101001
1101010000001110
1101001111110100
1101001111011001
1101001110111111
1101001110100101
1101001110001100
1101001101110011
1101001101011010
1101001101000001
1101001100101000
1101001100010000
1101001011111000
1101001011100001
1101001011001010
1101001010110011
1101001010011100
1101001010000101
1101001001101111
1101001001011001
1101001001000100
1101001000101110
1101001000011001
1101001000000100
1101000111110000
1101000111011100
1101000111001000
1101000110110100
1101000110100001
1101000110001110
1101000101111011
1101000101101000
1101000101010110
1101000101000100
1101000100110011
1101000100100001
1101000100010000
1101000011111111
1101000011101111
1101000011011111
1101000011001111
1101000010111111
1101000010110000
1101000010100001
1101000010010010
1101000010000100
1101000001110110
1101000001101000
1101000001011010
1101000001001101
1101000001000000
1101000000110011
1101000000100111
1101000000011011
1101000000001111
1101000000000100
1100111111111000
1100111111101101
1100111111100011
1100111111011001
1100111111001111
1100111111000101
1100111110111011
1100111110110010
1100111110101001
1100111110100001
1100111110011001
1100111110010001
1100111110001001
1100111110000010
1100111101111011
1100111101110100
1100111101101110
1100111101101000
1100111101100010
1100111101011100
1100111101010111
1100111101010010
1100111101001101
1100111101001001
1100111101000101
1100111101000001
1100111100111110
1100111100111011
1100111100111000
1100111100110101
1100111100110011
1100111100110001
1100111100110000
1100111100101110
1100111100101101
1100111100101101
1100111100101100
1100111100101100
1100111100101100
1100111100101101
1100111100101101
1100111100101111
1100111100110000
1100111100110010
1100111100110100
1100111100110110
1100111100111000
1100111100111011
1100111100111111
1100111101000010
1100111101000110
1100111101001010
1100111101001110
1100111101010011
1100111101011000
1100111101011101
1100111101100011
1100111101101001
1100111101101111
1100111101110110
1100111101111100
1100111110000011
1100111110001011
1100111110010011
1100111110011011
1100111110100011
1100111110101011
1100111110110100
1100111110111101
1100111111000111
1100111111010001
1100111111011011
1100111111100101
1100111111110000
1100111111111011
1101000000000110
1101000000010010
1101000000011110
1101000000101010
1101000000110110
1101000001000011
1101000001010000
1101000001011101
1101000001101011
1101000001111001
1101000010000111
1101000010010101
1101000010100100
1101000010110011
1101000011000011
1101000011010010
1101000011100010
1101000011110011
1101000100000011
1101000100010100
1101000100100101
1101000100110111
1101000101001000
1101000101011010
1101000101101100
1101000101111111
1101000110010010
1101000110100101
1101000110111000
1101000111001100
1101000111100000
1101000111110100
1101001000001001
1101001000011110
1101001000110011
1101001001001000
1101001001011110
1101001001110100
1101001010001010
1101001010100001
1101001010111000
1101001011001111
1101001011100110
1101001011111110
1101001100010110
1101001100101110
1101001101000110
1101001101011111
1101001101111000
1101001110010001
1101001110101011
1101001111000101
1101001111011111
1101001111111001
1101010000010100
1101010000101111
1101010001001010
1101010001100110
1101010010000010
1101010010011110
1101010010111010
1101010011010110
1101010011110011
1101010100010000
1101010100101110
1101010101001011
1101010101101001
1101010110000111
1101010110100110
1101010111000100
1101010111100011
1101011000000010
1101011000100010
1101011001000010
1101011001100010
1101011010000010
1101011010100010
1101011011000011
1101011011100100
1101011100000101
1101011100100111
1101011101001000
1101011101101010
1101011110001101
1101011110101111
1101011111010010
1101011111110101
1101100000011000
1101100000111100
1101100001011111
1101100010000011
1101100010101000
1101100011001100
1101100011110001
1101100100010110
1101100100111011
1101100101100000
1101100110000110
1101100110101100
1101100111010010
1101100111111000
1101101000011111
1101101001000110
1101101001101101
1101101010010100
1101101010111100
1101101011100011
1101101100001011
1101101100110100
1101101101011100
1101101110000101
1101101110101110
1101101111010111
1101110000000000
1101110000101010
1101110001010011
1101110001111101
1101110010101000
1101110011010010
1101110011111101
1101110100101000
1101110101010011
1101110101111110
1101110110101010
1101110111010101
1101111000000001
1101111000101101
1101111001011010
1101111010000110
1101111010110011
1101111011100000
1101111100001101
1101111100111011
1101111101101000
1101111110010110
1101111111000100
1101111111110010
1110000000100001
1110000001001111
1110000001111110
1110000010101101
1110000011011100
1110000100001011
1110000100111011
1110000101101011
1110000110011011
1110000111001011
1110000111111011
1110001000101011
1110001001011100
1110001010001101
1110001010111110
1110001011101111
1110001100100001
1110001101010010
1110001110000100
1110001110110110
1110001111101000
1110010000011010
1110010001001101
1110010001111111
1110010010110010
1110010011100101
1110010100011000
1110010101001011
1110010101111111
1110010110110011
1110010111100110
1110011000011010
1110011001001110
1110011010000011
1110011010110111
1110011011101100
1110011100100000
1110011101010101
1110011110001010
1110011110111111
1110011111110101
1110100000101010
1110100001100000
1110100010010110
1110100011001011
1110100100000010
1110100100111000
1110100101101110
1110100110100101
1110100111011011
1110101000010010
1110101001001001
1110101010000000
1110101010110111
1110101011101110
1110101100100110
1110101101011101
1110101110010101
1110101111001101
1110110000000101
1110110000111101
1110110001110101
1110110010101101
1110110011100110
1110110100011110
1110110101010111
1110110110010000
1110110111001000
1110111000000001
1110111000111010
1110111001110100
1110111010101101
1110111011100110
1110111100100000
1110111101011010
1110111110010011
1110111111001101
1111000000000111
1111000001000001
1111000001111011
1111000010110101
1111000011110000
1111000100101010
1111000101100101
1111000110011111
1111000111011010
1111001000010101
1111001001010000
1111001010001011
1111001011000110
1111001100000001
1111001100111100
1111001101110111
1111001110110010
1111001111101110
1111010000101001
1111010001100101
1111010010100001
1111010011011100
1111010100011000
1111010101010100
1111010110010000
1111010111001100
1111011000001000
1111011001000100
1111011010000000
1111011010111100
1111011011111001
1111011100110101
1111011101110001
1111011110101110
1111011111101010
1111100000100111
1111100001100011
1111100010100000
1111100011011101
1111100100011001
1111100101010110
1111100110010011
1111100111010000
1111101000001101
1111101001001010
1111101010000111
1111101011000011
1111101100000001
1111101100111110
1111101101111011
1111101110111000
1111101111110101
1111110000110010
1111110001101111
1111110010101100
1111110011101010
1111110100100111
1111110101100100
1111110110100001
1111110111011111
1111111000011100
1111111001011001
1111111010010111
1111111011010100
1111111100010001
1111111101001111
1111111110001100
1111111111001001
0000000000000111
0000000001000100
0000000010000010
0000000010111111
0000000011111100
0000000100111010
0000000101110111
0000000110110100
0000000111110010
0000001000101111
0000001001101100
0000001010101001
0000001011100111
0000001100100100
0000001101100001
0000001110011110
0000001111011100
0000010000011001
0000010001010110
0000010010010011
0000010011010000
0000010100001101
0000010101001010
0000010110000111
0000010111000100
0000011000000001
0000011000111110
0000011001111011
0000011010110111
0000011011110100
0000011100110001
0000011101101110
0000011110101010
0000011111100111
0000100000100011
0000100001100000
0000100010011100
0000100011011001
0000100100010101
0000100101010001
0000100110001101
0000100111001001
0000101000000110
0000101001000010
0000101001111110
0000101010111001
0000101011110101
0000101100110001
0000101101101101
0000101110101000
0000101111100100
0000110000011111
0000110001011011
0000110010010110
0000110011010001
0000110100001100
0000110101001000
0000110110000011
0000110110111101
0000110111111000
0000111000110011
0000111001101110
0000111010101000
0000111011100011
0000111100011101
0000111101010111
0000111110010010
0000111111001100
0001000000000110
0001000001000000
0001000001111010
0001000010110011
0001000011101101
0001000100100110
0001000101100000
0001000110011001
0001000111010010
0001001000001011
0001001001000100
0001001001111101
0001001010110110
0001001011101110
0001001100100111
0001001101011111
0001001110011000
0001001111010000
0001010000001000
0001010001000000
0001010001110111
0001010010101111
0001010011100111
0001010100011110
0001010101010101
0001010110001100
0001010111000011
0001010111111010
0001011000110001
0001011001101000
0001011010011110
0001011011010100
0001011100001010
0001011101000000
0001011101110110
0001011110101100
0001011111100010
0001100000010111
0001100001001100
0001100010000010
0001100010110111
0001100011101011
0001100100100000
0001100101010101
0001100110001001
0001100110111101
0001100111110001
0001101000100101
0001101001011001
0001101010001101
0001101011000000
0001101011110011
0001101100100110
0001101101011001
0001101110001100
0001101110111111
0001101111110001
0001110000100011
0001110001010101
0001110010000111
0001110010111001
0001110011101010
0001110100011100
0001110101001101
0001110101111110
0001110110101111
0001110111011111
0001111000010000
0001111001000000
0001111001110000
0001111010100000
0001111011010000
0001111011111111
0001111100101110
0001111101011110
0001111110001101
0001111110111011
0001111111101010
0010000000011000
0010000001000110
0010000001110100
0010000010100010
0010000011010000
0010000011111101
0010000100101010
0010000101010111
0010000110000100
0010000110110000
0010000111011101
0010001000001001
0010001000110101
0010001001100000
0010001010001100
0010001010110111
0010001011100010
0010001100001101
0010001100110111
0010001101100010
0010001110001100
0010001110110110
0010001111100000
0010010000001001
0010010000110010
0010010001011100
0010010010000100
0010010010101101
0010010011010101
0010010011111110
0010010100100110
0010010101001101
0010010101110101
0010010110011100
0010010111000011
0010010111101010
0010011000010000
0010011000110111
0010011001011101
0010011010000011
0010011010101000
0010011011001101
0010011011110011
0010011100011000
0010011100111100
0010011101100001
0010011110000101
0010011110101001
0010011111001100
0010011111110000
0010100000010011
0010100000110110
0010100001011001
0010100001111011
0010100010011101
0010100010111111
0010100011100001
0010100100000010
0010100100100011
0010100101000100
0010100101100101
0010100110000101
0010100110100110
0010100111000101
0010100111100101
0010101000000100
0010101000100100
0010101001000010
0010101001100001
0010101001111111
0010101010011110
0010101010111011
0010101011011001
0010101011110110
0010101100010011
0010101100110000
0010101101001100
0010101101101001
0010101110000101
0010101110100000
0010101110111100
0010101111010111
0010101111110010
0010110000001100
0010110000100111
0010110001000001
0010110001011011
0010110001110100
0010110010001101
0010110010100110
0010110010111111
0010110011011000
0010110011110000
0010110100001000
0010110100011111
0010110100110110
0010110101001101
0010110101100100
0010110101111011
0010110110010001
0010110110100111
0010110110111100
0010110111010010
0010110111100111
0010110111111100
0010111000010000
0010111000100100
0010111000111000
0010111001001100
0010111001011111
0010111001110010
0010111010000101
0010111010011000
0010111010101010
0010111010111100
0010111011001101
0010111011011111
0010111011110000
0010111100000001
0010111100010001
0010111100100001
0010111100110001
0010111101000001
0010111101010000
0010111101011111
0010111101101110
0010111101111100
0010111110001010
0010111110011000
0010111110100110
0010111110110011
0010111111000000
0010111111001101
0010111111011001
0010111111100101
0010111111110001
0010111111111100
0011000000001000
0011000000010011
0011000000011101
0011000000100111
0011000000110001
0011000000111011
0011000001000101
0011000001001110
0011000001010111
0011000001011111
0011000001100111
0011000001101111
0011000001110111
0011000001111110
0011000010000101
0011000010001100
0011000010010010
0011000010011000
0011000010011110
0011000010100100
0011000010101001
0011000010101110
0011000010110011
0011000010110111
0011000010111011
0011000010111111
0011000011000010
0011000011000101
0011000011001000
0011000011001011
0011000011001101
0011000011001111
0011000011010000
0011000011010010
0011000011010011
0011000011010011
0011000011010100
0011000011010100
0011000011010100
0011000011010011
0011000011010011
0011000011010001
0011000011010000
0011000011001110
0011000011001100
0011000011001010
0011000011001000
0011000011000101
0011000011000001
0011000010111110
0011000010111010
0011000010110110
0011000010110010
0011000010101101
0011000010101000
0011000010100011
0011000010011101
0011000010010111
0011000010010001
0011000010001010
0011000010000100
0011000001111101
0011000001110101
0011000001101101
0011000001100101
0011000001011101
0011000001010101
0011000001001100
0011000001000011
0011000000111001
0011000000101111
0011000000100101
0011000000011011
0011000000010000
0011000000000101
0010111111111010
0010111111101110
0010111111100010
0010111111010110
0010111111001010
0010111110111101
0010111110110000
0010111110100011
0010111110010101
0010111110000111
0010111101111001
0010111101101011
0010111101011100
0010111101001101
0010111100111101
0010111100101110
0010111100011110
0010111100001101
0010111011111101
0010111011101100
0010111011011011
0010111011001001
0010111010111000
0010111010100110
0010111010010100
0010111010000001
0010111001101110
0010111001011011
0010111001001000
0010111000110100
0010111000100000
0010111000001100
0010110111110111
0010110111100010
0010110111001101
0010110110111000
0010110110100010
0010110110001100
0010110101110110
0010110101011111
0010110101001000
0010110100110001
0010110100011010
0010110100000010
0010110011101010
0010110011010010
0010110010111010
0010110010100001
0010110010001000
0010110001101111
0010110001010101
0010110000111011
0010110000100001
0010110000000111
0010101111101100
0010101111010001
0010101110110110
0010101110011010
0010101101111110
0010101101100010
0010101101000110
0010101100101010
0010101100001101
0010101011110000
0010101011010010
0010101010110101
0010101010010111
0010101001111001
0010101001011010
0010101000111100
0010101000011101
0010100111111110
0010100111011110
0010100110111110
0010100110011110
0010100101111110
0010100101011110
0010100100111101
0010100100011100
0010100011111011
0010100011011001
0010100010111000
0010100010010110
0010100001110011
0010100001010001
0010100000101110
0010100000001011
0010011111101000
0010011111000100
0010011110100001
0010011101111101
0010011101011000
0010011100110100
0010011100001111
0010011011101010
0010011011000101
0010011010100000
0010011001111010
0010011001010100
0010011000101110
0010011000001000
0010010111100001
0010010110111010
0010010110010011
0010010101101100
0010010101000100
0010010100011101
0010010011110101
0010010011001100
0010010010100100
0010010001111011
0010010001010010
0010010000101001
0010010000000000
0010001111010110
0010001110101101
0010001110000011
0010001101011000
0010001100101110
0010001100000011
0010001011011000
0010001010101101
0010001010000010
0010001001010110
0010001000101011
0010000111111111
0010000111010011
0010000110100110
0010000101111010
0010000101001101
0010000100100000
0010000011110011
0010000011000101
0010000010011000
0010000001101010
0010000000111100
0010000000001110
0001111111011111
0001111110110001
0001111110000010
0001111101010011
0001111100100100
0001111011110101
0001111011000101
0001111010010101
0001111001100101
0001111000110101
0001111000000101
0001110111010101
0001110110100100
0001110101110011
0001110101000010
0001110100010001
0001110011011111
0001110010101110
0001110001111100
0001110001001010
0001110000011000
0001101111100110
0001101110110011
0001101110000001
0001101101001110
0001101100011011
0001101011101000
0001101010110101
0001101010000001
0001101001001101
0001101000011010
0001100111100110
0001100110110010
0001100101111101
0001100101001001
0001100100010100
0001100011100000
0001100010101011
0001100001110110
0001100001000001
0001100000001011
0001011111010110
0001011110100000
0001011101101010
0001011100110101
0001011011111110
0001011011001000
0001011010010010
0001011001011011
0001011000100101
0001010111101110
0001010110110111
0001010110000000
0001010101001001
0001010100010010
0001010011011010
0001010010100011
0001010001101011
0001010000110011
0001001111111011
0001001111000011
0001001110001011
0001001101010011
0001001100011010
0001001011100010
0001001010101001
0001001001110000
0001001000111000
0001000111111111
0001000111000110
0001000110001100
0001000101010011
0001000100011010
0001000011100000
0001000010100110
0001000001101101
0001000000110011
0000111111111001
0000111110111111
0000111110000101
0000111101001011
0000111100010000
0000111011010110
0000111010011011
0000111001100001
0000111000100110
0000110111101011
0000110110110000
0000110101110101
0000110100111010
0000110011111111
0000110011000100
0000110010001001
0000110001001110
0000110000010010
0000101111010111
0000101110011011
0000101101011111
0000101100100100
0000101011101000
0000101010101100
0000101001110000
0000101000110100
0000100111111000
0000100110111100
0000100110000000
0000100101000100
0000100100000111
0000100011001011
0000100010001111
0000100001010010
0000100000010110
0000011111011001
0000011110011101
0000011101100000
0000011100100011
0000011011100111
0000011010101010
0000011001101101
0000011000110000
0000010111110011
0000010110110110
0000010101111001
0000010100111101
0000010011111111
0000010011000010
0000010010000101
0000010001001000
0000010000001011
0000001111001110
0000001110010001
0000001101010100
0000001100010110
0000001011011001
0000001010011100
0000001001011111
0000001000100001
0000000111100100
0000000110100111
0000000101101001
0000000100101100
0000000011101111
0000000010110001
0000000001110100
0000000000110111
1111111111111001
1111111110111100
1111111101111110
1111111101000001
1111111100000100
1111111011000110
1111111010001001
1111111001001100
1111111000001110
1111110111010001
1111110110010100
1111110101010111
1111110100011001
1111110011011100
1111110010011111
1111110001100010
1111110000100100
1111101111100111
1111101110101010
1111101101101101
1111101100110000
1111101011110011
1111101010110110
1111101001111001
1111101000111100
1111100111111111
1111100111000010
1111100110000101
1111100101001001
1111100100001100
1111100011001111
1111100010010010
1111100001010110
1111100000011001
1111011111011101
1111011110100000
1111011101100100
1111011100100111
1111011011101011
1111011010101111
1111011001110011
1111011000110111
1111010111111010
1111010110111110
1111010110000010
1111010101000111
1111010100001011
1111010011001111
1111010010010011
1111010001011000
1111010000011100
1111001111100001
1111001110100101
1111001101101010
1111001100101111
1111001011110100
1111001010111000
1111001001111101
1111001001000011
1111001000001000
1111000111001101
1111000110010010
1111000101011000
1111000100011101
1111000011100011
1111000010101001
1111000001101110
1111000000110100
1110111111111010
1110111111000000
1110111110000110
1110111101001101
1110111100010011
1110111011011010
1110111010100000
1110111001100111
1110111000101110
1110110111110101
1110110110111100
1110110110000011
1110110101001010
1110110100010010
1110110011011001
1110110010100001
1110110001101000
1110110000110000
1110101111111000
1110101111000000
1110101110001001
1110101101010001
1110101100011001
1110101011100010
1110101010101011
1110101001110100
1110101000111101
1110101000000110
1110100111001111
1110100110011000
1110100101100010
1110100100101100
1110100011110110
1110100011000000
1110100010001010
1110100001010100
1110100000011110
1110011111101001
1110011110110100
1110011101111110
1110011101001001
1110011100010101
1110011011100000
1110011010101011
1110011001110111
1110011001000011
1110011000001111
1110010111011011
1110010110100111
1110010101110011
1110010101000000
1110010100001101
1110010011011010
1110010010100111
1110010001110100
1110010001000001
1110010000001111
1110001111011101
1110001110101011
1110001101111001
1110001101000111
1110001100010110
1110001011100100
1110001010110011
1110001010000010
1110001001010001
1110001000100001
1110000111110000
1110000111000000
1110000110010000
1110000101100000
1110000100110000
1110000100000001
1110000011010010
1110000010100010
1110000001110011
1110000001000101
1110000000010110
1101111111101000
1101111110111010
1101111110001100
1101111101011110
1101111100110000
1101111100000011
1101111011010110
1101111010101001
1101111001111100
1101111001010000
1101111000100011
1101110111110111
1101110111001011
1101110110100000
1101110101110100
1101110101001001
1101110100011110
1101110011110011
1101110011001001
1101110010011110
1101110001110100
1101110001001010
1101110000100000
1101101111110111
1101101111001110
1101101110100100
1101101101111100
1101101101010011
1101101100101011
1101101100000010
1101101011011010
1101101010110011
1101101010001011
1101101001100100
1101101000111101
1101101000010110
1101100111110000
1101100111001001
1101100110100011
1101100101111101
1101100101011000
1101100100110011
1101100100001101
1101100011101000
1101100011000100
1101100010011111
1101100001111011
1101100001010111
1101100000110100
1101100000010000
1101011111101101
1101011111001010
1101011110100111
1101011110000101
1101011101100011
1101011101000001
1101011100011111
1101011011111110
1101011011011101
1101011010111100
1101011010011011
1101011001111011
1101011001011010
1101011000111011
1101011000011011
1101010111111100
1101010111011100
1101010110111110
1101010110011111
1101010110000001
1101010101100010
1101010101000101
1101010100100111
1101010100001010
1101010011101101
1101010011010000
1101010010110100
1101010010010111
1101010001111011
1101010001100000
1101010001000100
1101010000101001
1101010000001110
1101001111110100
1101001111011001
1101001110111111
1101001110100101
1101001110001100
1101001101110011
1101001101011010
1101001101000001
1101001100101000
1101001100010000
1101001011111000
1101001011100001
1101001011001010
1101001010110011
1101001010011100
1101001010000101
1101001001101111
1101001001011001
1101001001000100
1101001000101110
1101001000011001
1101001000000100
1101000111110000
1101000111011100
1101000111001000
1101000110110100
1101000110100001
1101000110001110
1101000101111011
1101000101101000
1101000101010110
1101000101000100
1101000100110011
1101000100100001
1101000100010000
1101000011111111
1101000011101111
1101000011011111
1101000011001111
1101000010111111
1101000010110000
1101000010100001
1101000010010010
1101000010000100
1101000001110110
1101000001101000
1101000001011010
1101000001001101
1101000001000000
1101000000110011
1101000000100111
1101000000011011
1101000000001111
1101000000000100
1100111111111000
1100111111101101
1100111111100011
1100111111011001
1100111111001111
1100111111000101
1100111110111011
1100111110110010
1100111110101001
1100111110100001
1100111110011001
1100111110010001
1100111110001001
1100111110000010
1100111101111011
1100111101110100
1100111101101110
1100111101101000
1100111101100010
1100111101011100
1100111101010111
1100111101010010
1100111101001101
1100111101001001
1100111101000101
1100111101000001
1100111100111110
1100111100111011
1100111100111000
1100111100110101
1100111100110011
1100111100110001
1100111100110000
1100111100101110
1100111100101101
1100111100101101
1100111100101100
1100111100101100
1100111100101100
1100111100101101
1100111100101101
1100111100101111
1100111100110000
1100111100110010
1100111100110100
1100111100110110
1100111100111000
1100111100111011
1100111100111111
1100111101000010
1100111101000110
1100111101001010
1100111101001110
1100111101010011
1100111101011000
1100111101011101
1100111101100011
1100111101101001
1100111101101111
1100111101110110
1100111101111100
1100111110000011
1100111110001011
1100111110010011
1100111110011011
1100111110100011
1100111110101011
1100111110110100
1100111110111101
1100111111000111
1100111111010001
1100111111011011
1100111111100101
1100111111110000
1100111111111011
1101000000000110
1101000000010010
1101000000011110
1101000000101010
1101000000110110
1101000001000011
1101000001010000
1101000001011101
1101000001101011
1101000001111001
1101000010000111
1101000010010101
1101000010100100
1101000010110011
1101000011000011
1101000011010010
1101000011100010
1101000011110011
1101000100000011
1101000100010100
1101000100100101
1101000100110111
1101000101001000
1101000101011010
1101000101101100
1101000101111111
1101000110010010
1101000110100101
1101000110111000
1101000111001100
1101000111100000
1101000111110100
1101001000001001
1101001000011110
1101001000110011
1101001001001000
1101001001011110
1101001001110100
1101001010001010
1101001010100001
1101001010111000
1101001011001111
1101001011100110
1101001011111110
1101001100010110
1101001100101110
1101001101000110
1101001101011111
1101001101111000
1101001110010001
1101001110101011
1101001111000101
1101001111011111
1101001111111001
1101010000010100
1101010000101111
1101010001001010
1101010001100110
1101010010000010
1101010010011110
1101010010111010
1101010011010110
1101010011110011
1101010100010000
1101010100101110
1101010101001011
1101010101101001
1101010110000111
1101010110100110
1101010111000100
1101010111100011
1101011000000010
1101011000100010
1101011001000010
1101011001100010
1101011010000010
1101011010100010
1101011011000011
1101011011100100
1101011100000101
1101011100100111
1101011101001000
1101011101101010
1101011110001101
1101011110101111
1101011111010010
1101011111110101
1101100000011000
1101100000111100
1101100001011111
1101100010000011
1101100010101000
1101100011001100
1101100011110001
1101100100010110
1101100100111011
1101100101100000
1101100110000110
1101100110101100
1101100111010010
1101100111111000
1101101000011111
1101101001000110
1101101001101101
1101101010010100
1101101010111100
1101101011100011
1101101100001011
1101101100110100
1101101101011100
1101101110000101
1101101110101110
1101101111010111
1101110000000000
1101110000101010
1101110001010011
1101110001111101
1101110010101000
1101110011010010
1101110011111101
1101110100101000
1101110101010011
1101110101111110
1101110110101010
1101110111010101
1101111000000001
1101111000101101
1101111001011010
1101111010000110
1101111010110011
1101111011100000
1101111100001101
1101111100111011
1101111101101000
1101111110010110
1101111111000100
1101111111110010
1110000000100001
1110000001001111
1110000001111110
1110000010101101
1110000011011100
1110000100001011
1110000100111011
1110000101101011
1110000110011011
1110000111001011
1110000111111011
1110001000101011
1110001001011100
1110001010001101
1110001010111110
1110001011101111
1110001100100001
1110001101010010
1110001110000100
1110001110110110
1110001111101000
1110010000011010
1110010001001101
1110010001111111
1110010010110010
1110010011100101
1110010100011000
1110010101001011
1110010101111111
1110010110110011
1110010111100110
1110011000011010
1110011001001110
1110011010000011
1110011010110111
1110011011101100
1110011100100000
1110011101010101
1110011110001010
1110011110111111
1110011111110101
1110100000101010
1110100001100000
1110100010010110
1110100011001011
1110100100000010
1110100100111000
1110100101101110
1110100110100101
1110100111011011
1110101000010010
1110101001001001
1110101010000000
1110101010110111
1110101011101110
1110101100100110
1110101101011101
1110101110010101
1110101111001101
1110110000000101
1110110000111101
1110110001110101
1110110010101101
1110110011100110
1110110100011110
1110110101010111
1110110110010000
1110110111001000
1110111000000001
1110111000111010
1110111001110100
1110111010101101
1110111011100110
1110111100100000
1110111101011010
1110111110010011
1110111111001101
1111000000000111
1111000001000001
1111000001111011
1111000010110101
1111000011110000
1111000100101010
1111000101100101
1111000110011111
1111000111011010
1111001000010101
1111001001010000
1111001010001011
1111001011000110
1111001100000001
1111001100111100
1111001101110111
1111001110110010
1111001111101110
1111010000101001
1111010001100101
1111010010100001
1111010011011100
1111010100011000
1111010101010100
1111010110010000
1111010111001100
1111011000001000
1111011001000100
1111011010000000
1111011010111100
1111011011111001
1111011100110101
1111011101110001
1111011110101110
1111011111101010
1111100000100111
1111100001100011
1111100010100000
1111100011011101
1111100100011001
1111100101010110
1111100110010011
1111100111010000
1111101000001101
1111101001001010
1111101010000111
1111101011000011
1111101100000001
1111101100111110
1111101101111011
1111101110111000
1111101111110101
1111110000110010
1111110001101111
1111110010101100
1111110011101010
1111110100100111
1111110101100100
1111110110100001
1111110111011111
1111111000011100
1111111001011001
1111111010010111
1111111011010100
1111111100010001
1111111101001111
1111111110001100
1111111111001001
0000000000000111
0000000001000100
0000000010000010
0000000010111111
0000000011111100
0000000100111010
0000000101110111
0000000110110100
0000000111110010
0000001000101111
0000001001101100
0000001010101001
0000001011100111
0000001100100100
0000001101100001
0000001110011110
0000001111011100
0000010000011001
0000010001010110
0000010010010011
0000010011010000
0000010100001101
0000010101001010
0000010110000111
0000010111000100
0000011000000001
0000011000111110
0000011001111011
0000011010110111
0000011011110100
0000011100110001
0000011101101110
0000011110101010
0000011111100111
0000100000100011
0000100001100000
0000100010011100
0000100011011001
0000100100010101
0000100101010001
0000100110001101
0000100111001001
0000101000000110
0000101001000010
0000101001111110
0000101010111001
0000101011110101
0000101100110001
0000101101101101
0000101110101000
0000101111100100
0000110000011111
0000110001011011
0000110010010110
0000110011010001
0000110100001100
0000110101001000
0000110110000011
0000110110111101
0000110111111000
0000111000110011
0000111001101110
0000111010101000
0000111011100011
0000111100011101
0000111101010111
0000111110010010
0000111111001100
0001000000000110
0001000001000000
0001000001111010
0001000010110011
0001000011101101
0001000100100110
0001000101100000
0001000110011001
0001000111010010
0001001000001011
0001001001000100
0001001001111101
0001001010110110
0001001011101110
0001001100100111
0001001101011111
0001001110011000
0001001111010000
0001010000001000
0001010001000000
0001010001110111
0001010010101111
0001010011100111
0001010100011110
0001010101010101
0001010110001100
0001010111000011
0001010111111010
0001011000110001
0001011001101000
0001011010011110
0001011011010100
0001011100001010
0001011101000000
0001011101110110
0001011110101100
0001011111100010
0001100000010111
0001100001001100
0001100010000010
0001100010110111
0001100011101011
0001100100100000
0001100101010101
0001100110001001
0001100110111101
0001100111110001
0001101000100101
0001101001011001
0001101010001101
0001101011000000
0001101011110011
0001101100100110
0001101101011001
0001101110001100
0001101110111111
0001101111110001
0001110000100011
0001110001010101
0001110010000111
0001110010111001
0001110011101010
0001110100011100
0001110101001101
0001110101111110
0001110110101111
0001110111011111
0001111000010000
0001111001000000
0001111001110000
0001111010100000
0001111011010000
0001111011111111
0001111100101110
0001111101011110
0001111110001101
0001111110111011
0001111111101010
0010000000011000
0010000001000110
0010000001110100
0010000010100010
0010000011010000
0010000011111101
0010000100101010
0010000101010111
0010000110000100
0010000110110000
0010000111011101
0010001000001001
0010001000110101
0010001001100000
0010001010001100
0010001010110111
0010001011100010
0010001100001101
0010001100110111
0010001101100010
0010001110001100
0010001110110110
0010001111100000
0010010000001001
0010010000110010
0010010001011100
0010010010000100
0010010010101101
0010010011010101
0010010011111110
0010010100100110
0010010101001101
0010010101110101
0010010110011100
0010010111000011
0010010111101010
0010011000010000
0010011000110111
0010011001011101
0010011010000011
0010011010101000
0010011011001101
0010011011110011
0010011100011000
0010011100111100
0010011101100001
0010011110000101
0010011110101001
0010011111001100
0010011111110000
0010100000010011
0010100000110110
0010100001011001
0010100001111011
0010100010011101
0010100010111111
0010100011100001
0010100100000010
0010100100100011
0010100101000100
0010100101100101
0010100110000101
0010100110100110
0010100111000101
0010100111100101
0010101000000100
0010101000100100
0010101001000010
0010101001100001
0010101001111111
0010101010011110
0010101010111011
0010101011011001
0010101011110110
0010101100010011
0010101100110000
0010101101001100
0010101101101001
0010101110000101
0010101110100000
0010101110111100
0010101111010111
0010101111110010
0010110000001100
0010110000100111
0010110001000001
0010110001011011
0010110001110100
0010110010001101
0010110010100110
0010110010111111
0010110011011000
0010110011110000
0010110100001000
0010110100011111
0010110100110110
0010110101001101
0010110101100100
0010110101111011
0010110110010001
0010110110100111
0010110110111100
0010110111010010
0010110111100111
0010110111111100
0010111000010000
0010111000100100
0010111000111000
0010111001001100
0010111001011111
0010111001110010
0010111010000101
0010111010011000
0010111010101010
0010111010111100
0010111011001101
0010111011011111
0010111011110000
0010111100000001
0010111100010001
0010111100100001
0010111100110001
0010111101000001
0010111101010000
0010111101011111
0010111101101110
0010111101111100
0010111110001010
0010111110011000
0010111110100110
0010111110110011
0010111111000000
0010111111001101
0010111111011001
0010111111100101
0010111111110001
0010111111111100
0011000000001000
0011000000010011
0011000000011101
0011000000100111
0011000000110001
0011000000111011
0011000001000101
0011000001001110
0011000001010111
0011000001011111
0011000001100111
0011000001101111
0011000001110111
0011000001111110
0011000010000101
0011000010001100
0011000010010010
0011000010011000
0011000010011110
0011000010100100
0011000010101001
0011000010101110
0011000010110011
0011000010110111
0011000010111011
0011000010111111
0011000011000010
0011000011000101
0011000011001000
0011000011001011
0011000011001101
0011000011001111
0011000011010000
0011000011010010
0011000011010011
0011000011010011
0011000011010100
0011000011010100
0011000011010100
0011000011010011
0011000011010011
0011000011010001
0011000011010000
0011000011001110
0011000011001100
0011000011001010
0011000011001000
0011000011000101
0011000011000001
0011000010111110
0011000010111010
0011000010110110
0011000010110010
0011000010101101
0011000010101000
0011000010100011
0011000010011101
0011000010010111
0011000010010001
0011000010001010
0011000010000100
0011000001111101
0011000001110101
0011000001101101
0011000001100101
0011000001011101
0011000001010101
0011000001001100
0011000001000011
0011000000111001
0011000000101111
0011000000100101
0011000000011011
0011000000010000
0011000000000101
0010111111111010
0010111111101110
0010111111100010
0010111111010110
0010111111001010
0010111110111101
0010111110110000
0010111110100011
0010111110010101
0010111110000111
0010111101111001
0010111101101011
0010111101011100
0010111101001101
0010111100111101
0010111100101110
0010111100011110
0010111100001101
0010111011111101
0010111011101100
0010111011011011
0010111011001001
0010111010111000
0010111010100110
0010111010010100
0010111010000001
0010111001101110
0010111001011011
0010111001001000
0010111000110100
0010111000100000
0010111000001100
0010110111110111
0010110111100010
0010110111001101
0010110110111000
0010110110100010
0010110110001100
0010110101110110
0010110101011111
0010110101001000
0010110100110001
0010110100011010
0010110100000010
0010110011101010
0010110011010010
0010110010111010
0010110010100001
0010110010001000
0010110001101111
0010110001010101
0010110000111011
0010110000100001
0010110000000111
0010101111101100
0010101111010001
0010101110110110
0010101110011010
0010101101111110
0010101101100010
0010101101000110
0010101100101010
0010101100001101
0010101011110000
0010101011010010
0010101010110101
0010101010010111
0010101001111001
0010101001011010
0010101000111100
0010101000011101
0010100111111110
0010100111011110
0010100110111110
0010100110011110
0010100101111110
0010100101011110
0010100100111101
0010100100011100
0010100011111011
0010100011011001
0010100010111000
0010100010010110
0010100001110011
0010100001010001
0010100000101110
0010100000001011
0010011111101000
0010011111000100
0010011110100001
0010011101111101
0010011101011000
0010011100110100
0010011100001111
0010011011101010
0010011011000101
0010011010100000
0010011001111010
0010011001010100
0010011000101110
0010011000001000
0010010111100001
0010010110111010
0010010110010011
0010010101101100
0010010101000100
0010010100011101
0010010011110101
0010010011001100
0010010010100100
0010010001111011
0010010001010010
0010010000101001
0010010000000000
0010001111010110
0010001110101101
0010001110000011
0010001101011000
0010001100101110
0010001100000011
0010001011011000
0010001010101101
0010001010000010
0010001001010110
0010001000101011
0010000111111111
0010000111010011
0010000110100110
0010000101111010
0010000101001101
0010000100100000
0010000011110011
0010000011000101
0010000010011000
0010000001101010
0010000000111100
0010000000001110
0001111111011111
0001111110110001
0001111110000010
0001111101010011
0001111100100100
0001111011110101
0001111011000101
0001111010010101
0001111001100101
0001111000110101
0001111000000101
0001110111010101
0001110110100100
0001110101110011
0001110101000010
0001110100010001
0001110011011111
0001110010101110
0001110001111100
0001110001001010
0001110000011000
0001101111100110
0001101110110011
0001101110000001
0001101101001110
0001101100011011
0001101011101000
0001101010110101
0001101010000001
0001101001001101
0001101000011010
0001100111100110
0001100110110010
0001100101111101
0001100101001001
0001100100010100
0001100011100000
0001100010101011
0001100001110110
0001100001000001
0001100000001011
0001011111010110
0001011110100000
0001011101101010
0001011100110101
0001011011111110
0001011011001000
0001011010010010
0001011001011011
0001011000100101
0001010111101110
0001010110110111
0001010110000000
0001010101001001
0001010100010010
0001010011011010
0001010010100011
0001010001101011
0001010000110011
0001001111111011
0001001111000011
0001001110001011
0001001101010011
0001001100011010
0001001011100010
0001001010101001
0001001001110000
0001001000111000
0001000111111111
0001000111000110
0001000110001100
0001000101010011
0001000100011010
0001000011100000
0001000010100110
0001000001101101
0001000000110011
0000111111111001
0000111110111111
0000111110000101
0000111101001011
0000111100010000
0000111011010110
0000111010011011
0000111001100001
0000111000100110
0000110111101011
0000110110110000
0000110101110101
0000110100111010
0000110011111111
0000110011000100
0000110010001001
0000110001001110
0000110000010010
0000101111010111
0000101110011011
0000101101011111
0000101100100100
0000101011101000
0000101010101100
0000101001110000
0000101000110100
0000100111111000
0000100110111100
0000100110000000
0000100101000100
0000100100000111
0000100011001011
0000100010001111
0000100001010010
0000100000010110
0000011111011001
0000011110011101
0000011101100000
0000011100100011
0000011011100111
0000011010101010
0000011001101101
0000011000110000
0000010111110011
0000010110110110
0000010101111001
0000010100111101
0000010011111111
0000010011000010
0000010010000101
0000010001001000
0000010000001011
0000001111001110
0000001110010001
0000001101010100
0000001100010110
0000001011011001
0000001010011100
0000001001011111
0000001000100001
0000000111100100
0000000110100111
0000000101101001
0000000100101100
0000000011101111
0000000010110001
0000000001110100
0000000000110111
1111111111111001
1111111110111100
1111111101111110
1111111101000001
1111111100000100
1111111011000110
1111111010001001
1111111001001100
1111111000001110
1111110111010001
1111110110010100
1111110101010111
1111110100011001
1111110011011100
1111110010011111
1111110001100010
1111110000100100
1111101111100111
1111101110101010
1111101101101101
1111101100110000
1111101011110011
1111101010110110
1111101001111001
1111101000111100
1111100111111111
1111100111000010
1111100110000101
1111100101001001
1111100100001100
1111100011001111
1111100010010010
1111100001010110
1111100000011001
1111011111011101
1111011110100000
1111011101100100
1111011100100111
1111011011101011
1111011010101111
1111011001110011
1111011000110111
1111010111111010
1111010110111110
1111010110000010
1111010101000111
1111010100001011
1111010011001111
1111010010010011
1111010001011000
1111010000011100
1111001111100001
1111001110100101
1111001101101010
1111001100101111
1111001011110100
1111001010111000
1111001001111101
1111001001000011
1111001000001000
1111000111001101
1111000110010010
1111000101011000
1111000100011101
1111000011100011
1111000010101001
1111000001101110
1111000000110100
1110111111111010
1110111111000000
1110111110000110
1110111101001101
1110111100010011
1110111011011010
1110111010100000
1110111001100111
1110111000101110
1110110111110101
1110110110111100
1110110110000011
1110110101001010
1110110100010010
1110110011011001
1110110010100001
1110110001101000
1110110000110000
1110101111111000
1110101111000000
1110101110001001
1110101101010001
1110101100011001
1110101011100010
1110101010101011
1110101001110100
1110101000111101
1110101000000110
1110100111001111
1110100110011000
1110100101100010
1110100100101100
1110100011110110
1110100011000000
1110100010001010
1110100001010100
1110100000011110
1110011111101001
1110011110110100
1110011101111110
1110011101001001
1110011100010101
1110011011100000
1110011010101011
1110011001110111
1110011001000011
1110011000001111
1110010111011011
1110010110100111
1110010101110011
1110010101000000
1110010100001101
1110010011011010
1110010010100111
1110010001110100
1110010001000001
1110010000001111
1110001111011101
1110001110101011
1110001101111001
1110001101000111
1110001100010110
1110001011100100
1110001010110011
1110001010000010
1110001001010001
1110001000100001
1110000111110000
1110000111000000
1110000110010000
1110000101100000
1110000100110000
1110000100000001
1110000011010010
1110000010100010
1110000001110011
1110000001000101
1110000000010110
1101111111101000
1101111110111010
1101111110001100
1101111101011110
1101111100110000
1101111100000011
1101111011010110
1101111010101001
1101111001111100
1101111001010000
1101111000100011
1101110111110111
1101110111001011
1101110110100000
1101110101110100
1101110101001001
1101110100011110
1101110011110011
1101110011001001
1101110010011110
1101110001110100
1101110001001010
1101110000100000
1101101111110111
1101101111001110
1101101110100100
1101101101111100
1101101101010011
1101101100101011
1101101100000010
1101101011011010
1101101010110011
1101101010001011
1101101001100100
1101101000111101
1101101000010110
1101100111110000
1101100111001001
1101100110100011
1101100101111101
1101100101011000
1101100100110011
1101100100001101
1101100011101000
1101100011000100
1101100010011111
1101100001111011
1101100001010111
1101100000110100
1101100000010000
1101011111101101
1101011111001010
1101011110100111
1101011110000101
1101011101100011
1101011101000001
1101011100011111
1101011011111110
1101011011011101
1101011010111100
1101011010011011
1101011001111011
1101011001011010
1101011000111011
1101011000011011
1101010111111100
1101010111011100
1101010110111110
1101010110011111
1101010110000001
1101010101100010
1101010101000101
1101010100100111
1101010100001010
1101010011101101
1101010011010000
1101010010110100
1101010010010111
1101010001111011
1101010001100000
1101010001000100
1101010000101001
1101010000001110
1101001111110100
1101001111011001
1101001110111111
1101001110100101
1101001110001100
1101001101110011
1101001101011010
1101001101000001
1101001100101000
1101001100010000
1101001011111000
1101001011100001
1101001011001010
1101001010110011
1101001010011100
1101001010000101
1101001001101111
1101001001011001
1101001001000100
1101001000101110
1101001000011001
1101001000000100
1101000111110000
1101000111011100
1101000111001000
1101000110110100
1101000110100001
1101000110001110
1101000101111011
1101000101101000
1101000101010110
1101000101000100
1101000100110011
1101000100100001
1101000100010000
1101000011111111
1101000011101111
1101000011011111
1101000011001111
1101000010111111
1101000010110000
1101000010100001
1101000010010010
1101000010000100
1101000001110110
1101000001101000
1101000001011010
1101000001001101
1101000001000000
1101000000110011
1101000000100111
1101000000011011
1101000000001111
1101000000000100
1100111111111000
1100111111101101
1100111111100011
1100111111011001
1100111111001111
1100111111000101
1100111110111011
1100111110110010
1100111110101001
1100111110100001
1100111110011001
1100111110010001
1100111110001001
1100111110000010
1100111101111011
1100111101110100
1100111101101110
1100111101101000
1100111101100010
1100111101011100
1100111101010111
1100111101010010
1100111101001101
1100111101001001
1100111101000101
1100111101000001
1100111100111110
1100111100111011
1100111100111000
1100111100110101
1100111100110011
1100111100110001
1100111100110000
1100111100101110
1100111100101101
1100111100101101
1100111100101100
1100111100101100
1100111100101100
1100111100101101
1100111100101101
1100111100101111
1100111100110000
1100111100110010
1100111100110100
1100111100110110
1100111100111000
1100111100111011
1100111100111111
1100111101000010
1100111101000110
1100111101001010
1100111101001110
1100111101010011
1100111101011000
1100111101011101
1100111101100011
1100111101101001
1100111101101111
1100111101110110
1100111101111100
1100111110000011
1100111110001011
1100111110010011
1100111110011011
1100111110100011
1100111110101011
1100111110110100
1100111110111101
1100111111000111
1100111111010001
1100111111011011
1100111111100101
1100111111110000
1100111111111011
1101000000000110
1101000000010010
1101000000011110
1101000000101010
1101000000110110
1101000001000011
1101000001010000
1101000001011101
1101000001101011
1101000001111001
1101000010000111
1101000010010101
1101000010100100
1101000010110011
1101000011000011
1101000011010010
1101000011100010
1101000011110011
1101000100000011
1101000100010100
1101000100100101
1101000100110111
1101000101001000
1101000101011010
1101000101101100
1101000101111111
1101000110010010
1101000110100101
1101000110111000
1101000111001100
1101000111100000
1101000111110100
1101001000001001
1101001000011110
1101001000110011
1101001001001000
1101001001011110
1101001001110100
1101001010001010
1101001010100001
1101001010111000
1101001011001111
1101001011100110
1101001011111110
1101001100010110
1101001100101110
1101001101000110
1101001101011111
1101001101111000
1101001110010001
1101001110101011
1101001111000101
1101001111011111
1101001111111001
1101010000010100
1101010000101111
1101010001001010
1101010001100110
1101010010000010
1101010010011110
1101010010111010
1101010011010110
1101010011110011
1101010100010000
1101010100101110
1101010101001011
1101010101101001
1101010110000111
1101010110100110
1101010111000100
1101010111100011
1101011000000010
1101011000100010
1101011001000010
1101011001100010
1101011010000010
1101011010100010
1101011011000011
1101011011100100
1101011100000101
1101011100100111
1101011101001000
1101011101101010
1101011110001101
1101011110101111
1101011111010010
1101011111110101
1101100000011000
1101100000111100
1101100001011111
1101100010000011
1101100010101000
1101100011001100
1101100011110001
1101100100010110
1101100100111011
1101100101100000
1101100110000110
1101100110101100
1101100111010010
1101100111111000
1101101000011111
1101101001000110
1101101001101101
1101101010010100
1101101010111100
1101101011100011
1101101100001011
1101101100110100
1101101101011100
1101101110000101
1101101110101110
1101101111010111
1101110000000000
1101110000101010
1101110001010011
1101110001111101
1101110010101000
1101110011010010
1101110011111101
1101110100101000
1101110101010011
1101110101111110
1101110110101010
1101110111010101
1101111000000001
1101111000101101
1101111001011010
1101111010000110
1101111010110011
1101111011100000
1101111100001101
1101111100111011
1101111101101000
1101111110010110
1101111111000100
1101111111110010
1110000000100001
1110000001001111
1110000001111110
1110000010101101
1110000011011100
1110000100001011
1110000100111011
1110000101101011
1110000110011011
1110000111001011
1110000111111011
1110001000101011
1110001001011100
1110001010001101
1110001010111110
1110001011101111
1110001100100001
1110001101010010
1110001110000100
1110001110110110
1110001111101000
1110010000011010
1110010001001101
1110010001111111
1110010010110010
1110010011100101
1110010100011000
1110010101001011
1110010101111111
1110010110110011
1110010111100110
1110011000011010
1110011001001110
1110011010000011
1110011010110111
1110011011101100
1110011100100000
1110011101010101
1110011110001010
1110011110111111
1110011111110101
1110100000101010
1110100001100000
1110100010010110
1110100011001011
1110100100000010
1110100100111000
1110100101101110
1110100110100101
1110100111011011
1110101000010010
1110101001001001
1110101010000000
1110101010110111
1110101011101110
1110101100100110
1110101101011101
1110101110010101
1110101111001101
1110110000000101
1110110000111101
1110110001110101
1110110010101101
1110110011100110
1110110100011110
1110110101010111
1110110110010000
1110110111001000
1110111000000001
1110111000111010
1110111001110100
1110111010101101
1110111011100110
1110111100100000
1110111101011010
1110111110010011
1110111111001101
1111000000000111
1111000001000001
1111000001111011
1111000010110101
1111000011110000
1111000100101010
1111000101100101
1111000110011111
1111000111011010
1111001000010101
1111001001010000
1111001010001011
1111001011000110
1111001100000001
1111001100111100
1111001101110111
1111001110110010
1111001111101110
1111010000101001
1111010001100101
1111010010100001
1111010011011100
1111010100011000
1111010101010100
1111010110010000
1111010111001100
1111011000001000
1111011001000100
1111011010000000
1111011010111100
1111011011111001
1111011100110101
1111011101110001
1111011110101110
1111011111101010
1111100000100111
1111100001100011
1111100010100000
1111100011011101
1111100100011001
1111100101010110
1111100110010011
1111100111010000
1111101000001101
1111101001001010
1111101010000111
1111101011000011
1111101100000001
1111101100111110
1111101101111011
1111101110111000
1111101111110101
1111110000110010
1111110001101111
1111110010101100
1111110011101010
1111110100100111
1111110101100100
1111110110100001
1111110111011111
1111111000011100
1111111001011001
1111111010010111
1111111011010100
1111111100010001
1111111101001111
1111111110001100
1111111111001001
0000000000000111
0000000001000100
0000000010000010
0000000010111111
0000000011111100
0000000100111010
0000000101110111
0000000110110100
0000000111110010
0000001000101111
0000001001101100
0000001010101001
0000001011100111
0000001100100100
0000001101100001
0000001110011110
0000001111011100
0000010000011001
0000010001010110
0000010010010011
0000010011010000
0000010100001101
0000010101001010
0000010110000111
0000010111000100
0000011000000001
0000011000111110
0000011001111011
0000011010110111
0000011011110100
0000011100110001
0000011101101110
0000011110101010
0000011111100111
0000100000100011
0000100001100000
0000100010011100
0000100011011001
0000100100010101
0000100101010001
0000100110001101
0000100111001001
0000101000000110
0000101001000010
0000101001111110
0000101010111001
0000101011110101
0000101100110001
0000101101101101
0000101110101000
0000101111100100
0000110000011111
0000110001011011
0000110010010110
0000110011010001
0000110100001100
0000110101001000
0000110110000011
0000110110111101
0000110111111000
0000111000110011
0000111001101110
0000111010101000
0000111011100011
0000111100011101
0000111101010111
0000111110010010
0000111111001100
0001000000000110
0001000001000000
0001000001111010
0001000010110011
0001000011101101
0001000100100110
0001000101100000
0001000110011001
0001000111010010
0001001000001011
0001001001000100
0001001001111101
0001001010110110
0001001011101110
0001001100100111
0001001101011111
0001001110011000
0001001111010000
0001010000001000
0001010001000000
0001010001110111
0001010010101111
0001010011100111
0001010100011110
0001010101010101
0001010110001100
0001010111000011
0001010111111010
0001011000110001
0001011001101000
0001011010011110
0001011011010100
0001011100001010
0001011101000000
0001011101110110
0001011110101100
0001011111100010
0001100000010111
0001100001001100
0001100010000010
0001100010110111
0001100011101011
0001100100100000
0001100101010101
0001100110001001
0001100110111101
0001100111110001
0001101000100101
0001101001011001
0001101010001101
0001101011000000
0001101011110011
0001101100100110
0001101101011001
0001101110001100
0001101110111111
0001101111110001
0001110000100011
0001110001010101
0001110010000111
0001110010111001
0001110011101010
0001110100011100
0001110101001101
0001110101111110
0001110110101111
0001110111011111
0001111000010000
0001111001000000
0001111001110000
0001111010100000
0001111011010000
0001111011111111
0001111100101110
0001111101011110
0001111110001101
0001111110111011
0001111111101010
0010000000011000
0010000001000110
0010000001110100
0010000010100010
0010000011010000
0010000011111101
0010000100101010
0010000101010111
0010000110000100
0010000110110000
0010000111011101
0010001000001001
0010001000110101
0010001001100000
0010001010001100
0010001010110111
0010001011100010
0010001100001101
0010001100110111
0010001101100010
0010001110001100
0010001110110110
0010001111100000
0010010000001001
0010010000110010
0010010001011100
0010010010000100
0010010010101101
0010010011010101
0010010011111110
0010010100100110
0010010101001101
0010010101110101
0010010110011100
0010010111000011
0010010111101010
0010011000010000
0010011000110111
0010011001011101
0010011010000011
0010011010101000
0010011011001101
0010011011110011
0010011100011000
0010011100111100
0010011101100001
0010011110000101
0010011110101001
0010011111001100
0010011111110000
0010100000010011
0010100000110110
0010100001011001
0010100001111011
0010100010011101
0010100010111111
0010100011100001
0010100100000010
0010100100100011
0010100101000100
0010100101100101
0010100110000101
0010100110100110
0010100111000101
0010100111100101
0010101000000100
0010101000100100
0010101001000010
0010101001100001
0010101001111111
0010101010011110
0010101010111011
0010101011011001
0010101011110110
0010101100010011
0010101100110000
0010101101001100
0010101101101001
0010101110000101
0010101110100000
0010101110111100
0010101111010111
0010101111110010
0010110000001100
0010110000100111
0010110001000001
0010110001011011
0010110001110100
0010110010001101
0010110010100110
0010110010111111
0010110011011000
0010110011110000
0010110100001000
0010110100011111
0010110100110110
0010110101001101
0010110101100100
0010110101111011
0010110110010001
0010110110100111
0010110110111100
0010110111010010
0010110111100111
0010110111111100
0010111000010000
0010111000100100
0010111000111000
0010111001001100
0010111001011111
0010111001110010
0010111010000101
0010111010011000
0010111010101010
0010111010111100
0010111011001101
0010111011011111
0010111011110000
0010111100000001
0010111100010001
0010111100100001
0010111100110001
0010111101000001
0010111101010000
0010111101011111
0010111101101110
0010111101111100
0010111110001010
0010111110011000
0010111110100110
0010111110110011
0010111111000000
0010111111001101
0010111111011001
0010111111100101
0010111111110001
0010111111111100
0011000000001000
0011000000010011
0011000000011101
0011000000100111
0011000000110001
0011000000111011
0011000001000101
0011000001001110
0011000001010111
0011000001011111
0011000001100111
0011000001101111
0011000001110111
0011000001111110
0011000010000101
0011000010001100
0011000010010010
0011000010011000
0011000010011110
0011000010100100
0011000010101001
0011000010101110
0011000010110011
0011000010110111
0011000010111011
0011000010111111
0011000011000010
0011000011000101
0011000011001000
0011000011001011
0011000011001101
0011000011001111
0011000011010000
0011000011010010
0011000011010011
0011000011010011
0011000011010100
0011000011010100
0011000011010100
0011000011010011
0011000011010011
0011000011010001
0011000011010000
0011000011001110
0011000011001100
0011000011001010
0011000011001000
0011000011000101
0011000011000001
0011000010111110
0011000010111010
0011000010110110
0011000010110010
0011000010101101
0011000010101000
0011000010100011
0011000010011101
0011000010010111
0011000010010001
0011000010001010
0011000010000100
0011000001111101
0011000001110101
0011000001101101
0011000001100101
0011000001011101
0011000001010101
0011000001001100
0011000001000011
0011000000111001
0011000000101111
0011000000100101
0011000000011011
0011000000010000
0011000000000101
0010111111111010
0010111111101110
0010111111100010
0010111111010110
0010111111001010
0010111110111101
0010111110110000
0010111110100011
0010111110010101
0010111110000111
0010111101111001
0010111101101011
0010111101011100
0010111101001101
0010111100111101
0010111100101110
0010111100011110
0010111100001101
0010111011111101
0010111011101100
0010111011011011
0010111011001001
0010111010111000
0010111010100110
0010111010010100
0010111010000001
0010111001101110
0010111001011011
0010111001001000
0010111000110100
0010111000100000
0010111000001100
0010110111110111
0010110111100010
0010110111001101
0010110110111000
0010110110100010
0010110110001100
0010110101110110
0010110101011111
0010110101001000
0010110100110001
0010110100011010
0010110100000010
0010110011101010
0010110011010010
0010110010111010
0010110010100001
0010110010001000
0010110001101111
0010110001010101
0010110000111011
0010110000100001
0010110000000111
0010101111101100
0010101111010001
0010101110110110
0010101110011010
0010101101111110
0010101101100010
0010101101000110
0010101100101010
0010101100001101
0010101011110000
0010101011010010
0010101010110101
0010101010010111
0010101001111001
0010101001011010
0010101000111100
0010101000011101
0010100111111110
0010100111011110
0010100110111110
0010100110011110
0010100101111110
0010100101011110
0010100100111101
0010100100011100
0010100011111011
0010100011011001
0010100010111000
0010100010010110
0010100001110011
0010100001010001
0010100000101110
0010100000001011
0010011111101000
0010011111000100
0010011110100001
0010011101111101
0010011101011000
0010011100110100
0010011100001111
0010011011101010
0010011011000101
0010011010100000
0010011001111010
0010011001010100
0010011000101110
0010011000001000
0010010111100001
0010010110111010
0010010110010011
0010010101101100
0010010101000100
0010010100011101
0010010011110101
0010010011001100
0010010010100100
0010010001111011
0010010001010010
0010010000101001
0010010000000000
0010001111010110
0010001110101101
0010001110000011
0010001101011000
0010001100101110
0010001100000011
0010001011011000
0010001010101101
0010001010000010
0010001001010110
0010001000101011
0010000111111111
0010000111010011
0010000110100110
0010000101111010
0010000101001101
0010000100100000
0010000011110011
0010000011000101
0010000010011000
0010000001101010
0010000000111100
0010000000001110
0001111111011111
0001111110110001
0001111110000010
0001111101010011
0001111100100100
0001111011110101
0001111011000101
0001111010010101
0001111001100101
0001111000110101
0001111000000101
0001110111010101
0001110110100100
0001110101110011
0001110101000010
0001110100010001
0001110011011111
0001110010101110
0001110001111100
0001110001001010
0001110000011000
0001101111100110
0001101110110011
0001101110000001
0001101101001110
0001101100011011
0001101011101000
0001101010110101
0001101010000001
0001101001001101
0001101000011010
0001100111100110
0001100110110010
0001100101111101
0001100101001001
0001100100010100
0001100011100000
0001100010101011
0001100001110110
0001100001000001
0001100000001011
0001011111010110
0001011110100000
0001011101101010
0001011100110101
0001011011111110
0001011011001000
0001011010010010
0001011001011011
0001011000100101
0001010111101110
0001010110110111
0001010110000000
0001010101001001
0001010100010010
0001010011011010
0001010010100011
0001010001101011
0001010000110011
0001001111111011
0001001111000011
0001001110001011
0001001101010011
0001001100011010
0001001011100010
0001001010101001
0001001001110000
0001001000111000
0001000111111111
0001000111000110
0001000110001100
0001000101010011
0001000100011010
0001000011100000
0001000010100110
0001000001101101
0001000000110011
0000111111111001
0000111110111111
0000111110000101
0000111101001011
0000111100010000
0000111011010110
0000111010011011
0000111001100001
0000111000100110
0000110111101011
0000110110110000
0000110101110101
0000110100111010
0000110011111111
0000110011000100
0000110010001001
0000110001001110
0000110000010010
0000101111010111
0000101110011011
0000101101011111
0000101100100100
0000101011101000
0000101010101100
0000101001110000
0000101000110100
0000100111111000
0000100110111100
0000100110000000
0000100101000100
0000100100000111
0000100011001011
0000100010001111
0000100001010010
0000100000010110
0000011111011001
0000011110011101
0000011101100000
0000011100100011
0000011011100111
0000011010101010
0000011001101101
0000011000110000
0000010111110011
0000010110110110
0000010101111001
0000010100111101
0000010011111111
0000010011000010
0000010010000101
0000010001001000
0000010000001011
0000001111001110
0000001110010001
0000001101010100
0000001100010110
0000001011011001
0000001010011100
0000001001011111
0000001000100001
0000000111100100
0000000110100111
0000000101101001
0000000100101100
0000000011101111
0000000010110001
0000000001110100
0000000000110111
1111111111111001
1111111110111100
1111111101111110
1111111101000001
1111111100000100
1111111011000110
1111111010001001
1111111001001100
1111111000001110
1111110111010001
1111110110010100
1111110101010111
1111110100011001
1111110011011100
1111110010011111
1111110001100010
1111110000100100
1111101111100111
1111101110101010
1111101101101101
1111101100110000
1111101011110011
1111101010110110
1111101001111001
1111101000111100
1111100111111111
1111100111000010
1111100110000101
1111100101001001
1111100100001100
1111100011001111
1111100010010010
1111100001010110
1111100000011001
1111011111011101
1111011110100000
1111011101100100
1111011100100111
1111011011101011
1111011010101111
1111011001110011
1111011000110111
1111010111111010
1111010110111110
1111010110000010
1111010101000111
1111010100001011
1111010011001111
1111010010010011
1111010001011000
1111010000011100
1111001111100001
1111001110100101
1111001101101010
1111001100101111
1111001011110100
1111001010111000
1111001001111101
1111001001000011
1111001000001000
1111000111001101
1111000110010010
1111000101011000
1111000100011101
1111000011100011
1111000010101001
1111000001101110
1111000000110100
1110111111111010
1110111111000000
1110111110000110
1110111101001101
1110111100010011
1110111011011010
1110111010100000
1110111001100111
1110111000101110
1110110111110101
1110110110111100
1110110110000011
1110110101001010
1110110100010010
1110110011011001
1110110010100001
1110110001101000
1110110000110000
1110101111111000
1110101111000000
1110101110001001
1110101101010001
1110101100011001
1110101011100010
1110101010101011
1110101001110100
1110101000111101
1110101000000110
1110100111001111
1110100110011000
1110100101100010
1110100100101100
1110100011110110
1110100011000000
1110100010001010
1110100001010100
1110100000011110
1110011111101001
1110011110110100
1110011101111110
1110011101001001
1110011100010101
1110011011100000
1110011010101011
1110011001110111
1110011001000011
1110011000001111
1110010111011011
1110010110100111
1110010101110011
1110010101000000
1110010100001101
1110010011011010
1110010010100111
1110010001110100
1110010001000001
1110010000001111
1110001111011101
1110001110101011
1110001101111001
1110001101000111
1110001100010110
1110001011100100
1110001010110011
1110001010000010
1110001001010001
1110001000100001
1110000111110000
1110000111000000
1110000110010000
1110000101100000
1110000100110000
1110000100000001
1110000011010010
1110000010100010
1110000001110011
1110000001000101
1110000000010110
1101111111101000
1101111110111010
1101111110001100
1101111101011110
1101111100110000
1101111100000011
1101111011010110
1101111010101001
1101111001111100
1101111001010000
1101111000100011
1101110111110111
1101110111001011
1101110110100000
1101110101110100
1101110101001001
1101110100011110
1101110011110011
1101110011001001
1101110010011110
1101110001110100
1101110001001010
1101110000100000
1101101111110111
1101101111001110
1101101110100100
1101101101111100
1101101101010011
1101101100101011
1101101100000010
1101101011011010
1101101010110011
1101101010001011
1101101001100100
1101101000111101
1101101000010110
1101100111110000
1101100111001001
1101100110100011
1101100101111101
1101100101011000
1101100100110011
1101100100001101
1101100011101000
1101100011000100
1101100010011111
1101100001111011
1101100001010111
1101100000110100
1101100000010000
1101011111101101
1101011111001010
1101011110100111
1101011110000101
1101011101100011
1101011101000001
1101011100011111
1101011011111110
1101011011011101
1101011010111100
1101011010011011
1101011001111011
1101011001011010
1101011000111011
1101011000011011
1101010111111100
1101010111011100
1101010110111110
1101010110011111
1101010110000001
1101010101100010
1101010101000101
1101010100100111
1101010100001010
1101010011101101
1101010011010000
1101010010110100
1101010010010111
1101010001111011
1101010001100000
1101010001000100
1101010000101001
1101010000001110
1101001111110100
1101001111011001
1101001110111111
1101001110100101
1101001110001100
1101001101110011
1101001101011010
1101001101000001
1101001100101000
1101001100010000
1101001011111000
1101001011100001
1101001011001010
1101001010110011
1101001010011100
1101001010000101
1101001001101111
1101001001011001
1101001001000100
1101001000101110
1101001000011001
1101001000000100
1101000111110000
1101000111011100
1101000111001000
1101000110110100
1101000110100001
1101000110001110
1101000101111011
1101000101101000
1101000101010110
1101000101000100
1101000100110011
1101000100100001
1101000100010000
1101000011111111
1101000011101111
1101000011011111
1101000011001111
1101000010111111
1101000010110000
1101000010100001
1101000010010010
1101000010000100
1101000001110110
1101000001101000
1101000001011010
1101000001001101
1101000001000000
1101000000110011
1101000000100111
1101000000011011
1101000000001111
1101000000000100
1100111111111000
1100111111101101
1100111111100011
1100111111011001
1100111111001111
1100111111000101
1100111110111011
1100111110110010
1100111110101001
1100111110100001
1100111110011001
1100111110010001
1100111110001001
1100111110000010
1100111101111011
1100111101110100
1100111101101110
1100111101101000
1100111101100010
1100111101011100
1100111101010111
1100111101010010
1100111101001101
1100111101001001
1100111101000101
1100111101000001
1100111100111110
1100111100111011
1100111100111000
1100111100110101
1100111100110011
1100111100110001
1100111100110000
1100111100101110
1100111100101101
1100111100101101
1100111100101100
1100111100101100
1100111100101100
1100111100101101
1100111100101101
1100111100101111
1100111100110000
1100111100110010
1100111100110100
1100111100110110
1100111100111000
1100111100111011
1100111100111111
1100111101000010
1100111101000110
1100111101001010
1100111101001110
1100111101010011
1100111101011000
1100111101011101
1100111101100011
1100111101101001
1100111101101111
1100111101110110
1100111101111100
1100111110000011
1100111110001011
1100111110010011
1100111110011011
1100111110100011
1100111110101011
1100111110110100
1100111110111101
1100111111000111
1100111111010001
1100111111011011
1100111111100101
1100111111110000
1100111111111011
1101000000000110
1101000000010010
1101000000011110
1101000000101010
1101000000110110
1101000001000011
1101000001010000
1101000001011101
1101000001101011
1101000001111001
1101000010000111
1101000010010101
1101000010100100
1101000010110011
1101000011000011
1101000011010010
1101000011100010
1101000011110011
1101000100000011
1101000100010100
1101000100100101
1101000100110111
1101000101001000
1101000101011010
1101000101101100
1101000101111111
1101000110010010
1101000110100101
1101000110111000
1101000111001100
1101000111100000
1101000111110100
1101001000001001
1101001000011110
1101001000110011
1101001001001000
1101001001011110
1101001001110100
1101001010001010
1101001010100001
1101001010111000
1101001011001111
1101001011100110
1101001011111110
1101001100010110
1101001100101110
1101001101000110
1101001101011111
1101001101111000
1101001110010001
1101001110101011
1101001111000101
1101001111011111
1101001111111001
1101010000010100
1101010000101111
1101010001001010
1101010001100110
1101010010000010
1101010010011110
1101010010111010
1101010011010110
1101010011110011
1101010100010000
1101010100101110
1101010101001011
1101010101101001
1101010110000111
1101010110100110
1101010111000100
1101010111100011
1101011000000010
1101011000100010
1101011001000010
1101011001100010
1101011010000010
1101011010100010
1101011011000011
1101011011100100
1101011100000101
1101011100100111
1101011101001000
1101011101101010
1101011110001101
1101011110101111
1101011111010010
1101011111110101
1101100000011000
1101100000111100
1101100001011111
1101100010000011
1101100010101000
1101100011001100
1101100011110001
1101100100010110
1101100100111011
1101100101100000
1101100110000110
1101100110101100
1101100111010010
1101100111111000
1101101000011111
1101101001000110
1101101001101101
1101101010010100
1101101010111100
1101101011100011
1101101100001011
1101101100110100
1101101101011100
1101101110000101
1101101110101110
1101101111010111
1101110000000000
1101110000101010
1101110001010011
1101110001111101
1101110010101000
1101110011010010
1101110011111101
1101110100101000
1101110101010011
1101110101111110
1101110110101010
1101110111010101
1101111000000001
1101111000101101
1101111001011010
1101111010000110
1101111010110011
1101111011100000
1101111100001101
1101111100111011
1101111101101000
1101111110010110
1101111111000100
1101111111110010
1110000000100001
1110000001001111
1110000001111110
1110000010101101
1110000011011100
1110000100001011
1110000100111011
1110000101101011
1110000110011011
1110000111001011
1110000111111011
1110001000101011
1110001001011100
1110001010001101
1110001010111110
1110001011101111
1110001100100001
1110001101010010
1110001110000100
1110001110110110
1110001111101000
1110010000011010
1110010001001101
1110010001111111
1110010010110010
1110010011100101
1110010100011000
1110010101001011
1110010101111111
1110010110110011
1110010111100110
1110011000011010
1110011001001110
1110011010000011
1110011010110111
1110011011101100
1110011100100000
1110011101010101
1110011110001010
1110011110111111
1110011111110101
1110100000101010
1110100001100000
1110100010010110
1110100011001011
1110100100000010
1110100100111000
1110100101101110
1110100110100101
1110100111011011
1110101000010010
1110101001001001
1110101010000000
1110101010110111
1110101011101110
1110101100100110
1110101101011101
1110101110010101
1110101111001101
1110110000000101
1110110000111101
1110110001110101
1110110010101101
1110110011100110
1110110100011110
1110110101010111
1110110110010000
1110110111001000
1110111000000001
1110111000111010
1110111001110100
1110111010101101
1110111011100110
1110111100100000
1110111101011010
1110111110010011
1110111111001101
1111000000000111
1111000001000001
1111000001111011
1111000010110101
1111000011110000
1111000100101010
1111000101100101
1111000110011111
1111000111011010
1111001000010101
1111001001010000
1111001010001011
1111001011000110
1111001100000001
1111001100111100
1111001101110111
1111001110110010
1111001111101110
1111010000101001
1111010001100101
1111010010100001
1111010011011100
1111010100011000
1111010101010100
1111010110010000
1111010111001100
1111011000001000
1111011001000100
1111011010000000
1111011010111100
1111011011111001
1111011100110101
1111011101110001
1111011110101110
1111011111101010
1111100000100111
1111100001100011
1111100010100000
1111100011011101
1111100100011001
1111100101010110
1111100110010011
1111100111010000
1111101000001101
1111101001001010
1111101010000111
1111101011000011
1111101100000001
1111101100111110
1111101101111011
1111101110111000
1111101111110101
1111110000110010
1111110001101111
1111110010101100
1111110011101010
1111110100100111
1111110101100100
1111110110100001
1111110111011111
1111111000011100
1111111001011001
1111111010010111
1111111011010100
1111111100010001
1111111101001111
1111111110001100
1111111111001001
0000000000000111
0000000001000100
0000000010000010
0000000010111111
0000000011111100
0000000100111010
0000000101110111
0000000110110100
0000000111110010
0000001000101111
0000001001101100
0000001010101001
0000001011100111
0000001100100100
0000001101100001
0000001110011110
0000001111011100
0000010000011001
0000010001010110
0000010010010011
0000010011010000
0000010100001101
0000010101001010
0000010110000111
0000010111000100
0000011000000001
0000011000111110
0000011001111011
0000011010110111
0000011011110100
0000011100110001
0000011101101110
0000011110101010
0000011111100111
0000100000100011
0000100001100000
0000100010011100
0000100011011001
0000100100010101
0000100101010001
0000100110001101
0000100111001001
0000101000000110
0000101001000010
0000101001111110
0000101010111001
0000101011110101
0000101100110001
0000101101101101
0000101110101000
0000101111100100
0000110000011111
0000110001011011
0000110010010110
0000110011010001
0000110100001100
0000110101001000
0000110110000011
0000110110111101
0000110111111000
0000111000110011
0000111001101110
0000111010101000
0000111011100011
0000111100011101
0000111101010111
0000111110010010
0000111111001100
0001000000000110
0001000001000000
0001000001111010
0001000010110011
0001000011101101
0001000100100110
0001000101100000
0001000110011001
0001000111010010
0001001000001011
0001001001000100
0001001001111101
0001001010110110
0001001011101110
0001001100100111
0001001101011111
0001001110011000
0001001111010000
0001010000001000
0001010001000000
0001010001110111
0001010010101111
0001010011100111
0001010100011110
0001010101010101
0001010110001100
0001010111000011
0001010111111010
0001011000110001
0001011001101000
0001011010011110
0001011011010100
0001011100001010
0001011101000000
0001011101110110
0001011110101100
0001011111100010
0001100000010111
0001100001001100
0001100010000010
0001100010110111
0001100011101011
0001100100100000
0001100101010101
0001100110001001
0001100110111101
0001100111110001
0001101000100101
0001101001011001
0001101010001101
0001101011000000
0001101011110011
0001101100100110
0001101101011001
0001101110001100
0001101110111111
0001101111110001
0001110000100011
0001110001010101
0001110010000111
0001110010111001
0001110011101010
0001110100011100
0001110101001101
0001110101111110
0001110110101111
0001110111011111
0001111000010000
0001111001000000
0001111001110000
0001111010100000
0001111011010000
0001111011111111
0001111100101110
0001111101011110
0001111110001101
0001111110111011
0001111111101010
0010000000011000
0010000001000110
0010000001110100
0010000010100010
0010000011010000
0010000011111101
0010000100101010
0010000101010111
0010000110000100
0010000110110000
0010000111011101
0010001000001001
0010001000110101
0010001001100000
0010001010001100
0010001010110111
0010001011100010
0010001100001101
0010001100110111
0010001101100010
0010001110001100
0010001110110110
0010001111100000
0010010000001001
0010010000110010
0010010001011100
0010010010000100
0010010010101101
0010010011010101
0010010011111110
0010010100100110
0010010101001101
0010010101110101
0010010110011100
0010010111000011
0010010111101010
0010011000010000
0010011000110111
0010011001011101
0010011010000011
0010011010101000
0010011011001101
0010011011110011
0010011100011000
0010011100111100
0010011101100001
0010011110000101
0010011110101001
0010011111001100
0010011111110000
0010100000010011
0010100000110110
0010100001011001
0010100001111011
0010100010011101
0010100010111111
0010100011100001
0010100100000010
0010100100100011
0010100101000100
0010100101100101
0010100110000101
0010100110100110
0010100111000101
0010100111100101
0010101000000100
0010101000100100
0010101001000010
0010101001100001
0010101001111111
0010101010011110
0010101010111011
0010101011011001
0010101011110110
0010101100010011
0010101100110000
0010101101001100
0010101101101001
0010101110000101
0010101110100000
0010101110111100
0010101111010111
0010101111110010
0010110000001100
0010110000100111
0010110001000001
0010110001011011
0010110001110100
0010110010001101
0010110010100110
0010110010111111
0010110011011000
0010110011110000
0010110100001000
0010110100011111
0010110100110110
0010110101001101
0010110101100100
0010110101111011
0010110110010001
0010110110100111
0010110110111100
0010110111010010
0010110111100111
0010110111111100
0010111000010000
0010111000100100
0010111000111000
0010111001001100
0010111001011111
0010111001110010
0010111010000101
0010111010011000
0010111010101010
0010111010111100
0010111011001101
0010111011011111
0010111011110000
0010111100000001
0010111100010001
0010111100100001
0010111100110001
0010111101000001
0010111101010000
0010111101011111
0010111101101110
0010111101111100
0010111110001010
0010111110011000
0010111110100110
0010111110110011
0010111111000000
0010111111001101
0010111111011001
0010111111100101
0010111111110001
0010111111111100
0011000000001000
0011000000010011
0011000000011101
0011000000100111
0011000000110001
0011000000111011
0011000001000101
0011000001001110
0011000001010111
0011000001011111
0011000001100111
0011000001101111
0011000001110111
0011000001111110
0011000010000101
0011000010001100
0011000010010010
0011000010011000
0011000010011110
0011000010100100
0011000010101001
0011000010101110
0011000010110011
0011000010110111
0011000010111011
0011000010111111
0011000011000010
0011000011000101
0011000011001000
0011000011001011
0011000011001101
0011000011001111
0011000011010000
0011000011010010
0011000011010011
0011000011010011
0011000011010100
0011000011010100
0011000011010100
0011000011010011
0011000011010011
0011000011010001
0011000011010000
0011000011001110
0011000011001100
0011000011001010
0011000011001000
0011000011000101
0011000011000001
0011000010111110
0011000010111010
0011000010110110
0011000010110010
0011000010101101
0011000010101000
0011000010100011
0011000010011101
0011000010010111
0011000010010001
0011000010001010
0011000010000100
0011000001111101
0011000001110101
0011000001101101
0011000001100101
0011000001011101
0011000001010101
0011000001001100
0011000001000011
0011000000111001
0011000000101111
0011000000100101
0011000000011011
0011000000010000
0011000000000101
0010111111111010
0010111111101110
0010111111100010
0010111111010110
0010111111001010
0010111110111101
0010111110110000
0010111110100011
0010111110010101
0010111110000111
0010111101111001
0010111101101011
0010111101011100
0010111101001101
0010111100111101
0010111100101110
0010111100011110
0010111100001101
0010111011111101
0010111011101100
0010111011011011
0010111011001001
0010111010111000
0010111010100110
0010111010010100
0010111010000001
0010111001101110
0010111001011011
0010111001001000
0010111000110100
0010111000100000
0010111000001100
0010110111110111
0010110111100010
0010110111001101
0010110110111000
0010110110100010
0010110110001100
0010110101110110
0010110101011111
0010110101001000
0010110100110001
0010110100011010
0010110100000010
0010110011101010
0010110011010010
0010110010111010
0010110010100001
0010110010001000
0010110001101111
0010110001010101
0010110000111011
0010110000100001
0010110000000111
0010101111101100
0010101111010001
0010101110110110
0010101110011010
0010101101111110
0010101101100010
0010101101000110
0010101100101010
0010101100001101
0010101011110000
0010101011010010
0010101010110101
0010101010010111
0010101001111001
0010101001011010
0010101000111100
0010101000011101
0010100111111110
0010100111011110
0010100110111110
0010100110011110
0010100101111110
0010100101011110
0010100100111101
0010100100011100
0010100011111011
0010100011011001
0010100010111000
0010100010010110
0010100001110011
0010100001010001
0010100000101110
0010100000001011
0010011111101000
0010011111000100
0010011110100001
0010011101111101
0010011101011000
0010011100110100
0010011100001111
0010011011101010
0010011011000101
0010011010100000
0010011001111010
0010011001010100
0010011000101110
0010011000001000
0010010111100001
0010010110111010
0010010110010011
0010010101101100
0010010101000100
0010010100011101
0010010011110101
0010010011001100
0010010010100100
0010010001111011
0010010001010010
0010010000101001
0010010000000000
0010001111010110
0010001110101101
0010001110000011
0010001101011000
0010001100101110
0010001100000011
0010001011011000
0010001010101101
0010001010000010
0010001001010110
0010001000101011
0010000111111111
0010000111010011
0010000110100110
0010000101111010
0010000101001101
0010000100100000
0010000011110011
0010000011000101
0010000010011000
0010000001101010
0010000000111100
0010000000001110
0001111111011111
0001111110110001
0001111110000010
0001111101010011
0001111100100100
0001111011110101
0001111011000101
0001111010010101
0001111001100101
0001111000110101
0001111000000101
0001110111010101
0001110110100100
0001110101110011
0001110101000010
0001110100010001
0001110011011111
0001110010101110
0001110001111100
0001110001001010
0001110000011000
0001101111100110
0001101110110011
0001101110000001
0001101101001110
0001101100011011
0001101011101000
0001101010110101
0001101010000001
0001101001001101
0001101000011010
0001100111100110
0001100110110010
0001100101111101
0001100101001001
0001100100010100
0001100011100000
0001100010101011
0001100001110110
0001100001000001
0001100000001011
0001011111010110
0001011110100000
0001011101101010
0001011100110101
0001011011111110
0001011011001000
0001011010010010
0001011001011011
0001011000100101
0001010111101110
0001010110110111
0001010110000000
0001010101001001
0001010100010010
0001010011011010
0001010010100011
0001010001101011
0001010000110011
0001001111111011
0001001111000011
0001001110001011
0001001101010011
0001001100011010
0001001011100010
0001001010101001
0001001001110000
0001001000111000
0001000111111111
0001000111000110
0001000110001100
0001000101010011
0001000100011010
0001000011100000
0001000010100110
0001000001101101
0001000000110011
0000111111111001
0000111110111111
0000111110000101
0000111101001011
0000111100010000
0000111011010110
0000111010011011
0000111001100001
0000111000100110
0000110111101011
0000110110110000
0000110101110101
0000110100111010
0000110011111111
0000110011000100
0000110010001001
0000110001001110
0000110000010010
0000101111010111
0000101110011011
0000101101011111
0000101100100100
0000101011101000
0000101010101100
0000101001110000
0000101000110100
0000100111111000
0000100110111100
0000100110000000
0000100101000100
0000100100000111
0000100011001011
0000100010001111
0000100001010010
0000100000010110
0000011111011001
0000011110011101
0000011101100000
0000011100100011
0000011011100111
0000011010101010
0000011001101101
0000011000110000
0000010111110011
0000010110110110
0000010101111001
0000010100111101
0000010011111111
0000010011000010
0000010010000101
0000010001001000
0000010000001011
0000001111001110
0000001110010001
0000001101010100
0000001100010110
0000001011011001
0000001010011100
0000001001011111
0000001000100001
0000000111100100
0000000110100111
0000000101101001
0000000100101100
0000000011101111
0000000010110001
0000000001110100
0000000000110111
1111111111111001
1111111110111100
1111111101111110
1111111101000001
1111111100000100
1111111011000110
1111111010001001
1111111001001100
1111111000001110
1111110111010001
1111110110010100
1111110101010111
1111110100011001
1111110011011100
1111110010011111
1111110001100010
1111110000100100
1111101111100111
1111101110101010
1111101101101101
1111101100110000
1111101011110011
1111101010110110
1111101001111001
1111101000111100
1111100111111111
1111100111000010
1111100110000101
1111100101001001
1111100100001100
1111100011001111
1111100010010010
1111100001010110
1111100000011001
1111011111011101
1111011110100000
1111011101100100
1111011100100111
1111011011101011
1111011010101111
1111011001110011
1111011000110111
1111010111111010
1111010110111110
1111010110000010
1111010101000111
1111010100001011
1111010011001111
1111010010010011
1111010001011000
1111010000011100
1111001111100001
1111001110100101
1111001101101010
1111001100101111
1111001011110100
1111001010111000
1111001001111101
1111001001000011
1111001000001000
1111000111001101
1111000110010010
1111000101011000
1111000100011101
1111000011100011
1111000010101001
1111000001101110
1111000000110100
1110111111111010
1110111111000000
1110111110000110
1110111101001101
1110111100010011
1110111011011010
1110111010100000
1110111001100111
1110111000101110
1110110111110101
1110110110111100
1110110110000011
1110110101001010
1110110100010010
1110110011011001
1110110010100001
1110110001101000
1110110000110000
1110101111111000
1110101111000000
1110101110001001
1110101101010001
1110101100011001
1110101011100010
1110101010101011
1110101001110100
1110101000111101
1110101000000110
1110100111001111
1110100110011000
1110100101100010
1110100100101100
1110100011110110
1110100011000000
1110100010001010
1110100001010100
1110100000011110
1110011111101001
1110011110110100
1110011101111110
1110011101001001
1110011100010101
1110011011100000
1110011010101011
1110011001110111
1110011001000011
1110011000001111
1110010111011011
1110010110100111
1110010101110011
1110010101000000
1110010100001101
1110010011011010
1110010010100111
1110010001110100
1110010001000001
1110010000001111
1110001111011101
1110001110101011
1110001101111001
1110001101000111
1110001100010110
1110001011100100
1110001010110011
1110001010000010
1110001001010001
1110001000100001
1110000111110000
1110000111000000
1110000110010000
1110000101100000
1110000100110000
1110000100000001
1110000011010010
1110000010100010
1110000001110011
1110000001000101
1110000000010110
1101111111101000
1101111110111010
1101111110001100
1101111101011110
1101111100110000
1101111100000011
1101111011010110
1101111010101001
1101111001111100
1101111001010000
1101111000100011
1101110111110111
1101110111001011
1101110110100000
1101110101110100
1101110101001001
1101110100011110
1101110011110011
1101110011001001
1101110010011110
1101110001110100
1101110001001010
1101110000100000
1101101111110111
1101101111001110
1101101110100100
1101101101111100
1101101101010011
1101101100101011
1101101100000010
1101101011011010
1101101010110011
1101101010001011
1101101001100100
1101101000111101
1101101000010110
1101100111110000
1101100111001001
1101100110100011
1101100101111101
1101100101011000
1101100100110011
1101100100001101
1101100011101000
1101100011000100
1101100010011111
1101100001111011
1101100001010111
1101100000110100
1101100000010000
1101011111101101
1101011111001010
1101011110100111
1101011110000101
1101011101100011
1101011101000001
1101011100011111
1101011011111110
1101011011011101
1101011010111100
1101011010011011
1101011001111011
1101011001011010
1101011000111011
1101011000011011
1101010111111100
1101010111011100
1101010110111110
1101010110011111
1101010110000001
1101010101100010
1101010101000101
1101010100100111
1101010100001010
1101010011101101
1101010011010000
1101010010110100
1101010010010111
1101010001111011
1101010001100000
1101010001000100
1101010000101001
1101010000001110
1101001111110100
1101001111011001
1101001110111111
1101001110100101
1101001110001100
1101001101110011
1101001101011010
1101001101000001
1101001100101000
1101001100010000
1101001011111000
1101001011100001
1101001011001010
1101001010110011
1101001010011100
1101001010000101
1101001001101111
1101001001011001
1101001001000100
1101001000101110
1101001000011001
1101001000000100
1101000111110000
1101000111011100
1101000111001000
1101000110110100
1101000110100001
1101000110001110
1101000101111011
1101000101101000
1101000101010110
1101000101000100
1101000100110011
1101000100100001
1101000100010000
1101000011111111
1101000011101111
1101000011011111
1101000011001111
1101000010111111
1101000010110000
1101000010100001
1101000010010010
1101000010000100
1101000001110110
1101000001101000
1101000001011010
1101000001001101
1101000001000000
1101000000110011
1101000000100111
1101000000011011
1101000000001111
1101000000000100
1100111111111000
1100111111101101
1100111111100011
1100111111011001
1100111111001111
1100111111000101
1100111110111011
1100111110110010
1100111110101001
1100111110100001
1100111110011001
1100111110010001
1100111110001001
1100111110000010
1100111101111011
1100111101110100
1100111101101110
1100111101101000
1100111101100010
1100111101011100
1100111101010111
1100111101010010
1100111101001101
1100111101001001
1100111101000101
1100111101000001
1100111100111110
1100111100111011
1100111100111000
1100111100110101
1100111100110011
1100111100110001
1100111100110000
1100111100101110
1100111100101101
1100111100101101
1100111100101100
1100111100101100
1100111100101100
1100111100101101
1100111100101101
1100111100101111
1100111100110000
1100111100110010
1100111100110100
1100111100110110
1100111100111000
1100111100111011
1100111100111111
1100111101000010
1100111101000110
1100111101001010
1100111101001110
1100111101010011
1100111101011000
1100111101011101
1100111101100011
1100111101101001
1100111101101111
1100111101110110
1100111101111100
1100111110000011
1100111110001011
1100111110010011
1100111110011011
1100111110100011
1100111110101011
1100111110110100
1100111110111101
1100111111000111
1100111111010001
1100111111011011
1100111111100101
1100111111110000
1100111111111011
1101000000000110
1101000000010010
1101000000011110
1101000000101010
1101000000110110
1101000001000011
1101000001010000
1101000001011101
1101000001101011
1101000001111001
1101000010000111
1101000010010101
1101000010100100
1101000010110011
1101000011000011
1101000011010010
1101000011100010
1101000011110011
1101000100000011
1101000100010100
1101000100100101
1101000100110111
1101000101001000
1101000101011010
1101000101101100
1101000101111111
1101000110010010
1101000110100101
1101000110111000
1101000111001100
1101000111100000
1101000111110100
1101001000001001
1101001000011110
1101001000110011
1101001001001000
1101001001011110
1101001001110100
1101001010001010
1101001010100001
1101001010111000
1101001011001111
1101001011100110
1101001011111110
1101001100010110
1101001100101110
1101001101000110
1101001101011111
1101001101111000
1101001110010001
1101001110101011
1101001111000101
1101001111011111
1101001111111001
1101010000010100
1101010000101111
1101010001001010
1101010001100110
1101010010000010
1101010010011110
1101010010111010
1101010011010110
1101010011110011
1101010100010000
1101010100101110
1101010101001011
1101010101101001
1101010110000111
1101010110100110
1101010111000100
1101010111100011
1101011000000010
1101011000100010
1101011001000010
1101011001100010
1101011010000010
1101011010100010
1101011011000011
1101011011100100
1101011100000101
1101011100100111
1101011101001000
1101011101101010
1101011110001101
1101011110101111
1101011111010010
1101011111110101
1101100000011000
1101100000111100
1101100001011111
1101100010000011
1101100010101000
1101100011001100
1101100011110001
1101100100010110
1101100100111011
1101100101100000
1101100110000110
1101100110101100
1101100111010010
1101100111111000
1101101000011111
1101101001000110
1101101001101101
1101101010010100
1101101010111100
1101101011100011
1101101100001011
1101101100110100
1101101101011100
1101101110000101
1101101110101110
1101101111010111
1101110000000000
1101110000101010
1101110001010011
1101110001111101
1101110010101000
1101110011010010
1101110011111101
1101110100101000
1101110101010011
1101110101111110
1101110110101010
1101110111010101
1101111000000001
1101111000101101
1101111001011010
1101111010000110
1101111010110011
1101111011100000
1101111100001101
1101111100111011
1101111101101000
1101111110010110
1101111111000100
1101111111110010
1110000000100001
1110000001001111
1110000001111110
1110000010101101
1110000011011100
1110000100001011
1110000100111011
1110000101101011
1110000110011011
1110000111001011
1110000111111011
1110001000101011
1110001001011100
1110001010001101
1110001010111110
1110001011101111
1110001100100001
1110001101010010
1110001110000100
1110001110110110
1110001111101000
1110010000011010
1110010001001101
1110010001111111
1110010010110010
1110010011100101
1110010100011000
1110010101001011
1110010101111111
1110010110110011
1110010111100110
1110011000011010
1110011001001110
1110011010000011
1110011010110111
1110011011101100
1110011100100000
1110011101010101
1110011110001010
1110011110111111
1110011111110101
1110100000101010
1110100001100000
1110100010010110
1110100011001011
1110100100000010
1110100100111000
1110100101101110
1110100110100101
1110100111011011
1110101000010010
1110101001001001
1110101010000000
1110101010110111
1110101011101110
1110101100100110
1110101101011101
1110101110010101
1110101111001101
1110110000000101
1110110000111101
1110110001110101
1110110010101101
1110110011100110
1110110100011110
1110110101010111
1110110110010000
1110110111001000
1110111000000001
1110111000111010
1110111001110100
1110111010101101
1110111011100110
1110111100100000
1110111101011010
1110111110010011
1110111111001101
1111000000000111
1111000001000001
1111000001111011
1111000010110101
1111000011110000
1111000100101010
1111000101100101
1111000110011111
1111000111011010
1111001000010101
1111001001010000
1111001010001011
1111001011000110
1111001100000001
1111001100111100
1111001101110111
1111001110110010
1111001111101110
1111010000101001
1111010001100101
1111010010100001
1111010011011100
1111010100011000
1111010101010100
1111010110010000
1111010111001100
1111011000001000
1111011001000100
1111011010000000
1111011010111100
1111011011111001
1111011100110101
1111011101110001
1111011110101110
1111011111101010
1111100000100111
1111100001100011
1111100010100000
1111100011011101
1111100100011001
1111100101010110
1111100110010011
1111100111010000
1111101000001101
1111101001001010
1111101010000111
1111101011000011
1111101100000001
1111101100111110
1111101101111011
1111101110111000
1111101111110101
1111110000110010
1111110001101111
1111110010101100
1111110011101010
1111110100100111
1111110101100100
1111110110100001
1111110111011111
1111111000011100
1111111001011001
1111111010010111
1111111011010100
1111111100010001
1111111101001111
1111111110001100
1111111111001001
0000000000000111
0000000001000100
0000000010000010
0000000010111111
0000000011111100
0000000100111010
0000000101110111
0000000110110100
0000000111110010
0000001000101111
0000001001101100
0000001010101001
0000001011100111
0000001100100100
0000001101100001
0000001110011110
0000001111011100
0000010000011001
0000010001010110
0000010010010011
0000010011010000
0000010100001101
0000010101001010
0000010110000111
0000010111000100
0000011000000001
0000011000111110
0000011001111011
0000011010110111
0000011011110100
0000011100110001
0000011101101110
0000011110101010
0000011111100111
0000100000100011
0000100001100000
0000100010011100
0000100011011001
0000100100010101
0000100101010001
0000100110001101
0000100111001001
0000101000000110
0000101001000010
0000101001111110
0000101010111001
0000101011110101
0000101100110001
0000101101101101
0000101110101000
0000101111100100
0000110000011111
0000110001011011
0000110010010110
0000110011010001
0000110100001100
0000110101001000
0000110110000011
0000110110111101
0000110111111000
0000111000110011
0000111001101110
0000111010101000
0000111011100011
0000111100011101
0000111101010111
0000111110010010
0000111111001100
0001000000000110
0001000001000000
0001000001111010
0001000010110011
0001000011101101
0001000100100110
0001000101100000
0001000110011001
0001000111010010
0001001000001011
0001001001000100
0001001001111101
0001001010110110
0001001011101110
0001001100100111
0001001101011111
0001001110011000
0001001111010000
0001010000001000
0001010001000000
0001010001110111
0001010010101111
0001010011100111
0001010100011110
0001010101010101
0001010110001100
0001010111000011
0001010111111010
0001011000110001
0001011001101000
0001011010011110
0001011011010100
0001011100001010
0001011101000000
0001011101110110
0001011110101100
0001011111100010
0001100000010111
0001100001001100
0001100010000010
0001100010110111
0001100011101011
0001100100100000
0001100101010101
0001100110001001
0001100110111101
0001100111110001
0001101000100101
0001101001011001
0001101010001101
0001101011000000
0001101011110011
0001101100100110
0001101101011001
0001101110001100
0001101110111111
0001101111110001
0001110000100011
0001110001010101
0001110010000111
0001110010111001
0001110011101010
0001110100011100
0001110101001101
0001110101111110
0001110110101111
0001110111011111
0001111000010000
0001111001000000
0001111001110000
0001111010100000
0001111011010000
0001111011111111
0001111100101110
0001111101011110
0001111110001101
0001111110111011
0001111111101010
0010000000011000
0010000001000110
0010000001110100
0010000010100010
0010000011010000
0010000011111101
0010000100101010
0010000101010111
0010000110000100
0010000110110000
0010000111011101
0010001000001001
0010001000110101
0010001001100000
0010001010001100
0010001010110111
0010001011100010
0010001100001101
0010001100110111
0010001101100010
0010001110001100
0010001110110110
0010001111100000
0010010000001001
0010010000110010
0010010001011100
0010010010000100
0010010010101101
0010010011010101
0010010011111110
0010010100100110
0010010101001101
0010010101110101
0010010110011100
0010010111000011
0010010111101010
0010011000010000
0010011000110111
0010011001011101
0010011010000011
0010011010101000
0010011011001101
0010011011110011
0010011100011000
0010011100111100
0010011101100001
0010011110000101
0010011110101001
0010011111001100
0010011111110000
0010100000010011
0010100000110110
0010100001011001
0010100001111011
0010100010011101
0010100010111111
0010100011100001
0010100100000010
0010100100100011
0010100101000100
0010100101100101
0010100110000101
0010100110100110
0010100111000101
0010100111100101
0010101000000100
0010101000100100
0010101001000010
0010101001100001
0010101001111111
0010101010011110
0010101010111011
0010101011011001
0010101011110110
0010101100010011
0010101100110000
0010101101001100
0010101101101001
0010101110000101
0010101110100000
0010101110111100
0010101111010111
0010101111110010
0010110000001100
0010110000100111
0010110001000001
0010110001011011
0010110001110100
0010110010001101
0010110010100110
0010110010111111
0010110011011000
0010110011110000
0010110100001000
0010110100011111
0010110100110110
0010110101001101
0010110101100100
0010110101111011
0010110110010001
0010110110100111
0010110110111100
0010110111010010
0010110111100111
0010110111111100
0010111000010000
0010111000100100
0010111000111000
0010111001001100
0010111001011111
0010111001110010
0010111010000101
0010111010011000
0010111010101010
0010111010111100
0010111011001101
0010111011011111
0010111011110000
0010111100000001
0010111100010001
0010111100100001
0010111100110001
0010111101000001
0010111101010000
0010111101011111
0010111101101110
0010111101111100
0010111110001010
0010111110011000
0010111110100110
0010111110110011
0010111111000000
0010111111001101
0010111111011001
0010111111100101
0010111111110001
0010111111111100
0011000000001000
0011000000010011
0011000000011101
0011000000100111
0011000000110001
0011000000111011
0011000001000101
0011000001001110
0011000001010111
0011000001011111
0011000001100111
0011000001101111
0011000001110111
0011000001111110
0011000010000101
0011000010001100
0011000010010010
0011000010011000
0011000010011110
0011000010100100
0011000010101001
0011000010101110
0011000010110011
0011000010110111
0011000010111011
0011000010111111
0011000011000010
0011000011000101
0011000011001000
0011000011001011
0011000011001101
0011000011001111
0011000011010000
0011000011010010
0011000011010011
0011000011010011
0011000011010100
0011000011010100
0011000011010100
0011000011010011
0011000011010011
0011000011010001
0011000011010000
0011000011001110
0011000011001100
0011000011001010
0011000011001000
0011000011000101
0011000011000001
0011000010111110
0011000010111010
0011000010110110
0011000010110010
0011000010101101
0011000010101000
0011000010100011
0011000010011101
0011000010010111
0011000010010001
0011000010001010
0011000010000100
0011000001111101
0011000001110101
0011000001101101
0011000001100101
0011000001011101
0011000001010101
0011000001001100
0011000001000011
0011000000111001
0011000000101111
0011000000100101
0011000000011011
0011000000010000
0011000000000101
0010111111111010
0010111111101110
0010111111100010
0010111111010110
0010111111001010
0010111110111101
0010111110110000
0010111110100011
0010111110010101
0010111110000111
0010111101111001
0010111101101011
0010111101011100
0010111101001101
0010111100111101
0010111100101110
0010111100011110
0010111100001101
0010111011111101
0010111011101100
0010111011011011
0010111011001001
0010111010111000
0010111010100110
0010111010010100
0010111010000001
0010111001101110
0010111001011011
0010111001001000
0010111000110100
0010111000100000
0010111000001100
0010110111110111
0010110111100010
0010110111001101
0010110110111000
0010110110100010
0010110110001100
0010110101110110
0010110101011111
0010110101001000
0010110100110001
0010110100011010
0010110100000010
0010110011101010
0010110011010010
0010110010111010
0010110010100001
0010110010001000
0010110001101111
0010110001010101
0010110000111011
0010110000100001
0010110000000111
0010101111101100
0010101111010001
0010101110110110
0010101110011010
0010101101111110
0010101101100010
0010101101000110
0010101100101010
0010101100001101
0010101011110000
0010101011010010
0010101010110101
0010101010010111
0010101001111001
0010101001011010
0010101000111100
0010101000011101
0010100111111110
0010100111011110
0010100110111110
0010100110011110
0010100101111110
0010100101011110
0010100100111101
0010100100011100
0010100011111011
0010100011011001
0010100010111000
0010100010010110
0010100001110011
0010100001010001
0010100000101110
0010100000001011
0010011111101000
0010011111000100
0010011110100001
0010011101111101
0010011101011000
0010011100110100
0010011100001111
0010011011101010
0010011011000101
0010011010100000
0010011001111010
0010011001010100
0010011000101110
0010011000001000
0010010111100001
0010010110111010
0010010110010011
0010010101101100
0010010101000100
0010010100011101
0010010011110101
0010010011001100
0010010010100100
0010010001111011
0010010001010010
0010010000101001
0010010000000000
0010001111010110
0010001110101101
0010001110000011
0010001101011000
0010001100101110
0010001100000011
0010001011011000
0010001010101101
0010001010000010
0010001001010110
0010001000101011
0010000111111111
0010000111010011
0010000110100110
0010000101111010
0010000101001101
0010000100100000
0010000011110011
0010000011000101
0010000010011000
0010000001101010
0010000000111100
0010000000001110
0001111111011111
0001111110110001
0001111110000010
0001111101010011
0001111100100100
0001111011110101
0001111011000101
0001111010010101
0001111001100101
0001111000110101
0001111000000101
0001110111010101
0001110110100100
0001110101110011
0001110101000010
0001110100010001
0001110011011111
0001110010101110
0001110001111100
0001110001001010
0001110000011000
0001101111100110
0001101110110011
0001101110000001
0001101101001110
0001101100011011
0001101011101000
0001101010110101
0001101010000001
0001101001001101
0001101000011010
0001100111100110
0001100110110010
0001100101111101
0001100101001001
0001100100010100
0001100011100000
0001100010101011
0001100001110110
0001100001000001
0001100000001011
0001011111010110
0001011110100000
0001011101101010
0001011100110101
0001011011111110
0001011011001000
0001011010010010
0001011001011011
0001011000100101
0001010111101110
0001010110110111
0001010110000000
0001010101001001
0001010100010010
0001010011011010
0001010010100011
0001010001101011
0001010000110011
0001001111111011
0001001111000011
0001001110001011
0001001101010011
0001001100011010
0001001011100010
0001001010101001
0001001001110000
0001001000111000
0001000111111111
0001000111000110
0001000110001100
0001000101010011
0001000100011010
0001000011100000
0001000010100110
0001000001101101
0001000000110011
0000111111111001
0000111110111111
0000111110000101
0000111101001011
0000111100010000
0000111011010110
0000111010011011
0000111001100001
0000111000100110
0000110111101011
0000110110110000
0000110101110101
0000110100111010
0000110011111111
0000110011000100
0000110010001001
0000110001001110
0000110000010010
0000101111010111
0000101110011011
0000101101011111
0000101100100100
0000101011101000
0000101010101100
0000101001110000
0000101000110100
0000100111111000
0000100110111100
0000100110000000
0000100101000100
0000100100000111
0000100011001011
0000100010001111
0000100001010010
0000100000010110
0000011111011001
0000011110011101
0000011101100000
0000011100100011
0000011011100111
0000011010101010
0000011001101101
0000011000110000
0000010111110011
0000010110110110
0000010101111001
0000010100111101
0000010011111111
0000010011000010
0000010010000101
0000010001001000
0000010000001011
0000001111001110
0000001110010001
0000001101010100
0000001100010110
0000001011011001
0000001010011100
0000001001011111
0000001000100001
0000000111100100
0000000110100111
0000000101101001
0000000100101100
0000000011101111
0000000010110001
0000000001110100
0000000000110111
1111111111111001
1111111110111100
1111111101111110
1111111101000001
1111111100000100
1111111011000110
1111111010001001
1111111001001100
1111111000001110
1111110111010001
1111110110010100
1111110101010111
1111110100011001
1111110011011100
1111110010011111
1111110001100010
1111110000100100
1111101111100111
1111101110101010
1111101101101101
1111101100110000
1111101011110011
1111101010110110
1111101001111001
1111101000111100
1111100111111111
1111100111000010
1111100110000101
1111100101001001
1111100100001100
1111100011001111
1111100010010010
1111100001010110
1111100000011001
1111011111011101
1111011110100000
1111011101100100
1111011100100111
1111011011101011
1111011010101111
1111011001110011
1111011000110111
1111010111111010
1111010110111110
1111010110000010
1111010101000111
1111010100001011
1111010011001111
1111010010010011
1111010001011000
1111010000011100
1111001111100001
1111001110100101
1111001101101010
1111001100101111
1111001011110100
1111001010111000
1111001001111101
1111001001000011
1111001000001000
1111000111001101
1111000110010010
1111000101011000
1111000100011101
1111000011100011
1111000010101001
1111000001101110
1111000000110100
1110111111111010
1110111111000000
1110111110000110
1110111101001101
1110111100010011
1110111011011010
1110111010100000
1110111001100111
1110111000101110
1110110111110101
1110110110111100
1110110110000011
1110110101001010
1110110100010010
1110110011011001
1110110010100001
1110110001101000
1110110000110000
1110101111111000
1110101111000000
1110101110001001
1110101101010001
1110101100011001
1110101011100010
1110101010101011
1110101001110100
1110101000111101
1110101000000110
1110100111001111
1110100110011000
1110100101100010
1110100100101100
1110100011110110
1110100011000000
1110100010001010
1110100001010100
1110100000011110
1110011111101001
1110011110110100
1110011101111110
1110011101001001
1110011100010101
1110011011100000
1110011010101011
1110011001110111
1110011001000011
1110011000001111
1110010111011011
1110010110100111
1110010101110011
1110010101000000
1110010100001101
1110010011011010
1110010010100111
1110010001110100
1110010001000001
1110010000001111
1110001111011101
1110001110101011
1110001101111001
1110001101000111
1110001100010110
1110001011100100
1110001010110011
1110001010000010
1110001001010001
1110001000100001
1110000111110000
1110000111000000
1110000110010000
1110000101100000
1110000100110000
1110000100000001
1110000011010010
1110000010100010
1110000001110011
1110000001000101
1110000000010110
1101111111101000
1101111110111010
1101111110001100
1101111101011110
1101111100110000
1101111100000011
1101111011010110
1101111010101001
1101111001111100
1101111001010000
1101111000100011
1101110111110111
1101110111001011
1101110110100000
1101110101110100
1101110101001001
1101110100011110
1101110011110011
1101110011001001
1101110010011110
1101110001110100
1101110001001010
1101110000100000
1101101111110111
1101101111001110
1101101110100100
1101101101111100
1101101101010011
1101101100101011
1101101100000010
1101101011011010
1101101010110011
1101101010001011
1101101001100100
1101101000111101
1101101000010110
1101100111110000
1101100111001001
1101100110100011
1101100101111101
1101100101011000
1101100100110011
1101100100001101
1101100011101000
1101100011000100
1101100010011111
1101100001111011
1101100001010111
1101100000110100
1101100000010000
1101011111101101
1101011111001010
1101011110100111
1101011110000101
1101011101100011
1101011101000001
1101011100011111
1101011011111110
1101011011011101
1101011010111100
1101011010011011
1101011001111011
1101011001011010
1101011000111011
1101011000011011
1101010111111100
1101010111011100
1101010110111110
1101010110011111
1101010110000001
1101010101100010
1101010101000101
1101010100100111
1101010100001010
1101010011101101
1101010011010000
1101010010110100
1101010010010111
1101010001111011
1101010001100000
1101010001000100
1101010000101001
1101010000001110
1101001111110100
1101001111011001
1101001110111111
1101001110100101
1101001110001100
1101001101110011
1101001101011010
1101001101000001
1101001100101000
1101001100010000
1101001011111000
1101001011100001
1101001011001010
1101001010110011
1101001010011100
1101001010000101
1101001001101111
1101001001011001
1101001001000100
1101001000101110
1101001000011001
1101001000000100
1101000111110000
1101000111011100
1101000111001000
1101000110110100
1101000110100001
1101000110001110
1101000101111011
1101000101101000
1101000101010110
1101000101000100
1101000100110011
1101000100100001
1101000100010000
1101000011111111
1101000011101111
1101000011011111
1101000011001111
1101000010111111
1101000010110000
1101000010100001
1101000010010010
1101000010000100
1101000001110110
1101000001101000
1101000001011010
1101000001001101
1101000001000000
1101000000110011
1101000000100111
1101000000011011
1101000000001111
1101000000000100
1100111111111000
1100111111101101
1100111111100011
1100111111011001
1100111111001111
1100111111000101
1100111110111011
1100111110110010
1100111110101001
1100111110100001
1100111110011001
1100111110010001
1100111110001001
1100111110000010
1100111101111011
1100111101110100
1100111101101110
1100111101101000
1100111101100010
1100111101011100
1100111101010111
1100111101010010
1100111101001101
1100111101001001
1100111101000101
1100111101000001
1100111100111110
1100111100111011
1100111100111000
1100111100110101
1100111100110011
1100111100110001
1100111100110000
1100111100101110
1100111100101101
1100111100101101
1100111100101100
1100111100101100
1100111100101100
1100111100101101
1100111100101101
1100111100101111
1100111100110000
1100111100110010
1100111100110100
1100111100110110
1100111100111000
1100111100111011
1100111100111111
1100111101000010
1100111101000110
1100111101001010
1100111101001110
1100111101010011
1100111101011000
1100111101011101
1100111101100011
1100111101101001
1100111101101111
1100111101110110
1100111101111100
1100111110000011
1100111110001011
1100111110010011
1100111110011011
1100111110100011
1100111110101011
1100111110110100
1100111110111101
1100111111000111
1100111111010001
1100111111011011
1100111111100101
1100111111110000
1100111111111011
1101000000000110
1101000000010010
1101000000011110
1101000000101010
1101000000110110
1101000001000011
1101000001010000
1101000001011101
1101000001101011
1101000001111001
1101000010000111
1101000010010101
1101000010100100
1101000010110011
1101000011000011
1101000011010010
1101000011100010
1101000011110011
1101000100000011
1101000100010100
1101000100100101
1101000100110111
1101000101001000
1101000101011010
1101000101101100
1101000101111111
1101000110010010
1101000110100101
1101000110111000
1101000111001100
1101000111100000
1101000111110100
1101001000001001
1101001000011110
1101001000110011
1101001001001000
1101001001011110
1101001001110100
1101001010001010
1101001010100001
1101001010111000
1101001011001111
1101001011100110
1101001011111110
1101001100010110
1101001100101110
1101001101000110
1101001101011111
1101001101111000
1101001110010001
1101001110101011
1101001111000101
1101001111011111
1101001111111001
1101010000010100
1101010000101111
1101010001001010
1101010001100110
1101010010000010
1101010010011110
1101010010111010
1101010011010110
1101010011110011
1101010100010000
1101010100101110
1101010101001011
1101010101101001
1101010110000111
1101010110100110
1101010111000100
1101010111100011
1101011000000010
1101011000100010
1101011001000010
1101011001100010
1101011010000010
1101011010100010
1101011011000011
1101011011100100
1101011100000101
1101011100100111
1101011101001000
1101011101101010
1101011110001101
1101011110101111
1101011111010010
1101011111110101
1101100000011000
1101100000111100
1101100001011111
1101100010000011
1101100010101000
1101100011001100
1101100011110001
1101100100010110
1101100100111011
1101100101100000
1101100110000110
1101100110101100
1101100111010010
1101100111111000
1101101000011111
1101101001000110
1101101001101101
1101101010010100
1101101010111100
1101101011100011
1101101100001011
1101101100110100
1101101101011100
1101101110000101
1101101110101110
1101101111010111
1101110000000000
1101110000101010
1101110001010011
1101110001111101
1101110010101000
1101110011010010
1101110011111101
1101110100101000
1101110101010011
1101110101111110
1101110110101010
1101110111010101
1101111000000001
1101111000101101
1101111001011010
1101111010000110
1101111010110011
1101111011100000
1101111100001101
1101111100111011
1101111101101000
1101111110010110
1101111111000100
1101111111110010
1110000000100001
1110000001001111
1110000001111110
1110000010101101
1110000011011100
1110000100001011
1110000100111011
1110000101101011
1110000110011011
1110000111001011
1110000111111011
1110001000101011
1110001001011100
1110001010001101
1110001010111110
1110001011101111
1110001100100001
1110001101010010
1110001110000100
1110001110110110
1110001111101000
1110010000011010
1110010001001101
1110010001111111
1110010010110010
1110010011100101
1110010100011000
1110010101001011
1110010101111111
1110010110110011
1110010111100110
1110011000011010
1110011001001110
1110011010000011
1110011010110111
1110011011101100
1110011100100000
1110011101010101
1110011110001010
1110011110111111
1110011111110101
1110100000101010
1110100001100000
1110100010010110
1110100011001011
1110100100000010
1110100100111000
1110100101101110
1110100110100101
1110100111011011
1110101000010010
1110101001001001
1110101010000000
1110101010110111
1110101011101110
1110101100100110
1110101101011101
1110101110010101
1110101111001101
1110110000000101
1110110000111101
1110110001110101
1110110010101101
1110110011100110
1110110100011110
1110110101010111
1110110110010000
1110110111001000
1110111000000001
1110111000111010
1110111001110100
1110111010101101
1110111011100110
1110111100100000
1110111101011010
1110111110010011
1110111111001101
1111000000000111
1111000001000001
1111000001111011
1111000010110101
1111000011110000
1111000100101010
1111000101100101
1111000110011111
1111000111011010
1111001000010101
1111001001010000
1111001010001011
1111001011000110
1111001100000001
1111001100111100
1111001101110111
1111001110110010
1111001111101110
1111010000101001
1111010001100101
1111010010100001
1111010011011100
1111010100011000
1111010101010100
1111010110010000
1111010111001100
1111011000001000
1111011001000100
1111011010000000
1111011010111100
1111011011111001
1111011100110101
1111011101110001
1111011110101110
1111011111101010
1111100000100111
1111100001100011
1111100010100000
1111100011011101
1111100100011001
1111100101010110
1111100110010011
1111100111010000
1111101000001101
1111101001001010
1111101010000111
1111101011000011
1111101100000001
1111101100111110
1111101101111011
1111101110111000
1111101111110101
1111110000110010
1111110001101111
1111110010101100
1111110011101010
1111110100100111
1111110101100100
1111110110100001
1111110111011111
1111111000011100
1111111001011001
1111111010010111
1111111011010100
1111111100010001
1111111101001111
1111111110001100
1111111111001001
0000000000000111
0000000001000100
0000000010000010
0000000010111111
0000000011111100
0000000100111010
0000000101110111
0000000110110100
0000000111110010
0000001000101111
0000001001101100
0000001010101001
0000001011100111
0000001100100100
0000001101100001
0000001110011110
0000001111011100
0000010000011001
0000010001010110
0000010010010011
0000010011010000
0000010100001101
0000010101001010
0000010110000111
0000010111000100
0000011000000001
0000011000111110
0000011001111011
0000011010110111
0000011011110100
0000011100110001
0000011101101110
0000011110101010
0000011111100111
0000100000100011
0000100001100000
0000100010011100
0000100011011001
0000100100010101
0000100101010001
0000100110001101
0000100111001001
0000101000000110
0000101001000010
0000101001111110
0000101010111001
0000101011110101
0000101100110001
0000101101101101
0000101110101000
0000101111100100
0000110000011111
0000110001011011
0000110010010110
0000110011010001
0000110100001100
0000110101001000
0000110110000011
0000110110111101
0000110111111000
0000111000110011
0000111001101110
0000111010101000
0000111011100011
0000111100011101
0000111101010111
0000111110010010
0000111111001100
0001000000000110
0001000001000000
0001000001111010
0001000010110011
0001000011101101
0001000100100110
0001000101100000
0001000110011001
0001000111010010
0001001000001011
0001001001000100
0001001001111101
0001001010110110
0001001011101110
0001001100100111
0001001101011111
0001001110011000
0001001111010000
0001010000001000
0001010001000000
0001010001110111
0001010010101111
0001010011100111
0001010100011110
0001010101010101
0001010110001100
0001010111000011
0001010111111010
0001011000110001
0001011001101000
0001011010011110
0001011011010100
0001011100001010
0001011101000000
0001011101110110
0001011110101100
0001011111100010
0001100000010111
0001100001001100
0001100010000010
0001100010110111
0001100011101011
0001100100100000
0001100101010101
0001100110001001
0001100110111101
0001100111110001
0001101000100101
0001101001011001
0001101010001101
0001101011000000
0001101011110011
0001101100100110
0001101101011001
0001101110001100
0001101110111111
0001101111110001
0001110000100011
0001110001010101
0001110010000111
0001110010111001
0001110011101010
0001110100011100
0001110101001101
0001110101111110
0001110110101111
0001110111011111
0001111000010000
0001111001000000
0001111001110000
0001111010100000
0001111011010000
0001111011111111
0001111100101110
0001111101011110
0001111110001101
0001111110111011
0001111111101010
0010000000011000
0010000001000110
0010000001110100
0010000010100010
0010000011010000
0010000011111101
0010000100101010
0010000101010111
0010000110000100
0010000110110000
0010000111011101
0010001000001001
0010001000110101
0010001001100000
0010001010001100
0010001010110111
0010001011100010
0010001100001101
0010001100110111
0010001101100010
0010001110001100
0010001110110110
0010001111100000
0010010000001001
0010010000110010
0010010001011100
0010010010000100
0010010010101101
0010010011010101
0010010011111110
0010010100100110
0010010101001101
0010010101110101
0010010110011100
0010010111000011
0010010111101010
0010011000010000
0010011000110111
0010011001011101
0010011010000011
0010011010101000
0010011011001101
0010011011110011
0010011100011000
0010011100111100
0010011101100001
0010011110000101
0010011110101001
0010011111001100
0010011111110000
0010100000010011
0010100000110110
0010100001011001
0010100001111011
0010100010011101
0010100010111111
0010100011100001
0010100100000010
0010100100100011
0010100101000100
0010100101100101
0010100110000101
0010100110100110
0010100111000101
0010100111100101
0010101000000100
0010101000100100
0010101001000010
0010101001100001
0010101001111111
0010101010011110
0010101010111011
0010101011011001
0010101011110110
0010101100010011
0010101100110000
0010101101001100
0010101101101001
0010101110000101
0010101110100000
0010101110111100
0010101111010111
0010101111110010
0010110000001100
0010110000100111
0010110001000001
0010110001011011
0010110001110100
0010110010001101
0010110010100110
0010110010111111
0010110011011000
0010110011110000
0010110100001000
0010110100011111
0010110100110110
0010110101001101
0010110101100100
0010110101111011
0010110110010001
0010110110100111
0010110110111100
0010110111010010
0010110111100111
0010110111111100
0010111000010000
0010111000100100
0010111000111000
0010111001001100
0010111001011111
0010111001110010
0010111010000101
0010111010011000
0010111010101010
0010111010111100
0010111011001101
0010111011011111
0010111011110000
0010111100000001
0010111100010001
0010111100100001
0010111100110001
0010111101000001
0010111101010000
0010111101011111
0010111101101110
0010111101111100
0010111110001010
0010111110011000
0010111110100110
0010111110110011
0010111111000000
0010111111001101
0010111111011001
0010111111100101
0010111111110001
0010111111111100
0011000000001000
0011000000010011
0011000000011101
0011000000100111
0011000000110001
0011000000111011
0011000001000101
0011000001001110
0011000001010111
0011000001011111
0011000001100111
0011000001101111
0011000001110111
0011000001111110
0011000010000101
0011000010001100
0011000010010010
0011000010011000
0011000010011110
0011000010100100
0011000010101001
0011000010101110
0011000010110011
0011000010110111
0011000010111011
0011000010111111
0011000011000010
0011000011000101
0011000011001000
0011000011001011
0011000011001101
0011000011001111
0011000011010000
0011000011010010
0011000011010011
0011000011010011
0011000011010100
0011000011010100
0011000011010100
0011000011010011
0011000011010011
0011000011010001
0011000011010000
0011000011001110
0011000011001100
0011000011001010
0011000011001000
0011000011000101
0011000011000001
0011000010111110
0011000010111010
0011000010110110
0011000010110010
0011000010101101
0011000010101000
0011000010100011
0011000010011101
0011000010010111
0011000010010001
0011000010001010
0011000010000100
0011000001111101
0011000001110101
0011000001101101
0011000001100101
0011000001011101
0011000001010101
0011000001001100
0011000001000011
0011000000111001
0011000000101111
0011000000100101
0011000000011011
0011000000010000
0011000000000101
0010111111111010
0010111111101110
0010111111100010
0010111111010110
0010111111001010
0010111110111101
0010111110110000
0010111110100011
0010111110010101
0010111110000111
0010111101111001
0010111101101011
0010111101011100
0010111101001101
0010111100111101
0010111100101110
0010111100011110
0010111100001101
0010111011111101
0010111011101100
0010111011011011
0010111011001001
0010111010111000
0010111010100110
0010111010010100
0010111010000001
0010111001101110
0010111001011011
0010111001001000
0010111000110100
0010111000100000
0010111000001100
0010110111110111
0010110111100010
0010110111001101
0010110110111000
0010110110100010
0010110110001100
0010110101110110
0010110101011111
0010110101001000
0010110100110001
0010110100011010
0010110100000010
0010110011101010
0010110011010010
0010110010111010
0010110010100001
0010110010001000
0010110001101111
0010110001010101
0010110000111011
0010110000100001
0010110000000111
0010101111101100
0010101111010001
0010101110110110
0010101110011010
0010101101111110
0010101101100010
0010101101000110
0010101100101010
0010101100001101
0010101011110000
0010101011010010
0010101010110101
0010101010010111
0010101001111001
0010101001011010
0010101000111100
0010101000011101
0010100111111110
0010100111011110
0010100110111110
0010100110011110
0010100101111110
0010100101011110
0010100100111101
0010100100011100
0010100011111011
0010100011011001
0010100010111000
0010100010010110
0010100001110011
0010100001010001
0010100000101110
0010100000001011
0010011111101000
0010011111000100
0010011110100001
0010011101111101
0010011101011000
0010011100110100
0010011100001111
0010011011101010
0010011011000101
0010011010100000
0010011001111010
0010011001010100
0010011000101110
0010011000001000
0010010111100001
0010010110111010
0010010110010011
0010010101101100
0010010101000100
0010010100011101
0010010011110101
0010010011001100
0010010010100100
0010010001111011
0010010001010010
0010010000101001
0010010000000000
0010001111010110
0010001110101101
0010001110000011
0010001101011000
0010001100101110
0010001100000011
0010001011011000
0010001010101101
0010001010000010
0010001001010110
0010001000101011
0010000111111111
0010000111010011
0010000110100110
0010000101111010
0010000101001101
0010000100100000
0010000011110011
0010000011000101
0010000010011000
0010000001101010
0010000000111100
0010000000001110
0001111111011111
0001111110110001
0001111110000010
0001111101010011
0001111100100100
0001111011110101
0001111011000101
0001111010010101
0001111001100101
0001111000110101
0001111000000101
0001110111010101
0001110110100100
0001110101110011
0001110101000010
0001110100010001
0001110011011111
0001110010101110
0001110001111100
0001110001001010
0001110000011000
0001101111100110
0001101110110011
0001101110000001
0001101101001110
0001101100011011
0001101011101000
0001101010110101
0001101010000001
0001101001001101
0001101000011010
0001100111100110
0001100110110010
0001100101111101
0001100101001001
0001100100010100
0001100011100000
0001100010101011
0001100001110110
0001100001000001
0001100000001011
0001011111010110
0001011110100000
0001011101101010
0001011100110101
0001011011111110
0001011011001000
0001011010010010
0001011001011011
0001011000100101
0001010111101110
0001010110110111
0001010110000000
0001010101001001
0001010100010010
0001010011011010
0001010010100011
0001010001101011
0001010000110011
0001001111111011
0001001111000011
0001001110001011
0001001101010011
0001001100011010
0001001011100010
0001001010101001
0001001001110000
0001001000111000
0001000111111111
0001000111000110
0001000110001100
0001000101010011
0001000100011010
0001000011100000
0001000010100110
0001000001101101
0001000000110011
0000111111111001
0000111110111111
0000111110000101
0000111101001011
0000111100010000
0000111011010110
0000111010011011
0000111001100001
0000111000100110
0000110111101011
0000110110110000
0000110101110101
0000110100111010
0000110011111111
0000110011000100
0000110010001001
0000110001001110
0000110000010010
0000101111010111
0000101110011011
0000101101011111
0000101100100100
0000101011101000
0000101010101100
0000101001110000
0000101000110100
0000100111111000
0000100110111100
0000100110000000
0000100101000100
0000100100000111
0000100011001011
0000100010001111
0000100001010010
0000100000010110
0000011111011001
0000011110011101
0000011101100000
0000011100100011
0000011011100111
0000011010101010
0000011001101101
0000011000110000
0000010111110011
0000010110110110
0000010101111001
0000010100111101
0000010011111111
0000010011000010
0000010010000101
0000010001001000
0000010000001011
0000001111001110
0000001110010001
0000001101010100
0000001100010110
0000001011011001
0000001010011100
0000001001011111
0000001000100001
0000000111100100
0000000110100111
0000000101101001
0000000100101100
0000000011101111
0000000010110001
0000000001110100
0000000000110111
1111111111111001
1111111110111100
1111111101111110
1111111101000001
1111111100000100
1111111011000110
1111111010001001
1111111001001100
1111111000001110
1111110111010001
1111110110010100
1111110101010111
1111110100011001
1111110011011100
1111110010011111
1111110001100010
1111110000100100
1111101111100111
1111101110101010
1111101101101101
1111101100110000
1111101011110011
1111101010110110
1111101001111001
1111101000111100
1111100111111111
1111100111000010
1111100110000101
1111100101001001
1111100100001100
1111100011001111
1111100010010010
1111100001010110
1111100000011001
1111011111011101
1111011110100000
1111011101100100
1111011100100111
1111011011101011
1111011010101111
1111011001110011
1111011000110111
1111010111111010
1111010110111110
1111010110000010
1111010101000111
1111010100001011
1111010011001111
1111010010010011
1111010001011000
1111010000011100
1111001111100001
1111001110100101
1111001101101010
1111001100101111
1111001011110100
1111001010111000
1111001001111101
1111001001000011
1111001000001000
1111000111001101
1111000110010010
1111000101011000
1111000100011101
1111000011100011
1111000010101001
1111000001101110
1111000000110100
1110111111111010
1110111111000000
1110111110000110
1110111101001101
1110111100010011
1110111011011010
1110111010100000
1110111001100111
1110111000101110
1110110111110101
1110110110111100
1110110110000011
1110110101001010
1110110100010010
1110110011011001
1110110010100001
1110110001101000
1110110000110000
1110101111111000
1110101111000000
1110101110001001
1110101101010001
1110101100011001
1110101011100010
1110101010101011
1110101001110100
1110101000111101
1110101000000110
1110100111001111
1110100110011000
1110100101100010
1110100100101100
1110100011110110
1110100011000000
1110100010001010
1110100001010100
1110100000011110
1110011111101001
1110011110110100
1110011101111110
1110011101001001
1110011100010101
1110011011100000
1110011010101011
1110011001110111
1110011001000011
1110011000001111
1110010111011011
1110010110100111
1110010101110011
1110010101000000
1110010100001101
1110010011011010
1110010010100111
1110010001110100
1110010001000001
1110010000001111
1110001111011101
1110001110101011
1110001101111001
1110001101000111
1110001100010110
1110001011100100
1110001010110011
1110001010000010
1110001001010001
1110001000100001
1110000111110000
1110000111000000
1110000110010000
1110000101100000
1110000100110000
1110000100000001
1110000011010010
1110000010100010
1110000001110011
1110000001000101
1110000000010110
1101111111101000
1101111110111010
1101111110001100
1101111101011110
1101111100110000
1101111100000011
1101111011010110
1101111010101001
1101111001111100
1101111001010000
1101111000100011
1101110111110111
1101110111001011
1101110110100000
1101110101110100
1101110101001001
1101110100011110
1101110011110011
1101110011001001
1101110010011110
1101110001110100
1101110001001010
1101110000100000
1101101111110111
1101101111001110
1101101110100100
1101101101111100
1101101101010011
1101101100101011
1101101100000010
1101101011011010
1101101010110011
1101101010001011
1101101001100100
1101101000111101
1101101000010110
1101100111110000
1101100111001001
1101100110100011
1101100101111101
1101100101011000
1101100100110011
1101100100001101
1101100011101000
1101100011000100
1101100010011111
1101100001111011
1101100001010111
1101100000110100
1101100000010000
1101011111101101
1101011111001010
1101011110100111
1101011110000101
1101011101100011
1101011101000001
1101011100011111
1101011011111110
1101011011011101
1101011010111100
1101011010011011
1101011001111011
1101011001011010
1101011000111011
1101011000011011
1101010111111100
1101010111011100
1101010110111110
1101010110011111
1101010110000001
1101010101100010
1101010101000101
1101010100100111
1101010100001010
1101010011101101
1101010011010000
1101010010110100
1101010010010111
1101010001111011
1101010001100000
1101010001000100
1101010000101001
1101010000001110
1101001111110100
1101001111011001
1101001110111111
1101001110100101
1101001110001100
1101001101110011
1101001101011010
1101001101000001
1101001100101000
1101001100010000
1101001011111000
1101001011100001
1101001011001010
1101001010110011
1101001010011100
1101001010000101
1101001001101111
1101001001011001
1101001001000100
1101001000101110
1101001000011001
1101001000000100
1101000111110000
1101000111011100
1101000111001000
1101000110110100
1101000110100001
1101000110001110
1101000101111011
1101000101101000
1101000101010110
1101000101000100
1101000100110011
1101000100100001
1101000100010000
1101000011111111
1101000011101111
1101000011011111
1101000011001111
1101000010111111
1101000010110000
1101000010100001
1101000010010010
1101000010000100
1101000001110110
1101000001101000
1101000001011010
1101000001001101
1101000001000000
1101000000110011
1101000000100111
1101000000011011
1101000000001111
1101000000000100
1100111111111000
1100111111101101
1100111111100011
1100111111011001
1100111111001111
1100111111000101
1100111110111011
1100111110110010
1100111110101001
1100111110100001
1100111110011001
1100111110010001
1100111110001001
1100111110000010
1100111101111011
1100111101110100
1100111101101110
1100111101101000
1100111101100010
1100111101011100
1100111101010111
1100111101010010
1100111101001101
1100111101001001
1100111101000101
1100111101000001
1100111100111110
1100111100111011
1100111100111000
1100111100110101
1100111100110011
1100111100110001
1100111100110000
1100111100101110
1100111100101101
1100111100101101
1100111100101100
1100111100101100
1100111100101100
1100111100101101
1100111100101101
1100111100101111
1100111100110000
1100111100110010
1100111100110100
1100111100110110
1100111100111000
1100111100111011
1100111100111111
1100111101000010
1100111101000110
1100111101001010
1100111101001110
1100111101010011
1100111101011000
1100111101011101
1100111101100011
1100111101101001
1100111101101111
1100111101110110
1100111101111100
1100111110000011
1100111110001011
1100111110010011
1100111110011011
1100111110100011
1100111110101011
1100111110110100
1100111110111101
1100111111000111
1100111111010001
1100111111011011
1100111111100101
1100111111110000
1100111111111011
1101000000000110
1101000000010010
1101000000011110
1101000000101010
1101000000110110
1101000001000011
1101000001010000
1101000001011101
1101000001101011
1101000001111001
1101000010000111
1101000010010101
1101000010100100
1101000010110011
1101000011000011
1101000011010010
1101000011100010
1101000011110011
1101000100000011
1101000100010100
1101000100100101
1101000100110111
1101000101001000
1101000101011010
1101000101101100
1101000101111111
1101000110010010
1101000110100101
1101000110111000
1101000111001100
1101000111100000
1101000111110100
1101001000001001
1101001000011110
1101001000110011
1101001001001000
1101001001011110
1101001001110100
1101001010001010
1101001010100001
1101001010111000
1101001011001111
1101001011100110
1101001011111110
1101001100010110
1101001100101110
1101001101000110
1101001101011111
1101001101111000
1101001110010001
1101001110101011
1101001111000101
1101001111011111
1101001111111001
1101010000010100
1101010000101111
1101010001001010
1101010001100110
1101010010000010
1101010010011110
1101010010111010
1101010011010110
1101010011110011
1101010100010000
1101010100101110
1101010101001011
1101010101101001
1101010110000111
1101010110100110
1101010111000100
1101010111100011
1101011000000010
1101011000100010
1101011001000010
1101011001100010
1101011010000010
1101011010100010
1101011011000011
1101011011100100
1101011100000101
1101011100100111
1101011101001000
1101011101101010
1101011110001101
1101011110101111
1101011111010010
1101011111110101
1101100000011000
1101100000111100
1101100001011111
1101100010000011
1101100010101000
1101100011001100
1101100011110001
1101100100010110
1101100100111011
1101100101100000
1101100110000110
1101100110101100
1101100111010010
1101100111111000
1101101000011111
1101101001000110
1101101001101101
1101101010010100
1101101010111100
1101101011100011
1101101100001011
1101101100110100
1101101101011100
1101101110000101
1101101110101110
1101101111010111
1101110000000000
1101110000101010
1101110001010011
1101110001111101
1101110010101000
1101110011010010
1101110011111101
1101110100101000
1101110101010011
1101110101111110
1101110110101010
1101110111010101
1101111000000001
1101111000101101
1101111001011010
1101111010000110
1101111010110011
1101111011100000
1101111100001101
1101111100111011
1101111101101000
1101111110010110
1101111111000100
1101111111110010
1110000000100001
1110000001001111
1110000001111110
1110000010101101
1110000011011100
1110000100001011
1110000100111011
1110000101101011
1110000110011011
1110000111001011
1110000111111011
1110001000101011
1110001001011100
1110001010001101
1110001010111110
1110001011101111
1110001100100001
1110001101010010
1110001110000100
1110001110110110
1110001111101000
1110010000011010
1110010001001101
1110010001111111
1110010010110010
1110010011100101
1110010100011000
1110010101001011
1110010101111111
1110010110110011
1110010111100110
1110011000011010
1110011001001110
1110011010000011
1110011010110111
1110011011101100
1110011100100000
1110011101010101
1110011110001010
1110011110111111
1110011111110101
1110100000101010
1110100001100000
1110100010010110
1110100011001011
1110100100000010
1110100100111000
1110100101101110
1110100110100101
1110100111011011
1110101000010010
1110101001001001
1110101010000000
1110101010110111
1110101011101110
1110101100100110
1110101101011101
1110101110010101
1110101111001101
1110110000000101
1110110000111101
1110110001110101
1110110010101101
1110110011100110
1110110100011110
1110110101010111
1110110110010000
1110110111001000
1110111000000001
1110111000111010
1110111001110100
1110111010101101
1110111011100110
1110111100100000
1110111101011010
1110111110010011
1110111111001101
1111000000000111
1111000001000001
1111000001111011
1111000010110101
1111000011110000
1111000100101010
1111000101100101
1111000110011111
1111000111011010
1111001000010101
1111001001010000
1111001010001011
1111001011000110
1111001100000001
1111001100111100
1111001101110111
1111001110110010
1111001111101110
1111010000101001
1111010001100101
1111010010100001
1111010011011100
1111010100011000
1111010101010100
1111010110010000
1111010111001100
1111011000001000
1111011001000100
1111011010000000
1111011010111100
1111011011111001
1111011100110101
1111011101110001
1111011110101110
1111011111101010
1111100000100111
1111100001100011
1111100010100000
1111100011011101
1111100100011001
1111100101010110
1111100110010011
1111100111010000
1111101000001101
1111101001001010
1111101010000111
1111101011000011
1111101100000001
1111101100111110
1111101101111011
1111101110111000
1111101111110101
1111110000110010
1111110001101111
1111110010101100
1111110011101010
1111110100100111
1111110101100100
1111110110100001
1111110111011111
1111111000011100
1111111001011001
1111111010010111
1111111011010100
1111111100010001
1111111101001111
1111111110001100
1111111111001001
0000000000000111
0000000001000100
0000000010000010
0000000010111111
0000000011111100
0000000100111010
0000000101110111
0000000110110100
0000000111110010
0000001000101111
0000001001101100
0000001010101001
0000001011100111
0000001100100100
0000001101100001
0000001110011110
0000001111011100
0000010000011001
0000010001010110
0000010010010011
0000010011010000
0000010100001101
0000010101001010
0000010110000111
0000010111000100
0000011000000001
0000011000111110
0000011001111011
0000011010110111
0000011011110100
0000011100110001
0000011101101110
0000011110101010
0000011111100111
0000100000100011
0000100001100000
0000100010011100
0000100011011001
0000100100010101
0000100101010001
0000100110001101
0000100111001001
0000101000000110
0000101001000010
0000101001111110
0000101010111001
0000101011110101
0000101100110001
0000101101101101
0000101110101000
0000101111100100
0000110000011111
0000110001011011
0000110010010110
0000110011010001
0000110100001100
0000110101001000
0000110110000011
0000110110111101
0000110111111000
0000111000110011
0000111001101110
0000111010101000
0000111011100011
0000111100011101
0000111101010111
0000111110010010
0000111111001100
0001000000000110
0001000001000000
0001000001111010
0001000010110011
0001000011101101
0001000100100110
0001000101100000
0001000110011001
0001000111010010
0001001000001011
0001001001000100
0001001001111101
0001001010110110
0001001011101110
0001001100100111
0001001101011111
0001001110011000
0001001111010000
0001010000001000
0001010001000000
0001010001110111
0001010010101111
0001010011100111
0001010100011110
0001010101010101
0001010110001100
0001010111000011
0001010111111010
0001011000110001
0001011001101000
0001011010011110
0001011011010100
0001011100001010
0001011101000000
0001011101110110
0001011110101100
0001011111100010
0001100000010111
0001100001001100
0001100010000010
0001100010110111
0001100011101011
0001100100100000
0001100101010101
0001100110001001
0001100110111101
0001100111110001
0001101000100101
0001101001011001
0001101010001101
0001101011000000
0001101011110011
0001101100100110
0001101101011001
0001101110001100
0001101110111111
0001101111110001
0001110000100011
0001110001010101
0001110010000111
0001110010111001
0001110011101010
0001110100011100
0001110101001101
0001110101111110
0001110110101111
0001110111011111
0001111000010000
0001111001000000
0001111001110000
0001111010100000
0001111011010000
0001111011111111
0001111100101110
0001111101011110
0001111110001101
0001111110111011
0001111111101010
0010000000011000
0010000001000110
0010000001110100
0010000010100010
0010000011010000
0010000011111101
0010000100101010
0010000101010111
0010000110000100
0010000110110000
0010000111011101
0010001000001001
0010001000110101
0010001001100000
0010001010001100
0010001010110111
0010001011100010
0010001100001101
0010001100110111
0010001101100010
0010001110001100
0010001110110110
0010001111100000
0010010000001001
0010010000110010
0010010001011100
0010010010000100
0010010010101101
0010010011010101
0010010011111110
0010010100100110
0010010101001101
0010010101110101
0010010110011100
0010010111000011
0010010111101010
0010011000010000
0010011000110111
0010011001011101
0010011010000011
0010011010101000
0010011011001101
0010011011110011
0010011100011000
0010011100111100
0010011101100001
0010011110000101
0010011110101001
0010011111001100
0010011111110000
0010100000010011
0010100000110110
0010100001011001
0010100001111011
0010100010011101
0010100010111111
0010100011100001
0010100100000010
0010100100100011
0010100101000100
0010100101100101
0010100110000101
0010100110100110
0010100111000101
0010100111100101
0010101000000100
0010101000100100
0010101001000010
0010101001100001
0010101001111111
0010101010011110
0010101010111011
0010101011011001
0010101011110110
0010101100010011
0010101100110000
0010101101001100
0010101101101001
0010101110000101
0010101110100000
0010101110111100
0010101111010111
0010101111110010
0010110000001100
0010110000100111
0010110001000001
0010110001011011
0010110001110100
0010110010001101
0010110010100110
0010110010111111
0010110011011000
0010110011110000
0010110100001000
0010110100011111
0010110100110110
0010110101001101
0010110101100100
0010110101111011
0010110110010001
0010110110100111
0010110110111100
0010110111010010
0010110111100111
0010110111111100
0010111000010000
0010111000100100
0010111000111000
0010111001001100
0010111001011111
0010111001110010
0010111010000101
0010111010011000
0010111010101010
0010111010111100
0010111011001101
0010111011011111
0010111011110000
0010111100000001
0010111100010001
0010111100100001
0010111100110001
0010111101000001
0010111101010000
0010111101011111
0010111101101110
0010111101111100
0010111110001010
0010111110011000
0010111110100110
0010111110110011
0010111111000000
0010111111001101
0010111111011001
0010111111100101
0010111111110001
0010111111111100
0011000000001000
0011000000010011
0011000000011101
0011000000100111
0011000000110001
0011000000111011
0011000001000101
0011000001001110
0011000001010111
0011000001011111
0011000001100111
0011000001101111
0011000001110111
0011000001111110
0011000010000101
0011000010001100
0011000010010010
0011000010011000
0011000010011110
0011000010100100
0011000010101001
0011000010101110
0011000010110011
0011000010110111
0011000010111011
0011000010111111
0011000011000010
0011000011000101
0011000011001000
0011000011001011
0011000011001101
0011000011001111
0011000011010000
0011000011010010
0011000011010011
0011000011010011
0011000011010100
0011000011010100
0011000011010100
0011000011010011
0011000011010011
0011000011010001
0011000011010000
0011000011001110
0011000011001100
0011000011001010
0011000011001000
0011000011000101
0011000011000001
0011000010111110
0011000010111010
0011000010110110
0011000010110010
0011000010101101
0011000010101000
0011000010100011
0011000010011101
0011000010010111
0011000010010001
0011000010001010
0011000010000100
0011000001111101
0011000001110101
0011000001101101
0011000001100101
0011000001011101
0011000001010101
0011000001001100
0011000001000011
0011000000111001
0011000000101111
0011000000100101
0011000000011011
0011000000010000
0011000000000101
0010111111111010
0010111111101110
0010111111100010
0010111111010110
0010111111001010
0010111110111101
0010111110110000
0010111110100011
0010111110010101
0010111110000111
0010111101111001
0010111101101011
0010111101011100
0010111101001101
0010111100111101
0010111100101110
0010111100011110
0010111100001101
0010111011111101
0010111011101100
0010111011011011
0010111011001001
0010111010111000
0010111010100110
0010111010010100
0010111010000001
0010111001101110
0010111001011011
0010111001001000
0010111000110100
0010111000100000
0010111000001100
0010110111110111
0010110111100010
0010110111001101
0010110110111000
0010110110100010
0010110110001100
0010110101110110
0010110101011111
0010110101001000
0010110100110001
0010110100011010
0010110100000010
0010110011101010
0010110011010010
0010110010111010
0010110010100001
0010110010001000
0010110001101111
0010110001010101
0010110000111011
0010110000100001
0010110000000111
0010101111101100
0010101111010001
0010101110110110
0010101110011010
0010101101111110
0010101101100010
0010101101000110
0010101100101010
0010101100001101
0010101011110000
0010101011010010
0010101010110101
0010101010010111
0010101001111001
0010101001011010
0010101000111100
0010101000011101
0010100111111110
0010100111011110
0010100110111110
0010100110011110
0010100101111110
0010100101011110
0010100100111101
0010100100011100
0010100011111011
0010100011011001
0010100010111000
0010100010010110
0010100001110011
0010100001010001
0010100000101110
0010100000001011
0010011111101000
0010011111000100
0010011110100001
0010011101111101
0010011101011000
0010011100110100
0010011100001111
0010011011101010
0010011011000101
0010011010100000
0010011001111010
0010011001010100
0010011000101110
0010011000001000
0010010111100001
0010010110111010
0010010110010011
0010010101101100
0010010101000100
0010010100011101
0010010011110101
0010010011001100
0010010010100100
0010010001111011
0010010001010010
0010010000101001
0010010000000000
0010001111010110
0010001110101101
0010001110000011
0010001101011000
0010001100101110
0010001100000011
0010001011011000
0010001010101101
0010001010000010
0010001001010110
0010001000101011
0010000111111111
0010000111010011
0010000110100110
0010000101111010
0010000101001101
0010000100100000
0010000011110011
0010000011000101
0010000010011000
0010000001101010
0010000000111100
0010000000001110
0001111111011111
0001111110110001
0001111110000010
0001111101010011
0001111100100100
0001111011110101
0001111011000101
0001111010010101
0001111001100101
0001111000110101
0001111000000101
0001110111010101
0001110110100100
0001110101110011
0001110101000010
0001110100010001
0001110011011111
0001110010101110
0001110001111100
0001110001001010
0001110000011000
0001101111100110
0001101110110011
0001101110000001
0001101101001110
0001101100011011
0001101011101000
0001101010110101
0001101010000001
0001101001001101
0001101000011010
0001100111100110
0001100110110010
0001100101111101
0001100101001001
0001100100010100
0001100011100000
0001100010101011
0001100001110110
0001100001000001
0001100000001011
0001011111010110
0001011110100000
0001011101101010
0001011100110101
0001011011111110
0001011011001000
0001011010010010
0001011001011011
0001011000100101
0001010111101110
0001010110110111
0001010110000000
0001010101001001
0001010100010010
0001010011011010
0001010010100011
0001010001101011
0001010000110011
0001001111111011
0001001111000011
0001001110001011
0001001101010011
0001001100011010
0001001011100010
0001001010101001
0001001001110000
0001001000111000
0001000111111111
0001000111000110
0001000110001100
0001000101010011
0001000100011010
0001000011100000
0001000010100110
0001000001101101
0001000000110011
0000111111111001
0000111110111111
0000111110000101
0000111101001011
0000111100010000
0000111011010110
0000111010011011
0000111001100001
0000111000100110
0000110111101011
0000110110110000
0000110101110101
0000110100111010
0000110011111111
0000110011000100
0000110010001001
0000110001001110
0000110000010010
0000101111010111
0000101110011011
0000101101011111
0000101100100100
0000101011101000
0000101010101100
0000101001110000
0000101000110100
0000100111111000
0000100110111100
0000100110000000
0000100101000100
0000100100000111
0000100011001011
0000100010001111
0000100001010010
0000100000010110
0000011111011001
0000011110011101
0000011101100000
0000011100100011
0000011011100111
0000011010101010
0000011001101101
0000011000110000
0000010111110011
0000010110110110
0000010101111001
0000010100111101
0000010011111111
0000010011000010
0000010010000101
0000010001001000
0000010000001011
0000001111001110
0000001110010001
0000001101010100
0000001100010110
0000001011011001
0000001010011100
0000001001011111
0000001000100001
0000000111100100
0000000110100111
0000000101101001
0000000100101100
0000000011101111
0000000010110001
0000000001110100
0000000000110111
1111111111111001
1111111110111100
1111111101111110
1111111101000001
1111111100000100
1111111011000110
1111111010001001
1111111001001100
1111111000001110
1111110111010001
1111110110010100
1111110101010111
1111110100011001
1111110011011100
1111110010011111
1111110001100010
1111110000100100
1111101111100111
1111101110101010
1111101101101101
1111101100110000
1111101011110011
1111101010110110
1111101001111001
1111101000111100
1111100111111111
1111100111000010
1111100110000101
1111100101001001
1111100100001100
1111100011001111
1111100010010010
1111100001010110
1111100000011001
1111011111011101
1111011110100000
1111011101100100
1111011100100111
1111011011101011
1111011010101111
1111011001110011
1111011000110111
1111010111111010
1111010110111110
1111010110000010
1111010101000111
1111010100001011
1111010011001111
1111010010010011
1111010001011000
1111010000011100
1111001111100001
1111001110100101
1111001101101010
1111001100101111
1111001011110100
1111001010111000
1111001001111101
1111001001000011
1111001000001000
1111000111001101
1111000110010010
1111000101011000
1111000100011101
1111000011100011
1111000010101001
1111000001101110
1111000000110100
1110111111111010
1110111111000000
1110111110000110
1110111101001101
1110111100010011
1110111011011010
1110111010100000
1110111001100111
1110111000101110
1110110111110101
1110110110111100
1110110110000011
1110110101001010
1110110100010010
1110110011011001
1110110010100001
1110110001101000
1110110000110000
1110101111111000
1110101111000000
1110101110001001
1110101101010001
1110101100011001
1110101011100010
1110101010101011
1110101001110100
1110101000111101
1110101000000110
1110100111001111
1110100110011000
1110100101100010
1110100100101100
1110100011110110
1110100011000000
1110100010001010
1110100001010100
1110100000011110
1110011111101001
1110011110110100
1110011101111110
1110011101001001
1110011100010101
1110011011100000
1110011010101011
1110011001110111
1110011001000011
1110011000001111
1110010111011011
1110010110100111
1110010101110011
1110010101000000
1110010100001101
1110010011011010
1110010010100111
1110010001110100
1110010001000001
1110010000001111
1110001111011101
1110001110101011
1110001101111001
1110001101000111
1110001100010110
1110001011100100
1110001010110011
1110001010000010
1110001001010001
1110001000100001
1110000111110000
1110000111000000
1110000110010000
1110000101100000
1110000100110000
1110000100000001
1110000011010010
1110000010100010
1110000001110011
1110000001000101
1110000000010110
1101111111101000
1101111110111010
1101111110001100
1101111101011110
1101111100110000
1101111100000011
1101111011010110
1101111010101001
1101111001111100
1101111001010000
1101111000100011
1101110111110111
1101110111001011
1101110110100000
1101110101110100
1101110101001001
1101110100011110
1101110011110011
1101110011001001
1101110010011110
1101110001110100
1101110001001010
1101110000100000
1101101111110111
1101101111001110
1101101110100100
1101101101111100
1101101101010011
1101101100101011
1101101100000010
1101101011011010
1101101010110011
1101101010001011
1101101001100100
1101101000111101
1101101000010110
1101100111110000
1101100111001001
1101100110100011
1101100101111101
1101100101011000
1101100100110011
1101100100001101
1101100011101000
1101100011000100
1101100010011111
1101100001111011
1101100001010111
1101100000110100
1101100000010000
1101011111101101
1101011111001010
1101011110100111
1101011110000101
1101011101100011
1101011101000001
1101011100011111
1101011011111110
1101011011011101
1101011010111100
1101011010011011
1101011001111011
1101011001011010
1101011000111011
1101011000011011
1101010111111100
1101010111011100
1101010110111110
1101010110011111
1101010110000001
1101010101100010
1101010101000101
1101010100100111
1101010100001010
1101010011101101
1101010011010000
1101010010110100
1101010010010111
1101010001111011
1101010001100000
1101010001000100
1101010000101001
1101010000001110
1101001111110100
1101001111011001
1101001110111111
1101001110100101
1101001110001100
1101001101110011
1101001101011010
1101001101000001
1101001100101000
1101001100010000
1101001011111000
1101001011100001
1101001011001010
1101001010110011
1101001010011100
1101001010000101
1101001001101111
1101001001011001
1101001001000100
1101001000101110
1101001000011001
1101001000000100
1101000111110000
1101000111011100
1101000111001000
1101000110110100
1101000110100001
1101000110001110
1101000101111011
1101000101101000
1101000101010110
1101000101000100
1101000100110011
1101000100100001
1101000100010000
1101000011111111
1101000011101111
1101000011011111
1101000011001111
1101000010111111
1101000010110000
1101000010100001
1101000010010010
1101000010000100
1101000001110110
1101000001101000
1101000001011010
1101000001001101
1101000001000000
1101000000110011
1101000000100111
1101000000011011
1101000000001111
1101000000000100
1100111111111000
1100111111101101
1100111111100011
1100111111011001
1100111111001111
1100111111000101
1100111110111011
1100111110110010
1100111110101001
1100111110100001
1100111110011001
1100111110010001
1100111110001001
1100111110000010
1100111101111011
1100111101110100
1100111101101110
1100111101101000
1100111101100010
1100111101011100
1100111101010111
1100111101010010
1100111101001101
1100111101001001
1100111101000101
1100111101000001
1100111100111110
1100111100111011
1100111100111000
1100111100110101
1100111100110011
1100111100110001
1100111100110000
1100111100101110
1100111100101101
1100111100101101
1100111100101100
1100111100101100
1100111100101100
1100111100101101
1100111100101101
1100111100101111
1100111100110000
1100111100110010
1100111100110100
1100111100110110
1100111100111000
1100111100111011
1100111100111111
1100111101000010
1100111101000110
1100111101001010
1100111101001110
1100111101010011
1100111101011000
1100111101011101
1100111101100011
1100111101101001
1100111101101111
1100111101110110
1100111101111100
1100111110000011
1100111110001011
1100111110010011
1100111110011011
1100111110100011
1100111110101011
1100111110110100
1100111110111101
1100111111000111
1100111111010001
1100111111011011
1100111111100101
1100111111110000
1100111111111011
1101000000000110
1101000000010010
1101000000011110
1101000000101010
1101000000110110
1101000001000011
1101000001010000
1101000001011101
1101000001101011
1101000001111001
1101000010000111
1101000010010101
1101000010100100
1101000010110011
1101000011000011
1101000011010010
1101000011100010
1101000011110011
1101000100000011
1101000100010100
1101000100100101
1101000100110111
1101000101001000
1101000101011010
1101000101101100
1101000101111111
1101000110010010
1101000110100101
1101000110111000
1101000111001100
1101000111100000
1101000111110100
1101001000001001
1101001000011110
1101001000110011
1101001001001000
1101001001011110
1101001001110100
1101001010001010
1101001010100001
1101001010111000
1101001011001111
1101001011100110
1101001011111110
1101001100010110
1101001100101110
1101001101000110
1101001101011111
1101001101111000
1101001110010001
1101001110101011
1101001111000101
1101001111011111
1101001111111001
1101010000010100
1101010000101111
1101010001001010
1101010001100110
1101010010000010
1101010010011110
1101010010111010
1101010011010110
1101010011110011
1101010100010000
1101010100101110
1101010101001011
1101010101101001
1101010110000111
1101010110100110
1101010111000100
1101010111100011
1101011000000010
1101011000100010
1101011001000010
1101011001100010
1101011010000010
1101011010100010
1101011011000011
1101011011100100
1101011100000101
1101011100100111
1101011101001000
1101011101101010
1101011110001101
1101011110101111
1101011111010010
1101011111110101
1101100000011000
1101100000111100
1101100001011111
1101100010000011
1101100010101000
1101100011001100
1101100011110001
1101100100010110
1101100100111011
1101100101100000
1101100110000110
1101100110101100
1101100111010010
1101100111111000
1101101000011111
1101101001000110
1101101001101101
1101101010010100
1101101010111100
1101101011100011
1101101100001011
1101101100110100
1101101101011100
1101101110000101
1101101110101110
1101101111010111
1101110000000000
1101110000101010
1101110001010011
1101110001111101
1101110010101000
1101110011010010
1101110011111101
1101110100101000
1101110101010011
1101110101111110
1101110110101010
1101110111010101
1101111000000001
1101111000101101
1101111001011010
1101111010000110
1101111010110011
1101111011100000
1101111100001101
1101111100111011
1101111101101000
1101111110010110
1101111111000100
1101111111110010
1110000000100001
1110000001001111
1110000001111110
1110000010101101
1110000011011100
1110000100001011
1110000100111011
1110000101101011
1110000110011011
1110000111001011
1110000111111011
1110001000101011
1110001001011100
1110001010001101
1110001010111110
1110001011101111
1110001100100001
1110001101010010
1110001110000100
1110001110110110
1110001111101000
1110010000011010
1110010001001101
1110010001111111
1110010010110010
1110010011100101
1110010100011000
1110010101001011
1110010101111111
1110010110110011
1110010111100110
1110011000011010
1110011001001110
1110011010000011
1110011010110111
1110011011101100
1110011100100000
1110011101010101
1110011110001010
1110011110111111
1110011111110101
1110100000101010
1110100001100000
1110100010010110
1110100011001011
1110100100000010
1110100100111000
1110100101101110
1110100110100101
1110100111011011
1110101000010010
1110101001001001
1110101010000000
1110101010110111
1110101011101110
1110101100100110
1110101101011101
1110101110010101
1110101111001101
1110110000000101
1110110000111101
1110110001110101
1110110010101101
1110110011100110
1110110100011110
1110110101010111
1110110110010000
1110110111001000
1110111000000001
1110111000111010
1110111001110100
1110111010101101
1110111011100110
1110111100100000
1110111101011010
1110111110010011
1110111111001101
1111000000000111
1111000001000001
1111000001111011
1111000010110101
1111000011110000
1111000100101010
1111000101100101
1111000110011111
1111000111011010
1111001000010101
1111001001010000
1111001010001011
1111001011000110
1111001100000001
1111001100111100
1111001101110111
1111001110110010
1111001111101110
1111010000101001
1111010001100101
1111010010100001
1111010011011100
1111010100011000
1111010101010100
1111010110010000
1111010111001100
1111011000001000
1111011001000100
1111011010000000
1111011010111100
1111011011111001
1111011100110101
1111011101110001
1111011110101110
1111011111101010
1111100000100111
1111100001100011
1111100010100000
1111100011011101
1111100100011001
1111100101010110
1111100110010011
1111100111010000
1111101000001101
1111101001001010
1111101010000111
1111101011000011
1111101100000001
1111101100111110
1111101101111011
1111101110111000
1111101111110101
1111110000110010
1111110001101111
1111110010101100
1111110011101010
1111110100100111
1111110101100100
1111110110100001
1111110111011111
1111111000011100
1111111001011001
1111111010010111
1111111011010100
1111111100010001
1111111101001111
1111111110001100
1111111111001001
0000000000000111
0000000001000100
0000000010000010
0000000010111111
0000000011111100
0000000100111010
0000000101110111
0000000110110100
0000000111110010
0000001000101111
0000001001101100
0000001010101001
0000001011100111
0000001100100100
0000001101100001
0000001110011110
0000001111011100
0000010000011001
0000010001010110
0000010010010011
0000010011010000
0000010100001101
0000010101001010
0000010110000111
0000010111000100
0000011000000001
0000011000111110
0000011001111011
0000011010110111
0000011011110100
0000011100110001
0000011101101110
0000011110101010
0000011111100111
0000100000100011
0000100001100000
0000100010011100
0000100011011001
0000100100010101
0000100101010001
0000100110001101
0000100111001001
0000101000000110
0000101001000010
0000101001111110
0000101010111001
0000101011110101
0000101100110001
0000101101101101
0000101110101000
0000101111100100
0000110000011111
0000110001011011
0000110010010110
0000110011010001
0000110100001100
0000110101001000
0000110110000011
0000110110111101
0000110111111000
0000111000110011
0000111001101110
0000111010101000
0000111011100011
0000111100011101
0000111101010111
0000111110010010
0000111111001100
0001000000000110
0001000001000000
0001000001111010
0001000010110011
0001000011101101
0001000100100110
0001000101100000
0001000110011001
0001000111010010
0001001000001011
0001001001000100
0001001001111101
0001001010110110
0001001011101110
0001001100100111
0001001101011111
0001001110011000
0001001111010000
0001010000001000
0001010001000000
0001010001110111
0001010010101111
0001010011100111
0001010100011110
0001010101010101
0001010110001100
0001010111000011
0001010111111010
0001011000110001
0001011001101000
0001011010011110
0001011011010100
0001011100001010
0001011101000000
0001011101110110
0001011110101100
0001011111100010
0001100000010111
0001100001001100
0001100010000010
0001100010110111
0001100011101011
0001100100100000
0001100101010101
0001100110001001
0001100110111101
0001100111110001
0001101000100101
0001101001011001
0001101010001101
0001101011000000
0001101011110011
0001101100100110
0001101101011001
0001101110001100
0001101110111111
0001101111110001
0001110000100011
0001110001010101
0001110010000111
0001110010111001
0001110011101010
0001110100011100
0001110101001101
0001110101111110
0001110110101111
0001110111011111
0001111000010000
0001111001000000
0001111001110000
0001111010100000
0001111011010000
0001111011111111
0001111100101110
0001111101011110
0001111110001101
0001111110111011
0001111111101010
0010000000011000
0010000001000110
0010000001110100
0010000010100010
0010000011010000
0010000011111101
0010000100101010
0010000101010111
0010000110000100
0010000110110000
0010000111011101
0010001000001001
0010001000110101
0010001001100000
0010001010001100
0010001010110111
0010001011100010
0010001100001101
0010001100110111
0010001101100010
0010001110001100
0010001110110110
0010001111100000
0010010000001001
0010010000110010
0010010001011100
0010010010000100
0010010010101101
0010010011010101
0010010011111110
0010010100100110
0010010101001101
0010010101110101
0010010110011100
0010010111000011
0010010111101010
0010011000010000
0010011000110111
0010011001011101
0010011010000011
0010011010101000
0010011011001101
0010011011110011
0010011100011000
0010011100111100
0010011101100001
0010011110000101
0010011110101001
0010011111001100
0010011111110000
0010100000010011
0010100000110110
0010100001011001
0010100001111011
0010100010011101
0010100010111111
0010100011100001
0010100100000010
0010100100100011
0010100101000100
0010100101100101
0010100110000101
0010100110100110
0010100111000101
0010100111100101
0010101000000100
0010101000100100
0010101001000010
0010101001100001
0010101001111111
0010101010011110
0010101010111011
0010101011011001
0010101011110110
0010101100010011
0010101100110000
0010101101001100
0010101101101001
0010101110000101
0010101110100000
0010101110111100
0010101111010111
0010101111110010
0010110000001100
0010110000100111
0010110001000001
0010110001011011
0010110001110100
0010110010001101
0010110010100110
0010110010111111
0010110011011000
0010110011110000
0010110100001000
0010110100011111
0010110100110110
0010110101001101
0010110101100100
0010110101111011
0010110110010001
0010110110100111
0010110110111100
0010110111010010
0010110111100111
0010110111111100
0010111000010000
0010111000100100
0010111000111000
0010111001001100
0010111001011111
0010111001110010
0010111010000101
0010111010011000
0010111010101010
0010111010111100
0010111011001101
0010111011011111
0010111011110000
0010111100000001
0010111100010001
0010111100100001
0010111100110001
0010111101000001
0010111101010000
0010111101011111
0010111101101110
0010111101111100
0010111110001010
0010111110011000
0010111110100110
0010111110110011
0010111111000000
0010111111001101
0010111111011001
0010111111100101
0010111111110001
0010111111111100
0011000000001000
0011000000010011
0011000000011101
0011000000100111
0011000000110001
0011000000111011
0011000001000101
0011000001001110
0011000001010111
0011000001011111
0011000001100111
0011000001101111
0011000001110111
0011000001111110
0011000010000101
0011000010001100
0011000010010010
0011000010011000
0011000010011110
0011000010100100
0011000010101001
0011000010101110
0011000010110011
0011000010110111
0011000010111011
0011000010111111
0011000011000010
0011000011000101
0011000011001000
0011000011001011
0011000011001101
0011000011001111
0011000011010000
0011000011010010
0011000011010011
0011000011010011
0011000011010100
0011000011010100
0011000011010100
0011000011010011
0011000011010011
0011000011010001
0011000011010000
0011000011001110
0011000011001100
0011000011001010
0011000011001000
0011000011000101
0011000011000001
0011000010111110
0011000010111010
0011000010110110
0011000010110010
0011000010101101
0011000010101000
0011000010100011
0011000010011101
0011000010010111
0011000010010001
0011000010001010
0011000010000100
0011000001111101
0011000001110101
0011000001101101
0011000001100101
0011000001011101
0011000001010101
0011000001001100
0011000001000011
0011000000111001
0011000000101111
0011000000100101
0011000000011011
0011000000010000
0011000000000101
0010111111111010
0010111111101110
0010111111100010
0010111111010110
0010111111001010
0010111110111101
0010111110110000
0010111110100011
0010111110010101
0010111110000111
0010111101111001
0010111101101011
0010111101011100
0010111101001101
0010111100111101
0010111100101110
0010111100011110
0010111100001101
0010111011111101
0010111011101100
0010111011011011
0010111011001001
0010111010111000
0010111010100110
0010111010010100
0010111010000001
0010111001101110
0010111001011011
0010111001001000
0010111000110100
0010111000100000
0010111000001100
0010110111110111
0010110111100010
0010110111001101
0010110110111000
0010110110100010
0010110110001100
0010110101110110
0010110101011111
0010110101001000
0010110100110001
0010110100011010
0010110100000010
0010110011101010
0010110011010010
0010110010111010
0010110010100001
0010110010001000
0010110001101111
0010110001010101
0010110000111011
0010110000100001
0010110000000111
0010101111101100
0010101111010001
0010101110110110
0010101110011010
0010101101111110
0010101101100010
0010101101000110
0010101100101010
0010101100001101
0010101011110000
0010101011010010
0010101010110101
0010101010010111
0010101001111001
0010101001011010
0010101000111100
0010101000011101
0010100111111110
0010100111011110
0010100110111110
0010100110011110
0010100101111110
0010100101011110
0010100100111101
0010100100011100
0010100011111011
0010100011011001
0010100010111000
0010100010010110
0010100001110011
0010100001010001
0010100000101110
0010100000001011
0010011111101000
0010011111000100
0010011110100001
0010011101111101
0010011101011000
0010011100110100
0010011100001111
0010011011101010
0010011011000101
0010011010100000
0010011001111010
0010011001010100
0010011000101110
0010011000001000
0010010111100001
0010010110111010
0010010110010011
0010010101101100
0010010101000100
0010010100011101
0010010011110101
0010010011001100
0010010010100100
0010010001111011
0010010001010010
0010010000101001
0010010000000000
0010001111010110
0010001110101101
0010001110000011
0010001101011000
0010001100101110
0010001100000011
0010001011011000
0010001010101101
0010001010000010
0010001001010110
0010001000101011
0010000111111111
0010000111010011
0010000110100110
0010000101111010
0010000101001101
0010000100100000
0010000011110011
0010000011000101
0010000010011000
0010000001101010
0010000000111100
0010000000001110
0001111111011111
0001111110110001
0001111110000010
0001111101010011
0001111100100100
0001111011110101
0001111011000101
0001111010010101
0001111001100101
0001111000110101
0001111000000101
0001110111010101
0001110110100100
0001110101110011
0001110101000010
0001110100010001
0001110011011111
0001110010101110
0001110001111100
0001110001001010
0001110000011000
0001101111100110
0001101110110011
0001101110000001
0001101101001110
0001101100011011
0001101011101000
0001101010110101
0001101010000001
0001101001001101
0001101000011010
0001100111100110
0001100110110010
0001100101111101
0001100101001001
0001100100010100
0001100011100000
0001100010101011
0001100001110110
0001100001000001
0001100000001011
0001011111010110
0001011110100000
0001011101101010
0001011100110101
0001011011111110
0001011011001000
0001011010010010
0001011001011011
0001011000100101
0001010111101110
0001010110110111
0001010110000000
0001010101001001
0001010100010010
0001010011011010
0001010010100011
0001010001101011
0001010000110011
0001001111111011
0001001111000011
0001001110001011
0001001101010011
0001001100011010
0001001011100010
0001001010101001
0001001001110000
0001001000111000
0001000111111111
0001000111000110
0001000110001100
0001000101010011
0001000100011010
0001000011100000
0001000010100110
0001000001101101
0001000000110011
0000111111111001
0000111110111111
0000111110000101
0000111101001011
0000111100010000
0000111011010110
0000111010011011
0000111001100001
0000111000100110
0000110111101011
0000110110110000
0000110101110101
0000110100111010
0000110011111111
0000110011000100
0000110010001001
0000110001001110
0000110000010010
0000101111010111
0000101110011011
0000101101011111
0000101100100100
0000101011101000
0000101010101100
0000101001110000
0000101000110100
0000100111111000
0000100110111100
0000100110000000
0000100101000100
0000100100000111
0000100011001011
0000100010001111
0000100001010010
0000100000010110
0000011111011001
0000011110011101
0000011101100000
0000011100100011
0000011011100111
0000011010101010
0000011001101101
0000011000110000
0000010111110011
0000010110110110
0000010101111001
0000010100111101
0000010011111111
0000010011000010
0000010010000101
0000010001001000
0000010000001011
0000001111001110
0000001110010001
0000001101010100
0000001100010110
0000001011011001
0000001010011100
0000001001011111
0000001000100001
0000000111100100
0000000110100111
0000000101101001
0000000100101100
0000000011101111
0000000010110001
0000000001110100
0000000000110111
1111111111111001
1111111110111100
1111111101111110
1111111101000001
1111111100000100
1111111011000110
1111111010001001
1111111001001100
1111111000001110
1111110111010001
1111110110010100
1111110101010111
1111110100011001
1111110011011100
1111110010011111
1111110001100010
1111110000100100
1111101111100111
1111101110101010
1111101101101101
1111101100110000
1111101011110011
1111101010110110
1111101001111001
1111101000111100
1111100111111111
1111100111000010
1111100110000101
1111100101001001
1111100100001100
1111100011001111
1111100010010010
1111100001010110
1111100000011001
1111011111011101
1111011110100000
1111011101100100
1111011100100111
1111011011101011
1111011010101111
1111011001110011
1111011000110111
1111010111111010
1111010110111110
1111010110000010
1111010101000111
1111010100001011
1111010011001111
1111010010010011
1111010001011000
1111010000011100
1111001111100001
1111001110100101
1111001101101010
1111001100101111
1111001011110100
1111001010111000
1111001001111101
1111001001000011
1111001000001000
1111000111001101
1111000110010010
1111000101011000
1111000100011101
1111000011100011
1111000010101001
1111000001101110
1111000000110100
1110111111111010
1110111111000000
1110111110000110
1110111101001101
1110111100010011
1110111011011010
1110111010100000
1110111001100111
1110111000101110
1110110111110101
1110110110111100
1110110110000011
1110110101001010
1110110100010010
1110110011011001
1110110010100001
1110110001101000
1110110000110000
1110101111111000
1110101111000000
1110101110001001
1110101101010001
1110101100011001
1110101011100010
1110101010101011
1110101001110100
1110101000111101
1110101000000110
1110100111001111
1110100110011000
1110100101100010
1110100100101100
1110100011110110
1110100011000000
1110100010001010
1110100001010100
1110100000011110
1110011111101001
1110011110110100
1110011101111110
1110011101001001
1110011100010101
1110011011100000
1110011010101011
1110011001110111
1110011001000011
1110011000001111
1110010111011011
1110010110100111
1110010101110011
1110010101000000
1110010100001101
1110010011011010
1110010010100111
1110010001110100
1110010001000001
1110010000001111
1110001111011101
1110001110101011
1110001101111001
1110001101000111
1110001100010110
1110001011100100
1110001010110011
1110001010000010
1110001001010001
1110001000100001
1110000111110000
1110000111000000
1110000110010000
1110000101100000
1110000100110000
1110000100000001
1110000011010010
1110000010100010
1110000001110011
1110000001000101
1110000000010110
1101111111101000
1101111110111010
1101111110001100
1101111101011110
1101111100110000
1101111100000011
1101111011010110
1101111010101001
1101111001111100
1101111001010000
1101111000100011
1101110111110111
1101110111001011
1101110110100000
1101110101110100
1101110101001001
1101110100011110
1101110011110011
1101110011001001
1101110010011110
1101110001110100
1101110001001010
1101110000100000
1101101111110111
1101101111001110
1101101110100100
1101101101111100
1101101101010011
1101101100101011
1101101100000010
1101101011011010
1101101010110011
1101101010001011
1101101001100100
1101101000111101
1101101000010110
1101100111110000
1101100111001001
1101100110100011
1101100101111101
1101100101011000
1101100100110011
1101100100001101
1101100011101000
1101100011000100
1101100010011111
1101100001111011
1101100001010111
1101100000110100
1101100000010000
1101011111101101
1101011111001010
1101011110100111
1101011110000101
1101011101100011
1101011101000001
1101011100011111
1101011011111110
1101011011011101
1101011010111100
1101011010011011
1101011001111011
1101011001011010
1101011000111011
1101011000011011
1101010111111100
1101010111011100
1101010110111110
1101010110011111
1101010110000001
1101010101100010
1101010101000101
1101010100100111
1101010100001010
1101010011101101
1101010011010000
1101010010110100
1101010010010111
1101010001111011
1101010001100000
1101010001000100
1101010000101001
1101010000001110
1101001111110100
1101001111011001
1101001110111111
1101001110100101
1101001110001100
1101001101110011
1101001101011010
1101001101000001
1101001100101000
1101001100010000
1101001011111000
1101001011100001
1101001011001010
1101001010110011
1101001010011100
1101001010000101
1101001001101111
1101001001011001
1101001001000100
1101001000101110
1101001000011001
1101001000000100
1101000111110000
1101000111011100
1101000111001000
1101000110110100
1101000110100001
1101000110001110
1101000101111011
1101000101101000
1101000101010110
1101000101000100
1101000100110011
1101000100100001
1101000100010000
1101000011111111
1101000011101111
1101000011011111
1101000011001111
1101000010111111
1101000010110000
1101000010100001
1101000010010010
1101000010000100
1101000001110110
1101000001101000
1101000001011010
1101000001001101
1101000001000000
1101000000110011
1101000000100111
1101000000011011
1101000000001111
1101000000000100
1100111111111000
1100111111101101
1100111111100011
1100111111011001
1100111111001111
1100111111000101
1100111110111011
1100111110110010
1100111110101001
1100111110100001
1100111110011001
1100111110010001
1100111110001001
1100111110000010
1100111101111011
1100111101110100
1100111101101110
1100111101101000
1100111101100010
1100111101011100
1100111101010111
1100111101010010
1100111101001101
1100111101001001
1100111101000101
1100111101000001
1100111100111110
1100111100111011
1100111100111000
1100111100110101
1100111100110011
1100111100110001
1100111100110000
1100111100101110
1100111100101101
1100111100101101
1100111100101100
1100111100101100
1100111100101100
1100111100101101
1100111100101101
1100111100101111
1100111100110000
1100111100110010
1100111100110100
1100111100110110
1100111100111000
1100111100111011
1100111100111111
1100111101000010
1100111101000110
1100111101001010
1100111101001110
1100111101010011
1100111101011000
1100111101011101
1100111101100011
1100111101101001
1100111101101111
1100111101110110
1100111101111100
1100111110000011
1100111110001011
1100111110010011
1100111110011011
1100111110100011
1100111110101011
1100111110110100
1100111110111101
1100111111000111
1100111111010001
1100111111011011
1100111111100101
1100111111110000
1100111111111011
1101000000000110
1101000000010010
1101000000011110
1101000000101010
1101000000110110
1101000001000011
1101000001010000
1101000001011101
1101000001101011
1101000001111001
1101000010000111
1101000010010101
1101000010100100
1101000010110011
1101000011000011
1101000011010010
1101000011100010
1101000011110011
1101000100000011
1101000100010100
1101000100100101
1101000100110111
1101000101001000
1101000101011010
1101000101101100
1101000101111111
1101000110010010
1101000110100101
1101000110111000
1101000111001100
1101000111100000
1101000111110100
1101001000001001
1101001000011110
1101001000110011
1101001001001000
1101001001011110
1101001001110100
1101001010001010
1101001010100001
1101001010111000
1101001011001111
1101001011100110
1101001011111110
1101001100010110
1101001100101110
1101001101000110
1101001101011111
1101001101111000
1101001110010001
1101001110101011
1101001111000101
1101001111011111
1101001111111001
1101010000010100
1101010000101111
1101010001001010
1101010001100110
1101010010000010
1101010010011110
1101010010111010
1101010011010110
1101010011110011
1101010100010000
1101010100101110
1101010101001011
1101010101101001
1101010110000111
1101010110100110
1101010111000100
1101010111100011
1101011000000010
1101011000100010
1101011001000010
1101011001100010
1101011010000010
1101011010100010
1101011011000011
1101011011100100
1101011100000101
1101011100100111
1101011101001000
1101011101101010
1101011110001101
1101011110101111
1101011111010010
1101011111110101
1101100000011000
1101100000111100
1101100001011111
1101100010000011
1101100010101000
1101100011001100
1101100011110001
1101100100010110
1101100100111011
1101100101100000
1101100110000110
1101100110101100
1101100111010010
1101100111111000
1101101000011111
1101101001000110
1101101001101101
1101101010010100
1101101010111100
1101101011100011
1101101100001011
1101101100110100
1101101101011100
1101101110000101
1101101110101110
1101101111010111
1101110000000000
1101110000101010
1101110001010011
1101110001111101
1101110010101000
1101110011010010
1101110011111101
1101110100101000
1101110101010011
1101110101111110
1101110110101010
1101110111010101
1101111000000001
1101111000101101
1101111001011010
1101111010000110
1101111010110011
1101111011100000
1101111100001101
1101111100111011
1101111101101000
1101111110010110
1101111111000100
1101111111110010
1110000000100001
1110000001001111
1110000001111110
1110000010101101
1110000011011100
1110000100001011
1110000100111011
1110000101101011
1110000110011011
1110000111001011
1110000111111011
1110001000101011
1110001001011100
1110001010001101
1110001010111110
1110001011101111
1110001100100001
1110001101010010
1110001110000100
1110001110110110
1110001111101000
1110010000011010
1110010001001101
1110010001111111
1110010010110010
1110010011100101
1110010100011000
1110010101001011
1110010101111111
1110010110110011
1110010111100110
1110011000011010
1110011001001110
1110011010000011
1110011010110111
1110011011101100
1110011100100000
1110011101010101
1110011110001010
1110011110111111
1110011111110101
1110100000101010
1110100001100000
1110100010010110
1110100011001011
1110100100000010
1110100100111000
1110100101101110
1110100110100101
1110100111011011
1110101000010010
1110101001001001
1110101010000000
1110101010110111
1110101011101110
1110101100100110
1110101101011101
1110101110010101
1110101111001101
1110110000000101
1110110000111101
1110110001110101
1110110010101101
1110110011100110
1110110100011110
1110110101010111
1110110110010000
1110110111001000
1110111000000001
1110111000111010
1110111001110100
1110111010101101
1110111011100110
1110111100100000
1110111101011010
1110111110010011
1110111111001101
1111000000000111
1111000001000001
1111000001111011
1111000010110101
1111000011110000
1111000100101010
1111000101100101
1111000110011111
1111000111011010
1111001000010101
1111001001010000
1111001010001011
1111001011000110
1111001100000001
1111001100111100
1111001101110111
1111001110110010
1111001111101110
1111010000101001
1111010001100101
1111010010100001
1111010011011100
1111010100011000
1111010101010100
1111010110010000
1111010111001100
1111011000001000
1111011001000100
1111011010000000
1111011010111100
1111011011111001
1111011100110101
1111011101110001
1111011110101110
1111011111101010
1111100000100111
1111100001100011
1111100010100000
1111100011011101
1111100100011001
1111100101010110
1111100110010011
1111100111010000
1111101000001101
1111101001001010
1111101010000111
1111101011000011
1111101100000001
1111101100111110
1111101101111011
1111101110111000
1111101111110101
1111110000110010
1111110001101111
1111110010101100
1111110011101010
1111110100100111
1111110101100100
1111110110100001
1111110111011111
1111111000011100
1111111001011001
1111111010010111
1111111011010100
1111111100010001
1111111101001111
1111111110001100
1111111111001001
0000000000000111
0000000001000100
0000000010000010
0000000010111111
0000000011111100
0000000100111010
0000000101110111
0000000110110100
0000000111110010
0000001000101111
0000001001101100
0000001010101001
0000001011100111
0000001100100100
0000001101100001
0000001110011110
0000001111011100
0000010000011001
0000010001010110
0000010010010011
0000010011010000
0000010100001101
0000010101001010
0000010110000111
0000010111000100
0000011000000001
0000011000111110
0000011001111011
0000011010110111
0000011011110100
0000011100110001
0000011101101110
0000011110101010
0000011111100111
0000100000100011
0000100001100000
0000100010011100
0000100011011001
0000100100010101
0000100101010001
0000100110001101
0000100111001001
0000101000000110
0000101001000010
0000101001111110
0000101010111001
0000101011110101
0000101100110001
0000101101101101
0000101110101000
0000101111100100
0000110000011111
0000110001011011
0000110010010110
0000110011010001
0000110100001100
0000110101001000
0000110110000011
0000110110111101
0000110111111000
0000111000110011
0000111001101110
0000111010101000
0000111011100011
0000111100011101
0000111101010111
0000111110010010
0000111111001100
0001000000000110
0001000001000000
0001000001111010
0001000010110011
0001000011101101
0001000100100110
0001000101100000
0001000110011001
0001000111010010
0001001000001011
0001001001000100
0001001001111101
0001001010110110
0001001011101110
0001001100100111
0001001101011111
0001001110011000
0001001111010000
0001010000001000
0001010001000000
0001010001110111
0001010010101111
0001010011100111
0001010100011110
0001010101010101
0001010110001100
0001010111000011
0001010111111010
0001011000110001
0001011001101000
0001011010011110
0001011011010100
0001011100001010
0001011101000000
0001011101110110
0001011110101100
0001011111100010
0001100000010111
0001100001001100
0001100010000010
0001100010110111
0001100011101011
0001100100100000
0001100101010101
0001100110001001
0001100110111101
0001100111110001
0001101000100101
0001101001011001
0001101010001101
0001101011000000
0001101011110011
0001101100100110
0001101101011001
0001101110001100
0001101110111111
0001101111110001
0001110000100011
0001110001010101
0001110010000111
0001110010111001
0001110011101010
0001110100011100
0001110101001101
0001110101111110
0001110110101111
0001110111011111
0001111000010000
0001111001000000
0001111001110000
0001111010100000
0001111011010000
0001111011111111
0001111100101110
0001111101011110
0001111110001101
0001111110111011
0001111111101010
0010000000011000
0010000001000110
0010000001110100
0010000010100010
0010000011010000
0010000011111101
0010000100101010
0010000101010111
0010000110000100
0010000110110000
0010000111011101
0010001000001001
0010001000110101
0010001001100000
0010001010001100
0010001010110111
0010001011100010
0010001100001101
0010001100110111
0010001101100010
0010001110001100
0010001110110110
0010001111100000
0010010000001001
0010010000110010
0010010001011100
0010010010000100
0010010010101101
0010010011010101
0010010011111110
0010010100100110
0010010101001101
0010010101110101
0010010110011100
0010010111000011
0010010111101010
0010011000010000
0010011000110111
0010011001011101
0010011010000011
0010011010101000
0010011011001101
0010011011110011
0010011100011000
0010011100111100
0010011101100001
0010011110000101
0010011110101001
0010011111001100
0010011111110000
0010100000010011
0010100000110110
0010100001011001
0010100001111011
0010100010011101
0010100010111111
0010100011100001
0010100100000010
0010100100100011
0010100101000100
0010100101100101
0010100110000101
0010100110100110
0010100111000101
0010100111100101
0010101000000100
0010101000100100
0010101001000010
0010101001100001
0010101001111111
0010101010011110
0010101010111011
0010101011011001
0010101011110110
0010101100010011
0010101100110000
0010101101001100
0010101101101001
0010101110000101
0010101110100000
0010101110111100
0010101111010111
0010101111110010
0010110000001100
0010110000100111
0010110001000001
0010110001011011
0010110001110100
0010110010001101
0010110010100110
0010110010111111
0010110011011000
0010110011110000
0010110100001000
0010110100011111
0010110100110110
0010110101001101
0010110101100100
0010110101111011
0010110110010001
0010110110100111
0010110110111100
0010110111010010
0010110111100111
0010110111111100
0010111000010000
0010111000100100
0010111000111000
0010111001001100
0010111001011111
0010111001110010
0010111010000101
0010111010011000
0010111010101010
0010111010111100
0010111011001101
0010111011011111
0010111011110000
0010111100000001
0010111100010001
0010111100100001
0010111100110001
0010111101000001
0010111101010000
0010111101011111
0010111101101110
0010111101111100
0010111110001010
0010111110011000
0010111110100110
0010111110110011
0010111111000000
0010111111001101
0010111111011001
0010111111100101
0010111111110001
0010111111111100
0011000000001000
0011000000010011
0011000000011101
0011000000100111
0011000000110001
0011000000111011
0011000001000101
0011000001001110
0011000001010111
0011000001011111
0011000001100111
0011000001101111
0011000001110111
0011000001111110
0011000010000101
0011000010001100
0011000010010010
0011000010011000
0011000010011110
0011000010100100
0011000010101001
0011000010101110
0011000010110011
0011000010110111
0011000010111011
0011000010111111
0011000011000010
0011000011000101
0011000011001000
0011000011001011
0011000011001101
0011000011001111
0011000011010000
0011000011010010
0011000011010011
0011000011010011
0011000011010100
0011000011010100
0011000011010100
0011000011010011
0011000011010011
0011000011010001
0011000011010000
0011000011001110
0011000011001100
0011000011001010
0011000011001000
0011000011000101
0011000011000001
0011000010111110
0011000010111010
0011000010110110
0011000010110010
0011000010101101
0011000010101000
0011000010100011
0011000010011101
0011000010010111
0011000010010001
0011000010001010
0011000010000100
0011000001111101
0011000001110101
0011000001101101
0011000001100101
0011000001011101
0011000001010101
0011000001001100
0011000001000011
0011000000111001
0011000000101111
0011000000100101
0011000000011011
0011000000010000
0011000000000101
0010111111111010
0010111111101110
0010111111100010
0010111111010110
0010111111001010
0010111110111101
0010111110110000
0010111110100011
0010111110010101
0010111110000111
0010111101111001
0010111101101011
0010111101011100
0010111101001101
0010111100111101
0010111100101110
0010111100011110
0010111100001101
0010111011111101
0010111011101100
0010111011011011
0010111011001001
0010111010111000
0010111010100110
0010111010010100
0010111010000001
0010111001101110
0010111001011011
0010111001001000
0010111000110100
0010111000100000
0010111000001100
0010110111110111
0010110111100010
0010110111001101
0010110110111000
0010110110100010
0010110110001100
0010110101110110
0010110101011111
0010110101001000
0010110100110001
0010110100011010
0010110100000010
0010110011101010
0010110011010010
0010110010111010
0010110010100001
0010110010001000
0010110001101111
0010110001010101
0010110000111011
0010110000100001
0010110000000111
0010101111101100
0010101111010001
0010101110110110
0010101110011010
0010101101111110
0010101101100010
0010101101000110
0010101100101010
0010101100001101
0010101011110000
0010101011010010
0010101010110101
0010101010010111
0010101001111001
0010101001011010
0010101000111100
0010101000011101
0010100111111110
0010100111011110
0010100110111110
0010100110011110
0010100101111110
0010100101011110
0010100100111101
0010100100011100
0010100011111011
0010100011011001
0010100010111000
0010100010010110
0010100001110011
0010100001010001
0010100000101110
0010100000001011
0010011111101000
0010011111000100
0010011110100001
0010011101111101
0010011101011000
0010011100110100
0010011100001111
0010011011101010
0010011011000101
0010011010100000
0010011001111010
0010011001010100
0010011000101110
0010011000001000
0010010111100001
0010010110111010
0010010110010011
0010010101101100
0010010101000100
0010010100011101
0010010011110101
0010010011001100
0010010010100100
0010010001111011
0010010001010010
0010010000101001
0010010000000000
0010001111010110
0010001110101101
0010001110000011
0010001101011000
0010001100101110
0010001100000011
0010001011011000
0010001010101101
0010001010000010
0010001001010110
0010001000101011
0010000111111111
0010000111010011
0010000110100110
0010000101111010
0010000101001101
0010000100100000
0010000011110011
0010000011000101
0010000010011000
0010000001101010
0010000000111100
0010000000001110
0001111111011111
0001111110110001
0001111110000010
0001111101010011
0001111100100100
0001111011110101
0001111011000101
0001111010010101
0001111001100101
0001111000110101
0001111000000101
0001110111010101
0001110110100100
0001110101110011
0001110101000010
0001110100010001
0001110011011111
0001110010101110
0001110001111100
0001110001001010
0001110000011000
0001101111100110
0001101110110011
0001101110000001
0001101101001110
0001101100011011
0001101011101000
0001101010110101
0001101010000001
0001101001001101
0001101000011010
0001100111100110
0001100110110010
0001100101111101
0001100101001001
0001100100010100
0001100011100000
0001100010101011
0001100001110110
0001100001000001
0001100000001011
0001011111010110
0001011110100000
0001011101101010
0001011100110101
0001011011111110
0001011011001000
0001011010010010
0001011001011011
0001011000100101
0001010111101110
0001010110110111
0001010110000000
0001010101001001
0001010100010010
0001010011011010
0001010010100011
0001010001101011
0001010000110011
0001001111111011
0001001111000011
0001001110001011
0001001101010011
0001001100011010
0001001011100010
0001001010101001
0001001001110000
0001001000111000
0001000111111111
0001000111000110
0001000110001100
0001000101010011
0001000100011010
0001000011100000
0001000010100110
0001000001101101
0001000000110011
0000111111111001
0000111110111111
0000111110000101
0000111101001011
0000111100010000
0000111011010110
0000111010011011
0000111001100001
0000111000100110
0000110111101011
0000110110110000
0000110101110101
0000110100111010
0000110011111111
0000110011000100
0000110010001001
0000110001001110
0000110000010010
0000101111010111
0000101110011011
0000101101011111
0000101100100100
0000101011101000
0000101010101100
0000101001110000
0000101000110100
0000100111111000
0000100110111100
0000100110000000
0000100101000100
0000100100000111
0000100011001011
0000100010001111
0000100001010010
0000100000010110
0000011111011001
0000011110011101
0000011101100000
0000011100100011
0000011011100111
0000011010101010
0000011001101101
0000011000110000
0000010111110011
0000010110110110
0000010101111001
0000010100111101
0000010011111111
0000010011000010
0000010010000101
0000010001001000
0000010000001011
0000001111001110
0000001110010001
0000001101010100
0000001100010110
0000001011011001
0000001010011100
0000001001011111
0000001000100001
0000000111100100
0000000110100111
0000000101101001
0000000100101100
0000000011101111
0000000010110001
0000000001110100
0000000000110111
1111111111111001
1111111110111100
1111111101111110
1111111101000001
1111111100000100
1111111011000110
1111111010001001
1111111001001100
1111111000001110
1111110111010001
1111110110010100
1111110101010111
1111110100011001
1111110011011100
1111110010011111
1111110001100010
1111110000100100
1111101111100111
1111101110101010
1111101101101101
1111101100110000
1111101011110011
1111101010110110
1111101001111001
1111101000111100
1111100111111111
1111100111000010
1111100110000101
1111100101001001
1111100100001100
1111100011001111
1111100010010010
1111100001010110
1111100000011001
1111011111011101
1111011110100000
1111011101100100
1111011100100111
1111011011101011
1111011010101111
1111011001110011
1111011000110111
1111010111111010
1111010110111110
1111010110000010
1111010101000111
1111010100001011
1111010011001111
1111010010010011
1111010001011000
1111010000011100
1111001111100001
1111001110100101
1111001101101010
1111001100101111
1111001011110100
1111001010111000
1111001001111101
1111001001000011
1111001000001000
1111000111001101
1111000110010010
1111000101011000
1111000100011101
1111000011100011
1111000010101001
1111000001101110
1111000000110100
1110111111111010
1110111111000000
1110111110000110
1110111101001101
1110111100010011
1110111011011010
1110111010100000
1110111001100111
1110111000101110
1110110111110101
1110110110111100
1110110110000011
1110110101001010
1110110100010010
1110110011011001
1110110010100001
1110110001101000
1110110000110000
1110101111111000
1110101111000000
1110101110001001
1110101101010001
1110101100011001
1110101011100010
1110101010101011
1110101001110100
1110101000111101
1110101000000110
1110100111001111
1110100110011000
1110100101100010
1110100100101100
1110100011110110
1110100011000000
1110100010001010
1110100001010100
1110100000011110
1110011111101001
1110011110110100
1110011101111110
1110011101001001
1110011100010101
1110011011100000
1110011010101011
1110011001110111
1110011001000011
1110011000001111
1110010111011011
1110010110100111
1110010101110011
1110010101000000
1110010100001101
1110010011011010
1110010010100111
1110010001110100
1110010001000001
1110010000001111
1110001111011101
1110001110101011
1110001101111001
1110001101000111
1110001100010110
1110001011100100
1110001010110011
1110001010000010
1110001001010001
1110001000100001
1110000111110000
1110000111000000
1110000110010000
1110000101100000
1110000100110000
1110000100000001
1110000011010010
1110000010100010
1110000001110011
1110000001000101
1110000000010110
1101111111101000
1101111110111010
1101111110001100
1101111101011110
1101111100110000
1101111100000011
1101111011010110
1101111010101001
1101111001111100
1101111001010000
1101111000100011
1101110111110111
1101110111001011
1101110110100000
1101110101110100
1101110101001001
1101110100011110
1101110011110011
1101110011001001
1101110010011110
1101110001110100
1101110001001010
1101110000100000
1101101111110111
1101101111001110
1101101110100100
1101101101111100
1101101101010011
1101101100101011
1101101100000010
1101101011011010
1101101010110011
1101101010001011
1101101001100100
1101101000111101
1101101000010110
1101100111110000
1101100111001001
1101100110100011
1101100101111101
1101100101011000
1101100100110011
1101100100001101
1101100011101000
1101100011000100
1101100010011111
1101100001111011
1101100001010111
1101100000110100
1101100000010000
1101011111101101
1101011111001010
1101011110100111
1101011110000101
1101011101100011
1101011101000001
1101011100011111
1101011011111110
1101011011011101
1101011010111100
1101011010011011
1101011001111011
1101011001011010
1101011000111011
1101011000011011
1101010111111100
1101010111011100
1101010110111110
1101010110011111
1101010110000001
1101010101100010
1101010101000101
1101010100100111
1101010100001010
1101010011101101
1101010011010000
1101010010110100
1101010010010111
1101010001111011
1101010001100000
1101010001000100
1101010000101001
1101010000001110
1101001111110100
1101001111011001
1101001110111111
1101001110100101
1101001110001100
1101001101110011
1101001101011010
1101001101000001
1101001100101000
1101001100010000
1101001011111000
1101001011100001
1101001011001010
1101001010110011
1101001010011100
1101001010000101
1101001001101111
1101001001011001
1101001001000100
1101001000101110
1101001000011001
1101001000000100
1101000111110000
1101000111011100
1101000111001000
1101000110110100
1101000110100001
1101000110001110
1101000101111011
1101000101101000
1101000101010110
1101000101000100
1101000100110011
1101000100100001
1101000100010000
1101000011111111
1101000011101111
1101000011011111
1101000011001111
1101000010111111
1101000010110000
1101000010100001
1101000010010010
1101000010000100
1101000001110110
1101000001101000
1101000001011010
1101000001001101
1101000001000000
1101000000110011
1101000000100111
1101000000011011
1101000000001111
1101000000000100
1100111111111000
1100111111101101
1100111111100011
1100111111011001
1100111111001111
1100111111000101
1100111110111011
1100111110110010
1100111110101001
1100111110100001
1100111110011001
1100111110010001
1100111110001001
1100111110000010
1100111101111011
1100111101110100
1100111101101110
1100111101101000
1100111101100010
1100111101011100
1100111101010111
1100111101010010
1100111101001101
1100111101001001
1100111101000101
1100111101000001
1100111100111110
1100111100111011
1100111100111000
1100111100110101
1100111100110011
1100111100110001
1100111100110000
1100111100101110
1100111100101101
1100111100101101
1100111100101100
1100111100101100
1100111100101100
1100111100101101
1100111100101101
1100111100101111
1100111100110000
1100111100110010
1100111100110100
1100111100110110
1100111100111000
1100111100111011
1100111100111111
1100111101000010
1100111101000110
1100111101001010
1100111101001110
1100111101010011
1100111101011000
1100111101011101
1100111101100011
1100111101101001
1100111101101111
1100111101110110
1100111101111100
1100111110000011
1100111110001011
1100111110010011
1100111110011011
1100111110100011
1100111110101011
1100111110110100
1100111110111101
1100111111000111
1100111111010001
1100111111011011
1100111111100101
1100111111110000
1100111111111011
1101000000000110
1101000000010010
1101000000011110
1101000000101010
1101000000110110
1101000001000011
1101000001010000
1101000001011101
1101000001101011
1101000001111001
1101000010000111
1101000010010101
1101000010100100
1101000010110011
1101000011000011
1101000011010010
1101000011100010
1101000011110011
1101000100000011
1101000100010100
1101000100100101
1101000100110111
1101000101001000
1101000101011010
1101000101101100
1101000101111111
1101000110010010
1101000110100101
1101000110111000
1101000111001100
1101000111100000
1101000111110100
1101001000001001
1101001000011110
1101001000110011
1101001001001000
1101001001011110
1101001001110100
1101001010001010
1101001010100001
1101001010111000
1101001011001111
1101001011100110
1101001011111110
1101001100010110
1101001100101110
1101001101000110
1101001101011111
1101001101111000
1101001110010001
1101001110101011
1101001111000101
1101001111011111
1101001111111001
1101010000010100
1101010000101111
1101010001001010
1101010001100110
1101010010000010
1101010010011110
1101010010111010
1101010011010110
1101010011110011
1101010100010000
1101010100101110
1101010101001011
1101010101101001
1101010110000111
1101010110100110
1101010111000100
1101010111100011
1101011000000010
1101011000100010
1101011001000010
1101011001100010
1101011010000010
1101011010100010
1101011011000011
1101011011100100
1101011100000101
1101011100100111
1101011101001000
1101011101101010
1101011110001101
1101011110101111
1101011111010010
1101011111110101
1101100000011000
1101100000111100
1101100001011111
1101100010000011
1101100010101000
1101100011001100
1101100011110001
1101100100010110
1101100100111011
1101100101100000
1101100110000110
1101100110101100
1101100111010010
1101100111111000
1101101000011111
1101101001000110
1101101001101101
1101101010010100
1101101010111100
1101101011100011
1101101100001011
1101101100110100
1101101101011100
1101101110000101
1101101110101110
1101101111010111
1101110000000000
1101110000101010
1101110001010011
1101110001111101
1101110010101000
1101110011010010
1101110011111101
1101110100101000
1101110101010011
1101110101111110
1101110110101010
1101110111010101
1101111000000001
1101111000101101
1101111001011010
1101111010000110
1101111010110011
1101111011100000
1101111100001101
1101111100111011
1101111101101000
1101111110010110
1101111111000100
1101111111110010
1110000000100001
1110000001001111
1110000001111110
1110000010101101
1110000011011100
1110000100001011
1110000100111011
1110000101101011
1110000110011011
1110000111001011
1110000111111011
1110001000101011
1110001001011100
1110001010001101
1110001010111110
1110001011101111
1110001100100001
1110001101010010
1110001110000100
1110001110110110
1110001111101000
1110010000011010
1110010001001101
1110010001111111
1110010010110010
1110010011100101
1110010100011000
1110010101001011
1110010101111111
1110010110110011
1110010111100110
1110011000011010
1110011001001110
1110011010000011
1110011010110111
1110011011101100
1110011100100000
1110011101010101
1110011110001010
1110011110111111
1110011111110101
1110100000101010
1110100001100000
1110100010010110
1110100011001011
1110100100000010
1110100100111000
1110100101101110
1110100110100101
1110100111011011
1110101000010010
1110101001001001
1110101010000000
1110101010110111
1110101011101110
1110101100100110
1110101101011101
1110101110010101
1110101111001101
1110110000000101
1110110000111101
1110110001110101
1110110010101101
1110110011100110
1110110100011110
1110110101010111
1110110110010000
1110110111001000
1110111000000001
1110111000111010
1110111001110100
1110111010101101
1110111011100110
1110111100100000
1110111101011010
1110111110010011
1110111111001101
1111000000000111
1111000001000001
1111000001111011
1111000010110101
1111000011110000
1111000100101010
1111000101100101
1111000110011111
1111000111011010
1111001000010101
1111001001010000
1111001010001011
1111001011000110
1111001100000001
1111001100111100
1111001101110111
1111001110110010
1111001111101110
1111010000101001
1111010001100101
1111010010100001
1111010011011100
1111010100011000
1111010101010100
1111010110010000
1111010111001100
1111011000001000
1111011001000100
1111011010000000
1111011010111100
1111011011111001
1111011100110101
1111011101110001
1111011110101110
1111011111101010
1111100000100111
1111100001100011
1111100010100000
1111100011011101
1111100100011001
1111100101010110
1111100110010011
1111100111010000
1111101000001101
1111101001001010
1111101010000111
1111101011000011
1111101100000001
1111101100111110
1111101101111011
1111101110111000
1111101111110101
1111110000110010
1111110001101111
1111110010101100
1111110011101010
1111110100100111
1111110101100100
1111110110100001
1111110111011111
1111111000011100
1111111001011001
1111111010010111
1111111011010100
1111111100010001
1111111101001111
1111111110001100
1111111111001001
0000000000000111
0000000001000100
0000000010000010
0000000010111111
0000000011111100
0000000100111010
0000000101110111
0000000110110100
0000000111110010
0000001000101111
0000001001101100
0000001010101001
0000001011100111
0000001100100100
0000001101100001
0000001110011110
0000001111011100
0000010000011001
0000010001010110
0000010010010011
0000010011010000
0000010100001101
0000010101001010
0000010110000111
0000010111000100
0000011000000001
0000011000111110
0000011001111011
0000011010110111
0000011011110100
0000011100110001
0000011101101110
0000011110101010
0000011111100111
0000100000100011
0000100001100000
0000100010011100
0000100011011001
0000100100010101
0000100101010001
0000100110001101
0000100111001001
0000101000000110
0000101001000010
0000101001111110
0000101010111001
0000101011110101
0000101100110001
0000101101101101
0000101110101000
0000101111100100
0000110000011111
0000110001011011
0000110010010110
0000110011010001
0000110100001100
0000110101001000
0000110110000011
0000110110111101
0000110111111000
0000111000110011
0000111001101110
0000111010101000
0000111011100011
0000111100011101
0000111101010111
0000111110010010
0000111111001100
0001000000000110
0001000001000000
0001000001111010
0001000010110011
0001000011101101
0001000100100110
0001000101100000
0001000110011001
0001000111010010
0001001000001011
0001001001000100
0001001001111101
0001001010110110
0001001011101110
0001001100100111
0001001101011111
0001001110011000
0001001111010000
0001010000001000
0001010001000000
0001010001110111
0001010010101111
0001010011100111
0001010100011110
0001010101010101
0001010110001100
0001010111000011
0001010111111010
0001011000110001
0001011001101000
0001011010011110
0001011011010100
0001011100001010
0001011101000000
0001011101110110
0001011110101100
0001011111100010
0001100000010111
0001100001001100
0001100010000010
0001100010110111
0001100011101011
0001100100100000
0001100101010101
0001100110001001
0001100110111101
0001100111110001
0001101000100101
0001101001011001
0001101010001101
0001101011000000
0001101011110011
0001101100100110
0001101101011001
0001101110001100
0001101110111111
0001101111110001
0001110000100011
0001110001010101
0001110010000111
0001110010111001
0001110011101010
0001110100011100
0001110101001101
0001110101111110
0001110110101111
0001110111011111
0001111000010000
0001111001000000
0001111001110000
0001111010100000
0001111011010000
0001111011111111
0001111100101110
0001111101011110
0001111110001101
0001111110111011
0001111111101010
0010000000011000
0010000001000110
0010000001110100
0010000010100010
0010000011010000
0010000011111101
0010000100101010
0010000101010111
0010000110000100
0010000110110000
0010000111011101
0010001000001001
0010001000110101
0010001001100000
0010001010001100
0010001010110111
0010001011100010
0010001100001101
0010001100110111
0010001101100010
0010001110001100
0010001110110110
0010001111100000
0010010000001001
0010010000110010
0010010001011100
0010010010000100
0010010010101101
0010010011010101
0010010011111110
0010010100100110
0010010101001101
0010010101110101
0010010110011100
0010010111000011
0010010111101010
0010011000010000
0010011000110111
0010011001011101
0010011010000011
0010011010101000
0010011011001101
0010011011110011
0010011100011000
0010011100111100
0010011101100001
0010011110000101
0010011110101001
0010011111001100
0010011111110000
0010100000010011
0010100000110110
0010100001011001
0010100001111011
0010100010011101
0010100010111111
0010100011100001
0010100100000010
0010100100100011
0010100101000100
0010100101100101
0010100110000101
0010100110100110
0010100111000101
0010100111100101
0010101000000100
0010101000100100
0010101001000010
0010101001100001
0010101001111111
0010101010011110
0010101010111011
0010101011011001
0010101011110110
0010101100010011
0010101100110000
0010101101001100
0010101101101001
0010101110000101
0010101110100000
0010101110111100
0010101111010111
0010101111110010
0010110000001100
0010110000100111
0010110001000001
0010110001011011
0010110001110100
0010110010001101
0010110010100110
0010110010111111
0010110011011000
0010110011110000
0010110100001000
0010110100011111
0010110100110110
0010110101001101
0010110101100100
0010110101111011
0010110110010001
0010110110100111
0010110110111100
0010110111010010
0010110111100111
0010110111111100
0010111000010000
0010111000100100
0010111000111000
0010111001001100
0010111001011111
0010111001110010
0010111010000101
0010111010011000
0010111010101010
0010111010111100
0010111011001101
0010111011011111
0010111011110000
0010111100000001
0010111100010001
0010111100100001
0010111100110001
0010111101000001
0010111101010000
0010111101011111
0010111101101110
0010111101111100
0010111110001010
0010111110011000
0010111110100110
0010111110110011
0010111111000000
0010111111001101
0010111111011001
0010111111100101
0010111111110001
0010111111111100
0011000000001000
0011000000010011
0011000000011101
0011000000100111
0011000000110001
0011000000111011
0011000001000101
0011000001001110
0011000001010111
0011000001011111
0011000001100111
0011000001101111
0011000001110111
0011000001111110
0011000010000101
0011000010001100
0011000010010010
0011000010011000
0011000010011110
0011000010100100
0011000010101001
0011000010101110
0011000010110011
0011000010110111
0011000010111011
0011000010111111
0011000011000010
0011000011000101
0011000011001000
0011000011001011
0011000011001101
0011000011001111
0011000011010000
0011000011010010
0011000011010011
0011000011010011
0011000011010100
0011000011010100
0011000011010100
0011000011010011
0011000011010011
0011000011010001
0011000011010000
0011000011001110
0011000011001100
0011000011001010
0011000011001000
0011000011000101
0011000011000001
0011000010111110
0011000010111010
0011000010110110
0011000010110010
0011000010101101
0011000010101000
0011000010100011
0011000010011101
0011000010010111
0011000010010001
0011000010001010
0011000010000100
0011000001111101
0011000001110101
0011000001101101
0011000001100101
0011000001011101
0011000001010101
0011000001001100
0011000001000011
0011000000111001
0011000000101111
0011000000100101
0011000000011011
0011000000010000
0011000000000101
0010111111111010
0010111111101110
0010111111100010
0010111111010110
0010111111001010
0010111110111101
0010111110110000
0010111110100011
0010111110010101
0010111110000111
0010111101111001
0010111101101011
0010111101011100
0010111101001101
0010111100111101
0010111100101110
0010111100011110
0010111100001101
0010111011111101
0010111011101100
0010111011011011
0010111011001001
0010111010111000
0010111010100110
0010111010010100
0010111010000001
0010111001101110
0010111001011011
0010111001001000
0010111000110100
0010111000100000
0010111000001100
0010110111110111
0010110111100010
0010110111001101
0010110110111000
0010110110100010
0010110110001100
0010110101110110
0010110101011111
0010110101001000
0010110100110001
0010110100011010
0010110100000010
0010110011101010
0010110011010010
0010110010111010
0010110010100001
0010110010001000
0010110001101111
0010110001010101
0010110000111011
0010110000100001
0010110000000111
0010101111101100
0010101111010001
0010101110110110
0010101110011010
0010101101111110
0010101101100010
0010101101000110
0010101100101010
0010101100001101
0010101011110000
0010101011010010
0010101010110101
0010101010010111
0010101001111001
0010101001011010
0010101000111100
0010101000011101
0010100111111110
0010100111011110
0010100110111110
0010100110011110
0010100101111110
0010100101011110
0010100100111101
0010100100011100
0010100011111011
0010100011011001
0010100010111000
0010100010010110
0010100001110011
0010100001010001
0010100000101110
0010100000001011
0010011111101000
0010011111000100
0010011110100001
0010011101111101
0010011101011000
0010011100110100
0010011100001111
0010011011101010
0010011011000101
0010011010100000
0010011001111010
0010011001010100
0010011000101110
0010011000001000
0010010111100001
0010010110111010
0010010110010011
0010010101101100
0010010101000100
0010010100011101
0010010011110101
0010010011001100
0010010010100100
0010010001111011
0010010001010010
0010010000101001
0010010000000000
0010001111010110
0010001110101101
0010001110000011
0010001101011000
0010001100101110
0010001100000011
0010001011011000
0010001010101101
0010001010000010
0010001001010110
0010001000101011
0010000111111111
0010000111010011
0010000110100110
0010000101111010
0010000101001101
0010000100100000
0010000011110011
0010000011000101
0010000010011000
0010000001101010
0010000000111100
0010000000001110
0001111111011111
0001111110110001
0001111110000010
0001111101010011
0001111100100100
0001111011110101
0001111011000101
0001111010010101
0001111001100101
0001111000110101
0001111000000101
0001110111010101
0001110110100100
0001110101110011
0001110101000010
0001110100010001
0001110011011111
0001110010101110
0001110001111100
0001110001001010
0001110000011000
0001101111100110
0001101110110011
0001101110000001
0001101101001110
0001101100011011
0001101011101000
0001101010110101
0001101010000001
0001101001001101
0001101000011010
0001100111100110
0001100110110010
0001100101111101
0001100101001001
0001100100010100
0001100011100000
0001100010101011
0001100001110110
0001100001000001
0001100000001011
0001011111010110
0001011110100000
0001011101101010
0001011100110101
0001011011111110
0001011011001000
0001011010010010
0001011001011011
0001011000100101
0001010111101110
0001010110110111
0001010110000000
0001010101001001
0001010100010010
0001010011011010
0001010010100011
0001010001101011
0001010000110011
0001001111111011
0001001111000011
0001001110001011
0001001101010011
0001001100011010
0001001011100010
0001001010101001
0001001001110000
0001001000111000
0001000111111111
0001000111000110
0001000110001100
0001000101010011
0001000100011010
0001000011100000
0001000010100110
0001000001101101
0001000000110011
0000111111111001
0000111110111111
0000111110000101
0000111101001011
0000111100010000
0000111011010110
0000111010011011
0000111001100001
0000111000100110
0000110111101011
0000110110110000
0000110101110101
0000110100111010
0000110011111111
0000110011000100
0000110010001001
0000110001001110
0000110000010010
0000101111010111
0000101110011011
0000101101011111
0000101100100100
0000101011101000
0000101010101100
0000101001110000
0000101000110100
0000100111111000
0000100110111100
0000100110000000
0000100101000100
0000100100000111
0000100011001011
0000100010001111
0000100001010010
0000100000010110
0000011111011001
0000011110011101
0000011101100000
0000011100100011
0000011011100111
0000011010101010
0000011001101101
0000011000110000
0000010111110011
0000010110110110
0000010101111001
0000010100111101
0000010011111111
0000010011000010
0000010010000101
0000010001001000
0000010000001011
0000001111001110
0000001110010001
0000001101010100
0000001100010110
0000001011011001
0000001010011100
0000001001011111
0000001000100001
0000000111100100
0000000110100111
0000000101101001
0000000100101100
0000000011101111
0000000010110001
0000000001110100
0000000000110111
1111111111111001
1111111110111100
1111111101111110
1111111101000001
1111111100000100
1111111011000110
1111111010001001
1111111001001100
1111111000001110
1111110111010001
1111110110010100
1111110101010111
1111110100011001
1111110011011100
1111110010011111
1111110001100010
1111110000100100
1111101111100111
1111101110101010
1111101101101101
1111101100110000
1111101011110011
1111101010110110
1111101001111001
1111101000111100
1111100111111111
1111100111000010
1111100110000101
1111100101001001
1111100100001100
1111100011001111
1111100010010010
1111100001010110
1111100000011001
1111011111011101
1111011110100000
1111011101100100
1111011100100111
1111011011101011
1111011010101111
1111011001110011
1111011000110111
1111010111111010
1111010110111110
1111010110000010
1111010101000111
1111010100001011
1111010011001111
1111010010010011
1111010001011000
1111010000011100
1111001111100001
1111001110100101
1111001101101010
1111001100101111
1111001011110100
1111001010111000
1111001001111101
1111001001000011
1111001000001000
1111000111001101
1111000110010010
1111000101011000
1111000100011101
1111000011100011
1111000010101001
1111000001101110
1111000000110100
1110111111111010
1110111111000000
1110111110000110
1110111101001101
1110111100010011
1110111011011010
1110111010100000
1110111001100111
1110111000101110
1110110111110101
1110110110111100
1110110110000011
1110110101001010
1110110100010010
1110110011011001
1110110010100001
1110110001101000
1110110000110000
1110101111111000
1110101111000000
1110101110001001
1110101101010001
1110101100011001
1110101011100010
1110101010101011
1110101001110100
1110101000111101
1110101000000110
1110100111001111
1110100110011000
1110100101100010
1110100100101100
1110100011110110
1110100011000000
1110100010001010
1110100001010100
1110100000011110
1110011111101001
1110011110110100
1110011101111110
1110011101001001
1110011100010101
1110011011100000
1110011010101011
1110011001110111
1110011001000011
1110011000001111
1110010111011011
1110010110100111
1110010101110011
1110010101000000
1110010100001101
1110010011011010
1110010010100111
1110010001110100
1110010001000001
1110010000001111
1110001111011101
1110001110101011
1110001101111001
1110001101000111
1110001100010110
1110001011100100
1110001010110011
1110001010000010
1110001001010001
1110001000100001
1110000111110000
1110000111000000
1110000110010000
1110000101100000
1110000100110000
1110000100000001
1110000011010010
1110000010100010
1110000001110011
1110000001000101
1110000000010110
1101111111101000
1101111110111010
1101111110001100
1101111101011110
1101111100110000
1101111100000011
1101111011010110
1101111010101001
1101111001111100
1101111001010000
1101111000100011
1101110111110111
1101110111001011
1101110110100000
1101110101110100
1101110101001001
1101110100011110
1101110011110011
1101110011001001
1101110010011110
1101110001110100
1101110001001010
1101110000100000
1101101111110111
1101101111001110
1101101110100100
1101101101111100
1101101101010011
1101101100101011
1101101100000010
1101101011011010
1101101010110011
1101101010001011
1101101001100100
1101101000111101
1101101000010110
1101100111110000
1101100111001001
1101100110100011
1101100101111101
1101100101011000
1101100100110011
1101100100001101
1101100011101000
1101100011000100
1101100010011111
1101100001111011
1101100001010111
1101100000110100
1101100000010000
1101011111101101
1101011111001010
1101011110100111
1101011110000101
1101011101100011
1101011101000001
1101011100011111
1101011011111110
1101011011011101
1101011010111100
1101011010011011
1101011001111011
1101011001011010
1101011000111011
1101011000011011
1101010111111100
1101010111011100
1101010110111110
1101010110011111
1101010110000001
1101010101100010
1101010101000101
1101010100100111
1101010100001010
1101010011101101
1101010011010000
1101010010110100
1101010010010111
1101010001111011
1101010001100000
1101010001000100
1101010000101001
1101010000001110
1101001111110100
1101001111011001
1101001110111111
1101001110100101
1101001110001100
1101001101110011
1101001101011010
1101001101000001
1101001100101000
1101001100010000
1101001011111000
1101001011100001
1101001011001010
1101001010110011
1101001010011100
1101001010000101
1101001001101111
1101001001011001
1101001001000100
1101001000101110
1101001000011001
1101001000000100
1101000111110000
1101000111011100
1101000111001000
1101000110110100
1101000110100001
1101000110001110
1101000101111011
1101000101101000
1101000101010110
1101000101000100
1101000100110011
1101000100100001
1101000100010000
1101000011111111
1101000011101111
1101000011011111
1101000011001111
1101000010111111
1101000010110000
1101000010100001
1101000010010010
1101000010000100
1101000001110110
1101000001101000
1101000001011010
1101000001001101
1101000001000000
1101000000110011
1101000000100111
1101000000011011
1101000000001111
1101000000000100
1100111111111000
1100111111101101
1100111111100011
1100111111011001
1100111111001111
1100111111000101
1100111110111011
1100111110110010
1100111110101001
1100111110100001
1100111110011001
1100111110010001
1100111110001001
1100111110000010
1100111101111011
1100111101110100
1100111101101110
1100111101101000
1100111101100010
1100111101011100
1100111101010111
1100111101010010
1100111101001101
1100111101001001
1100111101000101
1100111101000001
1100111100111110
1100111100111011
1100111100111000
1100111100110101
1100111100110011
1100111100110001
1100111100110000
1100111100101110
1100111100101101
1100111100101101
1100111100101100
1100111100101100
1100111100101100
1100111100101101
1100111100101101
1100111100101111
1100111100110000
1100111100110010
1100111100110100
1100111100110110
1100111100111000
1100111100111011
1100111100111111
1100111101000010
1100111101000110
1100111101001010
1100111101001110
1100111101010011
1100111101011000
1100111101011101
1100111101100011
1100111101101001
1100111101101111
1100111101110110
1100111101111100
1100111110000011
1100111110001011
1100111110010011
1100111110011011
1100111110100011
1100111110101011
1100111110110100
1100111110111101
1100111111000111
1100111111010001
1100111111011011
1100111111100101
1100111111110000
1100111111111011
1101000000000110
1101000000010010
1101000000011110
1101000000101010
1101000000110110
1101000001000011
1101000001010000
1101000001011101
1101000001101011
1101000001111001
1101000010000111
1101000010010101
1101000010100100
1101000010110011
1101000011000011
1101000011010010
1101000011100010
1101000011110011
1101000100000011
1101000100010100
1101000100100101
1101000100110111
1101000101001000
1101000101011010
1101000101101100
1101000101111111
1101000110010010
1101000110100101
1101000110111000
1101000111001100
1101000111100000
1101000111110100
1101001000001001
1101001000011110
1101001000110011
1101001001001000
1101001001011110
1101001001110100
1101001010001010
1101001010100001
1101001010111000
1101001011001111
1101001011100110
1101001011111110
1101001100010110
1101001100101110
1101001101000110
1101001101011111
1101001101111000
1101001110010001
1101001110101011
1101001111000101
1101001111011111
1101001111111001
1101010000010100
1101010000101111
1101010001001010
1101010001100110
1101010010000010
1101010010011110
1101010010111010
1101010011010110
1101010011110011
1101010100010000
1101010100101110
1101010101001011
1101010101101001
1101010110000111
1101010110100110
1101010111000100
1101010111100011
1101011000000010
1101011000100010
1101011001000010
1101011001100010
1101011010000010
1101011010100010
1101011011000011
1101011011100100
1101011100000101
1101011100100111
1101011101001000
1101011101101010
1101011110001101
1101011110101111
1101011111010010
1101011111110101
1101100000011000
1101100000111100
1101100001011111
1101100010000011
1101100010101000
1101100011001100
1101100011110001
1101100100010110
1101100100111011
1101100101100000
1101100110000110
1101100110101100
1101100111010010
1101100111111000
1101101000011111
1101101001000110
1101101001101101
1101101010010100
1101101010111100
1101101011100011
1101101100001011
1101101100110100
1101101101011100
1101101110000101
1101101110101110
1101101111010111
1101110000000000
1101110000101010
1101110001010011
1101110001111101
1101110010101000
1101110011010010
1101110011111101
1101110100101000
1101110101010011
1101110101111110
1101110110101010
1101110111010101
1101111000000001
1101111000101101
1101111001011010
1101111010000110
1101111010110011
1101111011100000
1101111100001101
1101111100111011
1101111101101000
1101111110010110
1101111111000100
1101111111110010
1110000000100001
1110000001001111
1110000001111110
1110000010101101
1110000011011100
1110000100001011
1110000100111011
1110000101101011
1110000110011011
1110000111001011
1110000111111011
1110001000101011
1110001001011100
1110001010001101
1110001010111110
1110001011101111
1110001100100001
1110001101010010
1110001110000100
1110001110110110
1110001111101000
1110010000011010
1110010001001101
1110010001111111
1110010010110010
1110010011100101
1110010100011000
1110010101001011
1110010101111111
1110010110110011
1110010111100110
1110011000011010
1110011001001110
1110011010000011
1110011010110111
1110011011101100
1110011100100000
1110011101010101
1110011110001010
1110011110111111
1110011111110101
1110100000101010
1110100001100000
1110100010010110
1110100011001011
1110100100000010
1110100100111000
1110100101101110
1110100110100101
1110100111011011
1110101000010010
1110101001001001
1110101010000000
1110101010110111
1110101011101110
1110101100100110
1110101101011101
1110101110010101
1110101111001101
1110110000000101
1110110000111101
1110110001110101
1110110010101101
1110110011100110
1110110100011110
1110110101010111
1110110110010000
1110110111001000
1110111000000001
1110111000111010
1110111001110100
1110111010101101
1110111011100110
1110111100100000
1110111101011010
1110111110010011
1110111111001101
1111000000000111
1111000001000001
1111000001111011
1111000010110101
1111000011110000
1111000100101010
1111000101100101
1111000110011111
1111000111011010
1111001000010101
1111001001010000
1111001010001011
1111001011000110
1111001100000001
1111001100111100
1111001101110111
1111001110110010
1111001111101110
1111010000101001
1111010001100101
1111010010100001
1111010011011100
1111010100011000
1111010101010100
1111010110010000
1111010111001100
1111011000001000
1111011001000100
1111011010000000
1111011010111100
1111011011111001
1111011100110101
1111011101110001
1111011110101110
1111011111101010
1111100000100111
1111100001100011
1111100010100000
1111100011011101
1111100100011001
1111100101010110
1111100110010011
1111100111010000
1111101000001101
1111101001001010
1111101010000111
1111101011000011
1111101100000001
1111101100111110
1111101101111011
1111101110111000
1111101111110101
1111110000110010
1111110001101111
1111110010101100
1111110011101010
1111110100100111
1111110101100100
1111110110100001
1111110111011111
1111111000011100
1111111001011001
1111111010010111
1111111011010100
1111111100010001
1111111101001111
1111111110001100
1111111111001001
0000000000000111
0000000001000100
0000000010000010
0000000010111111
0000000011111100
0000000100111010
0000000101110111
0000000110110100
0000000111110010
0000001000101111
0000001001101100
0000001010101001
0000001011100111
0000001100100100
0000001101100001
0000001110011110
0000001111011100
0000010000011001
0000010001010110
0000010010010011
0000010011010000
0000010100001101
0000010101001010
0000010110000111
0000010111000100
0000011000000001
0000011000111110
0000011001111011
0000011010110111
0000011011110100
0000011100110001
0000011101101110
0000011110101010
0000011111100111
0000100000100011
0000100001100000
0000100010011100
0000100011011001
0000100100010101
0000100101010001
0000100110001101
0000100111001001
0000101000000110
0000101001000010
0000101001111110
0000101010111001
0000101011110101
0000101100110001
0000101101101101
0000101110101000
0000101111100100
0000110000011111
0000110001011011
0000110010010110
0000110011010001
0000110100001100
0000110101001000
0000110110000011
0000110110111101
0000110111111000
0000111000110011
0000111001101110
0000111010101000
0000111011100011
0000111100011101
0000111101010111
0000111110010010
0000111111001100
0001000000000110
0001000001000000
0001000001111010
0001000010110011
0001000011101101
0001000100100110
0001000101100000
0001000110011001
0001000111010010
0001001000001011
0001001001000100
0001001001111101
0001001010110110
0001001011101110
0001001100100111
0001001101011111
0001001110011000
0001001111010000
0001010000001000
0001010001000000
0001010001110111
0001010010101111
0001010011100111
0001010100011110
0001010101010101
0001010110001100
0001010111000011
0001010111111010
0001011000110001
0001011001101000
0001011010011110
0001011011010100
0001011100001010
0001011101000000
0001011101110110
0001011110101100
0001011111100010
0001100000010111
0001100001001100
0001100010000010
0001100010110111
0001100011101011
0001100100100000
0001100101010101
0001100110001001
0001100110111101
0001100111110001
0001101000100101
0001101001011001
0001101010001101
0001101011000000
0001101011110011
0001101100100110
0001101101011001
0001101110001100
0001101110111111
0001101111110001
0001110000100011
0001110001010101
0001110010000111
0001110010111001
0001110011101010
0001110100011100
0001110101001101
0001110101111110
0001110110101111
0001110111011111
0001111000010000
0001111001000000
0001111001110000
0001111010100000
0001111011010000
0001111011111111
0001111100101110
0001111101011110
0001111110001101
0001111110111011
0001111111101010
0010000000011000
0010000001000110
0010000001110100
0010000010100010
0010000011010000
0010000011111101
0010000100101010
0010000101010111
0010000110000100
0010000110110000
0010000111011101
0010001000001001
0010001000110101
0010001001100000
0010001010001100
0010001010110111
0010001011100010
0010001100001101
0010001100110111
0010001101100010
0010001110001100
0010001110110110
0010001111100000
0010010000001001
0010010000110010
0010010001011100
0010010010000100
0010010010101101
0010010011010101
0010010011111110
0010010100100110
0010010101001101
0010010101110101
0010010110011100
0010010111000011
0010010111101010
0010011000010000
0010011000110111
0010011001011101
0010011010000011
0010011010101000
0010011011001101
0010011011110011
0010011100011000
0010011100111100
0010011101100001
0010011110000101
0010011110101001
0010011111001100
0010011111110000
0010100000010011
0010100000110110
0010100001011001
0010100001111011
0010100010011101
0010100010111111
0010100011100001
0010100100000010
0010100100100011
0010100101000100
0010100101100101
0010100110000101
0010100110100110
0010100111000101
0010100111100101
0010101000000100
0010101000100100
0010101001000010
0010101001100001
0010101001111111
0010101010011110
0010101010111011
0010101011011001
0010101011110110
0010101100010011
0010101100110000
0010101101001100
0010101101101001
0010101110000101
0010101110100000
0010101110111100
0010101111010111
0010101111110010
0010110000001100
0010110000100111
0010110001000001
0010110001011011
0010110001110100
0010110010001101
0010110010100110
0010110010111111
0010110011011000
0010110011110000
0010110100001000
0010110100011111
0010110100110110
0010110101001101
0010110101100100
0010110101111011
0010110110010001
0010110110100111
0010110110111100
0010110111010010
0010110111100111
0010110111111100
0010111000010000
0010111000100100
0010111000111000
0010111001001100
0010111001011111
0010111001110010
0010111010000101
0010111010011000
0010111010101010
0010111010111100
0010111011001101
0010111011011111
0010111011110000
0010111100000001
0010111100010001
0010111100100001
0010111100110001
0010111101000001
0010111101010000
0010111101011111
0010111101101110
0010111101111100
0010111110001010
0010111110011000
0010111110100110
0010111110110011
0010111111000000
0010111111001101
0010111111011001
0010111111100101
0010111111110001
0010111111111100
0011000000001000
0011000000010011
0011000000011101
0011000000100111
0011000000110001
0011000000111011
0011000001000101
0011000001001110
0011000001010111
0011000001011111
0011000001100111
0011000001101111
0011000001110111
0011000001111110
0011000010000101
0011000010001100
0011000010010010
0011000010011000
0011000010011110
0011000010100100
0011000010101001
0011000010101110
0011000010110011
0011000010110111
0011000010111011
0011000010111111
0011000011000010
0011000011000101
0011000011001000
0011000011001011
0011000011001101
0011000011001111
0011000011010000
0011000011010010
0011000011010011
0011000011010011
0011000011010100
0011000011010100
0011000011010100
0011000011010011
0011000011010011
0011000011010001
0011000011010000
0011000011001110
0011000011001100
0011000011001010
0011000011001000
0011000011000101
0011000011000001
0011000010111110
0011000010111010
0011000010110110
0011000010110010
0011000010101101
0011000010101000
0011000010100011
0011000010011101
0011000010010111
0011000010010001
0011000010001010
0011000010000100
0011000001111101
0011000001110101
0011000001101101
0011000001100101
0011000001011101
0011000001010101
0011000001001100
0011000001000011
0011000000111001
0011000000101111
0011000000100101
0011000000011011
0011000000010000
0011000000000101
0010111111111010
0010111111101110
0010111111100010
0010111111010110
0010111111001010
0010111110111101
0010111110110000
0010111110100011
0010111110010101
0010111110000111
0010111101111001
0010111101101011
0010111101011100
0010111101001101
0010111100111101
0010111100101110
0010111100011110
0010111100001101
0010111011111101
0010111011101100
0010111011011011
0010111011001001
0010111010111000
0010111010100110
0010111010010100
0010111010000001
0010111001101110
0010111001011011
0010111001001000
0010111000110100
0010111000100000
0010111000001100
0010110111110111
0010110111100010
0010110111001101
0010110110111000
0010110110100010
0010110110001100
0010110101110110
0010110101011111
0010110101001000
0010110100110001
0010110100011010
0010110100000010
0010110011101010
0010110011010010
0010110010111010
0010110010100001
0010110010001000
0010110001101111
0010110001010101
0010110000111011
0010110000100001
0010110000000111
0010101111101100
0010101111010001
0010101110110110
0010101110011010
0010101101111110
0010101101100010
0010101101000110
0010101100101010
0010101100001101
0010101011110000
0010101011010010
0010101010110101
0010101010010111
0010101001111001
0010101001011010
0010101000111100
0010101000011101
0010100111111110
0010100111011110
0010100110111110
0010100110011110
0010100101111110
0010100101011110
0010100100111101
0010100100011100
0010100011111011
0010100011011001
0010100010111000
0010100010010110
0010100001110011
0010100001010001
0010100000101110
0010100000001011
0010011111101000
0010011111000100
0010011110100001
0010011101111101
0010011101011000
0010011100110100
0010011100001111
0010011011101010
0010011011000101
0010011010100000
0010011001111010
0010011001010100
0010011000101110
0010011000001000
0010010111100001
0010010110111010
0010010110010011
0010010101101100
0010010101000100
0010010100011101
0010010011110101
0010010011001100
0010010010100100
0010010001111011
0010010001010010
0010010000101001
0010010000000000
0010001111010110
0010001110101101
0010001110000011
0010001101011000
0010001100101110
0010001100000011
0010001011011000
0010001010101101
0010001010000010
0010001001010110
0010001000101011
0010000111111111
0010000111010011
0010000110100110
0010000101111010
0010000101001101
0010000100100000
0010000011110011
0010000011000101
0010000010011000
0010000001101010
0010000000111100
0010000000001110
0001111111011111
0001111110110001
0001111110000010
0001111101010011
0001111100100100
0001111011110101
0001111011000101
0001111010010101
0001111001100101
0001111000110101
0001111000000101
0001110111010101
0001110110100100
0001110101110011
0001110101000010
0001110100010001
0001110011011111
0001110010101110
0001110001111100
0001110001001010
0001110000011000
0001101111100110
0001101110110011
0001101110000001
0001101101001110
0001101100011011
0001101011101000
0001101010110101
0001101010000001
0001101001001101
0001101000011010
0001100111100110
0001100110110010
0001100101111101
0001100101001001
0001100100010100
0001100011100000
0001100010101011
0001100001110110
0001100001000001
0001100000001011
0001011111010110
0001011110100000
0001011101101010
0001011100110101
0001011011111110
0001011011001000
0001011010010010
0001011001011011
0001011000100101
0001010111101110
0001010110110111
0001010110000000
0001010101001001
0001010100010010
0001010011011010
0001010010100011
0001010001101011
0001010000110011
0001001111111011
0001001111000011
0001001110001011
0001001101010011
0001001100011010
0001001011100010
0001001010101001
0001001001110000
0001001000111000
0001000111111111
0001000111000110
0001000110001100
0001000101010011
0001000100011010
0001000011100000
0001000010100110
0001000001101101
0001000000110011
0000111111111001
0000111110111111
0000111110000101
0000111101001011
0000111100010000
0000111011010110
0000111010011011
0000111001100001
0000111000100110
0000110111101011
0000110110110000
0000110101110101
0000110100111010
0000110011111111
0000110011000100
0000110010001001
0000110001001110
0000110000010010
0000101111010111
0000101110011011
0000101101011111
0000101100100100
0000101011101000
0000101010101100
0000101001110000
0000101000110100
0000100111111000
0000100110111100
0000100110000000
0000100101000100
0000100100000111
0000100011001011
0000100010001111
0000100001010010
0000100000010110
0000011111011001
0000011110011101
0000011101100000
0000011100100011
0000011011100111
0000011010101010
0000011001101101
0000011000110000
0000010111110011
0000010110110110
0000010101111001
0000010100111101
0000010011111111
0000010011000010
0000010010000101
0000010001001000
0000010000001011
0000001111001110
0000001110010001
0000001101010100
0000001100010110
0000001011011001
0000001010011100
0000001001011111
0000001000100001
0000000111100100
0000000110100111
0000000101101001
0000000100101100
0000000011101111
0000000010110001
0000000001110100
0000000000110111
1111111111111001
1111111110111100
1111111101111110
1111111101000001
1111111100000100
1111111011000110
1111111010001001
1111111001001100
1111111000001110
1111110111010001
1111110110010100
1111110101010111
1111110100011001
1111110011011100
1111110010011111
1111110001100010
1111110000100100
1111101111100111
1111101110101010
1111101101101101
1111101100110000
1111101011110011
1111101010110110
1111101001111001
1111101000111100
1111100111111111
1111100111000010
1111100110000101
1111100101001001
1111100100001100
1111100011001111
1111100010010010
1111100001010110
1111100000011001
1111011111011101
1111011110100000
1111011101100100
1111011100100111
1111011011101011
1111011010101111
1111011001110011
1111011000110111
1111010111111010
1111010110111110
1111010110000010
1111010101000111
1111010100001011
1111010011001111
1111010010010011
1111010001011000
1111010000011100
1111001111100001
1111001110100101
1111001101101010
1111001100101111
1111001011110100
1111001010111000
1111001001111101
1111001001000011
1111001000001000
1111000111001101
1111000110010010
1111000101011000
1111000100011101
1111000011100011
1111000010101001
1111000001101110
1111000000110100
1110111111111010
1110111111000000
1110111110000110
1110111101001101
1110111100010011
1110111011011010
1110111010100000
1110111001100111
1110111000101110
1110110111110101
1110110110111100
1110110110000011
1110110101001010
1110110100010010
1110110011011001
1110110010100001
1110110001101000
1110110000110000
1110101111111000
1110101111000000
1110101110001001
1110101101010001
1110101100011001
1110101011100010
1110101010101011
1110101001110100
1110101000111101
1110101000000110
1110100111001111
1110100110011000
1110100101100010
1110100100101100
1110100011110110
1110100011000000
1110100010001010
1110100001010100
1110100000011110
1110011111101001
1110011110110100
1110011101111110
1110011101001001
1110011100010101
1110011011100000
1110011010101011
1110011001110111
1110011001000011
1110011000001111
1110010111011011
1110010110100111
1110010101110011
1110010101000000
1110010100001101
1110010011011010
1110010010100111
1110010001110100
1110010001000001
1110010000001111
1110001111011101
1110001110101011
1110001101111001
1110001101000111
1110001100010110
1110001011100100
1110001010110011
1110001010000010
1110001001010001
1110001000100001
1110000111110000
1110000111000000
1110000110010000
1110000101100000
1110000100110000
1110000100000001
1110000011010010
1110000010100010
1110000001110011
1110000001000101
1110000000010110
1101111111101000
1101111110111010
1101111110001100
1101111101011110
1101111100110000
1101111100000011
1101111011010110
1101111010101001
1101111001111100
1101111001010000
1101111000100011
1101110111110111
1101110111001011
1101110110100000
1101110101110100
1101110101001001
1101110100011110
1101110011110011
1101110011001001
1101110010011110
1101110001110100
1101110001001010
1101110000100000
1101101111110111
1101101111001110
1101101110100100
1101101101111100
1101101101010011
1101101100101011
1101101100000010
1101101011011010
1101101010110011
1101101010001011
1101101001100100
1101101000111101
1101101000010110
1101100111110000
1101100111001001
1101100110100011
1101100101111101
1101100101011000
1101100100110011
1101100100001101
1101100011101000
1101100011000100
1101100010011111
1101100001111011
1101100001010111
1101100000110100
1101100000010000
1101011111101101
1101011111001010
1101011110100111
1101011110000101
1101011101100011
1101011101000001
1101011100011111
1101011011111110
1101011011011101
1101011010111100
1101011010011011
1101011001111011
1101011001011010
1101011000111011
1101011000011011
1101010111111100
1101010111011100
1101010110111110
1101010110011111
1101010110000001
1101010101100010
1101010101000101
1101010100100111
1101010100001010
1101010011101101
1101010011010000
1101010010110100
1101010010010111
1101010001111011
1101010001100000
1101010001000100
1101010000101001
1101010000001110
1101001111110100
1101001111011001
1101001110111111
1101001110100101
1101001110001100
1101001101110011
1101001101011010
1101001101000001
1101001100101000
1101001100010000
1101001011111000
1101001011100001
1101001011001010
1101001010110011
1101001010011100
1101001010000101
1101001001101111
1101001001011001
1101001001000100
1101001000101110
1101001000011001
1101001000000100
1101000111110000
1101000111011100
1101000111001000
1101000110110100
1101000110100001
1101000110001110
1101000101111011
1101000101101000
1101000101010110
1101000101000100
1101000100110011
1101000100100001
1101000100010000
1101000011111111
1101000011101111
1101000011011111
1101000011001111
1101000010111111
1101000010110000
1101000010100001
1101000010010010
1101000010000100
1101000001110110
1101000001101000
1101000001011010
1101000001001101
1101000001000000
1101000000110011
1101000000100111
1101000000011011
1101000000001111
1101000000000100
1100111111111000
1100111111101101
1100111111100011
1100111111011001
1100111111001111
1100111111000101
1100111110111011
1100111110110010
1100111110101001
1100111110100001
1100111110011001
1100111110010001
1100111110001001
1100111110000010
1100111101111011
1100111101110100
1100111101101110
1100111101101000
1100111101100010
1100111101011100
1100111101010111
1100111101010010
1100111101001101
1100111101001001
1100111101000101
1100111101000001
1100111100111110
1100111100111011
1100111100111000
1100111100110101
1100111100110011
1100111100110001
1100111100110000
1100111100101110
1100111100101101
1100111100101101
1100111100101100
1100111100101100
1100111100101100
1100111100101101
1100111100101101
1100111100101111
1100111100110000
1100111100110010
1100111100110100
1100111100110110
1100111100111000
1100111100111011
1100111100111111
1100111101000010
1100111101000110
1100111101001010
1100111101001110
1100111101010011
1100111101011000
1100111101011101
1100111101100011
1100111101101001
1100111101101111
1100111101110110
1100111101111100
1100111110000011
1100111110001011
1100111110010011
1100111110011011
1100111110100011
1100111110101011
1100111110110100
1100111110111101
1100111111000111
1100111111010001
1100111111011011
1100111111100101
1100111111110000
1100111111111011
1101000000000110
1101000000010010
1101000000011110
1101000000101010
1101000000110110
1101000001000011
1101000001010000
1101000001011101
1101000001101011
1101000001111001
1101000010000111
1101000010010101
1101000010100100
1101000010110011
1101000011000011
1101000011010010
1101000011100010
1101000011110011
1101000100000011
1101000100010100
1101000100100101
1101000100110111
1101000101001000
1101000101011010
1101000101101100
1101000101111111
1101000110010010
1101000110100101
1101000110111000
1101000111001100
1101000111100000
1101000111110100
1101001000001001
1101001000011110
1101001000110011
1101001001001000
1101001001011110
1101001001110100
1101001010001010
1101001010100001
1101001010111000
1101001011001111
1101001011100110
1101001011111110
1101001100010110
1101001100101110
1101001101000110
1101001101011111
1101001101111000
1101001110010001
1101001110101011
1101001111000101
1101001111011111
1101001111111001
1101010000010100
1101010000101111
1101010001001010
1101010001100110
1101010010000010
1101010010011110
1101010010111010
1101010011010110
1101010011110011
1101010100010000
1101010100101110
1101010101001011
1101010101101001
1101010110000111
1101010110100110
1101010111000100
1101010111100011
1101011000000010
1101011000100010
1101011001000010
1101011001100010
1101011010000010
1101011010100010
1101011011000011
1101011011100100
1101011100000101
1101011100100111
1101011101001000
1101011101101010
1101011110001101
1101011110101111
1101011111010010
1101011111110101
1101100000011000
1101100000111100
1101100001011111
1101100010000011
1101100010101000
1101100011001100
1101100011110001
1101100100010110
1101100100111011
1101100101100000
1101100110000110
1101100110101100
1101100111010010
1101100111111000
1101101000011111
1101101001000110
1101101001101101
1101101010010100
1101101010111100
1101101011100011
1101101100001011
1101101100110100
1101101101011100
1101101110000101
1101101110101110
1101101111010111
1101110000000000
1101110000101010
1101110001010011
1101110001111101
1101110010101000
1101110011010010
1101110011111101
1101110100101000
1101110101010011
1101110101111110
1101110110101010
1101110111010101
1101111000000001
1101111000101101
1101111001011010
1101111010000110
1101111010110011
1101111011100000
1101111100001101
1101111100111011
1101111101101000
1101111110010110
1101111111000100
1101111111110010
1110000000100001
1110000001001111
1110000001111110
1110000010101101
1110000011011100
1110000100001011
1110000100111011
1110000101101011
1110000110011011
1110000111001011
1110000111111011
1110001000101011
1110001001011100
1110001010001101
1110001010111110
1110001011101111
1110001100100001
1110001101010010
1110001110000100
1110001110110110
1110001111101000
1110010000011010
1110010001001101
1110010001111111
1110010010110010
1110010011100101
1110010100011000
1110010101001011
1110010101111111
1110010110110011
1110010111100110
1110011000011010
1110011001001110
1110011010000011
1110011010110111
1110011011101100
1110011100100000
1110011101010101
1110011110001010
1110011110111111
1110011111110101
1110100000101010
1110100001100000
1110100010010110
1110100011001011
1110100100000010
1110100100111000
1110100101101110
1110100110100101
1110100111011011
1110101000010010
1110101001001001
1110101010000000
1110101010110111
1110101011101110
1110101100100110
1110101101011101
1110101110010101
1110101111001101
1110110000000101
1110110000111101
1110110001110101
1110110010101101
1110110011100110
1110110100011110
1110110101010111
1110110110010000
1110110111001000
1110111000000001
1110111000111010
1110111001110100
1110111010101101
1110111011100110
1110111100100000
1110111101011010
1110111110010011
1110111111001101
1111000000000111
1111000001000001
1111000001111011
1111000010110101
1111000011110000
1111000100101010
1111000101100101
1111000110011111
1111000111011010
1111001000010101
1111001001010000
1111001010001011
1111001011000110
1111001100000001
1111001100111100
1111001101110111
1111001110110010
1111001111101110
1111010000101001
1111010001100101
1111010010100001
1111010011011100
1111010100011000
1111010101010100
1111010110010000
1111010111001100
1111011000001000
1111011001000100
1111011010000000
1111011010111100
1111011011111001
1111011100110101
1111011101110001
1111011110101110
1111011111101010
1111100000100111
1111100001100011
1111100010100000
1111100011011101
1111100100011001
1111100101010110
1111100110010011
1111100111010000
1111101000001101
1111101001001010
1111101010000111
1111101011000011
1111101100000001
1111101100111110
1111101101111011
1111101110111000
1111101111110101
1111110000110010
1111110001101111
1111110010101100
1111110011101010
1111110100100111
1111110101100100
1111110110100001
1111110111011111
1111111000011100
1111111001011001
1111111010010111
1111111011010100
1111111100010001
1111111101001111
1111111110001100
1111111111001001
0000000000000111
0000000001000100
0000000010000010
0000000010111111
0000000011111100
0000000100111010
0000000101110111
0000000110110100
0000000111110010
0000001000101111
0000001001101100
0000001010101001
0000001011100111
0000001100100100
0000001101100001
0000001110011110
0000001111011100
0000010000011001
0000010001010110
0000010010010011
0000010011010000
0000010100001101
0000010101001010
0000010110000111
0000010111000100
0000011000000001
0000011000111110
0000011001111011
0000011010110111
0000011011110100
0000011100110001
0000011101101110
0000011110101010
0000011111100111
0000100000100011
0000100001100000
0000100010011100
0000100011011001
0000100100010101
0000100101010001
0000100110001101
0000100111001001
0000101000000110
0000101001000010
0000101001111110
0000101010111001
0000101011110101
0000101100110001
0000101101101101
0000101110101000
0000101111100100
0000110000011111
0000110001011011
0000110010010110
0000110011010001
0000110100001100
0000110101001000
0000110110000011
0000110110111101
0000110111111000
0000111000110011
0000111001101110
0000111010101000
0000111011100011
0000111100011101
0000111101010111
0000111110010010
0000111111001100
0001000000000110
0001000001000000
0001000001111010
0001000010110011
0001000011101101
0001000100100110
0001000101100000
0001000110011001
0001000111010010
0001001000001011
0001001001000100
0001001001111101
0001001010110110
0001001011101110
0001001100100111
0001001101011111
0001001110011000
0001001111010000
0001010000001000
0001010001000000
0001010001110111
0001010010101111
0001010011100111
0001010100011110
0001010101010101
0001010110001100
0001010111000011
0001010111111010
0001011000110001
0001011001101000
0001011010011110
0001011011010100
0001011100001010
0001011101000000
0001011101110110
0001011110101100
0001011111100010
0001100000010111
0001100001001100
0001100010000010
0001100010110111
0001100011101011
0001100100100000
0001100101010101
0001100110001001
0001100110111101
0001100111110001
0001101000100101
0001101001011001
0001101010001101
0001101011000000
0001101011110011
0001101100100110
0001101101011001
0001101110001100
0001101110111111
0001101111110001
0001110000100011
0001110001010101
0001110010000111
0001110010111001
0001110011101010
0001110100011100
0001110101001101
0001110101111110
0001110110101111
0001110111011111
0001111000010000
0001111001000000
0001111001110000
0001111010100000
0001111011010000
0001111011111111
0001111100101110
0001111101011110
0001111110001101
0001111110111011
0001111111101010
0010000000011000
0010000001000110
0010000001110100
0010000010100010
0010000011010000
0010000011111101
0010000100101010
0010000101010111
0010000110000100
0010000110110000
0010000111011101
0010001000001001
0010001000110101
0010001001100000
0010001010001100
0010001010110111
0010001011100010
0010001100001101
0010001100110111
0010001101100010
0010001110001100
0010001110110110
0010001111100000
0010010000001001
0010010000110010
0010010001011100
0010010010000100
0010010010101101
0010010011010101
0010010011111110
0010010100100110
0010010101001101
0010010101110101
0010010110011100
0010010111000011
0010010111101010
0010011000010000
0010011000110111
0010011001011101
0010011010000011
0010011010101000
0010011011001101
0010011011110011
0010011100011000
0010011100111100
0010011101100001
0010011110000101
0010011110101001
0010011111001100
0010011111110000
0010100000010011
0010100000110110
0010100001011001
0010100001111011
0010100010011101
0010100010111111
0010100011100001
0010100100000010
0010100100100011
0010100101000100
0010100101100101
0010100110000101
0010100110100110
0010100111000101
0010100111100101
0010101000000100
0010101000100100
0010101001000010
0010101001100001
0010101001111111
0010101010011110
0010101010111011
0010101011011001
0010101011110110
0010101100010011
0010101100110000
0010101101001100
0010101101101001
0010101110000101
0010101110100000
0010101110111100
0010101111010111
0010101111110010
0010110000001100
0010110000100111
0010110001000001
0010110001011011
0010110001110100
0010110010001101
0010110010100110
0010110010111111
0010110011011000
0010110011110000
0010110100001000
0010110100011111
0010110100110110
0010110101001101
0010110101100100
0010110101111011
0010110110010001
0010110110100111
0010110110111100
0010110111010010
0010110111100111
0010110111111100
0010111000010000
0010111000100100
0010111000111000
0010111001001100
0010111001011111
0010111001110010
0010111010000101
0010111010011000
0010111010101010
0010111010111100
0010111011001101
0010111011011111
0010111011110000
0010111100000001
0010111100010001
0010111100100001
0010111100110001
0010111101000001
0010111101010000
0010111101011111
0010111101101110
0010111101111100
0010111110001010
0010111110011000
0010111110100110
0010111110110011
0010111111000000
0010111111001101
0010111111011001
0010111111100101
0010111111110001
0010111111111100
0011000000001000
0011000000010011
0011000000011101
0011000000100111
0011000000110001
0011000000111011
0011000001000101
0011000001001110
0011000001010111
0011000001011111
0011000001100111
0011000001101111
0011000001110111
0011000001111110
0011000010000101
0011000010001100
0011000010010010
0011000010011000
0011000010011110
0011000010100100
0011000010101001
0011000010101110
0011000010110011
0011000010110111
0011000010111011
0011000010111111
0011000011000010
0011000011000101
0011000011001000
0011000011001011
0011000011001101
0011000011001111
0011000011010000
0011000011010010
0011000011010011
0011000011010011
0011000011010100
0011000011010100
0011000011010100
0011000011010011
0011000011010011
0011000011010001
0011000011010000
0011000011001110
0011000011001100
0011000011001010
0011000011001000
0011000011000101
0011000011000001
0011000010111110
0011000010111010
0011000010110110
0011000010110010
0011000010101101
0011000010101000
0011000010100011
0011000010011101
0011000010010111
0011000010010001
0011000010001010
0011000010000100
0011000001111101
0011000001110101
0011000001101101
0011000001100101
0011000001011101
0011000001010101
0011000001001100
0011000001000011
0011000000111001
0011000000101111
0011000000100101
0011000000011011
0011000000010000
0011000000000101
0010111111111010
0010111111101110
0010111111100010
0010111111010110
0010111111001010
0010111110111101
0010111110110000
0010111110100011
0010111110010101
0010111110000111
0010111101111001
0010111101101011
0010111101011100
0010111101001101
0010111100111101
0010111100101110
0010111100011110
0010111100001101
0010111011111101
0010111011101100
0010111011011011
0010111011001001
0010111010111000
0010111010100110
0010111010010100
0010111010000001
0010111001101110
0010111001011011
0010111001001000
0010111000110100
0010111000100000
0010111000001100
0010110111110111
0010110111100010
0010110111001101
0010110110111000
0010110110100010
0010110110001100
0010110101110110
0010110101011111
0010110101001000
0010110100110001
0010110100011010
0010110100000010
0010110011101010
0010110011010010
0010110010111010
0010110010100001
0010110010001000
0010110001101111
0010110001010101
0010110000111011
0010110000100001
0010110000000111
0010101111101100
0010101111010001
0010101110110110
0010101110011010
0010101101111110
0010101101100010
0010101101000110
0010101100101010
0010101100001101
0010101011110000
0010101011010010
0010101010110101
0010101010010111
0010101001111001
0010101001011010
0010101000111100
0010101000011101
0010100111111110
0010100111011110
0010100110111110
0010100110011110
0010100101111110
0010100101011110
0010100100111101
0010100100011100
0010100011111011
0010100011011001
0010100010111000
0010100010010110
0010100001110011
0010100001010001
0010100000101110
0010100000001011
0010011111101000
0010011111000100
0010011110100001
0010011101111101
0010011101011000
0010011100110100
0010011100001111
0010011011101010
0010011011000101
0010011010100000
0010011001111010
0010011001010100
0010011000101110
0010011000001000
0010010111100001
0010010110111010
0010010110010011
0010010101101100
0010010101000100
0010010100011101
0010010011110101
0010010011001100
0010010010100100
0010010001111011
0010010001010010
0010010000101001
0010010000000000
0010001111010110
0010001110101101
0010001110000011
0010001101011000
0010001100101110
0010001100000011
0010001011011000
0010001010101101
0010001010000010
0010001001010110
0010001000101011
0010000111111111
0010000111010011
0010000110100110
0010000101111010
0010000101001101
0010000100100000
0010000011110011
0010000011000101
0010000010011000
0010000001101010
0010000000111100
0010000000001110
0001111111011111
0001111110110001
0001111110000010
0001111101010011
0001111100100100
0001111011110101
0001111011000101
0001111010010101
0001111001100101
0001111000110101
0001111000000101
0001110111010101
0001110110100100
0001110101110011
0001110101000010
0001110100010001
0001110011011111
0001110010101110
0001110001111100
0001110001001010
0001110000011000
0001101111100110
0001101110110011
0001101110000001
0001101101001110
0001101100011011
0001101011101000
0001101010110101
0001101010000001
0001101001001101
0001101000011010
0001100111100110
0001100110110010
0001100101111101
0001100101001001
0001100100010100
0001100011100000
0001100010101011
0001100001110110
0001100001000001
0001100000001011
0001011111010110
0001011110100000
0001011101101010
0001011100110101
0001011011111110
0001011011001000
0001011010010010
0001011001011011
0001011000100101
0001010111101110
0001010110110111
0001010110000000
0001010101001001
0001010100010010
0001010011011010
0001010010100011
0001010001101011
0001010000110011
0001001111111011
0001001111000011
0001001110001011
0001001101010011
0001001100011010
0001001011100010
0001001010101001
0001001001110000
0001001000111000
0001000111111111
0001000111000110
0001000110001100
0001000101010011
0001000100011010
0001000011100000
0001000010100110
0001000001101101
0001000000110011
0000111111111001
0000111110111111
0000111110000101
0000111101001011
0000111100010000
0000111011010110
0000111010011011
0000111001100001
0000111000100110
0000110111101011
0000110110110000
0000110101110101
0000110100111010
0000110011111111
0000110011000100
0000110010001001
0000110001001110
0000110000010010
0000101111010111
0000101110011011
0000101101011111
0000101100100100
0000101011101000
0000101010101100
0000101001110000
0000101000110100
0000100111111000
0000100110111100
0000100110000000
0000100101000100
0000100100000111
0000100011001011
0000100010001111
0000100001010010
0000100000010110
0000011111011001
0000011110011101
0000011101100000
0000011100100011
0000011011100111
0000011010101010
0000011001101101
0000011000110000
0000010111110011
0000010110110110
0000010101111001
0000010100111101
0000010011111111
0000010011000010
0000010010000101
0000010001001000
0000010000001011
0000001111001110
0000001110010001
0000001101010100
0000001100010110
0000001011011001
0000001010011100
0000001001011111
0000001000100001
0000000111100100
0000000110100111
0000000101101001
0000000100101100
0000000011101111
0000000010110001
0000000001110100
0000000000110111
1111111111111001
1111111110111100
1111111101111110
1111111101000001
1111111100000100
1111111011000110
1111111010001001
1111111001001100
1111111000001110
1111110111010001
1111110110010100
1111110101010111
1111110100011001
1111110011011100
1111110010011111
1111110001100010
1111110000100100
1111101111100111
1111101110101010
1111101101101101
1111101100110000
1111101011110011
1111101010110110
1111101001111001
1111101000111100
1111100111111111
1111100111000010
1111100110000101
1111100101001001
1111100100001100
1111100011001111
1111100010010010
1111100001010110
1111100000011001
1111011111011101
1111011110100000
1111011101100100
1111011100100111
1111011011101011
1111011010101111
1111011001110011
1111011000110111
1111010111111010
1111010110111110
1111010110000010
1111010101000111
1111010100001011
1111010011001111
1111010010010011
1111010001011000
1111010000011100
1111001111100001
1111001110100101
1111001101101010
1111001100101111
1111001011110100
1111001010111000
1111001001111101
1111001001000011
1111001000001000
1111000111001101
1111000110010010
1111000101011000
1111000100011101
1111000011100011
1111000010101001
1111000001101110
1111000000110100
1110111111111010
1110111111000000
1110111110000110
1110111101001101
1110111100010011
1110111011011010
1110111010100000
1110111001100111
1110111000101110
1110110111110101
1110110110111100
1110110110000011
1110110101001010
1110110100010010
1110110011011001
1110110010100001
1110110001101000
1110110000110000
1110101111111000
1110101111000000
1110101110001001
1110101101010001
1110101100011001
1110101011100010
1110101010101011
1110101001110100
1110101000111101
1110101000000110
1110100111001111
1110100110011000
1110100101100010
1110100100101100
1110100011110110
1110100011000000
1110100010001010
1110100001010100
1110100000011110
1110011111101001
1110011110110100
1110011101111110
1110011101001001
1110011100010101
1110011011100000
1110011010101011
1110011001110111
1110011001000011
1110011000001111
1110010111011011
1110010110100111
1110010101110011
1110010101000000
1110010100001101
1110010011011010
1110010010100111
1110010001110100
1110010001000001
1110010000001111
1110001111011101
1110001110101011
1110001101111001
1110001101000111
1110001100010110
1110001011100100
1110001010110011
1110001010000010
1110001001010001
1110001000100001
1110000111110000
1110000111000000
1110000110010000
1110000101100000
1110000100110000
1110000100000001
1110000011010010
1110000010100010
1110000001110011
1110000001000101
1110000000010110
1101111111101000
1101111110111010
1101111110001100
1101111101011110
1101111100110000
1101111100000011
1101111011010110
1101111010101001
1101111001111100
1101111001010000
1101111000100011
1101110111110111
1101110111001011
1101110110100000
1101110101110100
1101110101001001
1101110100011110
1101110011110011
1101110011001001
1101110010011110
1101110001110100
1101110001001010
1101110000100000
1101101111110111
1101101111001110
1101101110100100
1101101101111100
1101101101010011
1101101100101011
1101101100000010
1101101011011010
1101101010110011
1101101010001011
1101101001100100
1101101000111101
1101101000010110
1101100111110000
1101100111001001
1101100110100011
1101100101111101
1101100101011000
1101100100110011
1101100100001101
1101100011101000
1101100011000100
1101100010011111
1101100001111011
1101100001010111
1101100000110100
1101100000010000
1101011111101101
1101011111001010
1101011110100111
1101011110000101
1101011101100011
1101011101000001
1101011100011111
1101011011111110
1101011011011101
1101011010111100
1101011010011011
1101011001111011
1101011001011010
1101011000111011
1101011000011011
1101010111111100
1101010111011100
1101010110111110
1101010110011111
1101010110000001
1101010101100010
1101010101000101
1101010100100111
1101010100001010
1101010011101101
1101010011010000
1101010010110100
1101010010010111
1101010001111011
1101010001100000
1101010001000100
1101010000101001
1101010000001110
1101001111110100
1101001111011001
1101001110111111
1101001110100101
1101001110001100
1101001101110011
1101001101011010
1101001101000001
1101001100101000
1101001100010000
1101001011111000
1101001011100001
1101001011001010
1101001010110011
1101001010011100
1101001010000101
1101001001101111
1101001001011001
1101001001000100
1101001000101110
1101001000011001
1101001000000100
1101000111110000
1101000111011100
1101000111001000
1101000110110100
1101000110100001
1101000110001110
1101000101111011
1101000101101000
1101000101010110
1101000101000100
1101000100110011
1101000100100001
1101000100010000
1101000011111111
1101000011101111
1101000011011111
1101000011001111
1101000010111111
1101000010110000
1101000010100001
1101000010010010
1101000010000100
1101000001110110
1101000001101000
1101000001011010
1101000001001101
1101000001000000
1101000000110011
1101000000100111
1101000000011011
1101000000001111
1101000000000100
1100111111111000
1100111111101101
1100111111100011
1100111111011001
1100111111001111
1100111111000101
1100111110111011
1100111110110010
1100111110101001
1100111110100001
1100111110011001
1100111110010001
1100111110001001
1100111110000010
1100111101111011
1100111101110100
1100111101101110
1100111101101000
1100111101100010
1100111101011100
1100111101010111
1100111101010010
1100111101001101
1100111101001001
1100111101000101
1100111101000001
1100111100111110
1100111100111011
1100111100111000
1100111100110101
1100111100110011
1100111100110001
1100111100110000
1100111100101110
1100111100101101
1100111100101101
1100111100101100
1100111100101100
1100111100101100
1100111100101101
1100111100101101
1100111100101111
1100111100110000
1100111100110010
1100111100110100
1100111100110110
1100111100111000
1100111100111011
1100111100111111
1100111101000010
1100111101000110
1100111101001010
1100111101001110
1100111101010011
1100111101011000
1100111101011101
1100111101100011
1100111101101001
1100111101101111
1100111101110110
1100111101111100
1100111110000011
1100111110001011
1100111110010011
1100111110011011
1100111110100011
1100111110101011
1100111110110100
1100111110111101
1100111111000111
1100111111010001
1100111111011011
1100111111100101
1100111111110000
1100111111111011
1101000000000110
1101000000010010
1101000000011110
1101000000101010
1101000000110110
1101000001000011
1101000001010000
1101000001011101
1101000001101011
1101000001111001
1101000010000111
1101000010010101
1101000010100100
1101000010110011
1101000011000011
1101000011010010
1101000011100010
1101000011110011
1101000100000011
1101000100010100
1101000100100101
1101000100110111
1101000101001000
1101000101011010
1101000101101100
1101000101111111
1101000110010010
1101000110100101
1101000110111000
1101000111001100
1101000111100000
1101000111110100
1101001000001001
1101001000011110
1101001000110011
1101001001001000
1101001001011110
1101001001110100
1101001010001010
1101001010100001
1101001010111000
1101001011001111
1101001011100110
1101001011111110
1101001100010110
1101001100101110
1101001101000110
1101001101011111
1101001101111000
1101001110010001
1101001110101011
1101001111000101
1101001111011111
1101001111111001
1101010000010100
1101010000101111
1101010001001010
1101010001100110
1101010010000010
1101010010011110
1101010010111010
1101010011010110
1101010011110011
1101010100010000
1101010100101110
1101010101001011
1101010101101001
1101010110000111
1101010110100110
1101010111000100
1101010111100011
1101011000000010
1101011000100010
1101011001000010
1101011001100010
1101011010000010
1101011010100010
1101011011000011
1101011011100100
1101011100000101
1101011100100111
1101011101001000
1101011101101010
1101011110001101
1101011110101111
1101011111010010
1101011111110101
1101100000011000
1101100000111100
1101100001011111
1101100010000011
1101100010101000
1101100011001100
1101100011110001
1101100100010110
1101100100111011
1101100101100000
1101100110000110
1101100110101100
1101100111010010
1101100111111000
1101101000011111
1101101001000110
1101101001101101
1101101010010100
1101101010111100
1101101011100011
1101101100001011
1101101100110100
1101101101011100
1101101110000101
1101101110101110
1101101111010111
1101110000000000
1101110000101010
1101110001010011
1101110001111101
1101110010101000
1101110011010010
1101110011111101
1101110100101000
1101110101010011
1101110101111110
1101110110101010
1101110111010101
1101111000000001
1101111000101101
1101111001011010
1101111010000110
1101111010110011
1101111011100000
1101111100001101
1101111100111011
1101111101101000
1101111110010110
1101111111000100
1101111111110010
1110000000100001
1110000001001111
1110000001111110
1110000010101101
1110000011011100
1110000100001011
1110000100111011
1110000101101011
1110000110011011
1110000111001011
1110000111111011
1110001000101011
1110001001011100
1110001010001101
1110001010111110
1110001011101111
1110001100100001
1110001101010010
1110001110000100
1110001110110110
1110001111101000
1110010000011010
1110010001001101
1110010001111111
1110010010110010
1110010011100101
1110010100011000
1110010101001011
1110010101111111
1110010110110011
1110010111100110
1110011000011010
1110011001001110
1110011010000011
1110011010110111
1110011011101100
1110011100100000
1110011101010101
1110011110001010
1110011110111111
1110011111110101
1110100000101010
1110100001100000
1110100010010110
1110100011001011
1110100100000010
1110100100111000
1110100101101110
1110100110100101
1110100111011011
1110101000010010
1110101001001001
1110101010000000
1110101010110111
1110101011101110
1110101100100110
1110101101011101
1110101110010101
1110101111001101
1110110000000101
1110110000111101
1110110001110101
1110110010101101
1110110011100110
1110110100011110
1110110101010111
1110110110010000
1110110111001000
1110111000000001
1110111000111010
1110111001110100
1110111010101101
1110111011100110
1110111100100000
1110111101011010
1110111110010011
1110111111001101
1111000000000111
1111000001000001
1111000001111011
1111000010110101
1111000011110000
1111000100101010
1111000101100101
1111000110011111
1111000111011010
1111001000010101
1111001001010000
1111001010001011
1111001011000110
1111001100000001
1111001100111100
1111001101110111
1111001110110010
1111001111101110
1111010000101001
1111010001100101
1111010010100001
1111010011011100
1111010100011000
1111010101010100
1111010110010000
1111010111001100
1111011000001000
1111011001000100
1111011010000000
1111011010111100
1111011011111001
1111011100110101
1111011101110001
1111011110101110
1111011111101010
1111100000100111
1111100001100011
1111100010100000
1111100011011101
1111100100011001
1111100101010110
1111100110010011
1111100111010000
1111101000001101
1111101001001010
1111101010000111
1111101011000011
1111101100000001
1111101100111110
1111101101111011
1111101110111000
1111101111110101
1111110000110010
1111110001101111
1111110010101100
1111110011101010
1111110100100111
1111110101100100
1111110110100001
1111110111011111
1111111000011100
1111111001011001
1111111010010111
1111111011010100
1111111100010001
1111111101001111
1111111110001100
1111111111001001
0000000000000111
0000000001000100
0000000010000010
0000000010111111
0000000011111100
0000000100111010
0000000101110111
0000000110110100
0000000111110010
0000001000101111
0000001001101100
0000001010101001
0000001011100111
0000001100100100
0000001101100001
0000001110011110
0000001111011100
0000010000011001
0000010001010110
0000010010010011
0000010011010000
0000010100001101
0000010101001010
0000010110000111
0000010111000100
0000011000000001
0000011000111110
0000011001111011
0000011010110111
0000011011110100
0000011100110001
0000011101101110
0000011110101010
0000011111100111
0000100000100011
0000100001100000
0000100010011100
0000100011011001
0000100100010101
0000100101010001
0000100110001101
0000100111001001
0000101000000110
0000101001000010
0000101001111110
0000101010111001
0000101011110101
0000101100110001
0000101101101101
0000101110101000
0000101111100100
0000110000011111
0000110001011011
0000110010010110
0000110011010001
0000110100001100
0000110101001000
0000110110000011
0000110110111101
0000110111111000
0000111000110011
0000111001101110
0000111010101000
0000111011100011
0000111100011101
0000111101010111
0000111110010010
0000111111001100
0001000000000110
0001000001000000
0001000001111010
0001000010110011
0001000011101101
0001000100100110
0001000101100000
0001000110011001
0001000111010010
0001001000001011
0001001001000100
0001001001111101
0001001010110110
0001001011101110
0001001100100111
0001001101011111
0001001110011000
0001001111010000
0001010000001000
0001010001000000
0001010001110111
0001010010101111
0001010011100111
0001010100011110
0001010101010101
0001010110001100
0001010111000011
0001010111111010
0001011000110001
0001011001101000
0001011010011110
0001011011010100
0001011100001010
0001011101000000
0001011101110110
0001011110101100
0001011111100010
0001100000010111
0001100001001100
0001100010000010
0001100010110111
0001100011101011
0001100100100000
0001100101010101
0001100110001001
0001100110111101
0001100111110001
0001101000100101
0001101001011001
0001101010001101
0001101011000000
0001101011110011
0001101100100110
0001101101011001
0001101110001100
0001101110111111
0001101111110001
0001110000100011
0001110001010101
0001110010000111
0001110010111001
0001110011101010
0001110100011100
0001110101001101
0001110101111110
0001110110101111
0001110111011111
0001111000010000
0001111001000000
0001111001110000
0001111010100000
0001111011010000
0001111011111111
0001111100101110
0001111101011110
0001111110001101
0001111110111011
0001111111101010
0010000000011000
0010000001000110
0010000001110100
0010000010100010
0010000011010000
0010000011111101
0010000100101010
0010000101010111
0010000110000100
0010000110110000
0010000111011101
0010001000001001
0010001000110101
0010001001100000
0010001010001100
0010001010110111
0010001011100010
0010001100001101
0010001100110111
0010001101100010
0010001110001100
0010001110110110
0010001111100000
0010010000001001
0010010000110010
0010010001011100
0010010010000100
0010010010101101
0010010011010101
0010010011111110
0010010100100110
0010010101001101
0010010101110101
0010010110011100
0010010111000011
0010010111101010
0010011000010000
0010011000110111
0010011001011101
0010011010000011
0010011010101000
0010011011001101
0010011011110011
0010011100011000
0010011100111100
0010011101100001
0010011110000101
0010011110101001
0010011111001100
0010011111110000
0010100000010011
0010100000110110
0010100001011001
0010100001111011
0010100010011101
0010100010111111
0010100011100001
0010100100000010
0010100100100011
0010100101000100
0010100101100101
0010100110000101
0010100110100110
0010100111000101
0010100111100101
0010101000000100
0010101000100100
0010101001000010
0010101001100001
0010101001111111
0010101010011110
0010101010111011
0010101011011001
0010101011110110
0010101100010011
0010101100110000
0010101101001100
0010101101101001
0010101110000101
0010101110100000
0010101110111100
0010101111010111
0010101111110010
0010110000001100
0010110000100111
0010110001000001
0010110001011011
0010110001110100
0010110010001101
0010110010100110
0010110010111111
0010110011011000
0010110011110000
0010110100001000
0010110100011111
0010110100110110
0010110101001101
0010110101100100
0010110101111011
0010110110010001
0010110110100111
0010110110111100
0010110111010010
0010110111100111
0010110111111100
0010111000010000
0010111000100100
0010111000111000
0010111001001100
0010111001011111
0010111001110010
0010111010000101
0010111010011000
0010111010101010
0010111010111100
0010111011001101
0010111011011111
0010111011110000
0010111100000001
0010111100010001
0010111100100001
0010111100110001
0010111101000001
0010111101010000
0010111101011111
0010111101101110
0010111101111100
0010111110001010
0010111110011000
0010111110100110
0010111110110011
0010111111000000
0010111111001101
0010111111011001
0010111111100101
0010111111110001
0010111111111100
0011000000001000
0011000000010011
0011000000011101
0011000000100111
0011000000110001
0011000000111011
0011000001000101
0011000001001110
0011000001010111
0011000001011111
0011000001100111
0011000001101111
0011000001110111
0011000001111110
0011000010000101
0011000010001100
0011000010010010
0011000010011000
0011000010011110
0011000010100100
0011000010101001
0011000010101110
0011000010110011
0011000010110111
0011000010111011
0011000010111111
0011000011000010
0011000011000101
0011000011001000
0011000011001011
0011000011001101
0011000011001111
0011000011010000
0011000011010010
0011000011010011
0011000011010011
0011000011010100
0011000011010100
0011000011010100
0011000011010011
0011000011010011
0011000011010001
0011000011010000
0011000011001110
0011000011001100
0011000011001010
0011000011001000
0011000011000101
0011000011000001
0011000010111110
0011000010111010
0011000010110110
0011000010110010
0011000010101101
0011000010101000
0011000010100011
0011000010011101
0011000010010111
0011000010010001
0011000010001010
0011000010000100
0011000001111101
0011000001110101
0011000001101101
0011000001100101
0011000001011101
0011000001010101
0011000001001100
0011000001000011
0011000000111001
0011000000101111
0011000000100101
0011000000011011
0011000000010000
0011000000000101
0010111111111010
0010111111101110
0010111111100010
0010111111010110
0010111111001010
0010111110111101
0010111110110000
0010111110100011
0010111110010101
0010111110000111
0010111101111001
0010111101101011
0010111101011100
0010111101001101
0010111100111101
0010111100101110
0010111100011110
0010111100001101
0010111011111101
0010111011101100
0010111011011011
0010111011001001
0010111010111000
0010111010100110
0010111010010100
0010111010000001
0010111001101110
0010111001011011
0010111001001000
0010111000110100
0010111000100000
0010111000001100
0010110111110111
0010110111100010
0010110111001101
0010110110111000
0010110110100010
0010110110001100
0010110101110110
0010110101011111
0010110101001000
0010110100110001
0010110100011010
0010110100000010
0010110011101010
0010110011010010
0010110010111010
0010110010100001
0010110010001000
0010110001101111
0010110001010101
0010110000111011
0010110000100001
0010110000000111
0010101111101100
0010101111010001
0010101110110110
0010101110011010
0010101101111110
0010101101100010
0010101101000110
0010101100101010
0010101100001101
0010101011110000
0010101011010010
0010101010110101
0010101010010111
0010101001111001
0010101001011010
0010101000111100
0010101000011101
0010100111111110
0010100111011110
0010100110111110
0010100110011110
0010100101111110
0010100101011110
0010100100111101
0010100100011100
0010100011111011
0010100011011001
0010100010111000
0010100010010110
0010100001110011
0010100001010001
0010100000101110
0010100000001011
0010011111101000
0010011111000100
0010011110100001
0010011101111101
0010011101011000
0010011100110100
0010011100001111
0010011011101010
0010011011000101
0010011010100000
0010011001111010
0010011001010100
0010011000101110
0010011000001000
0010010111100001
0010010110111010
0010010110010011
0010010101101100
0010010101000100
0010010100011101
0010010011110101
0010010011001100
0010010010100100
0010010001111011
0010010001010010
0010010000101001
0010010000000000
0010001111010110
0010001110101101
0010001110000011
0010001101011000
0010001100101110
0010001100000011
0010001011011000
0010001010101101
0010001010000010
0010001001010110
0010001000101011
0010000111111111
0010000111010011
0010000110100110
0010000101111010
0010000101001101
0010000100100000
0010000011110011
0010000011000101
0010000010011000
0010000001101010
0010000000111100
0010000000001110
0001111111011111
0001111110110001
0001111110000010
0001111101010011
0001111100100100
0001111011110101
0001111011000101
0001111010010101
0001111001100101
0001111000110101
0001111000000101
0001110111010101
0001110110100100
0001110101110011
0001110101000010
0001110100010001
0001110011011111
0001110010101110
0001110001111100
0001110001001010
0001110000011000
0001101111100110
0001101110110011
0001101110000001
0001101101001110
0001101100011011
0001101011101000
0001101010110101
0001101010000001
0001101001001101
0001101000011010
0001100111100110
0001100110110010
0001100101111101
0001100101001001
0001100100010100
0001100011100000
0001100010101011
0001100001110110
0001100001000001
0001100000001011
0001011111010110
0001011110100000
0001011101101010
0001011100110101
0001011011111110
0001011011001000
0001011010010010
0001011001011011
0001011000100101
0001010111101110
0001010110110111
0001010110000000
0001010101001001
0001010100010010
0001010011011010
0001010010100011
0001010001101011
0001010000110011
0001001111111011
0001001111000011
0001001110001011
0001001101010011
0001001100011010
0001001011100010
0001001010101001
0001001001110000
0001001000111000
0001000111111111
0001000111000110
0001000110001100
0001000101010011
0001000100011010
0001000011100000
0001000010100110
0001000001101101
0001000000110011
0000111111111001
0000111110111111
0000111110000101
0000111101001011
0000111100010000
0000111011010110
0000111010011011
0000111001100001
0000111000100110
0000110111101011
0000110110110000
0000110101110101
0000110100111010
0000110011111111
0000110011000100
0000110010001001
0000110001001110
0000110000010010
0000101111010111
0000101110011011
0000101101011111
0000101100100100
0000101011101000
0000101010101100
0000101001110000
0000101000110100
0000100111111000
0000100110111100
0000100110000000
0000100101000100
0000100100000111
0000100011001011
0000100010001111
0000100001010010
0000100000010110
0000011111011001
0000011110011101
0000011101100000
0000011100100011
0000011011100111
0000011010101010
0000011001101101
0000011000110000
0000010111110011
0000010110110110
0000010101111001
0000010100111101
0000010011111111
0000010011000010
0000010010000101
0000010001001000
0000010000001011
0000001111001110
0000001110010001
0000001101010100
0000001100010110
0000001011011001
0000001010011100
0000001001011111
0000001000100001
0000000111100100
0000000110100111
0000000101101001
0000000100101100
0000000011101111
0000000010110001
0000000001110100
0000000000110111
1111111111111001
1111111110111100
1111111101111110
1111111101000001
1111111100000100
1111111011000110
1111111010001001
1111111001001100
1111111000001110
1111110111010001
1111110110010100
1111110101010111
1111110100011001
1111110011011100
1111110010011111
1111110001100010
1111110000100100
1111101111100111
1111101110101010
1111101101101101
1111101100110000
1111101011110011
1111101010110110
1111101001111001
1111101000111100
1111100111111111
1111100111000010
1111100110000101
1111100101001001
1111100100001100
1111100011001111
1111100010010010
1111100001010110
1111100000011001
1111011111011101
1111011110100000
1111011101100100
1111011100100111
1111011011101011
1111011010101111
1111011001110011
1111011000110111
1111010111111010
1111010110111110
1111010110000010
1111010101000111
1111010100001011
1111010011001111
1111010010010011
1111010001011000
1111010000011100
1111001111100001
1111001110100101
1111001101101010
1111001100101111
1111001011110100
1111001010111000
1111001001111101
1111001001000011
1111001000001000
1111000111001101
1111000110010010
1111000101011000
1111000100011101
1111000011100011
1111000010101001
1111000001101110
1111000000110100
1110111111111010
1110111111000000
1110111110000110
1110111101001101
1110111100010011
1110111011011010
1110111010100000
1110111001100111
1110111000101110
1110110111110101
1110110110111100
1110110110000011
1110110101001010
1110110100010010
1110110011011001
1110110010100001
1110110001101000
1110110000110000
1110101111111000
1110101111000000
1110101110001001
1110101101010001
1110101100011001
1110101011100010
1110101010101011
1110101001110100
1110101000111101
1110101000000110
1110100111001111
1110100110011000
1110100101100010
1110100100101100
1110100011110110
1110100011000000
1110100010001010
1110100001010100
1110100000011110
1110011111101001
1110011110110100
1110011101111110
1110011101001001
1110011100010101
1110011011100000
1110011010101011
1110011001110111
1110011001000011
1110011000001111
1110010111011011
1110010110100111
1110010101110011
1110010101000000
1110010100001101
1110010011011010
1110010010100111
1110010001110100
1110010001000001
1110010000001111
1110001111011101
1110001110101011
1110001101111001
1110001101000111
1110001100010110
1110001011100100
1110001010110011
1110001010000010
1110001001010001
1110001000100001
1110000111110000
1110000111000000
1110000110010000
1110000101100000
1110000100110000
1110000100000001
1110000011010010
1110000010100010
1110000001110011
1110000001000101
1110000000010110
1101111111101000
1101111110111010
1101111110001100
1101111101011110
1101111100110000
1101111100000011
1101111011010110
1101111010101001
1101111001111100
1101111001010000
1101111000100011
1101110111110111
1101110111001011
1101110110100000
1101110101110100
1101110101001001
1101110100011110
1101110011110011
1101110011001001
1101110010011110
1101110001110100
1101110001001010
1101110000100000
1101101111110111
1101101111001110
1101101110100100
1101101101111100
1101101101010011
1101101100101011
1101101100000010
1101101011011010
1101101010110011
1101101010001011
1101101001100100
1101101000111101
1101101000010110
1101100111110000
1101100111001001
1101100110100011
1101100101111101
1101100101011000
1101100100110011
1101100100001101
1101100011101000
1101100011000100
1101100010011111
1101100001111011
1101100001010111
1101100000110100
1101100000010000
1101011111101101
1101011111001010
1101011110100111
1101011110000101
1101011101100011
1101011101000001
1101011100011111
1101011011111110
1101011011011101
1101011010111100
1101011010011011
1101011001111011
1101011001011010
1101011000111011
1101011000011011
1101010111111100
1101010111011100
1101010110111110
1101010110011111
1101010110000001
1101010101100010
1101010101000101
1101010100100111
1101010100001010
1101010011101101
1101010011010000
1101010010110100
1101010010010111
1101010001111011
1101010001100000
1101010001000100
1101010000101001
1101010000001110
1101001111110100
1101001111011001
1101001110111111
1101001110100101
1101001110001100
1101001101110011
1101001101011010
1101001101000001
1101001100101000
1101001100010000
1101001011111000
1101001011100001
1101001011001010
1101001010110011
1101001010011100
1101001010000101
1101001001101111
1101001001011001
1101001001000100
1101001000101110
1101001000011001
1101001000000100
1101000111110000
1101000111011100
1101000111001000
1101000110110100
1101000110100001
1101000110001110
1101000101111011
1101000101101000
1101000101010110
1101000101000100
1101000100110011
1101000100100001
1101000100010000
1101000011111111
1101000011101111
1101000011011111
1101000011001111
1101000010111111
1101000010110000
1101000010100001
1101000010010010
1101000010000100
1101000001110110
1101000001101000
1101000001011010
1101000001001101
1101000001000000
1101000000110011
1101000000100111
1101000000011011
1101000000001111
1101000000000100
1100111111111000
1100111111101101
1100111111100011
1100111111011001
1100111111001111
1100111111000101
1100111110111011
1100111110110010
1100111110101001
1100111110100001
1100111110011001
1100111110010001
1100111110001001
1100111110000010
1100111101111011
1100111101110100
1100111101101110
1100111101101000
1100111101100010
1100111101011100
1100111101010111
1100111101010010
1100111101001101
1100111101001001
1100111101000101
1100111101000001
1100111100111110
1100111100111011
1100111100111000
1100111100110101
1100111100110011
1100111100110001
1100111100110000
1100111100101110
1100111100101101
1100111100101101
1100111100101100
1100111100101100
1100111100101100
1100111100101101
1100111100101101
1100111100101111
1100111100110000
1100111100110010
1100111100110100
1100111100110110
1100111100111000
1100111100111011
1100111100111111
1100111101000010
1100111101000110
1100111101001010
1100111101001110
1100111101010011
1100111101011000
1100111101011101
1100111101100011
1100111101101001
1100111101101111
1100111101110110
1100111101111100
1100111110000011
1100111110001011
1100111110010011
1100111110011011
1100111110100011
1100111110101011
1100111110110100
1100111110111101
1100111111000111
1100111111010001
1100111111011011
1100111111100101
1100111111110000
1100111111111011
1101000000000110
1101000000010010
1101000000011110
1101000000101010
1101000000110110
1101000001000011
1101000001010000
1101000001011101
1101000001101011
1101000001111001
1101000010000111
1101000010010101
1101000010100100
1101000010110011
1101000011000011
1101000011010010
1101000011100010
1101000011110011
1101000100000011
1101000100010100
1101000100100101
1101000100110111
1101000101001000
1101000101011010
1101000101101100
1101000101111111
1101000110010010
1101000110100101
1101000110111000
1101000111001100
1101000111100000
1101000111110100
1101001000001001
1101001000011110
1101001000110011
1101001001001000
1101001001011110
1101001001110100
1101001010001010
1101001010100001
1101001010111000
1101001011001111
1101001011100110
1101001011111110
1101001100010110
1101001100101110
1101001101000110
1101001101011111
1101001101111000
1101001110010001
1101001110101011
1101001111000101
1101001111011111
1101001111111001
1101010000010100
1101010000101111
1101010001001010
1101010001100110
1101010010000010
1101010010011110
1101010010111010
1101010011010110
1101010011110011
1101010100010000
1101010100101110
1101010101001011
1101010101101001
1101010110000111
1101010110100110
1101010111000100
1101010111100011
1101011000000010
1101011000100010
1101011001000010
1101011001100010
1101011010000010
1101011010100010
1101011011000011
1101011011100100
1101011100000101
1101011100100111
1101011101001000
1101011101101010
1101011110001101
1101011110101111
1101011111010010
1101011111110101
1101100000011000
1101100000111100
1101100001011111
1101100010000011
1101100010101000
1101100011001100
1101100011110001
1101100100010110
1101100100111011
1101100101100000
1101100110000110
1101100110101100
1101100111010010
1101100111111000
1101101000011111
1101101001000110
1101101001101101
1101101010010100
1101101010111100
1101101011100011
1101101100001011
1101101100110100
1101101101011100
1101101110000101
1101101110101110
1101101111010111
1101110000000000
1101110000101010
1101110001010011
1101110001111101
1101110010101000
1101110011010010
1101110011111101
1101110100101000
1101110101010011
1101110101111110
1101110110101010
1101110111010101
1101111000000001
1101111000101101
1101111001011010
1101111010000110
1101111010110011
1101111011100000
1101111100001101
1101111100111011
1101111101101000
1101111110010110
1101111111000100
1101111111110010
1110000000100001
1110000001001111
1110000001111110
1110000010101101
1110000011011100
1110000100001011
1110000100111011
1110000101101011
1110000110011011
1110000111001011
1110000111111011
1110001000101011
1110001001011100
1110001010001101
1110001010111110
1110001011101111
1110001100100001
1110001101010010
1110001110000100
1110001110110110
1110001111101000
1110010000011010
1110010001001101
1110010001111111
1110010010110010
1110010011100101
1110010100011000
1110010101001011
1110010101111111
1110010110110011
1110010111100110
1110011000011010
1110011001001110
1110011010000011
1110011010110111
1110011011101100
1110011100100000
1110011101010101
1110011110001010
1110011110111111
1110011111110101
1110100000101010
1110100001100000
1110100010010110
1110100011001011
1110100100000010
1110100100111000
1110100101101110
1110100110100101
1110100111011011
1110101000010010
1110101001001001
1110101010000000
1110101010110111
1110101011101110
1110101100100110
1110101101011101
1110101110010101
1110101111001101
1110110000000101
1110110000111101
1110110001110101
1110110010101101
1110110011100110
1110110100011110
1110110101010111
1110110110010000
1110110111001000
1110111000000001
1110111000111010
1110111001110100
1110111010101101
1110111011100110
1110111100100000
1110111101011010
1110111110010011
1110111111001101
1111000000000111
1111000001000001
1111000001111011
1111000010110101
1111000011110000
1111000100101010
1111000101100101
1111000110011111
1111000111011010
1111001000010101
1111001001010000
1111001010001011
1111001011000110
1111001100000001
1111001100111100
1111001101110111
1111001110110010
1111001111101110
1111010000101001
1111010001100101
1111010010100001
1111010011011100
1111010100011000
1111010101010100
1111010110010000
1111010111001100
1111011000001000
1111011001000100
1111011010000000
1111011010111100
1111011011111001
1111011100110101
1111011101110001
1111011110101110
1111011111101010
1111100000100111
1111100001100011
1111100010100000
1111100011011101
1111100100011001
1111100101010110
1111100110010011
1111100111010000
1111101000001101
1111101001001010
1111101010000111
1111101011000011
1111101100000001
1111101100111110
1111101101111011
1111101110111000
1111101111110101
1111110000110010
1111110001101111
1111110010101100
1111110011101010
1111110100100111
1111110101100100
1111110110100001
1111110111011111
1111111000011100
1111111001011001
1111111010010111
1111111011010100
1111111100010001
1111111101001111
1111111110001100
1111111111001001
0000000000000111
0000000001000100
0000000010000010
0000000010111111
0000000011111100
0000000100111010
0000000101110111
0000000110110100
0000000111110010
0000001000101111
0000001001101100
0000001010101001
0000001011100111
0000001100100100
0000001101100001
0000001110011110
0000001111011100
0000010000011001
0000010001010110
0000010010010011
0000010011010000
0000010100001101
0000010101001010
0000010110000111
0000010111000100
0000011000000001
0000011000111110
0000011001111011
0000011010110111
0000011011110100
0000011100110001
0000011101101110
0000011110101010
0000011111100111
0000100000100011
0000100001100000
0000100010011100
0000100011011001
0000100100010101
0000100101010001
0000100110001101
0000100111001001
0000101000000110
0000101001000010
0000101001111110
0000101010111001
0000101011110101
0000101100110001
0000101101101101
0000101110101000
0000101111100100
0000110000011111
0000110001011011
0000110010010110
0000110011010001
0000110100001100
0000110101001000
0000110110000011
0000110110111101
0000110111111000
0000111000110011
0000111001101110
0000111010101000
0000111011100011
0000111100011101
0000111101010111
0000111110010010
0000111111001100
0001000000000110
0001000001000000
0001000001111010
0001000010110011
0001000011101101
0001000100100110
0001000101100000
0001000110011001
0001000111010010
0001001000001011
0001001001000100
0001001001111101
0001001010110110
0001001011101110
0001001100100111
0001001101011111
0001001110011000
0001001111010000
0001010000001000
0001010001000000
0001010001110111
0001010010101111
0001010011100111
0001010100011110
0001010101010101
0001010110001100
0001010111000011
0001010111111010
0001011000110001
0001011001101000
0001011010011110
0001011011010100
0001011100001010
0001011101000000
0001011101110110
0001011110101100
0001011111100010
0001100000010111
0001100001001100
0001100010000010
0001100010110111
0001100011101011
0001100100100000
0001100101010101
0001100110001001
0001100110111101
0001100111110001
0001101000100101
0001101001011001
0001101010001101
0001101011000000
0001101011110011
0001101100100110
0001101101011001
0001101110001100
0001101110111111
0001101111110001
0001110000100011
0001110001010101
0001110010000111
0001110010111001
0001110011101010
0001110100011100
0001110101001101
0001110101111110
0001110110101111
0001110111011111
0001111000010000
0001111001000000
0001111001110000
0001111010100000
0001111011010000
0001111011111111
0001111100101110
0001111101011110
0001111110001101
0001111110111011
0001111111101010
0010000000011000
0010000001000110
0010000001110100
0010000010100010
0010000011010000
0010000011111101
0010000100101010
0010000101010111
0010000110000100
0010000110110000
0010000111011101
0010001000001001
0010001000110101
0010001001100000
0010001010001100
0010001010110111
0010001011100010
0010001100001101
0010001100110111
0010001101100010
0010001110001100
0010001110110110
0010001111100000
0010010000001001
0010010000110010
0010010001011100
0010010010000100
0010010010101101
0010010011010101
0010010011111110
0010010100100110
0010010101001101
0010010101110101
0010010110011100
0010010111000011
0010010111101010
0010011000010000
0010011000110111
0010011001011101
0010011010000011
0010011010101000
0010011011001101
0010011011110011
0010011100011000
0010011100111100
0010011101100001
0010011110000101
0010011110101001
0010011111001100
0010011111110000
0010100000010011
0010100000110110
0010100001011001
0010100001111011
0010100010011101
0010100010111111
0010100011100001
0010100100000010
0010100100100011
0010100101000100
0010100101100101
0010100110000101
0010100110100110
0010100111000101
0010100111100101
0010101000000100
0010101000100100
0010101001000010
0010101001100001
0010101001111111
0010101010011110
0010101010111011
0010101011011001
0010101011110110
0010101100010011
0010101100110000
0010101101001100
0010101101101001
0010101110000101
0010101110100000
0010101110111100
0010101111010111
0010101111110010
0010110000001100
0010110000100111
0010110001000001
0010110001011011
0010110001110100
0010110010001101
0010110010100110
0010110010111111
0010110011011000
0010110011110000
0010110100001000
0010110100011111
0010110100110110
0010110101001101
0010110101100100
0010110101111011
0010110110010001
0010110110100111
0010110110111100
0010110111010010
0010110111100111
0010110111111100
0010111000010000
0010111000100100
0010111000111000
0010111001001100
0010111001011111
0010111001110010
0010111010000101
0010111010011000
0010111010101010
0010111010111100
0010111011001101
0010111011011111
0010111011110000
0010111100000001
0010111100010001
0010111100100001
0010111100110001
0010111101000001
0010111101010000
0010111101011111
0010111101101110
0010111101111100
0010111110001010
0010111110011000
0010111110100110
0010111110110011
0010111111000000
0010111111001101
0010111111011001
0010111111100101
0010111111110001
0010111111111100
0011000000001000
0011000000010011
0011000000011101
0011000000100111
0011000000110001
0011000000111011
0011000001000101
0011000001001110
0011000001010111
0011000001011111
0011000001100111
0011000001101111
0011000001110111
0011000001111110
0011000010000101
0011000010001100
0011000010010010
0011000010011000
0011000010011110
0011000010100100
0011000010101001
0011000010101110
0011000010110011
0011000010110111
0011000010111011
0011000010111111
0011000011000010
0011000011000101
0011000011001000
0011000011001011
0011000011001101
0011000011001111
0011000011010000
0011000011010010
0011000011010011
0011000011010011
0011000011010100
0011000011010100
0011000011010100
0011000011010011
0011000011010011
0011000011010001
0011000011010000
0011000011001110
0011000011001100
0011000011001010
0011000011001000
0011000011000101
0011000011000001
0011000010111110
0011000010111010
0011000010110110
0011000010110010
0011000010101101
0011000010101000
0011000010100011
0011000010011101
0011000010010111
0011000010010001
0011000010001010
0011000010000100
0011000001111101
0011000001110101
0011000001101101
0011000001100101
0011000001011101
0011000001010101
0011000001001100
0011000001000011
0011000000111001
0011000000101111
0011000000100101
0011000000011011
0011000000010000
0011000000000101
0010111111111010
0010111111101110
0010111111100010
0010111111010110
0010111111001010
0010111110111101
0010111110110000
0010111110100011
0010111110010101
0010111110000111
0010111101111001
0010111101101011
0010111101011100
0010111101001101
0010111100111101
0010111100101110
0010111100011110
0010111100001101
0010111011111101
0010111011101100
0010111011011011
0010111011001001
0010111010111000
0010111010100110
0010111010010100
0010111010000001
0010111001101110
0010111001011011
0010111001001000
0010111000110100
0010111000100000
0010111000001100
0010110111110111
0010110111100010
0010110111001101
0010110110111000
0010110110100010
0010110110001100
0010110101110110
0010110101011111
0010110101001000
0010110100110001
0010110100011010
0010110100000010
0010110011101010
0010110011010010
0010110010111010
0010110010100001
0010110010001000
0010110001101111
0010110001010101
0010110000111011
0010110000100001
0010110000000111
0010101111101100
0010101111010001
0010101110110110
0010101110011010
0010101101111110
0010101101100010
0010101101000110
0010101100101010
0010101100001101
0010101011110000
0010101011010010
0010101010110101
0010101010010111
0010101001111001
0010101001011010
0010101000111100
0010101000011101
0010100111111110
0010100111011110
0010100110111110
0010100110011110
0010100101111110
0010100101011110
0010100100111101
0010100100011100
0010100011111011
0010100011011001
0010100010111000
0010100010010110
0010100001110011
0010100001010001
0010100000101110
0010100000001011
0010011111101000
0010011111000100
0010011110100001
0010011101111101
0010011101011000
0010011100110100
0010011100001111
0010011011101010
0010011011000101
0010011010100000
0010011001111010
0010011001010100
0010011000101110
0010011000001000
0010010111100001
0010010110111010
0010010110010011
0010010101101100
0010010101000100
0010010100011101
0010010011110101
0010010011001100
0010010010100100
0010010001111011
0010010001010010
0010010000101001
0010010000000000
0010001111010110
0010001110101101
0010001110000011
0010001101011000
0010001100101110
0010001100000011
0010001011011000
0010001010101101
0010001010000010
0010001001010110
0010001000101011
0010000111111111
0010000111010011
0010000110100110
0010000101111010
0010000101001101
0010000100100000
0010000011110011
0010000011000101
0010000010011000
0010000001101010
0010000000111100
0010000000001110
0001111111011111
0001111110110001
0001111110000010
0001111101010011
0001111100100100
0001111011110101
0001111011000101
0001111010010101
0001111001100101
0001111000110101
0001111000000101
0001110111010101
0001110110100100
0001110101110011
0001110101000010
0001110100010001
0001110011011111
0001110010101110
0001110001111100
0001110001001010
0001110000011000
0001101111100110
0001101110110011
0001101110000001
0001101101001110
0001101100011011
0001101011101000
0001101010110101
0001101010000001
0001101001001101
0001101000011010
0001100111100110
0001100110110010
0001100101111101
0001100101001001
0001100100010100
0001100011100000
0001100010101011
0001100001110110
0001100001000001
0001100000001011
0001011111010110
0001011110100000
0001011101101010
0001011100110101
0001011011111110
0001011011001000
0001011010010010
0001011001011011
0001011000100101
0001010111101110
0001010110110111
0001010110000000
0001010101001001
0001010100010010
0001010011011010
0001010010100011
0001010001101011
0001010000110011
0001001111111011
0001001111000011
0001001110001011
0001001101010011
0001001100011010
0001001011100010
0001001010101001
0001001001110000
0001001000111000
0001000111111111
0001000111000110
0001000110001100
0001000101010011
0001000100011010
0001000011100000
0001000010100110
0001000001101101
0001000000110011
0000111111111001
0000111110111111
0000111110000101
0000111101001011
0000111100010000
0000111011010110
0000111010011011
0000111001100001
0000111000100110
0000110111101011
0000110110110000
0000110101110101
0000110100111010
0000110011111111
0000110011000100
0000110010001001
0000110001001110
0000110000010010
0000101111010111
0000101110011011
0000101101011111
0000101100100100
0000101011101000
0000101010101100
0000101001110000
0000101000110100
0000100111111000
0000100110111100
0000100110000000
0000100101000100
0000100100000111
0000100011001011
0000100010001111
0000100001010010
0000100000010110
0000011111011001
0000011110011101
0000011101100000
0000011100100011
0000011011100111
0000011010101010
0000011001101101
0000011000110000
0000010111110011
0000010110110110
0000010101111001
0000010100111101
0000010011111111
0000010011000010
0000010010000101
0000010001001000
0000010000001011
0000001111001110
0000001110010001
0000001101010100
0000001100010110
0000001011011001
0000001010011100
0000001001011111
0000001000100001
0000000111100100
0000000110100111
0000000101101001
0000000100101100
0000000011101111
0000000010110001
0000000001110100
0000000000110111
1111111111111001
1111111110111100
1111111101111110
1111111101000001
1111111100000100
1111111011000110
1111111010001001
1111111001001100
1111111000001110
1111110111010001
1111110110010100
1111110101010111
1111110100011001
1111110011011100
1111110010011111
1111110001100010
1111110000100100
1111101111100111
1111101110101010
1111101101101101
1111101100110000
1111101011110011
1111101010110110
1111101001111001
1111101000111100
1111100111111111
1111100111000010
1111100110000101
1111100101001001
1111100100001100
1111100011001111
1111100010010010
1111100001010110
1111100000011001
1111011111011101
1111011110100000
1111011101100100
1111011100100111
1111011011101011
1111011010101111
1111011001110011
1111011000110111
1111010111111010
1111010110111110
1111010110000010
1111010101000111
1111010100001011
1111010011001111
1111010010010011
1111010001011000
1111010000011100
1111001111100001
1111001110100101
1111001101101010
1111001100101111
1111001011110100
1111001010111000
1111001001111101
1111001001000011
1111001000001000
1111000111001101
1111000110010010
1111000101011000
1111000100011101
1111000011100011
1111000010101001
1111000001101110
1111000000110100
1110111111111010
1110111111000000
1110111110000110
1110111101001101
1110111100010011
1110111011011010
1110111010100000
1110111001100111
1110111000101110
1110110111110101
1110110110111100
1110110110000011
1110110101001010
1110110100010010
1110110011011001
1110110010100001
1110110001101000
1110110000110000
1110101111111000
1110101111000000
1110101110001001
1110101101010001
1110101100011001
1110101011100010
1110101010101011
1110101001110100
1110101000111101
1110101000000110
1110100111001111
1110100110011000
1110100101100010
1110100100101100
1110100011110110
1110100011000000
1110100010001010
1110100001010100
1110100000011110
1110011111101001
1110011110110100
1110011101111110
1110011101001001
1110011100010101
1110011011100000
1110011010101011
1110011001110111
1110011001000011
1110011000001111
1110010111011011
1110010110100111
1110010101110011
1110010101000000
1110010100001101
1110010011011010
1110010010100111
1110010001110100
1110010001000001
1110010000001111
1110001111011101
1110001110101011
1110001101111001
1110001101000111
1110001100010110
1110001011100100
1110001010110011
1110001010000010
1110001001010001
1110001000100001
1110000111110000
1110000111000000
1110000110010000
1110000101100000
1110000100110000
1110000100000001
1110000011010010
1110000010100010
1110000001110011
1110000001000101
1110000000010110
1101111111101000
1101111110111010
1101111110001100
1101111101011110
1101111100110000
1101111100000011
1101111011010110
1101111010101001
1101111001111100
1101111001010000
1101111000100011
1101110111110111
1101110111001011
1101110110100000
1101110101110100
1101110101001001
1101110100011110
1101110011110011
1101110011001001
1101110010011110
1101110001110100
1101110001001010
1101110000100000
1101101111110111
1101101111001110
1101101110100100
1101101101111100
1101101101010011
1101101100101011
1101101100000010
1101101011011010
1101101010110011
1101101010001011
1101101001100100
1101101000111101
1101101000010110
1101100111110000
1101100111001001
1101100110100011
1101100101111101
1101100101011000
1101100100110011
1101100100001101
1101100011101000
1101100011000100
1101100010011111
1101100001111011
1101100001010111
1101100000110100
1101100000010000
1101011111101101
1101011111001010
1101011110100111
1101011110000101
1101011101100011
1101011101000001
1101011100011111
1101011011111110
1101011011011101
1101011010111100
1101011010011011
1101011001111011
1101011001011010
1101011000111011
1101011000011011
1101010111111100
1101010111011100
1101010110111110
1101010110011111
1101010110000001
1101010101100010
1101010101000101
1101010100100111
1101010100001010
1101010011101101
1101010011010000
1101010010110100
1101010010010111
1101010001111011
1101010001100000
1101010001000100
1101010000101001
1101010000001110
1101001111110100
1101001111011001
1101001110111111
1101001110100101
1101001110001100
1101001101110011
1101001101011010
1101001101000001
1101001100101000
1101001100010000
1101001011111000
1101001011100001
1101001011001010
1101001010110011
1101001010011100
1101001010000101
1101001001101111
1101001001011001
1101001001000100
1101001000101110
1101001000011001
1101001000000100
1101000111110000
1101000111011100
1101000111001000
1101000110110100
1101000110100001
1101000110001110
1101000101111011
1101000101101000
1101000101010110
1101000101000100
1101000100110011
1101000100100001
1101000100010000
1101000011111111
1101000011101111
1101000011011111
1101000011001111
1101000010111111
1101000010110000
1101000010100001
1101000010010010
1101000010000100
1101000001110110
1101000001101000
1101000001011010
1101000001001101
1101000001000000
1101000000110011
1101000000100111
1101000000011011
1101000000001111
1101000000000100
1100111111111000
1100111111101101
1100111111100011
1100111111011001
1100111111001111
1100111111000101
1100111110111011
1100111110110010
1100111110101001
1100111110100001
1100111110011001
1100111110010001
1100111110001001
1100111110000010
1100111101111011
1100111101110100
1100111101101110
1100111101101000
1100111101100010
1100111101011100
1100111101010111
1100111101010010
1100111101001101
1100111101001001
1100111101000101
1100111101000001
1100111100111110
1100111100111011
1100111100111000
1100111100110101
1100111100110011
1100111100110001
1100111100110000
1100111100101110
1100111100101101
1100111100101101
1100111100101100
1100111100101100
1100111100101100
1100111100101101
1100111100101101
1100111100101111
1100111100110000
1100111100110010
1100111100110100
1100111100110110
1100111100111000
1100111100111011
1100111100111111
1100111101000010
1100111101000110
1100111101001010
1100111101001110
1100111101010011
1100111101011000
1100111101011101
1100111101100011
1100111101101001
1100111101101111
1100111101110110
1100111101111100
1100111110000011
1100111110001011
1100111110010011
1100111110011011
1100111110100011
1100111110101011
1100111110110100
1100111110111101
1100111111000111
1100111111010001
1100111111011011
1100111111100101
1100111111110000
1100111111111011
1101000000000110
1101000000010010
1101000000011110
1101000000101010
1101000000110110
1101000001000011
1101000001010000
1101000001011101
1101000001101011
1101000001111001
1101000010000111
1101000010010101
1101000010100100
1101000010110011
1101000011000011
1101000011010010
1101000011100010
1101000011110011
1101000100000011
1101000100010100
1101000100100101
1101000100110111
1101000101001000
1101000101011010
1101000101101100
1101000101111111
1101000110010010
1101000110100101
1101000110111000
1101000111001100
1101000111100000
1101000111110100
1101001000001001
1101001000011110
1101001000110011
1101001001001000
1101001001011110
1101001001110100
1101001010001010
1101001010100001
1101001010111000
1101001011001111
1101001011100110
1101001011111110
1101001100010110
1101001100101110
1101001101000110
1101001101011111
1101001101111000
1101001110010001
1101001110101011
1101001111000101
1101001111011111
1101001111111001
1101010000010100
1101010000101111
1101010001001010
1101010001100110
1101010010000010
1101010010011110
1101010010111010
1101010011010110
1101010011110011
1101010100010000
1101010100101110
1101010101001011
1101010101101001
1101010110000111
1101010110100110
1101010111000100
1101010111100011
1101011000000010
1101011000100010
1101011001000010
1101011001100010
1101011010000010
1101011010100010
1101011011000011
1101011011100100
1101011100000101
1101011100100111
1101011101001000
1101011101101010
1101011110001101
1101011110101111
1101011111010010
1101011111110101
1101100000011000
1101100000111100
1101100001011111
1101100010000011
1101100010101000
1101100011001100
1101100011110001
1101100100010110
1101100100111011
1101100101100000
1101100110000110
1101100110101100
1101100111010010
1101100111111000
1101101000011111
1101101001000110
1101101001101101
1101101010010100
1101101010111100
1101101011100011
1101101100001011
1101101100110100
1101101101011100
1101101110000101
1101101110101110
1101101111010111
1101110000000000
1101110000101010
1101110001010011
1101110001111101
1101110010101000
1101110011010010
1101110011111101
1101110100101000
1101110101010011
1101110101111110
1101110110101010
1101110111010101
1101111000000001
1101111000101101
1101111001011010
1101111010000110
1101111010110011
1101111011100000
1101111100001101
1101111100111011
1101111101101000
1101111110010110
1101111111000100
1101111111110010
1110000000100001
1110000001001111
1110000001111110
1110000010101101
1110000011011100
1110000100001011
1110000100111011
1110000101101011
1110000110011011
1110000111001011
1110000111111011
1110001000101011
1110001001011100
1110001010001101
1110001010111110
1110001011101111
1110001100100001
1110001101010010
1110001110000100
1110001110110110
1110001111101000
1110010000011010
1110010001001101
1110010001111111
1110010010110010
1110010011100101
1110010100011000
1110010101001011
1110010101111111
1110010110110011
1110010111100110
1110011000011010
1110011001001110
1110011010000011
1110011010110111
1110011011101100
1110011100100000
1110011101010101
1110011110001010
1110011110111111
1110011111110101
1110100000101010
1110100001100000
1110100010010110
1110100011001011
1110100100000010
1110100100111000
1110100101101110
1110100110100101
1110100111011011
1110101000010010
1110101001001001
1110101010000000
1110101010110111
1110101011101110
1110101100100110
1110101101011101
1110101110010101
1110101111001101
1110110000000101
1110110000111101
1110110001110101
1110110010101101
1110110011100110
1110110100011110
1110110101010111
1110110110010000
1110110111001000
1110111000000001
1110111000111010
1110111001110100
1110111010101101
1110111011100110
1110111100100000
1110111101011010
1110111110010011
1110111111001101
1111000000000111
1111000001000001
1111000001111011
1111000010110101
1111000011110000
1111000100101010
1111000101100101
1111000110011111
1111000111011010
1111001000010101
1111001001010000
1111001010001011
1111001011000110
1111001100000001
1111001100111100
1111001101110111
1111001110110010
1111001111101110
1111010000101001
1111010001100101
1111010010100001
1111010011011100
1111010100011000
1111010101010100
1111010110010000
1111010111001100
1111011000001000
1111011001000100
1111011010000000
1111011010111100
1111011011111001
1111011100110101
1111011101110001
1111011110101110
1111011111101010
1111100000100111
1111100001100011
1111100010100000
1111100011011101
1111100100011001
1111100101010110
1111100110010011
1111100111010000
1111101000001101
1111101001001010
1111101010000111
1111101011000011
1111101100000001
1111101100111110
1111101101111011
1111101110111000
1111101111110101
1111110000110010
1111110001101111
1111110010101100
1111110011101010
1111110100100111
1111110101100100
1111110110100001
1111110111011111
1111111000011100
1111111001011001
1111111010010111
1111111011010100
1111111100010001
1111111101001111
1111111110001100
1111111111001001
0000000000000111
0000000001000100
0000000010000010
0000000010111111
0000000011111100
0000000100111010
0000000101110111
0000000110110100
0000000111110010
0000001000101111
0000001001101100
0000001010101001
0000001011100111
0000001100100100
0000001101100001
0000001110011110
0000001111011100
0000010000011001
0000010001010110
0000010010010011
0000010011010000
0000010100001101
0000010101001010
0000010110000111
0000010111000100
0000011000000001
0000011000111110
0000011001111011
0000011010110111
0000011011110100
0000011100110001
0000011101101110
0000011110101010
0000011111100111
0000100000100011
0000100001100000
0000100010011100
0000100011011001
0000100100010101
0000100101010001
0000100110001101
0000100111001001
0000101000000110
0000101001000010
0000101001111110
0000101010111001
0000101011110101
0000101100110001
0000101101101101
0000101110101000
0000101111100100
0000110000011111
0000110001011011
0000110010010110
0000110011010001
0000110100001100
0000110101001000
0000110110000011
0000110110111101
0000110111111000
0000111000110011
0000111001101110
0000111010101000
0000111011100011
0000111100011101
0000111101010111
0000111110010010
0000111111001100
0001000000000110
0001000001000000
0001000001111010
0001000010110011
0001000011101101
0001000100100110
0001000101100000
0001000110011001
0001000111010010
0001001000001011
0001001001000100
0001001001111101
0001001010110110
0001001011101110
0001001100100111
0001001101011111
0001001110011000
0001001111010000
0001010000001000
0001010001000000
0001010001110111
0001010010101111
0001010011100111
0001010100011110
0001010101010101
0001010110001100
0001010111000011
0001010111111010
0001011000110001
0001011001101000
0001011010011110
0001011011010100
0001011100001010
0001011101000000
0001011101110110
0001011110101100
0001011111100010
0001100000010111
0001100001001100
0001100010000010
0001100010110111
0001100011101011
0001100100100000
0001100101010101
0001100110001001
0001100110111101
0001100111110001
0001101000100101
0001101001011001
0001101010001101
0001101011000000
0001101011110011
0001101100100110
0001101101011001
0001101110001100
0001101110111111
0001101111110001
0001110000100011
0001110001010101
0001110010000111
0001110010111001
0001110011101010
0001110100011100
0001110101001101
0001110101111110
0001110110101111
0001110111011111
0001111000010000
0001111001000000
0001111001110000
0001111010100000
0001111011010000
0001111011111111
0001111100101110
0001111101011110
0001111110001101
0001111110111011
0001111111101010
0010000000011000
0010000001000110
0010000001110100
0010000010100010
0010000011010000
0010000011111101
0010000100101010
0010000101010111
0010000110000100
0010000110110000
0010000111011101
0010001000001001
0010001000110101
0010001001100000
0010001010001100
0010001010110111
0010001011100010
0010001100001101
0010001100110111
0010001101100010
0010001110001100
0010001110110110
0010001111100000
0010010000001001
0010010000110010
0010010001011100
0010010010000100
0010010010101101
0010010011010101
0010010011111110
0010010100100110
0010010101001101
0010010101110101
0010010110011100
0010010111000011
0010010111101010
0010011000010000
0010011000110111
0010011001011101
0010011010000011
0010011010101000
0010011011001101
0010011011110011
0010011100011000
0010011100111100
0010011101100001
0010011110000101
0010011110101001
0010011111001100
0010011111110000
0010100000010011
0010100000110110
0010100001011001
0010100001111011
0010100010011101
0010100010111111
0010100011100001
0010100100000010
0010100100100011
0010100101000100
0010100101100101
0010100110000101
0010100110100110
0010100111000101
0010100111100101
0010101000000100
0010101000100100
0010101001000010
0010101001100001
0010101001111111
0010101010011110
0010101010111011
0010101011011001
0010101011110110
0010101100010011
0010101100110000
0010101101001100
0010101101101001
0010101110000101
0010101110100000
0010101110111100
0010101111010111
0010101111110010
0010110000001100
0010110000100111
0010110001000001
0010110001011011
0010110001110100
0010110010001101
0010110010100110
0010110010111111
0010110011011000
0010110011110000
0010110100001000
0010110100011111
0010110100110110
0010110101001101
0010110101100100
0010110101111011
0010110110010001
0010110110100111
0010110110111100
0010110111010010
0010110111100111
0010110111111100
0010111000010000
0010111000100100
0010111000111000
0010111001001100
0010111001011111
0010111001110010
0010111010000101
0010111010011000
0010111010101010
0010111010111100
0010111011001101
0010111011011111
0010111011110000
0010111100000001
0010111100010001
0010111100100001
0010111100110001
0010111101000001
0010111101010000
0010111101011111
0010111101101110
0010111101111100
0010111110001010
0010111110011000
0010111110100110
0010111110110011
0010111111000000
0010111111001101
0010111111011001
0010111111100101
0010111111110001
0010111111111100
0011000000001000
0011000000010011
0011000000011101
0011000000100111
0011000000110001
0011000000111011
0011000001000101
0011000001001110
0011000001010111
0011000001011111
0011000001100111
0011000001101111
0011000001110111
0011000001111110
0011000010000101
0011000010001100
0011000010010010
0011000010011000
0011000010011110
0011000010100100
0011000010101001
0011000010101110
0011000010110011
0011000010110111
0011000010111011
0011000010111111
0011000011000010
0011000011000101
0011000011001000
0011000011001011
0011000011001101
0011000011001111
0011000011010000
0011000011010010
0011000011010011
0011000011010011
0011000011010100
0011000011010100
0011000011010100
0011000011010011
0011000011010011
0011000011010001
0011000011010000
0011000011001110
0011000011001100
0011000011001010
0011000011001000
0011000011000101
0011000011000001
0011000010111110
0011000010111010
0011000010110110
0011000010110010
0011000010101101
0011000010101000
0011000010100011
0011000010011101
0011000010010111
0011000010010001
0011000010001010
0011000010000100
0011000001111101
0011000001110101
0011000001101101
0011000001100101
0011000001011101
0011000001010101
0011000001001100
0011000001000011
0011000000111001
0011000000101111
0011000000100101
0011000000011011
0011000000010000
0011000000000101
0010111111111010
0010111111101110
0010111111100010
0010111111010110
0010111111001010
0010111110111101
0010111110110000
0010111110100011
0010111110010101
0010111110000111
0010111101111001
0010111101101011
0010111101011100
0010111101001101
0010111100111101
0010111100101110
0010111100011110
0010111100001101
0010111011111101
0010111011101100
0010111011011011
0010111011001001
0010111010111000
0010111010100110
0010111010010100
0010111010000001
0010111001101110
0010111001011011
0010111001001000
0010111000110100
0010111000100000
0010111000001100
0010110111110111
0010110111100010
0010110111001101
0010110110111000
0010110110100010
0010110110001100
0010110101110110
0010110101011111
0010110101001000
0010110100110001
0010110100011010
0010110100000010
0010110011101010
0010110011010010
0010110010111010
0010110010100001
0010110010001000
0010110001101111
0010110001010101
0010110000111011
0010110000100001
0010110000000111
0010101111101100
0010101111010001
0010101110110110
0010101110011010
0010101101111110
0010101101100010
0010101101000110
0010101100101010
0010101100001101
0010101011110000
0010101011010010
0010101010110101
0010101010010111
0010101001111001
0010101001011010
0010101000111100
0010101000011101
0010100111111110
0010100111011110
0010100110111110
0010100110011110
0010100101111110
0010100101011110
0010100100111101
0010100100011100
0010100011111011
0010100011011001
0010100010111000
0010100010010110
0010100001110011
0010100001010001
0010100000101110
0010100000001011
0010011111101000
0010011111000100
0010011110100001
0010011101111101
0010011101011000
0010011100110100
0010011100001111
0010011011101010
0010011011000101
0010011010100000
0010011001111010
0010011001010100
0010011000101110
0010011000001000
0010010111100001
0010010110111010
0010010110010011
0010010101101100
0010010101000100
0010010100011101
0010010011110101
0010010011001100
0010010010100100
0010010001111011
0010010001010010
0010010000101001
0010010000000000
0010001111010110
0010001110101101
0010001110000011
0010001101011000
0010001100101110
0010001100000011
0010001011011000
0010001010101101
0010001010000010
0010001001010110
0010001000101011
0010000111111111
0010000111010011
0010000110100110
0010000101111010
0010000101001101
0010000100100000
0010000011110011
0010000011000101
0010000010011000
0010000001101010
0010000000111100
0010000000001110
0001111111011111
0001111110110001
0001111110000010
0001111101010011
0001111100100100
0001111011110101
0001111011000101
0001111010010101
0001111001100101
0001111000110101
0001111000000101
0001110111010101
0001110110100100
0001110101110011
0001110101000010
0001110100010001
0001110011011111
0001110010101110
0001110001111100
0001110001001010
0001110000011000
0001101111100110
0001101110110011
0001101110000001
0001101101001110
0001101100011011
0001101011101000
0001101010110101
0001101010000001
0001101001001101
0001101000011010
0001100111100110
0001100110110010
0001100101111101
0001100101001001
0001100100010100
0001100011100000
0001100010101011
0001100001110110
0001100001000001
0001100000001011
0001011111010110
0001011110100000
0001011101101010
0001011100110101
0001011011111110
0001011011001000
0001011010010010
0001011001011011
0001011000100101
0001010111101110
0001010110110111
0001010110000000
0001010101001001
0001010100010010
0001010011011010
0001010010100011
0001010001101011
0001010000110011
0001001111111011
0001001111000011
0001001110001011
0001001101010011
0001001100011010
0001001011100010
0001001010101001
0001001001110000
0001001000111000
0001000111111111
0001000111000110
0001000110001100
0001000101010011
0001000100011010
0001000011100000
0001000010100110
0001000001101101
0001000000110011
0000111111111001
0000111110111111
0000111110000101
0000111101001011
0000111100010000
0000111011010110
0000111010011011
0000111001100001
0000111000100110
0000110111101011
0000110110110000
0000110101110101
0000110100111010
0000110011111111
0000110011000100
0000110010001001
0000110001001110
0000110000010010
0000101111010111
0000101110011011
0000101101011111
0000101100100100
0000101011101000
0000101010101100
0000101001110000
0000101000110100
0000100111111000
0000100110111100
0000100110000000
0000100101000100
0000100100000111
0000100011001011
0000100010001111
0000100001010010
0000100000010110
0000011111011001
0000011110011101
0000011101100000
0000011100100011
0000011011100111
0000011010101010
0000011001101101
0000011000110000
0000010111110011
0000010110110110
0000010101111001
0000010100111101
0000010011111111
0000010011000010
0000010010000101
0000010001001000
0000010000001011
0000001111001110
0000001110010001
0000001101010100
0000001100010110
0000001011011001
0000001010011100
0000001001011111
0000001000100001
0000000111100100
0000000110100111
0000000101101001
0000000100101100
0000000011101111
0000000010110001
0000000001110100
0000000000110111
1111111111111001
1111111110111100
1111111101111110
1111111101000001
1111111100000100
1111111011000110
1111111010001001
1111111001001100
1111111000001110
1111110111010001
1111110110010100
1111110101010111
1111110100011001
1111110011011100
1111110010011111
1111110001100010
1111110000100100
1111101111100111
1111101110101010
1111101101101101
1111101100110000
1111101011110011
1111101010110110
1111101001111001
1111101000111100
1111100111111111
1111100111000010
1111100110000101
1111100101001001
1111100100001100
1111100011001111
1111100010010010
1111100001010110
1111100000011001
1111011111011101
1111011110100000
1111011101100100
1111011100100111
1111011011101011
1111011010101111
1111011001110011
1111011000110111
1111010111111010
1111010110111110
1111010110000010
1111010101000111
1111010100001011
1111010011001111
1111010010010011
1111010001011000
1111010000011100
1111001111100001
1111001110100101
1111001101101010
1111001100101111
1111001011110100
1111001010111000
1111001001111101
1111001001000011
1111001000001000
1111000111001101
1111000110010010
1111000101011000
1111000100011101
1111000011100011
1111000010101001
1111000001101110
1111000000110100
1110111111111010
1110111111000000
1110111110000110
1110111101001101
1110111100010011
1110111011011010
1110111010100000
1110111001100111
1110111000101110
1110110111110101
1110110110111100
1110110110000011
1110110101001010
1110110100010010
1110110011011001
1110110010100001
1110110001101000
1110110000110000
1110101111111000
1110101111000000
1110101110001001
1110101101010001
1110101100011001
1110101011100010
1110101010101011
1110101001110100
1110101000111101
1110101000000110
1110100111001111
1110100110011000
1110100101100010
1110100100101100
1110100011110110
1110100011000000
1110100010001010
1110100001010100
1110100000011110
1110011111101001
1110011110110100
1110011101111110
1110011101001001
1110011100010101
1110011011100000
1110011010101011
1110011001110111
1110011001000011
1110011000001111
1110010111011011
1110010110100111
1110010101110011
1110010101000000
1110010100001101
1110010011011010
1110010010100111
1110010001110100
1110010001000001
1110010000001111
1110001111011101
1110001110101011
1110001101111001
1110001101000111
1110001100010110
1110001011100100
1110001010110011
1110001010000010
1110001001010001
1110001000100001
1110000111110000
1110000111000000
1110000110010000
1110000101100000
1110000100110000
1110000100000001
1110000011010010
1110000010100010
1110000001110011
1110000001000101
1110000000010110
1101111111101000
1101111110111010
1101111110001100
1101111101011110
1101111100110000
1101111100000011
1101111011010110
1101111010101001
1101111001111100
1101111001010000
1101111000100011
1101110111110111
1101110111001011
1101110110100000
1101110101110100
1101110101001001
1101110100011110
1101110011110011
1101110011001001
1101110010011110
1101110001110100
1101110001001010
1101110000100000
1101101111110111
1101101111001110
1101101110100100
1101101101111100
1101101101010011
1101101100101011
1101101100000010
1101101011011010
1101101010110011
1101101010001011
1101101001100100
1101101000111101
1101101000010110
1101100111110000
1101100111001001
1101100110100011
1101100101111101
1101100101011000
1101100100110011
1101100100001101
1101100011101000
1101100011000100
1101100010011111
1101100001111011
1101100001010111
1101100000110100
1101100000010000
1101011111101101
1101011111001010
1101011110100111
1101011110000101
1101011101100011
1101011101000001
1101011100011111
1101011011111110
1101011011011101
1101011010111100
1101011010011011
1101011001111011
1101011001011010
1101011000111011
1101011000011011
1101010111111100
1101010111011100
1101010110111110
1101010110011111
1101010110000001
1101010101100010
1101010101000101
1101010100100111
1101010100001010
1101010011101101
1101010011010000
1101010010110100
1101010010010111
1101010001111011
1101010001100000
1101010001000100
1101010000101001
1101010000001110
1101001111110100
1101001111011001
1101001110111111
1101001110100101
1101001110001100
1101001101110011
1101001101011010
1101001101000001
1101001100101000
1101001100010000
1101001011111000
1101001011100001
1101001011001010
1101001010110011
1101001010011100
1101001010000101
1101001001101111
1101001001011001
1101001001000100
1101001000101110
1101001000011001
1101001000000100
1101000111110000
1101000111011100
1101000111001000
1101000110110100
1101000110100001
1101000110001110
1101000101111011
1101000101101000
1101000101010110
1101000101000100
1101000100110011
1101000100100001
1101000100010000
1101000011111111
1101000011101111
1101000011011111
1101000011001111
1101000010111111
1101000010110000
1101000010100001
1101000010010010
1101000010000100
1101000001110110
1101000001101000
1101000001011010
1101000001001101
1101000001000000
1101000000110011
1101000000100111
1101000000011011
1101000000001111
1101000000000100
1100111111111000
1100111111101101
1100111111100011
1100111111011001
1100111111001111
1100111111000101
1100111110111011
1100111110110010
1100111110101001
1100111110100001
1100111110011001
1100111110010001
1100111110001001
1100111110000010
1100111101111011
1100111101110100
1100111101101110
1100111101101000
1100111101100010
1100111101011100
1100111101010111
1100111101010010
1100111101001101
1100111101001001
1100111101000101
1100111101000001
1100111100111110
1100111100111011
1100111100111000
1100111100110101
1100111100110011
1100111100110001
1100111100110000
1100111100101110
1100111100101101
1100111100101101
1100111100101100
1100111100101100
1100111100101100
1100111100101101
1100111100101101
1100111100101111
1100111100110000
1100111100110010
1100111100110100
1100111100110110
1100111100111000
1100111100111011
1100111100111111
1100111101000010
1100111101000110
1100111101001010
1100111101001110
1100111101010011
1100111101011000
1100111101011101
1100111101100011
1100111101101001
1100111101101111
1100111101110110
1100111101111100
1100111110000011
1100111110001011
1100111110010011
1100111110011011
1100111110100011
1100111110101011
1100111110110100
1100111110111101
1100111111000111
1100111111010001
1100111111011011
1100111111100101
1100111111110000
1100111111111011
1101000000000110
1101000000010010
1101000000011110
1101000000101010
1101000000110110
1101000001000011
1101000001010000
1101000001011101
1101000001101011
1101000001111001
1101000010000111
1101000010010101
1101000010100100
1101000010110011
1101000011000011
1101000011010010
1101000011100010
1101000011110011
1101000100000011
1101000100010100
1101000100100101
1101000100110111
1101000101001000
1101000101011010
1101000101101100
1101000101111111
1101000110010010
1101000110100101
1101000110111000
1101000111001100
1101000111100000
1101000111110100
1101001000001001
1101001000011110
1101001000110011
1101001001001000
1101001001011110
1101001001110100
1101001010001010
1101001010100001
1101001010111000
1101001011001111
1101001011100110
1101001011111110
1101001100010110
1101001100101110
1101001101000110
1101001101011111
1101001101111000
1101001110010001
1101001110101011
1101001111000101
1101001111011111
1101001111111001
1101010000010100
1101010000101111
1101010001001010
1101010001100110
1101010010000010
1101010010011110
1101010010111010
1101010011010110
1101010011110011
1101010100010000
1101010100101110
1101010101001011
1101010101101001
1101010110000111
1101010110100110
1101010111000100
1101010111100011
1101011000000010
1101011000100010
1101011001000010
1101011001100010
1101011010000010
1101011010100010
1101011011000011
1101011011100100
1101011100000101
1101011100100111
1101011101001000
1101011101101010
1101011110001101
1101011110101111
1101011111010010
1101011111110101
1101100000011000
1101100000111100
1101100001011111
1101100010000011
1101100010101000
1101100011001100
1101100011110001
1101100100010110
1101100100111011
1101100101100000
1101100110000110
1101100110101100
1101100111010010
1101100111111000
1101101000011111
1101101001000110
1101101001101101
1101101010010100
1101101010111100
1101101011100011
1101101100001011
1101101100110100
1101101101011100
1101101110000101
1101101110101110
1101101111010111
1101110000000000
1101110000101010
1101110001010011
1101110001111101
1101110010101000
1101110011010010
1101110011111101
1101110100101000
1101110101010011
1101110101111110
1101110110101010
1101110111010101
1101111000000001
1101111000101101
1101111001011010
1101111010000110
1101111010110011
1101111011100000
1101111100001101
1101111100111011
1101111101101000
1101111110010110
1101111111000100
1101111111110010
1110000000100001
1110000001001111
1110000001111110
1110000010101101
1110000011011100
1110000100001011
1110000100111011
1110000101101011
1110000110011011
1110000111001011
1110000111111011
1110001000101011
1110001001011100
1110001010001101
1110001010111110
1110001011101111
1110001100100001
1110001101010010
1110001110000100
1110001110110110
1110001111101000
1110010000011010
1110010001001101
1110010001111111
1110010010110010
1110010011100101
1110010100011000
1110010101001011
1110010101111111
1110010110110011
1110010111100110
1110011000011010
1110011001001110
1110011010000011
1110011010110111
1110011011101100
1110011100100000
1110011101010101
1110011110001010
1110011110111111
1110011111110101
1110100000101010
1110100001100000
1110100010010110
1110100011001011
1110100100000010
1110100100111000
1110100101101110
1110100110100101
1110100111011011
1110101000010010
1110101001001001
1110101010000000
1110101010110111
1110101011101110
1110101100100110
1110101101011101
1110101110010101
1110101111001101
1110110000000101
1110110000111101
1110110001110101
1110110010101101
1110110011100110
1110110100011110
1110110101010111
1110110110010000
1110110111001000
1110111000000001
1110111000111010
1110111001110100
1110111010101101
1110111011100110
1110111100100000
1110111101011010
1110111110010011
1110111111001101
1111000000000111
1111000001000001
1111000001111011
1111000010110101
1111000011110000
1111000100101010
1111000101100101
1111000110011111
1111000111011010
1111001000010101
1111001001010000
1111001010001011
1111001011000110
1111001100000001
1111001100111100
1111001101110111
1111001110110010
1111001111101110
1111010000101001
1111010001100101
1111010010100001
1111010011011100
1111010100011000
1111010101010100
1111010110010000
1111010111001100
1111011000001000
1111011001000100
1111011010000000
1111011010111100
1111011011111001
1111011100110101
1111011101110001
1111011110101110
1111011111101010
1111100000100111
1111100001100011
1111100010100000
1111100011011101
1111100100011001
1111100101010110
1111100110010011
1111100111010000
1111101000001101
1111101001001010
1111101010000111
1111101011000011
1111101100000001
1111101100111110
1111101101111011
1111101110111000
1111101111110101
1111110000110010
1111110001101111
1111110010101100
1111110011101010
1111110100100111
1111110101100100
1111110110100001
1111110111011111
1111111000011100
1111111001011001
1111111010010111
1111111011010100
1111111100010001
1111111101001111
1111111110001100
1111111111001001
0000000000000111
0000000001000100
0000000010000010
0000000010111111
0000000011111100
0000000100111010
0000000101110111
0000000110110100
0000000111110010
0000001000101111
0000001001101100
0000001010101001
0000001011100111
0000001100100100
0000001101100001
0000001110011110
0000001111011100
0000010000011001
0000010001010110
0000010010010011
0000010011010000
0000010100001101
0000010101001010
0000010110000111
0000010111000100
0000011000000001
0000011000111110
0000011001111011
0000011010110111
0000011011110100
0000011100110001
0000011101101110
0000011110101010
0000011111100111
0000100000100011
0000100001100000
0000100010011100
0000100011011001
0000100100010101
0000100101010001
0000100110001101
0000100111001001
0000101000000110
0000101001000010
0000101001111110
0000101010111001
0000101011110101
0000101100110001
0000101101101101
0000101110101000
0000101111100100
0000110000011111
0000110001011011
0000110010010110
0000110011010001
0000110100001100
0000110101001000
0000110110000011
0000110110111101
0000110111111000
0000111000110011
0000111001101110
0000111010101000
0000111011100011
0000111100011101
0000111101010111
0000111110010010
0000111111001100
0001000000000110
0001000001000000
0001000001111010
0001000010110011
0001000011101101
0001000100100110
0001000101100000
0001000110011001
0001000111010010
0001001000001011
0001001001000100
0001001001111101
0001001010110110
0001001011101110
0001001100100111
0001001101011111
0001001110011000
0001001111010000
0001010000001000
0001010001000000
0001010001110111
0001010010101111
0001010011100111
0001010100011110
0001010101010101
0001010110001100
0001010111000011
0001010111111010
0001011000110001
0001011001101000
0001011010011110
0001011011010100
0001011100001010
0001011101000000
0001011101110110
0001011110101100
0001011111100010
0001100000010111
0001100001001100
0001100010000010
0001100010110111
0001100011101011
0001100100100000
0001100101010101
0001100110001001
0001100110111101
0001100111110001
0001101000100101
0001101001011001
0001101010001101
0001101011000000
0001101011110011
0001101100100110
0001101101011001
0001101110001100
0001101110111111
0001101111110001
0001110000100011
0001110001010101
0001110010000111
0001110010111001
0001110011101010
0001110100011100
0001110101001101
0001110101111110
0001110110101111
0001110111011111
0001111000010000
0001111001000000
0001111001110000
0001111010100000
0001111011010000
0001111011111111
0001111100101110
0001111101011110
0001111110001101
0001111110111011
0001111111101010
0010000000011000
0010000001000110
0010000001110100
0010000010100010
0010000011010000
0010000011111101
0010000100101010
0010000101010111
0010000110000100
0010000110110000
0010000111011101
0010001000001001
0010001000110101
0010001001100000
0010001010001100
0010001010110111
0010001011100010
0010001100001101
0010001100110111
0010001101100010
0010001110001100
0010001110110110
0010001111100000
0010010000001001
0010010000110010
0010010001011100
0010010010000100
0010010010101101
0010010011010101
0010010011111110
0010010100100110
0010010101001101
0010010101110101
0010010110011100
0010010111000011
0010010111101010
0010011000010000
0010011000110111
0010011001011101
0010011010000011
0010011010101000
0010011011001101
0010011011110011
0010011100011000
0010011100111100
0010011101100001
0010011110000101
0010011110101001
0010011111001100
0010011111110000
0010100000010011
0010100000110110
0010100001011001
0010100001111011
0010100010011101
0010100010111111
0010100011100001
0010100100000010
0010100100100011
0010100101000100
0010100101100101
0010100110000101
0010100110100110
0010100111000101
0010100111100101
0010101000000100
0010101000100100
0010101001000010
0010101001100001
0010101001111111
0010101010011110
0010101010111011
0010101011011001
0010101011110110
0010101100010011
0010101100110000
0010101101001100
0010101101101001
0010101110000101
0010101110100000
0010101110111100
0010101111010111
0010101111110010
0010110000001100
0010110000100111
0010110001000001
0010110001011011
0010110001110100
0010110010001101
0010110010100110
0010110010111111
0010110011011000
0010110011110000
0010110100001000
0010110100011111
0010110100110110
0010110101001101
0010110101100100
0010110101111011
0010110110010001
0010110110100111
0010110110111100
0010110111010010
0010110111100111
0010110111111100
0010111000010000
0010111000100100
0010111000111000
0010111001001100
0010111001011111
0010111001110010
0010111010000101
0010111010011000
0010111010101010
0010111010111100
0010111011001101
0010111011011111
0010111011110000
0010111100000001
0010111100010001
0010111100100001
0010111100110001
0010111101000001
0010111101010000
0010111101011111
0010111101101110
0010111101111100
0010111110001010
0010111110011000
0010111110100110
0010111110110011
0010111111000000
0010111111001101
0010111111011001
0010111111100101
0010111111110001
0010111111111100
0011000000001000
0011000000010011
0011000000011101
0011000000100111
0011000000110001
0011000000111011
0011000001000101
0011000001001110
0011000001010111
0011000001011111
0011000001100111
0011000001101111
0011000001110111
0011000001111110
0011000010000101
0011000010001100
0011000010010010
0011000010011000
0011000010011110
0011000010100100
0011000010101001
0011000010101110
0011000010110011
0011000010110111
0011000010111011
0011000010111111
0011000011000010
0011000011000101
0011000011001000
0011000011001011
0011000011001101
0011000011001111
0011000011010000
0011000011010010
0011000011010011
0011000011010011
0011000011010100
0011000011010100
0011000011010100
0011000011010011
0011000011010011
0011000011010001
0011000011010000
0011000011001110
0011000011001100
0011000011001010
0011000011001000
0011000011000101
0011000011000001
0011000010111110
0011000010111010
0011000010110110
0011000010110010
0011000010101101
0011000010101000
0011000010100011
0011000010011101
0011000010010111
0011000010010001
0011000010001010
0011000010000100
0011000001111101
0011000001110101
0011000001101101
0011000001100101
0011000001011101
0011000001010101
0011000001001100
0011000001000011
0011000000111001
0011000000101111
0011000000100101
0011000000011011
0011000000010000
0011000000000101
0010111111111010
0010111111101110
0010111111100010
0010111111010110
0010111111001010
0010111110111101
0010111110110000
0010111110100011
0010111110010101
0010111110000111
0010111101111001
0010111101101011
0010111101011100
0010111101001101
0010111100111101
0010111100101110
0010111100011110
0010111100001101
0010111011111101
0010111011101100
0010111011011011
0010111011001001
0010111010111000
0010111010100110
0010111010010100
0010111010000001
0010111001101110
0010111001011011
0010111001001000
0010111000110100
0010111000100000
0010111000001100
0010110111110111
0010110111100010
0010110111001101
0010110110111000
0010110110100010
0010110110001100
0010110101110110
0010110101011111
0010110101001000
0010110100110001
0010110100011010
0010110100000010
0010110011101010
0010110011010010
0010110010111010
0010110010100001
0010110010001000
0010110001101111
0010110001010101
0010110000111011
0010110000100001
0010110000000111
0010101111101100
0010101111010001
0010101110110110
0010101110011010
0010101101111110
0010101101100010
0010101101000110
0010101100101010
0010101100001101
0010101011110000
0010101011010010
0010101010110101
0010101010010111
0010101001111001
0010101001011010
0010101000111100
0010101000011101
0010100111111110
0010100111011110
0010100110111110
0010100110011110
0010100101111110
0010100101011110
0010100100111101
0010100100011100
0010100011111011
0010100011011001
0010100010111000
0010100010010110
0010100001110011
0010100001010001
0010100000101110
0010100000001011
0010011111101000
0010011111000100
0010011110100001
0010011101111101
0010011101011000
0010011100110100
0010011100001111
0010011011101010
0010011011000101
0010011010100000
0010011001111010
0010011001010100
0010011000101110
0010011000001000
0010010111100001
0010010110111010
0010010110010011
0010010101101100
0010010101000100
0010010100011101
0010010011110101
0010010011001100
0010010010100100
0010010001111011
0010010001010010
0010010000101001
0010010000000000
0010001111010110
0010001110101101
0010001110000011
0010001101011000
0010001100101110
0010001100000011
0010001011011000
0010001010101101
0010001010000010
0010001001010110
0010001000101011
0010000111111111
0010000111010011
0010000110100110
0010000101111010
0010000101001101
0010000100100000
0010000011110011
0010000011000101
0010000010011000
0010000001101010
0010000000111100
0010000000001110
0001111111011111
0001111110110001
0001111110000010
0001111101010011
0001111100100100
0001111011110101
0001111011000101
0001111010010101
0001111001100101
0001111000110101
0001111000000101
0001110111010101
0001110110100100
0001110101110011
0001110101000010
0001110100010001
0001110011011111
0001110010101110
0001110001111100
0001110001001010
0001110000011000
0001101111100110
0001101110110011
0001101110000001
0001101101001110
0001101100011011
0001101011101000
0001101010110101
0001101010000001
0001101001001101
0001101000011010
0001100111100110
0001100110110010
0001100101111101
0001100101001001
0001100100010100
0001100011100000
0001100010101011
0001100001110110
0001100001000001
0001100000001011
0001011111010110
0001011110100000
0001011101101010
0001011100110101
0001011011111110
0001011011001000
0001011010010010
0001011001011011
0001011000100101
0001010111101110
0001010110110111
0001010110000000
0001010101001001
0001010100010010
0001010011011010
0001010010100011
0001010001101011
0001010000110011
0001001111111011
0001001111000011
0001001110001011
0001001101010011
0001001100011010
0001001011100010
0001001010101001
0001001001110000
0001001000111000
0001000111111111
0001000111000110
0001000110001100
0001000101010011
0001000100011010
0001000011100000
0001000010100110
0001000001101101
0001000000110011
0000111111111001
0000111110111111
0000111110000101
0000111101001011
0000111100010000
0000111011010110
0000111010011011
0000111001100001
0000111000100110
0000110111101011
0000110110110000
0000110101110101
0000110100111010
0000110011111111
0000110011000100
0000110010001001
0000110001001110
0000110000010010
0000101111010111
0000101110011011
0000101101011111
0000101100100100
0000101011101000
0000101010101100
0000101001110000
0000101000110100
0000100111111000
0000100110111100
0000100110000000
0000100101000100
0000100100000111
0000100011001011
0000100010001111
0000100001010010
0000100000010110
0000011111011001
0000011110011101
0000011101100000
0000011100100011
0000011011100111
0000011010101010
0000011001101101
0000011000110000
0000010111110011
0000010110110110
0000010101111001
0000010100111101
0000010011111111
0000010011000010
0000010010000101
0000010001001000
0000010000001011
0000001111001110
0000001110010001
0000001101010100
0000001100010110
0000001011011001
0000001010011100
0000001001011111
0000001000100001
0000000111100100
0000000110100111
0000000101101001
0000000100101100
0000000011101111
0000000010110001
0000000001110100
0000000000110111
1111111111111001
1111111110111100
1111111101111110
1111111101000001
1111111100000100
1111111011000110
1111111010001001
1111111001001100
1111111000001110
1111110111010001
1111110110010100
1111110101010111
1111110100011001
1111110011011100
1111110010011111
1111110001100010
1111110000100100
1111101111100111
1111101110101010
1111101101101101
1111101100110000
1111101011110011
1111101010110110
1111101001111001
1111101000111100
1111100111111111
1111100111000010
1111100110000101
1111100101001001
1111100100001100
1111100011001111
1111100010010010
1111100001010110
1111100000011001
1111011111011101
1111011110100000
1111011101100100
1111011100100111
1111011011101011
1111011010101111
1111011001110011
1111011000110111
1111010111111010
1111010110111110
1111010110000010
1111010101000111
1111010100001011
1111010011001111
1111010010010011
1111010001011000
1111010000011100
1111001111100001
1111001110100101
1111001101101010
1111001100101111
1111001011110100
1111001010111000
1111001001111101
1111001001000011
1111001000001000
1111000111001101
1111000110010010
1111000101011000
1111000100011101
1111000011100011
1111000010101001
1111000001101110
1111000000110100
1110111111111010
1110111111000000
1110111110000110
1110111101001101
1110111100010011
1110111011011010
1110111010100000
1110111001100111
1110111000101110
1110110111110101
1110110110111100
1110110110000011
1110110101001010
1110110100010010
1110110011011001
1110110010100001
1110110001101000
1110110000110000
1110101111111000
1110101111000000
1110101110001001
1110101101010001
1110101100011001
1110101011100010
1110101010101011
1110101001110100
1110101000111101
1110101000000110
1110100111001111
1110100110011000
1110100101100010
1110100100101100
1110100011110110
1110100011000000
1110100010001010
1110100001010100
1110100000011110
1110011111101001
1110011110110100
1110011101111110
1110011101001001
1110011100010101
1110011011100000
1110011010101011
1110011001110111
1110011001000011
1110011000001111
1110010111011011
1110010110100111
1110010101110011
1110010101000000
1110010100001101
1110010011011010
1110010010100111
1110010001110100
1110010001000001
1110010000001111
1110001111011101
1110001110101011
1110001101111001
1110001101000111
1110001100010110
1110001011100100
1110001010110011
1110001010000010
1110001001010001
1110001000100001
1110000111110000
1110000111000000
1110000110010000
1110000101100000
1110000100110000
1110000100000001
1110000011010010
1110000010100010
1110000001110011
1110000001000101
1110000000010110
1101111111101000
1101111110111010
1101111110001100
1101111101011110
1101111100110000
1101111100000011
1101111011010110
1101111010101001
1101111001111100
1101111001010000
1101111000100011
1101110111110111
1101110111001011
1101110110100000
1101110101110100
1101110101001001
1101110100011110
1101110011110011
1101110011001001
1101110010011110
1101110001110100
1101110001001010
1101110000100000
1101101111110111
1101101111001110
1101101110100100
1101101101111100
1101101101010011
1101101100101011
1101101100000010
1101101011011010
1101101010110011
1101101010001011
1101101001100100
1101101000111101
1101101000010110
1101100111110000
1101100111001001
1101100110100011
1101100101111101
1101100101011000
1101100100110011
1101100100001101
1101100011101000
1101100011000100
1101100010011111
1101100001111011
1101100001010111
1101100000110100
1101100000010000
1101011111101101
1101011111001010
1101011110100111
1101011110000101
1101011101100011
1101011101000001
1101011100011111
1101011011111110
1101011011011101
1101011010111100
1101011010011011
1101011001111011
1101011001011010
1101011000111011
1101011000011011
1101010111111100
1101010111011100
1101010110111110
1101010110011111
1101010110000001
1101010101100010
1101010101000101
1101010100100111
1101010100001010
1101010011101101
1101010011010000
1101010010110100
1101010010010111
1101010001111011
1101010001100000
1101010001000100
1101010000101001
1101010000001110
1101001111110100
1101001111011001
1101001110111111
1101001110100101
1101001110001100
1101001101110011
1101001101011010
1101001101000001
1101001100101000
1101001100010000
1101001011111000
1101001011100001
1101001011001010
1101001010110011
1101001010011100
1101001010000101
1101001001101111
1101001001011001
1101001001000100
1101001000101110
1101001000011001
1101001000000100
1101000111110000
1101000111011100
1101000111001000
1101000110110100
1101000110100001
1101000110001110
1101000101111011
1101000101101000
1101000101010110
1101000101000100
1101000100110011
1101000100100001
1101000100010000
1101000011111111
1101000011101111
1101000011011111
1101000011001111
1101000010111111
1101000010110000
1101000010100001
1101000010010010
1101000010000100
1101000001110110
1101000001101000
1101000001011010
1101000001001101
1101000001000000
1101000000110011
1101000000100111
1101000000011011
1101000000001111
1101000000000100
1100111111111000
1100111111101101
1100111111100011
1100111111011001
1100111111001111
1100111111000101
1100111110111011
1100111110110010
1100111110101001
1100111110100001
1100111110011001
1100111110010001
1100111110001001
1100111110000010
1100111101111011
1100111101110100
1100111101101110
1100111101101000
1100111101100010
1100111101011100
1100111101010111
1100111101010010
1100111101001101
1100111101001001
1100111101000101
1100111101000001
1100111100111110
1100111100111011
1100111100111000
1100111100110101
1100111100110011
1100111100110001
1100111100110000
1100111100101110
1100111100101101
1100111100101101
1100111100101100
1100111100101100
1100111100101100
1100111100101101
1100111100101101
1100111100101111
1100111100110000
1100111100110010
1100111100110100
1100111100110110
1100111100111000
1100111100111011
1100111100111111
1100111101000010
1100111101000110
1100111101001010
1100111101001110
1100111101010011
1100111101011000
1100111101011101
1100111101100011
1100111101101001
1100111101101111
1100111101110110
1100111101111100
1100111110000011
1100111110001011
1100111110010011
1100111110011011
1100111110100011
1100111110101011
1100111110110100
1100111110111101
1100111111000111
1100111111010001
1100111111011011
1100111111100101
1100111111110000
1100111111111011
1101000000000110
1101000000010010
1101000000011110
1101000000101010
1101000000110110
1101000001000011
1101000001010000
1101000001011101
1101000001101011
1101000001111001
1101000010000111
1101000010010101
1101000010100100
1101000010110011
1101000011000011
1101000011010010
1101000011100010
1101000011110011
1101000100000011
1101000100010100
1101000100100101
1101000100110111
1101000101001000
1101000101011010
1101000101101100
1101000101111111
1101000110010010
1101000110100101
1101000110111000
1101000111001100
1101000111100000
1101000111110100
1101001000001001
1101001000011110
1101001000110011
1101001001001000
1101001001011110
1101001001110100
1101001010001010
1101001010100001
1101001010111000
1101001011001111
1101001011100110
1101001011111110
1101001100010110
1101001100101110
1101001101000110
1101001101011111
1101001101111000
1101001110010001
1101001110101011
1101001111000101
1101001111011111
1101001111111001
1101010000010100
1101010000101111
1101010001001010
1101010001100110
1101010010000010
1101010010011110
1101010010111010
1101010011010110
1101010011110011
1101010100010000
1101010100101110
1101010101001011
1101010101101001
1101010110000111
1101010110100110
1101010111000100
1101010111100011
1101011000000010
1101011000100010
1101011001000010
1101011001100010
1101011010000010
1101011010100010
1101011011000011
1101011011100100
1101011100000101
1101011100100111
1101011101001000
1101011101101010
1101011110001101
1101011110101111
1101011111010010
1101011111110101
1101100000011000
1101100000111100
1101100001011111
1101100010000011
1101100010101000
1101100011001100
1101100011110001
1101100100010110
1101100100111011
1101100101100000
1101100110000110
1101100110101100
1101100111010010
1101100111111000
1101101000011111
1101101001000110
1101101001101101
1101101010010100
1101101010111100
1101101011100011
1101101100001011
1101101100110100
1101101101011100
1101101110000101
1101101110101110
1101101111010111
1101110000000000
1101110000101010
1101110001010011
1101110001111101
1101110010101000
1101110011010010
1101110011111101
1101110100101000
1101110101010011
1101110101111110
1101110110101010
1101110111010101
1101111000000001
1101111000101101
1101111001011010
1101111010000110
1101111010110011
1101111011100000
1101111100001101
1101111100111011
1101111101101000
1101111110010110
1101111111000100
1101111111110010
1110000000100001
1110000001001111
1110000001111110
1110000010101101
1110000011011100
1110000100001011
1110000100111011
1110000101101011
1110000110011011
1110000111001011
1110000111111011
1110001000101011
1110001001011100
1110001010001101
1110001010111110
1110001011101111
1110001100100001
1110001101010010
1110001110000100
1110001110110110
1110001111101000
1110010000011010
1110010001001101
1110010001111111
1110010010110010
1110010011100101
1110010100011000
1110010101001011
1110010101111111
1110010110110011
1110010111100110
1110011000011010
1110011001001110
1110011010000011
1110011010110111
1110011011101100
1110011100100000
1110011101010101
1110011110001010
1110011110111111
1110011111110101
1110100000101010
1110100001100000
1110100010010110
1110100011001011
1110100100000010
1110100100111000
1110100101101110
1110100110100101
1110100111011011
1110101000010010
1110101001001001
1110101010000000
1110101010110111
1110101011101110
1110101100100110
1110101101011101
1110101110010101
1110101111001101
1110110000000101
1110110000111101
1110110001110101
1110110010101101
1110110011100110
1110110100011110
1110110101010111
1110110110010000
1110110111001000
1110111000000001
1110111000111010
1110111001110100
1110111010101101
1110111011100110
1110111100100000
1110111101011010
1110111110010011
1110111111001101
1111000000000111
1111000001000001
1111000001111011
1111000010110101
1111000011110000
1111000100101010
1111000101100101
1111000110011111
1111000111011010
1111001000010101
1111001001010000
1111001010001011
1111001011000110
1111001100000001
1111001100111100
1111001101110111
1111001110110010
1111001111101110
1111010000101001
1111010001100101
1111010010100001
1111010011011100
1111010100011000
1111010101010100
1111010110010000
1111010111001100
1111011000001000
1111011001000100
1111011010000000
1111011010111100
1111011011111001
1111011100110101
1111011101110001
1111011110101110
1111011111101010
1111100000100111
1111100001100011
1111100010100000
1111100011011101
1111100100011001
1111100101010110
1111100110010011
1111100111010000
1111101000001101
1111101001001010
1111101010000111
1111101011000011
1111101100000001
1111101100111110
1111101101111011
1111101110111000
1111101111110101
1111110000110010
1111110001101111
1111110010101100
1111110011101010
1111110100100111
1111110101100100
1111110110100001
1111110111011111
1111111000011100
1111111001011001
1111111010010111
1111111011010100
1111111100010001
1111111101001111
1111111110001100
1111111111001001
0000000000000111
0000000001000100
0000000010000010
0000000010111111
0000000011111100
0000000100111010
0000000101110111
0000000110110100
0000000111110010
0000001000101111
0000001001101100
0000001010101001
0000001011100111
0000001100100100
0000001101100001
0000001110011110
0000001111011100
0000010000011001
0000010001010110
0000010010010011
0000010011010000
0000010100001101
0000010101001010
0000010110000111
0000010111000100
0000011000000001
0000011000111110
0000011001111011
0000011010110111
0000011011110100
0000011100110001
0000011101101110
0000011110101010
0000011111100111
0000100000100011
0000100001100000
0000100010011100
0000100011011001
0000100100010101
0000100101010001
0000100110001101
0000100111001001
0000101000000110
0000101001000010
0000101001111110
0000101010111001
0000101011110101
0000101100110001
0000101101101101
0000101110101000
0000101111100100
0000110000011111
0000110001011011
0000110010010110
0000110011010001
0000110100001100
0000110101001000
0000110110000011
0000110110111101
0000110111111000
0000111000110011
0000111001101110
0000111010101000
0000111011100011
0000111100011101
0000111101010111
0000111110010010
0000111111001100
0001000000000110
0001000001000000
0001000001111010
0001000010110011
0001000011101101
0001000100100110
0001000101100000
0001000110011001
0001000111010010
0001001000001011
0001001001000100
0001001001111101
0001001010110110
0001001011101110
0001001100100111
0001001101011111
0001001110011000
0001001111010000
0001010000001000
0001010001000000
0001010001110111
0001010010101111
0001010011100111
0001010100011110
0001010101010101
0001010110001100
0001010111000011
0001010111111010
0001011000110001
0001011001101000
0001011010011110
0001011011010100
0001011100001010
0001011101000000
0001011101110110
0001011110101100
0001011111100010
0001100000010111
0001100001001100
0001100010000010
0001100010110111
0001100011101011
0001100100100000
0001100101010101
0001100110001001
0001100110111101
0001100111110001
0001101000100101
0001101001011001
0001101010001101
0001101011000000
0001101011110011
0001101100100110
0001101101011001
0001101110001100
0001101110111111
0001101111110001
0001110000100011
0001110001010101
0001110010000111
0001110010111001
0001110011101010
0001110100011100
0001110101001101
0001110101111110
0001110110101111
0001110111011111
0001111000010000
0001111001000000
0001111001110000
0001111010100000
0001111011010000
0001111011111111
0001111100101110
0001111101011110
0001111110001101
0001111110111011
0001111111101010
0010000000011000
0010000001000110
0010000001110100
0010000010100010
0010000011010000
0010000011111101
0010000100101010
0010000101010111
0010000110000100
0010000110110000
0010000111011101
0010001000001001
0010001000110101
0010001001100000
0010001010001100
0010001010110111
0010001011100010
0010001100001101
0010001100110111
0010001101100010
0010001110001100
0010001110110110
0010001111100000
0010010000001001
0010010000110010
0010010001011100
0010010010000100
0010010010101101
0010010011010101
0010010011111110
0010010100100110
0010010101001101
0010010101110101
0010010110011100
0010010111000011
0010010111101010
0010011000010000
0010011000110111
0010011001011101
0010011010000011
0010011010101000
0010011011001101
0010011011110011
0010011100011000
0010011100111100
0010011101100001
0010011110000101
0010011110101001
0010011111001100
0010011111110000
0010100000010011
0010100000110110
0010100001011001
0010100001111011
0010100010011101
0010100010111111
0010100011100001
0010100100000010
0010100100100011
0010100101000100
0010100101100101
0010100110000101
0010100110100110
0010100111000101
0010100111100101
0010101000000100
0010101000100100
0010101001000010
0010101001100001
0010101001111111
0010101010011110
0010101010111011
0010101011011001
0010101011110110
0010101100010011
0010101100110000
0010101101001100
0010101101101001
0010101110000101
0010101110100000
0010101110111100
0010101111010111
0010101111110010
0010110000001100
0010110000100111
0010110001000001
0010110001011011
0010110001110100
0010110010001101
0010110010100110
0010110010111111
0010110011011000
0010110011110000
0010110100001000
0010110100011111
0010110100110110
0010110101001101
0010110101100100
0010110101111011
0010110110010001
0010110110100111
0010110110111100
0010110111010010
0010110111100111
0010110111111100
0010111000010000
0010111000100100
0010111000111000
0010111001001100
0010111001011111
0010111001110010
0010111010000101
0010111010011000
0010111010101010
0010111010111100
0010111011001101
0010111011011111
0010111011110000
0010111100000001
0010111100010001
0010111100100001
0010111100110001
0010111101000001
0010111101010000
0010111101011111
0010111101101110
0010111101111100
0010111110001010
0010111110011000
0010111110100110
0010111110110011
0010111111000000
0010111111001101
0010111111011001
0010111111100101
0010111111110001
0010111111111100
0011000000001000
0011000000010011
0011000000011101
0011000000100111
0011000000110001
0011000000111011
0011000001000101
0011000001001110
0011000001010111
0011000001011111
0011000001100111
0011000001101111
0011000001110111
0011000001111110
0011000010000101
0011000010001100
0011000010010010
0011000010011000
0011000010011110
0011000010100100
0011000010101001
0011000010101110
0011000010110011
0011000010110111
0011000010111011
0011000010111111
0011000011000010
0011000011000101
0011000011001000
0011000011001011
0011000011001101
0011000011001111
0011000011010000
0011000011010010
0011000011010011
0011000011010011
0011000011010100
0011000011010100
0011000011010100
0011000011010011
0011000011010011
0011000011010001
0011000011010000
0011000011001110
0011000011001100
0011000011001010
0011000011001000
0011000011000101
0011000011000001
0011000010111110
0011000010111010
0011000010110110
0011000010110010
0011000010101101
0011000010101000
0011000010100011
0011000010011101
0011000010010111
0011000010010001
0011000010001010
0011000010000100
0011000001111101
0011000001110101
0011000001101101
0011000001100101
0011000001011101
0011000001010101
0011000001001100
0011000001000011
0011000000111001
0011000000101111
0011000000100101
0011000000011011
0011000000010000
0011000000000101
0010111111111010
0010111111101110
0010111111100010
0010111111010110
0010111111001010
0010111110111101
0010111110110000
0010111110100011
0010111110010101
0010111110000111
0010111101111001
0010111101101011
0010111101011100
0010111101001101
0010111100111101
0010111100101110
0010111100011110
0010111100001101
0010111011111101
0010111011101100
0010111011011011
0010111011001001
0010111010111000
0010111010100110
0010111010010100
0010111010000001
0010111001101110
0010111001011011
0010111001001000
0010111000110100
0010111000100000
0010111000001100
0010110111110111
0010110111100010
0010110111001101
0010110110111000
0010110110100010
0010110110001100
0010110101110110
0010110101011111
0010110101001000
0010110100110001
0010110100011010
0010110100000010
0010110011101010
0010110011010010
0010110010111010
0010110010100001
0010110010001000
0010110001101111
0010110001010101
0010110000111011
0010110000100001
0010110000000111
0010101111101100
0010101111010001
0010101110110110
0010101110011010
0010101101111110
0010101101100010
0010101101000110
0010101100101010
0010101100001101
0010101011110000
0010101011010010
0010101010110101
0010101010010111
0010101001111001
0010101001011010
0010101000111100
0010101000011101
0010100111111110
0010100111011110
0010100110111110
0010100110011110
0010100101111110
0010100101011110
0010100100111101
0010100100011100
0010100011111011
0010100011011001
0010100010111000
0010100010010110
0010100001110011
0010100001010001
0010100000101110
0010100000001011
0010011111101000
0010011111000100
0010011110100001
0010011101111101
0010011101011000
0010011100110100
0010011100001111
0010011011101010
0010011011000101
0010011010100000
0010011001111010
0010011001010100
0010011000101110
0010011000001000
0010010111100001
0010010110111010
0010010110010011
0010010101101100
0010010101000100
0010010100011101
0010010011110101
0010010011001100
0010010010100100
0010010001111011
0010010001010010
0010010000101001
0010010000000000
0010001111010110
0010001110101101
0010001110000011
0010001101011000
0010001100101110
0010001100000011
0010001011011000
0010001010101101
0010001010000010
0010001001010110
0010001000101011
0010000111111111
0010000111010011
0010000110100110
0010000101111010
0010000101001101
0010000100100000
0010000011110011
0010000011000101
0010000010011000
0010000001101010
0010000000111100
0010000000001110
0001111111011111
0001111110110001
0001111110000010
0001111101010011
0001111100100100
0001111011110101
0001111011000101
0001111010010101
0001111001100101
0001111000110101
0001111000000101
0001110111010101
0001110110100100
0001110101110011
0001110101000010
0001110100010001
0001110011011111
0001110010101110
0001110001111100
0001110001001010
0001110000011000
0001101111100110
0001101110110011
0001101110000001
0001101101001110
0001101100011011
0001101011101000
0001101010110101
0001101010000001
0001101001001101
0001101000011010
0001100111100110
0001100110110010
0001100101111101
0001100101001001
0001100100010100
0001100011100000
0001100010101011
0001100001110110
0001100001000001
0001100000001011
0001011111010110
0001011110100000
0001011101101010
0001011100110101
0001011011111110
0001011011001000
0001011010010010
0001011001011011
0001011000100101
0001010111101110
0001010110110111
0001010110000000
0001010101001001
0001010100010010
0001010011011010
0001010010100011
0001010001101011
0001010000110011
0001001111111011
0001001111000011
0001001110001011
0001001101010011
0001001100011010
0001001011100010
0001001010101001
0001001001110000
0001001000111000
0001000111111111
0001000111000110
0001000110001100
0001000101010011
0001000100011010
0001000011100000
0001000010100110
0001000001101101
0001000000110011
0000111111111001
0000111110111111
0000111110000101
0000111101001011
0000111100010000
0000111011010110
0000111010011011
0000111001100001
0000111000100110
0000110111101011
0000110110110000
0000110101110101
0000110100111010
0000110011111111
0000110011000100
0000110010001001
0000110001001110
0000110000010010
0000101111010111
0000101110011011
0000101101011111
0000101100100100
0000101011101000
0000101010101100
0000101001110000
0000101000110100
0000100111111000
0000100110111100
0000100110000000
0000100101000100
0000100100000111
0000100011001011
0000100010001111
0000100001010010
0000100000010110
0000011111011001
0000011110011101
0000011101100000
0000011100100011
0000011011100111
0000011010101010
0000011001101101
0000011000110000
0000010111110011
0000010110110110
0000010101111001
0000010100111101
0000010011111111
0000010011000010
0000010010000101
0000010001001000
0000010000001011
0000001111001110
0000001110010001
0000001101010100
0000001100010110
0000001011011001
0000001010011100
0000001001011111
0000001000100001
0000000111100100
0000000110100111
0000000101101001
0000000100101100
0000000011101111
0000000010110001
0000000001110100
0000000000110111
1111111111111001
1111111110111100
1111111101111110
1111111101000001
1111111100000100
1111111011000110
1111111010001001
1111111001001100
1111111000001110
1111110111010001
1111110110010100
1111110101010111
1111110100011001
1111110011011100
1111110010011111
1111110001100010
1111110000100100
1111101111100111
1111101110101010
1111101101101101
1111101100110000
1111101011110011
1111101010110110
1111101001111001
1111101000111100
1111100111111111
1111100111000010
1111100110000101
1111100101001001
1111100100001100
1111100011001111
1111100010010010
1111100001010110
1111100000011001
1111011111011101
1111011110100000
1111011101100100
1111011100100111
1111011011101011
1111011010101111
1111011001110011
1111011000110111
1111010111111010
1111010110111110
1111010110000010
1111010101000111
1111010100001011
1111010011001111
1111010010010011
1111010001011000
1111010000011100
1111001111100001
1111001110100101
1111001101101010
1111001100101111
1111001011110100
1111001010111000
1111001001111101
1111001001000011
1111001000001000
1111000111001101
1111000110010010
1111000101011000
1111000100011101
1111000011100011
1111000010101001
1111000001101110
1111000000110100
1110111111111010
1110111111000000
1110111110000110
1110111101001101
1110111100010011
1110111011011010
1110111010100000
1110111001100111
1110111000101110
1110110111110101
1110110110111100
1110110110000011
1110110101001010
1110110100010010
1110110011011001
1110110010100001
1110110001101000
1110110000110000
1110101111111000
1110101111000000
1110101110001001
1110101101010001
1110101100011001
1110101011100010
1110101010101011
1110101001110100
1110101000111101
1110101000000110
1110100111001111
1110100110011000
1110100101100010
1110100100101100
1110100011110110
1110100011000000
1110100010001010
1110100001010100
1110100000011110
1110011111101001
1110011110110100
1110011101111110
1110011101001001
1110011100010101
1110011011100000
1110011010101011
1110011001110111
1110011001000011
1110011000001111
1110010111011011
1110010110100111
1110010101110011
1110010101000000
1110010100001101
1110010011011010
1110010010100111
1110010001110100
1110010001000001
1110010000001111
1110001111011101
1110001110101011
1110001101111001
1110001101000111
1110001100010110
1110001011100100
1110001010110011
1110001010000010
1110001001010001
1110001000100001
1110000111110000
1110000111000000
1110000110010000
1110000101100000
1110000100110000
1110000100000001
1110000011010010
1110000010100010
1110000001110011
1110000001000101
1110000000010110
1101111111101000
1101111110111010
1101111110001100
1101111101011110
1101111100110000
1101111100000011
1101111011010110
1101111010101001
1101111001111100
1101111001010000
1101111000100011
1101110111110111
1101110111001011
1101110110100000
1101110101110100
1101110101001001
1101110100011110
1101110011110011
1101110011001001
1101110010011110
1101110001110100
1101110001001010
1101110000100000
1101101111110111
1101101111001110
1101101110100100
1101101101111100
1101101101010011
1101101100101011
1101101100000010
1101101011011010
1101101010110011
1101101010001011
1101101001100100
1101101000111101
1101101000010110
1101100111110000
1101100111001001
1101100110100011
1101100101111101
1101100101011000
1101100100110011
1101100100001101
1101100011101000
1101100011000100
1101100010011111
1101100001111011
1101100001010111
1101100000110100
1101100000010000
1101011111101101
1101011111001010
1101011110100111
1101011110000101
1101011101100011
1101011101000001
1101011100011111
1101011011111110
1101011011011101
1101011010111100
1101011010011011
1101011001111011
1101011001011010
1101011000111011
1101011000011011
1101010111111100
1101010111011100
1101010110111110
1101010110011111
1101010110000001
1101010101100010
1101010101000101
1101010100100111
1101010100001010
1101010011101101
1101010011010000
1101010010110100
1101010010010111
1101010001111011
1101010001100000
1101010001000100
1101010000101001
1101010000001110
1101001111110100
1101001111011001
1101001110111111
1101001110100101
1101001110001100
1101001101110011
1101001101011010
1101001101000001
1101001100101000
1101001100010000
1101001011111000
1101001011100001
1101001011001010
1101001010110011
1101001010011100
1101001010000101
1101001001101111
1101001001011001
1101001001000100
1101001000101110
1101001000011001
1101001000000100
1101000111110000
1101000111011100
1101000111001000
1101000110110100
1101000110100001
1101000110001110
1101000101111011
1101000101101000
1101000101010110
1101000101000100
1101000100110011
1101000100100001
1101000100010000
1101000011111111
1101000011101111
1101000011011111
1101000011001111
1101000010111111
1101000010110000
1101000010100001
1101000010010010
1101000010000100
1101000001110110
1101000001101000
1101000001011010
1101000001001101
1101000001000000
1101000000110011
1101000000100111
1101000000011011
1101000000001111
1101000000000100
1100111111111000
1100111111101101
1100111111100011
1100111111011001
1100111111001111
1100111111000101
1100111110111011
1100111110110010
1100111110101001
1100111110100001
1100111110011001
1100111110010001
1100111110001001
1100111110000010
1100111101111011
1100111101110100
1100111101101110
1100111101101000
1100111101100010
1100111101011100
1100111101010111
1100111101010010
1100111101001101
1100111101001001
1100111101000101
1100111101000001
1100111100111110
1100111100111011
1100111100111000
1100111100110101
1100111100110011
1100111100110001
1100111100110000
1100111100101110
1100111100101101
1100111100101101
1100111100101100
1100111100101100
1100111100101100
1100111100101101
1100111100101101
1100111100101111
1100111100110000
1100111100110010
1100111100110100
1100111100110110
1100111100111000
1100111100111011
1100111100111111
1100111101000010
1100111101000110
1100111101001010
1100111101001110
1100111101010011
1100111101011000
1100111101011101
1100111101100011
1100111101101001
1100111101101111
1100111101110110
1100111101111100
1100111110000011
1100111110001011
1100111110010011
1100111110011011
1100111110100011
1100111110101011
1100111110110100
1100111110111101
1100111111000111
1100111111010001
1100111111011011
1100111111100101
1100111111110000
1100111111111011
1101000000000110
1101000000010010
1101000000011110
1101000000101010
1101000000110110
1101000001000011
1101000001010000
1101000001011101
1101000001101011
1101000001111001
1101000010000111
1101000010010101
1101000010100100
1101000010110011
1101000011000011
1101000011010010
1101000011100010
1101000011110011
1101000100000011
1101000100010100
1101000100100101
1101000100110111
1101000101001000
1101000101011010
1101000101101100
1101000101111111
1101000110010010
1101000110100101
1101000110111000
1101000111001100
1101000111100000
1101000111110100
1101001000001001
1101001000011110
1101001000110011
1101001001001000
1101001001011110
1101001001110100
1101001010001010
1101001010100001
1101001010111000
1101001011001111
1101001011100110
1101001011111110
1101001100010110
1101001100101110
1101001101000110
1101001101011111
1101001101111000
1101001110010001
1101001110101011
1101001111000101
1101001111011111
1101001111111001
1101010000010100
1101010000101111
1101010001001010
1101010001100110
1101010010000010
1101010010011110
1101010010111010
1101010011010110
1101010011110011
1101010100010000
1101010100101110
1101010101001011
1101010101101001
1101010110000111
1101010110100110
1101010111000100
1101010111100011
1101011000000010
1101011000100010
1101011001000010
1101011001100010
1101011010000010
1101011010100010
1101011011000011
1101011011100100
1101011100000101
1101011100100111
1101011101001000
1101011101101010
1101011110001101
1101011110101111
1101011111010010
1101011111110101
1101100000011000
1101100000111100
1101100001011111
1101100010000011
1101100010101000
1101100011001100
1101100011110001
1101100100010110
1101100100111011
1101100101100000
1101100110000110
1101100110101100
1101100111010010
1101100111111000
1101101000011111
1101101001000110
1101101001101101
1101101010010100
1101101010111100
1101101011100011
1101101100001011
1101101100110100
1101101101011100
1101101110000101
1101101110101110
1101101111010111
1101110000000000
1101110000101010
1101110001010011
1101110001111101
1101110010101000
1101110011010010
1101110011111101
1101110100101000
1101110101010011
1101110101111110
1101110110101010
1101110111010101
1101111000000001
1101111000101101
1101111001011010
1101111010000110
1101111010110011
1101111011100000
1101111100001101
1101111100111011
1101111101101000
1101111110010110
1101111111000100
1101111111110010
1110000000100001
1110000001001111
1110000001111110
1110000010101101
1110000011011100
1110000100001011
1110000100111011
1110000101101011
1110000110011011
1110000111001011
1110000111111011
1110001000101011
1110001001011100
1110001010001101
1110001010111110
1110001011101111
1110001100100001
1110001101010010
1110001110000100
1110001110110110
1110001111101000
1110010000011010
1110010001001101
1110010001111111
1110010010110010
1110010011100101
1110010100011000
1110010101001011
1110010101111111
1110010110110011
1110010111100110
1110011000011010
1110011001001110
1110011010000011
1110011010110111
1110011011101100
1110011100100000
1110011101010101
1110011110001010
1110011110111111
1110011111110101
1110100000101010
1110100001100000
1110100010010110
1110100011001011
1110100100000010
1110100100111000
1110100101101110
1110100110100101
1110100111011011
1110101000010010
1110101001001001
1110101010000000
1110101010110111
1110101011101110
1110101100100110
1110101101011101
1110101110010101
1110101111001101
1110110000000101
1110110000111101
1110110001110101
1110110010101101
1110110011100110
1110110100011110
1110110101010111
1110110110010000
1110110111001000
1110111000000001
1110111000111010
1110111001110100
1110111010101101
1110111011100110
1110111100100000
1110111101011010
1110111110010011
1110111111001101
1111000000000111
1111000001000001
1111000001111011
1111000010110101
1111000011110000
1111000100101010
1111000101100101
1111000110011111
1111000111011010
1111001000010101
1111001001010000
1111001010001011
1111001011000110
1111001100000001
1111001100111100
1111001101110111
1111001110110010
1111001111101110
1111010000101001
1111010001100101
1111010010100001
1111010011011100
1111010100011000
1111010101010100
1111010110010000
1111010111001100
1111011000001000
1111011001000100
1111011010000000
1111011010111100
1111011011111001
1111011100110101
1111011101110001
1111011110101110
1111011111101010
1111100000100111
1111100001100011
1111100010100000
1111100011011101
1111100100011001
1111100101010110
1111100110010011
1111100111010000
1111101000001101
1111101001001010
1111101010000111
1111101011000011
1111101100000001
1111101100111110
1111101101111011
1111101110111000
1111101111110101
1111110000110010
1111110001101111
1111110010101100
1111110011101010
1111110100100111
1111110101100100
1111110110100001
1111110111011111
1111111000011100
1111111001011001
1111111010010111
1111111011010100
1111111100010001
1111111101001111
1111111110001100
1111111111001001
0000000000000111
0000000001000100
0000000010000010
0000000010111111
0000000011111100
0000000100111010
0000000101110111
0000000110110100
0000000111110010
0000001000101111
0000001001101100
0000001010101001
0000001011100111
0000001100100100
0000001101100001
0000001110011110
0000001111011100
0000010000011001
0000010001010110
0000010010010011
0000010011010000
0000010100001101
0000010101001010
0000010110000111
0000010111000100
0000011000000001
0000011000111110
0000011001111011
0000011010110111
0000011011110100
0000011100110001
0000011101101110
0000011110101010
0000011111100111
0000100000100011
0000100001100000
0000100010011100
0000100011011001
0000100100010101
0000100101010001
0000100110001101
0000100111001001
0000101000000110
0000101001000010
0000101001111110
0000101010111001
0000101011110101
0000101100110001
0000101101101101
0000101110101000
0000101111100100
0000110000011111
0000110001011011
0000110010010110
0000110011010001
0000110100001100
0000110101001000
0000110110000011
0000110110111101
0000110111111000
0000111000110011
0000111001101110
0000111010101000
0000111011100011
0000111100011101
0000111101010111
0000111110010010
0000111111001100
0001000000000110
0001000001000000
0001000001111010
0001000010110011
0001000011101101
0001000100100110
0001000101100000
0001000110011001
0001000111010010
0001001000001011
0001001001000100
0001001001111101
0001001010110110
0001001011101110
0001001100100111
0001001101011111
0001001110011000
0001001111010000
0001010000001000
0001010001000000
0001010001110111
0001010010101111
0001010011100111
0001010100011110
0001010101010101
0001010110001100
0001010111000011
0001010111111010
0001011000110001
0001011001101000
0001011010011110
0001011011010100
0001011100001010
0001011101000000
0001011101110110
0001011110101100
0001011111100010
0001100000010111
0001100001001100
0001100010000010
0001100010110111
0001100011101011
0001100100100000
0001100101010101
0001100110001001
0001100110111101
0001100111110001
0001101000100101
0001101001011001
0001101010001101
0001101011000000
0001101011110011
0001101100100110
0001101101011001
0001101110001100
0001101110111111
0001101111110001
0001110000100011
0001110001010101
0001110010000111
0001110010111001
0001110011101010
0001110100011100
0001110101001101
0001110101111110
0001110110101111
0001110111011111
0001111000010000
0001111001000000
0001111001110000
0001111010100000
0001111011010000
0001111011111111
0001111100101110
0001111101011110
0001111110001101
0001111110111011
0001111111101010
0010000000011000
0010000001000110
0010000001110100
0010000010100010
0010000011010000
0010000011111101
0010000100101010
0010000101010111
0010000110000100
0010000110110000
0010000111011101
0010001000001001
0010001000110101
0010001001100000
0010001010001100
0010001010110111
0010001011100010
0010001100001101
0010001100110111
0010001101100010
0010001110001100
0010001110110110
0010001111100000
0010010000001001
0010010000110010
0010010001011100
0010010010000100
0010010010101101
0010010011010101
0010010011111110
0010010100100110
0010010101001101
0010010101110101
0010010110011100
0010010111000011
0010010111101010
0010011000010000
0010011000110111
0010011001011101
0010011010000011
0010011010101000
0010011011001101
0010011011110011
0010011100011000
0010011100111100
0010011101100001
0010011110000101
0010011110101001
0010011111001100
0010011111110000
0010100000010011
0010100000110110
0010100001011001
0010100001111011
0010100010011101
0010100010111111
0010100011100001
0010100100000010
0010100100100011
0010100101000100
0010100101100101
0010100110000101
0010100110100110
0010100111000101
0010100111100101
0010101000000100
0010101000100100
0010101001000010
0010101001100001
0010101001111111
0010101010011110
0010101010111011
0010101011011001
0010101011110110
0010101100010011
0010101100110000
0010101101001100
0010101101101001
0010101110000101
0010101110100000
0010101110111100
0010101111010111
0010101111110010
0010110000001100
0010110000100111
0010110001000001
0010110001011011
0010110001110100
0010110010001101
0010110010100110
0010110010111111
0010110011011000
0010110011110000
0010110100001000
0010110100011111
0010110100110110
0010110101001101
0010110101100100
0010110101111011
0010110110010001
0010110110100111
0010110110111100
0010110111010010
0010110111100111
0010110111111100
0010111000010000
0010111000100100
0010111000111000
0010111001001100
0010111001011111
0010111001110010
0010111010000101
0010111010011000
0010111010101010
0010111010111100
0010111011001101
0010111011011111
0010111011110000
0010111100000001
0010111100010001
0010111100100001
0010111100110001
0010111101000001
0010111101010000
0010111101011111
0010111101101110
0010111101111100
0010111110001010
0010111110011000
0010111110100110
0010111110110011
0010111111000000
0010111111001101
0010111111011001
0010111111100101
0010111111110001
0010111111111100
0011000000001000
0011000000010011
0011000000011101
0011000000100111
0011000000110001
0011000000111011
0011000001000101
0011000001001110
0011000001010111
0011000001011111
0011000001100111
0011000001101111
0011000001110111
0011000001111110
0011000010000101
0011000010001100
0011000010010010
0011000010011000
0011000010011110
0011000010100100
0011000010101001
0011000010101110
0011000010110011
0011000010110111
0011000010111011
0011000010111111
0011000011000010
0011000011000101
0011000011001000
0011000011001011
0011000011001101
0011000011001111
0011000011010000
0011000011010010
0011000011010011
0011000011010011
0011000011010100
0011000011010100
0011000011010100
0011000011010011
0011000011010011
0011000011010001
0011000011010000
0011000011001110
0011000011001100
0011000011001010
0011000011001000
0011000011000101
0011000011000001
0011000010111110
0011000010111010
0011000010110110
0011000010110010
0011000010101101
0011000010101000
0011000010100011
0011000010011101
0011000010010111
0011000010010001
0011000010001010
0011000010000100
0011000001111101
0011000001110101
0011000001101101
0011000001100101
0011000001011101
0011000001010101
0011000001001100
0011000001000011
0011000000111001
0011000000101111
0011000000100101
0011000000011011
0011000000010000
0011000000000101
0010111111111010
0010111111101110
0010111111100010
0010111111010110
0010111111001010
0010111110111101
0010111110110000
0010111110100011
0010111110010101
0010111110000111
0010111101111001
0010111101101011
0010111101011100
0010111101001101
0010111100111101
0010111100101110
0010111100011110
0010111100001101
0010111011111101
0010111011101100
0010111011011011
0010111011001001
0010111010111000
0010111010100110
0010111010010100
0010111010000001
0010111001101110
0010111001011011
0010111001001000
0010111000110100
0010111000100000
0010111000001100
0010110111110111
0010110111100010
0010110111001101
0010110110111000
0010110110100010
0010110110001100
0010110101110110
0010110101011111
0010110101001000
0010110100110001
0010110100011010
0010110100000010
0010110011101010
0010110011010010
0010110010111010
0010110010100001
0010110010001000
0010110001101111
0010110001010101
0010110000111011
0010110000100001
0010110000000111
0010101111101100
0010101111010001
0010101110110110
0010101110011010
0010101101111110
0010101101100010
0010101101000110
0010101100101010
0010101100001101
0010101011110000
0010101011010010
0010101010110101
0010101010010111
0010101001111001
0010101001011010
0010101000111100
0010101000011101
0010100111111110
0010100111011110
0010100110111110
0010100110011110
0010100101111110
0010100101011110
0010100100111101
0010100100011100
0010100011111011
0010100011011001
0010100010111000
0010100010010110
0010100001110011
0010100001010001
0010100000101110
0010100000001011
0010011111101000
0010011111000100
0010011110100001
0010011101111101
0010011101011000
0010011100110100
0010011100001111
0010011011101010
0010011011000101
0010011010100000
0010011001111010
0010011001010100
0010011000101110
0010011000001000
0010010111100001
0010010110111010
0010010110010011
0010010101101100
0010010101000100
0010010100011101
0010010011110101
0010010011001100
0010010010100100
0010010001111011
0010010001010010
0010010000101001
0010010000000000
0010001111010110
0010001110101101
0010001110000011
0010001101011000
0010001100101110
0010001100000011
0010001011011000
0010001010101101
0010001010000010
0010001001010110
0010001000101011
0010000111111111
0010000111010011
0010000110100110
0010000101111010
0010000101001101
0010000100100000
0010000011110011
0010000011000101
0010000010011000
0010000001101010
0010000000111100
0010000000001110
0001111111011111
0001111110110001
0001111110000010
0001111101010011
0001111100100100
0001111011110101
0001111011000101
0001111010010101
0001111001100101
0001111000110101
0001111000000101
0001110111010101
0001110110100100
0001110101110011
0001110101000010
0001110100010001
0001110011011111
0001110010101110
0001110001111100
0001110001001010
0001110000011000
0001101111100110
0001101110110011
0001101110000001
0001101101001110
0001101100011011
0001101011101000
0001101010110101
0001101010000001
0001101001001101
0001101000011010
0001100111100110
0001100110110010
0001100101111101
0001100101001001
0001100100010100
0001100011100000
0001100010101011
0001100001110110
0001100001000001
0001100000001011
0001011111010110
0001011110100000
0001011101101010
0001011100110101
0001011011111110
0001011011001000
0001011010010010
0001011001011011
0001011000100101
0001010111101110
0001010110110111
0001010110000000
0001010101001001
0001010100010010
0001010011011010
0001010010100011
0001010001101011
0001010000110011
0001001111111011
0001001111000011
0001001110001011
0001001101010011
0001001100011010
0001001011100010
0001001010101001
0001001001110000
0001001000111000
0001000111111111
0001000111000110
0001000110001100
0001000101010011
0001000100011010
0001000011100000
0001000010100110
0001000001101101
0001000000110011
0000111111111001
0000111110111111
0000111110000101
0000111101001011
0000111100010000
0000111011010110
0000111010011011
0000111001100001
0000111000100110
0000110111101011
0000110110110000
0000110101110101
0000110100111010
0000110011111111
0000110011000100
0000110010001001
0000110001001110
0000110000010010
0000101111010111
0000101110011011
0000101101011111
0000101100100100
0000101011101000
0000101010101100
0000101001110000
0000101000110100
0000100111111000
0000100110111100
0000100110000000
0000100101000100
0000100100000111
0000100011001011
0000100010001111
0000100001010010
0000100000010110
0000011111011001
0000011110011101
0000011101100000
0000011100100011
0000011011100111
0000011010101010
0000011001101101
0000011000110000
0000010111110011
0000010110110110
0000010101111001
0000010100111101
0000010011111111
0000010011000010
0000010010000101
0000010001001000
0000010000001011
0000001111001110
0000001110010001
0000001101010100
0000001100010110
0000001011011001
0000001010011100
0000001001011111
0000001000100001
0000000111100100
0000000110100111
0000000101101001
0000000100101100
0000000011101111
0000000010110001
0000000001110100
0000000000110111
1111111111111001
1111111110111100
1111111101111110
1111111101000001
1111111100000100
1111111011000110
1111111010001001
1111111001001100
1111111000001110
1111110111010001
1111110110010100
1111110101010111
1111110100011001
1111110011011100
1111110010011111
1111110001100010
1111110000100100
1111101111100111
1111101110101010
1111101101101101
1111101100110000
1111101011110011
1111101010110110
1111101001111001
1111101000111100
1111100111111111
1111100111000010
1111100110000101
1111100101001001
1111100100001100
1111100011001111
1111100010010010
1111100001010110
1111100000011001
1111011111011101
1111011110100000
1111011101100100
1111011100100111
1111011011101011
1111011010101111
1111011001110011
1111011000110111
1111010111111010
1111010110111110
1111010110000010
1111010101000111
1111010100001011
1111010011001111
1111010010010011
1111010001011000
1111010000011100
1111001111100001
1111001110100101
1111001101101010
1111001100101111
1111001011110100
1111001010111000
1111001001111101
1111001001000011
1111001000001000
1111000111001101
1111000110010010
1111000101011000
1111000100011101
1111000011100011
1111000010101001
1111000001101110
1111000000110100
1110111111111010
1110111111000000
1110111110000110
1110111101001101
1110111100010011
1110111011011010
1110111010100000
1110111001100111
1110111000101110
1110110111110101
1110110110111100
1110110110000011
1110110101001010
1110110100010010
1110110011011001
1110110010100001
1110110001101000
1110110000110000
1110101111111000
1110101111000000
1110101110001001
1110101101010001
1110101100011001
1110101011100010
1110101010101011
1110101001110100
1110101000111101
1110101000000110
1110100111001111
1110100110011000
1110100101100010
1110100100101100
1110100011110110
1110100011000000
1110100010001010
1110100001010100
1110100000011110
1110011111101001
1110011110110100
1110011101111110
1110011101001001
1110011100010101
1110011011100000
1110011010101011
1110011001110111
1110011001000011
1110011000001111
1110010111011011
1110010110100111
1110010101110011
1110010101000000
1110010100001101
1110010011011010
1110010010100111
1110010001110100
1110010001000001
1110010000001111
1110001111011101
1110001110101011
1110001101111001
1110001101000111
1110001100010110
1110001011100100
1110001010110011
1110001010000010
1110001001010001
1110001000100001
1110000111110000
1110000111000000
1110000110010000
1110000101100000
1110000100110000
1110000100000001
1110000011010010
1110000010100010
1110000001110011
1110000001000101
1110000000010110
1101111111101000
1101111110111010
1101111110001100
1101111101011110
1101111100110000
1101111100000011
1101111011010110
1101111010101001
1101111001111100
1101111001010000
1101111000100011
1101110111110111
1101110111001011
1101110110100000
1101110101110100
1101110101001001
1101110100011110
1101110011110011
1101110011001001
1101110010011110
1101110001110100
1101110001001010
1101110000100000
1101101111110111
1101101111001110
1101101110100100
1101101101111100
1101101101010011
1101101100101011
1101101100000010
1101101011011010
1101101010110011
1101101010001011
1101101001100100
1101101000111101
1101101000010110
1101100111110000
1101100111001001
1101100110100011
1101100101111101
1101100101011000
1101100100110011
1101100100001101
1101100011101000
1101100011000100
1101100010011111
1101100001111011
1101100001010111
1101100000110100
1101100000010000
1101011111101101
1101011111001010
1101011110100111
1101011110000101
1101011101100011
1101011101000001
1101011100011111
1101011011111110
1101011011011101
1101011010111100
1101011010011011
1101011001111011
1101011001011010
1101011000111011
1101011000011011
1101010111111100
1101010111011100
1101010110111110
1101010110011111
1101010110000001
1101010101100010
1101010101000101
1101010100100111
1101010100001010
1101010011101101
1101010011010000
1101010010110100
1101010010010111
1101010001111011
1101010001100000
1101010001000100
1101010000101001
1101010000001110
1101001111110100
1101001111011001
1101001110111111
1101001110100101
1101001110001100
1101001101110011
1101001101011010
1101001101000001
1101001100101000
1101001100010000
1101001011111000
1101001011100001
1101001011001010
1101001010110011
1101001010011100
1101001010000101
1101001001101111
1101001001011001
1101001001000100
1101001000101110
1101001000011001
1101001000000100
1101000111110000
1101000111011100
1101000111001000
1101000110110100
1101000110100001
1101000110001110
1101000101111011
1101000101101000
1101000101010110
1101000101000100
1101000100110011
1101000100100001
1101000100010000
1101000011111111
1101000011101111
1101000011011111
1101000011001111
1101000010111111
1101000010110000
1101000010100001
1101000010010010
1101000010000100
1101000001110110
1101000001101000
1101000001011010
1101000001001101
1101000001000000
1101000000110011
1101000000100111
1101000000011011
1101000000001111
1101000000000100
1100111111111000
1100111111101101
1100111111100011
1100111111011001
1100111111001111
1100111111000101
1100111110111011
1100111110110010
1100111110101001
1100111110100001
1100111110011001
1100111110010001
1100111110001001
1100111110000010
1100111101111011
1100111101110100
1100111101101110
1100111101101000
1100111101100010
1100111101011100
1100111101010111
1100111101010010
1100111101001101
1100111101001001
1100111101000101
1100111101000001
1100111100111110
1100111100111011
1100111100111000
1100111100110101
1100111100110011
1100111100110001
1100111100110000
1100111100101110
1100111100101101
1100111100101101
1100111100101100
1100111100101100
1100111100101100
1100111100101101
1100111100101101
1100111100101111
1100111100110000
1100111100110010
1100111100110100
1100111100110110
1100111100111000
1100111100111011
1100111100111111
1100111101000010
1100111101000110
1100111101001010
1100111101001110
1100111101010011
1100111101011000
1100111101011101
1100111101100011
1100111101101001
1100111101101111
1100111101110110
1100111101111100
1100111110000011
1100111110001011
1100111110010011
1100111110011011
1100111110100011
1100111110101011
1100111110110100
1100111110111101
1100111111000111
1100111111010001
1100111111011011
1100111111100101
1100111111110000
1100111111111011
1101000000000110
1101000000010010
1101000000011110
1101000000101010
1101000000110110
1101000001000011
1101000001010000
1101000001011101
1101000001101011
1101000001111001
1101000010000111
1101000010010101
1101000010100100
1101000010110011
1101000011000011
1101000011010010
1101000011100010
1101000011110011
1101000100000011
1101000100010100
1101000100100101
1101000100110111
1101000101001000
1101000101011010
1101000101101100
1101000101111111
1101000110010010
1101000110100101
1101000110111000
1101000111001100
1101000111100000
1101000111110100
1101001000001001
1101001000011110
1101001000110011
1101001001001000
1101001001011110
1101001001110100
1101001010001010
1101001010100001
1101001010111000
1101001011001111
1101001011100110
1101001011111110
1101001100010110
1101001100101110
1101001101000110
1101001101011111
1101001101111000
1101001110010001
1101001110101011
1101001111000101
1101001111011111
1101001111111001
1101010000010100
1101010000101111
1101010001001010
1101010001100110
1101010010000010
1101010010011110
1101010010111010
1101010011010110
1101010011110011
1101010100010000
1101010100101110
1101010101001011
1101010101101001
1101010110000111
1101010110100110
1101010111000100
1101010111100011
1101011000000010
1101011000100010
1101011001000010
1101011001100010
1101011010000010
1101011010100010
1101011011000011
1101011011100100
1101011100000101
1101011100100111
1101011101001000
1101011101101010
1101011110001101
1101011110101111
1101011111010010
1101011111110101
1101100000011000
1101100000111100
1101100001011111
1101100010000011
1101100010101000
1101100011001100
1101100011110001
1101100100010110
1101100100111011
1101100101100000
1101100110000110
1101100110101100
1101100111010010
1101100111111000
1101101000011111
1101101001000110
1101101001101101
1101101010010100
1101101010111100
1101101011100011
1101101100001011
1101101100110100
1101101101011100
1101101110000101
1101101110101110
1101101111010111
1101110000000000
1101110000101010
1101110001010011
1101110001111101
1101110010101000
1101110011010010
1101110011111101
1101110100101000
1101110101010011
1101110101111110
1101110110101010
1101110111010101
1101111000000001
1101111000101101
1101111001011010
1101111010000110
1101111010110011
1101111011100000
1101111100001101
1101111100111011
1101111101101000
1101111110010110
1101111111000100
1101111111110010
1110000000100001
1110000001001111
1110000001111110
1110000010101101
1110000011011100
1110000100001011
1110000100111011
1110000101101011
1110000110011011
1110000111001011
1110000111111011
1110001000101011
1110001001011100
1110001010001101
1110001010111110
1110001011101111
1110001100100001
1110001101010010
1110001110000100
1110001110110110
1110001111101000
1110010000011010
1110010001001101
1110010001111111
1110010010110010
1110010011100101
1110010100011000
1110010101001011
1110010101111111
1110010110110011
1110010111100110
1110011000011010
1110011001001110
1110011010000011
1110011010110111
1110011011101100
1110011100100000
1110011101010101
1110011110001010
1110011110111111
1110011111110101
1110100000101010
1110100001100000
1110100010010110
1110100011001011
1110100100000010
1110100100111000
1110100101101110
1110100110100101
1110100111011011
1110101000010010
1110101001001001
1110101010000000
1110101010110111
1110101011101110
1110101100100110
1110101101011101
1110101110010101
1110101111001101
1110110000000101
1110110000111101
1110110001110101
1110110010101101
1110110011100110
1110110100011110
1110110101010111
1110110110010000
1110110111001000
1110111000000001
1110111000111010
1110111001110100
1110111010101101
1110111011100110
1110111100100000
1110111101011010
1110111110010011
1110111111001101
1111000000000111
1111000001000001
1111000001111011
1111000010110101
1111000011110000
1111000100101010
1111000101100101
1111000110011111
1111000111011010
1111001000010101
1111001001010000
1111001010001011
1111001011000110
1111001100000001
1111001100111100
1111001101110111
1111001110110010
1111001111101110
1111010000101001
1111010001100101
1111010010100001
1111010011011100
1111010100011000
1111010101010100
1111010110010000
1111010111001100
1111011000001000
1111011001000100
1111011010000000
1111011010111100
1111011011111001
1111011100110101
1111011101110001
1111011110101110
1111011111101010
1111100000100111
1111100001100011
1111100010100000
1111100011011101
1111100100011001
1111100101010110
1111100110010011
1111100111010000
1111101000001101
1111101001001010
1111101010000111
1111101011000011
1111101100000001
1111101100111110
1111101101111011
1111101110111000
1111101111110101
1111110000110010
1111110001101111
1111110010101100
1111110011101010
1111110100100111
1111110101100100
1111110110100001
1111110111011111
1111111000011100
1111111001011001
1111111010010111
1111111011010100
1111111100010001
1111111101001111
1111111110001100
1111111111001001
0000000000000111
0000000001000100
0000000010000010
0000000010111111
0000000011111100
0000000100111010
0000000101110111
0000000110110100
0000000111110010
0000001000101111
0000001001101100
0000001010101001
0000001011100111
0000001100100100
0000001101100001
0000001110011110
0000001111011100
0000010000011001
0000010001010110
0000010010010011
0000010011010000
0000010100001101
0000010101001010
0000010110000111
0000010111000100
0000011000000001
0000011000111110
0000011001111011
0000011010110111
0000011011110100
0000011100110001
0000011101101110
0000011110101010
0000011111100111
0000100000100011
0000100001100000
0000100010011100
0000100011011001
0000100100010101
0000100101010001
0000100110001101
0000100111001001
0000101000000110
0000101001000010
0000101001111110
0000101010111001
0000101011110101
0000101100110001
0000101101101101
0000101110101000
0000101111100100
0000110000011111
0000110001011011
0000110010010110
0000110011010001
0000110100001100
0000110101001000
0000110110000011
0000110110111101
0000110111111000
0000111000110011
0000111001101110
0000111010101000
0000111011100011
0000111100011101
0000111101010111
0000111110010010
0000111111001100
0001000000000110
0001000001000000
0001000001111010
0001000010110011
0001000011101101
0001000100100110
0001000101100000
0001000110011001
0001000111010010
0001001000001011
0001001001000100
0001001001111101
0001001010110110
0001001011101110
0001001100100111
0001001101011111
0001001110011000
0001001111010000
0001010000001000
0001010001000000
0001010001110111
0001010010101111
0001010011100111
0001010100011110
0001010101010101
0001010110001100
0001010111000011
0001010111111010
0001011000110001
0001011001101000
0001011010011110
0001011011010100
0001011100001010
0001011101000000
0001011101110110
0001011110101100
0001011111100010
0001100000010111
0001100001001100
0001100010000010
0001100010110111
0001100011101011
0001100100100000
0001100101010101
0001100110001001
0001100110111101
0001100111110001
0001101000100101
0001101001011001
0001101010001101
0001101011000000
0001101011110011
0001101100100110
0001101101011001
0001101110001100
0001101110111111
0001101111110001
0001110000100011
0001110001010101
0001110010000111
0001110010111001
0001110011101010
0001110100011100
0001110101001101
0001110101111110
0001110110101111
0001110111011111
0001111000010000
0001111001000000
0001111001110000
0001111010100000
0001111011010000
0001111011111111
0001111100101110
0001111101011110
0001111110001101
0001111110111011
0001111111101010
0010000000011000
0010000001000110
0010000001110100
0010000010100010
0010000011010000
0010000011111101
0010000100101010
0010000101010111
0010000110000100
0010000110110000
0010000111011101
0010001000001001
0010001000110101
0010001001100000
0010001010001100
0010001010110111
0010001011100010
0010001100001101
0010001100110111
0010001101100010
0010001110001100
0010001110110110
0010001111100000
0010010000001001
0010010000110010
0010010001011100
0010010010000100
0010010010101101
0010010011010101
0010010011111110
0010010100100110
0010010101001101
0010010101110101
0010010110011100
0010010111000011
0010010111101010
0010011000010000
0010011000110111
0010011001011101
0010011010000011
0010011010101000
0010011011001101
0010011011110011
0010011100011000
0010011100111100
0010011101100001
0010011110000101
0010011110101001
0010011111001100
0010011111110000
0010100000010011
0010100000110110
0010100001011001
0010100001111011
0010100010011101
0010100010111111
0010100011100001
0010100100000010
0010100100100011
0010100101000100
0010100101100101
0010100110000101
0010100110100110
0010100111000101
0010100111100101
0010101000000100
0010101000100100
0010101001000010
0010101001100001
0010101001111111
0010101010011110
0010101010111011
0010101011011001
0010101011110110
0010101100010011
0010101100110000
0010101101001100
0010101101101001
0010101110000101
0010101110100000
0010101110111100
0010101111010111
0010101111110010
0010110000001100
0010110000100111
0010110001000001
0010110001011011
0010110001110100
0010110010001101
0010110010100110
0010110010111111
0010110011011000
0010110011110000
0010110100001000
0010110100011111
0010110100110110
0010110101001101
0010110101100100
0010110101111011
0010110110010001
0010110110100111
0010110110111100
0010110111010010
0010110111100111
0010110111111100
0010111000010000
0010111000100100
0010111000111000
0010111001001100
0010111001011111
0010111001110010
0010111010000101
0010111010011000
0010111010101010
0010111010111100
0010111011001101
0010111011011111
0010111011110000
0010111100000001
0010111100010001
0010111100100001
0010111100110001
0010111101000001
0010111101010000
0010111101011111
0010111101101110
0010111101111100
0010111110001010
0010111110011000
0010111110100110
0010111110110011
0010111111000000
0010111111001101
0010111111011001
0010111111100101
0010111111110001
0010111111111100
0011000000001000
0011000000010011
0011000000011101
0011000000100111
0011000000110001
0011000000111011
0011000001000101
0011000001001110
0011000001010111
0011000001011111
0011000001100111
0011000001101111
0011000001110111
0011000001111110
0011000010000101
0011000010001100
0011000010010010
0011000010011000
0011000010011110
0011000010100100
0011000010101001
0011000010101110
0011000010110011
0011000010110111
0011000010111011
0011000010111111
0011000011000010
0011000011000101
0011000011001000
0011000011001011
0011000011001101
0011000011001111
0011000011010000
0011000011010010
0011000011010011
0011000011010011
0011000011010100
0011000011010100
0011000011010100
0011000011010011
0011000011010011
0011000011010001
0011000011010000
0011000011001110
0011000011001100
0011000011001010
0011000011001000
0011000011000101
0011000011000001
0011000010111110
0011000010111010
0011000010110110
0011000010110010
0011000010101101
0011000010101000
0011000010100011
0011000010011101
0011000010010111
0011000010010001
0011000010001010
0011000010000100
0011000001111101
0011000001110101
0011000001101101
0011000001100101
0011000001011101
0011000001010101
0011000001001100
0011000001000011
0011000000111001
0011000000101111
0011000000100101
0011000000011011
0011000000010000
0011000000000101
0010111111111010
0010111111101110
0010111111100010
0010111111010110
0010111111001010
0010111110111101
0010111110110000
0010111110100011
0010111110010101
0010111110000111
0010111101111001
0010111101101011
0010111101011100
0010111101001101
0010111100111101
0010111100101110
0010111100011110
0010111100001101
0010111011111101
0010111011101100
0010111011011011
0010111011001001
0010111010111000
0010111010100110
0010111010010100
0010111010000001
0010111001101110
0010111001011011
0010111001001000
0010111000110100
0010111000100000
0010111000001100
0010110111110111
0010110111100010
0010110111001101
0010110110111000
0010110110100010
0010110110001100
0010110101110110
0010110101011111
0010110101001000
0010110100110001
0010110100011010
0010110100000010
0010110011101010
0010110011010010
0010110010111010
0010110010100001
0010110010001000
0010110001101111
0010110001010101
0010110000111011
0010110000100001
0010110000000111
0010101111101100
0010101111010001
0010101110110110
0010101110011010
0010101101111110
0010101101100010
0010101101000110
0010101100101010
0010101100001101
0010101011110000
0010101011010010
0010101010110101
0010101010010111
0010101001111001
0010101001011010
0010101000111100
0010101000011101
0010100111111110
0010100111011110
0010100110111110
0010100110011110
0010100101111110
0010100101011110
0010100100111101
0010100100011100
0010100011111011
0010100011011001
0010100010111000
0010100010010110
0010100001110011
0010100001010001
0010100000101110
0010100000001011
0010011111101000
0010011111000100
0010011110100001
0010011101111101
0010011101011000
0010011100110100
0010011100001111
0010011011101010
0010011011000101
0010011010100000
0010011001111010
0010011001010100
0010011000101110
0010011000001000
0010010111100001
0010010110111010
0010010110010011
0010010101101100
0010010101000100
0010010100011101
0010010011110101
0010010011001100
0010010010100100
0010010001111011
0010010001010010
0010010000101001
0010010000000000
0010001111010110
0010001110101101
0010001110000011
0010001101011000
0010001100101110
0010001100000011
0010001011011000
0010001010101101
0010001010000010
0010001001010110
0010001000101011
0010000111111111
0010000111010011
0010000110100110
0010000101111010
0010000101001101
0010000100100000
0010000011110011
0010000011000101
0010000010011000
0010000001101010
0010000000111100
0010000000001110
0001111111011111
0001111110110001
0001111110000010
0001111101010011
0001111100100100
0001111011110101
0001111011000101
0001111010010101
0001111001100101
0001111000110101
0001111000000101
0001110111010101
0001110110100100
0001110101110011
0001110101000010
0001110100010001
0001110011011111
0001110010101110
0001110001111100
0001110001001010
0001110000011000
0001101111100110
0001101110110011
0001101110000001
0001101101001110
0001101100011011
0001101011101000
0001101010110101
0001101010000001
0001101001001101
0001101000011010
0001100111100110
0001100110110010
0001100101111101
0001100101001001
0001100100010100
0001100011100000
0001100010101011
0001100001110110
0001100001000001
0001100000001011
0001011111010110
0001011110100000
0001011101101010
0001011100110101
0001011011111110
0001011011001000
0001011010010010
0001011001011011
0001011000100101
0001010111101110
0001010110110111
0001010110000000
0001010101001001
0001010100010010
0001010011011010
0001010010100011
0001010001101011
0001010000110011
0001001111111011
0001001111000011
0001001110001011
0001001101010011
0001001100011010
0001001011100010
0001001010101001
0001001001110000
0001001000111000
0001000111111111
0001000111000110
0001000110001100
0001000101010011
0001000100011010
0001000011100000
0001000010100110
0001000001101101
0001000000110011
0000111111111001
0000111110111111
0000111110000101
0000111101001011
0000111100010000
0000111011010110
0000111010011011
0000111001100001
0000111000100110
0000110111101011
0000110110110000
0000110101110101
0000110100111010
0000110011111111
0000110011000100
0000110010001001
0000110001001110
0000110000010010
0000101111010111
0000101110011011
0000101101011111
0000101100100100
0000101011101000
0000101010101100
0000101001110000
0000101000110100
0000100111111000
0000100110111100
0000100110000000
0000100101000100
0000100100000111
0000100011001011
0000100010001111
0000100001010010
0000100000010110
0000011111011001
0000011110011101
0000011101100000
0000011100100011
0000011011100111
0000011010101010
0000011001101101
0000011000110000
0000010111110011
0000010110110110
0000010101111001
0000010100111101
0000010011111111
0000010011000010
0000010010000101
0000010001001000
0000010000001011
0000001111001110
0000001110010001
0000001101010100
0000001100010110
0000001011011001
0000001010011100
0000001001011111
0000001000100001
0000000111100100
0000000110100111
0000000101101001
0000000100101100
0000000011101111
0000000010110001
0000000001110100
0000000000110111
1111111111111001
1111111110111100
1111111101111110
1111111101000001
1111111100000100
1111111011000110
1111111010001001
1111111001001100
1111111000001110
1111110111010001
1111110110010100
1111110101010111
1111110100011001
1111110011011100
1111110010011111
1111110001100010
1111110000100100
1111101111100111
1111101110101010
1111101101101101
1111101100110000
1111101011110011
1111101010110110
1111101001111001
1111101000111100
1111100111111111
1111100111000010
1111100110000101
1111100101001001
1111100100001100
1111100011001111
1111100010010010
1111100001010110
1111100000011001
1111011111011101
1111011110100000
1111011101100100
1111011100100111
1111011011101011
1111011010101111
1111011001110011
1111011000110111
1111010111111010
1111010110111110
1111010110000010
1111010101000111
1111010100001011
1111010011001111
1111010010010011
1111010001011000
1111010000011100
1111001111100001
1111001110100101
1111001101101010
1111001100101111
1111001011110100
1111001010111000
1111001001111101
1111001001000011
1111001000001000
1111000111001101
1111000110010010
1111000101011000
1111000100011101
1111000011100011
1111000010101001
1111000001101110
1111000000110100
1110111111111010
1110111111000000
1110111110000110
