memory_initialization_radix=2;
memory_initialization_vector=
1010101101101101,
1010101100110000,
1010101011110100,
1010101010111000,
1010101001111100,
1010101001000001,
1010101000000111,
1010100111001101,
1010100110010011,
1010100101011010,
1010100100100010,
1010100011101010,
1010100010110011,
1010100001111100,
1010100001000110,
1010100000010000,
1010011111011011,
1010011110100111,
1010011101110011,
1010011100111111,
1010011100001100,
1010011011011010,
1010011010101000,
1010011001110111,
1010011001000110,
1010011000010110,
1010010111100110,
1010010110110111,
1010010110001001,
1010010101011011,
1010010100101110,
1010010100000001,
1010010011010100,
1010010010101001,
1010010001111110,
1010010001010011,
1010010000101001,
1010010000000000,
1010001111010111,
1010001110101110,
1010001110000111,
1010001101100000,
1010001100111001,
1010001100010011,
1010001011101110,
1010001011001001,
1010001010100100,
1010001010000001,
1010001001011110,
1010001000111011,
1010001000011001,
1010000111111000,
1010000111010111,
1010000110110110,
1010000110010111,
1010000101111000,
1010000101011001,
1010000100111011,
1010000100011110,
1010000100000001,
1010000011100101,
1010000011001010,
1010000010101111,
1010000010010100,
1010000001111010,
1010000001100001,
1010000001001000,
1010000000110000,
1010000000011001,
1010000000000010,
1001111111101100,
1001111111010110,
1001111111000001,
1001111110101101,
1001111110011001,
1001111110000101,
1001111101110011,
1001111101100001,
1001111101001111,
1001111100111110,
1001111100101110,
1001111100011110,
1001111100001111,
1001111100000001,
1001111011110011,
1001111011100101,
1001111011011001,
1001111011001100,
1001111011000001,
1001111010110110,
1001111010101100,
1001111010100010,
1001111010011001,
1001111010010000,
1001111010001000,
1001111010000001,
1001111001111010,
1001111001110100,
1001111001101111,
1001111001101010,
1001111001100101,
1001111001100010,
1001111001011111,
1001111001011100,
1001111001011010,
1001111001011001,
1001111001011000,
1001111001011000,
1001111001011001,
1001111001011010,
1001111001011011,
1001111001011110,
1001111001100001,
1001111001100100,
1001111001101000,
1001111001101101,
1001111001110010,
1001111001111000,
1001111001111111,
1001111010000110,
1001111010001110,
1001111010010110,
1001111010011111,
1001111010101000,
1001111010110010,
1001111010111101,
1001111011001000,
1001111011010100,
1001111011100001,
1001111011101110,
1001111011111100,
1001111100001010,
1001111100011001,
1001111100101001,
1001111100111001,
1001111101001001,
1001111101011011,
1001111101101101,
1001111101111111,
1001111110010010,
1001111110100110,
1001111110111010,
1001111111001111,
1001111111100101,
1001111111111011,
1010000000010001,
1010000000101001,
1010000001000000,
1010000001011001,
1010000001110010,
1010000010001011,
1010000010100110,
1010000011000000,
1010000011011100,
1010000011111000,
1010000100010100,
1010000100110001,
1010000101001111,
1010000101101101,
1010000110001100,
1010000110101100,
1010000111001100,
1010000111101101,
1010001000001110,
1010001000110000,
1010001001010010,
1010001001110101,
1010001010011000,
1010001010111101,
1010001011100001,
1010001100000110,
1010001100101100,
1010001101010011,
1010001101111010,
1010001110100001,
1010001111001001,
1010001111110010,
1010010000011011,
1010010001000101,
1010010001101111,
1010010010011010,
1010010011000110,
1010010011110010,
1010010100011111,
1010010101001100,
1010010101111010,
1010010110101000,
1010010111010111,
1010011000000110,
1010011000110110,
1010011001100111,
1010011010011000,
1010011011001001,
1010011011111100,
1010011100101110,
1010011101100010,
1010011110010101,
1010011111001010,
1010011111111111,
1010100000110100,
1010100001101010,
1010100010100001,
1010100011011000,
1010100100001111,
1010100101001000,
1010100110000000,
1010100110111010,
1010100111110011,
1010101000101110,
1010101001101000,
1010101010100100,
1010101011100000,
1010101100011100,
1010101101011001,
1010101110010110,
1010101111010100,
1010110000010011,
1010110001010010,
1010110010010001,
1010110011010001,
1010110100010010,
1010110101010011,
1010110110010101,
1010110111010111,
1010111000011001,
1010111001011100,
1010111010100000,
1010111011100100,
1010111100101001,
1010111101101110,
1010111110110011,
1010111111111001,
1011000001000000,
1011000010000111,
1011000011001111,
1011000100010111,
1011000101011111,
1011000110101000,
1011000111110010,
1011001000111100,
1011001010000110,
1011001011010001,
1011001100011101,
1011001101101000,
1011001110110101,
1011010000000010,
1011010001001111,
1011010010011101,
1011010011101011,
1011010100111010,
1011010110001001,
1011010111011000,
1011011000101001,
1011011001111001,
1011011011001010,
1011011100011011,
1011011101101101,
1011011111000000,
1011100000010011,
1011100001100110,
1011100010111001,
1011100100001110,
1011100101100010,
1011100110110111,
1011101000001100,
1011101001100010,
1011101010111001,
1011101100001111,
1011101101100110,
1011101110111110,
1011110000010110,
1011110001101110,
1011110011000111,
1011110100100000,
1011110101111010,
1011110111010100,
1011111000101110,
1011111010001001,
1011111011100101,
1011111101000000,
1011111110011100,
1011111111111001,
1100000001010110,
1100000010110011,
1100000100010001,
1100000101101111,
1100000111001101,
1100001000101100,
1100001010001011,
1100001011101011,
1100001101001010,
1100001110101011,
1100010000001011,
1100010001101101,
1100010011001110,
1100010100110000,
1100010110010010,
1100010111110100,
1100011001010111,
1100011010111010,
1100011100011110,
1100011110000010,
1100011111100110,
1100100001001011,
1100100010110000,
1100100100010101,
1100100101111011,
1100100111100001,
1100101001000111,
1100101010101110,
1100101100010101,
1100101101111100,
1100101111100100,
1100110001001100,
1100110010110100,
1100110100011100,
1100110110000101,
1100110111101111,
1100111001011000,
1100111011000010,
1100111100101100,
1100111110010110,
1101000000000001,
1101000001101100,
1101000011010111,
1101000101000011,
1101000110101111,
1101001000011011,
1101001010001000,
1101001011110100,
1101001101100001,
1101001111001111,
1101010000111100,
1101010010101010,
1101010100011000,
1101010110000111,
1101010111110101,
1101011001100100,
1101011011010011,
1101011101000011,
1101011110110010,
1101100000100010,
1101100010010010,
1101100100000011,
1101100101110011,
1101100111100100,
1101101001010101,
1101101011000111,
1101101100111000,
1101101110101010,
1101110000011100,
1101110010001110,
1101110100000001,
1101110101110011,
1101110111100110,
1101111001011001,
1101111011001101,
1101111101000000,
1101111110110100,
1110000000101000,
1110000010011100,
1110000100010000,
1110000110000101,
1110000111111001,
1110001001101110,
1110001011100011,
1110001101011001,
1110001111001110,
1110010001000100,
1110010010111001,
1110010100101111,
1110010110100101,
1110011000011100,
1110011010010010,
1110011100001001,
1110011101111111,
1110011111110110,
1110100001101101,
1110100011100100,
1110100101011100,
1110100111010011,
1110101001001011,
1110101011000010,
1110101100111010,
1110101110110010,
1110110000101010,
1110110010100011,
1110110100011011,
1110110110010011,
1110111000001100,
1110111010000101,
1110111011111101,
1110111101110110,
1110111111101111,
1111000001101000,
1111000011100010,
1111000101011011,
1111000111010100,
1111001001001110,
1111001011000111,
1111001101000001,
1111001110111011,
1111010000110100,
1111010010101110,
1111010100101000,
1111010110100010,
1111011000011100,
1111011010010110,
1111011100010000,
1111011110001011,
1111100000000101,
1111100001111111,
1111100011111010,
1111100101110100,
1111100111101111,
1111101001101001,
1111101011100100,
1111101101011110,
1111101111011001,
1111110001010011,
1111110011001110,
1111110101001001,
1111110111000011,
1111111000111110,
1111111010111001,
1111111100110011,
1111111110101110,
0000000000101001,
0000000010100100,
0000000100011110,
0000000110011001,
0000001000010100,
0000001010001110,
0000001100001001,
0000001110000100,
0000001111111110,
0000010001111001,
0000010011110100,
0000010101101110,
0000010111101001,
0000011001100011,
0000011011011110,
0000011101011000,
0000011111010010,
0000100001001101,
0000100011000111,
0000100101000001,
0000100110111011,
0000101000110101,
0000101010101111,
0000101100101001,
0000101110100011,
0000110000011101,
0000110010010111,
0000110100010000,
0000110110001010,
0000111000000011,
0000111001111101,
0000111011110110,
0000111101101111,
0000111111101000,
0001000001100001,
0001000011011010,
0001000101010011,
0001000111001100,
0001001001000100,
0001001010111101,
0001001100110101,
0001001110101110,
0001010000100110,
0001010010011110,
0001010100010110,
0001010110001101,
0001011000000101,
0001011001111101,
0001011011110100,
0001011101101011,
0001011111100010,
0001100001011001,
0001100011010000,
0001100101000110,
0001100110111101,
0001101000110011,
0001101010101001,
0001101100011111,
0001101110010101,
0001110000001011,
0001110010000000,
0001110011110110,
0001110101101011,
0001110111100000,
0001111001010100,
0001111011001001,
0001111100111101,
0001111110110001,
0010000000100101,
0010000010011001,
0010000100001101,
0010000110000000,
0010000111110011,
0010001001100110,
0010001011011001,
0010001101001100,
0010001110111110,
0010010000110000,
0010010010100010,
0010010100010011,
0010010110000101,
0010010111110110,
0010011001100111,
0010011011011000,
0010011101001000,
0010011110111000,
0010100000101000,
0010100010011000,
0010100100001000,
0010100101110111,
0010100111100110,
0010101001010101,
0010101011000011,
0010101100110001,
0010101110011111,
0010110000001101,
0010110001111010,
0010110011100111,
0010110101010100,
0010110111000001,
0010111000101101,
0010111010011001,
0010111100000101,
0010111101110000,
0010111111011011,
0011000001000110,
0011000010110001,
0011000100011011,
0011000110000101,
0011000111101110,
0011001001011000,
0011001011000001,
0011001100101001,
0011001110010010,
0011001111111010,
0011010001100001,
0011010011001001,
0011010100110000,
0011010110010111,
0011010111111101,
0011011001100011,
0011011011001001,
0011011100101110,
0011011110010100,
0011011111111000,
0011100001011101,
0011100011000001,
0011100100100100,
0011100110001000,
0011100111101011,
0011101001001101,
0011101010110000,
0011101100010001,
0011101101110011,
0011101111010100,
0011110000110101,
0011110010010101,
0011110011110110,
0011110101010101,
0011110110110101,
0011111000010011,
0011111001110010,
0011111011010000,
0011111100101110,
0011111110001011,
0011111111101000,
0100000001000101,
0100000010100001,
0100000011111101,
0100000101011000,
0100000110110011,
0100001000001110,
0100001001101000,
0100001011000010,
0100001100011011,
0100001101110100,
0100001111001101,
0100010000100101,
0100010001111100,
0100010011010100,
0100010100101011,
0100010110000001,
0100010111010111,
0100011000101101,
0100011010000010,
0100011011010110,
0100011100101011,
0100011101111110,
0100011111010010,
0100100000100101,
0100100001110111,
0100100011001001,
0100100100011011,
0100100101101100,
0100100110111101,
0100101000001101,
0100101001011101,
0100101010101100,
0100101011111011,
0100101101001001,
0100101110010111,
0100101111100101,
0100110000110010,
0100110001111110,
0100110011001010,
0100110100010110,
0100110101100001,
0100110110101100,
0100110111110110,
0100111000111111,
0100111010001001,
0100111011010001,
0100111100011001,
0100111101100001,
0100111110101000,
0100111111101111,
0101000000110101,
0101000001111011,
0101000011000000,
0101000100000101,
0101000101001001,
0101000110001101,
0101000111010000,
0101001000010011,
0101001001010101,
0101001010010111,
0101001011011000,
0101001100011001,
0101001101011001,
0101001110011001,
0101001111011000,
0101010000010111,
0101010001010101,
0101010010010011,
0101010011010000,
0101010100001100,
0101010101001000,
0101010110000100,
0101010110111111,
0101010111111001,
0101011000110011,
0101011001101101,
0101011010100110,
0101011011011110,
0101011100010110,
0101011101001101,
0101011110000100,
0101011110111010,
0101011111110000,
0101100000100101,
0101100001011001,
0101100010001101,
0101100011000001,
0101100011110100,
0101100100100110,
0101100101011000,
0101100110001001,
0101100110111010,
0101100111101010,
0101101000011010,
0101101001001001,
0101101001110111,
0101101010100101,
0101101011010010,
0101101011111111,
0101101100101100,
0101101101010111,
0101101110000010,
0101101110101101,
0101101111010111,
0101110000000000,
0101110000101001,
0101110001010010,
0101110001111001,
0101110010100000,
0101110011000111,
0101110011101101,
0101110100010010,
0101110100110111,
0101110101011100,
0101110101111111,
0101110110100010,
0101110111000101,
0101110111100111,
0101111000001000,
0101111000101001,
0101111001001010,
0101111001101001,
0101111010001000,
0101111010100111,
0101111011000101,
0101111011100010,
0101111011111111,
0101111100011011,
0101111100110110,
0101111101010001,
0101111101101100,
0101111110000110,
0101111110011111,
0101111110111000,
0101111111010000,
0101111111100111,
0101111111111110,
0110000000010100,
0110000000101010,
0110000000111111,
0110000001010011,
0110000001100111,
0110000001111011,
0110000010001101,
0110000010011111,
0110000010110001,
0110000011000010,
0110000011010010,
0110000011100010,
0110000011110001,
0110000011111111,
0110000100001101,
0110000100011011,
0110000100100111,
0110000100110100,
0110000100111111,
0110000101001010,
0110000101010100,
0110000101011110,
0110000101100111,
0110000101110000,
0110000101111000,
0110000101111111,
0110000110000110,
0110000110001100,
0110000110010001,
0110000110010110,
0110000110011011,
0110000110011110,
0110000110100001,
0110000110100100,
0110000110100110,
0110000110100111,
0110000110101000,
0110000110101000,
0110000110100111,
0110000110100110,
0110000110100101,
0110000110100010,
0110000110011111,
0110000110011100,
0110000110011000,
0110000110010011,
0110000110001110,
0110000110001000,
0110000110000001,
0110000101111010,
0110000101110010,
0110000101101010,
0110000101100001,
0110000101011000,
0110000101001110,
0110000101000011,
0110000100111000,
0110000100101100,
0110000100011111,
0110000100010010,
0110000100000100,
0110000011110110,
0110000011100111,
0110000011010111,
0110000011000111,
0110000010110111,
0110000010100101,
0110000010010011,
0110000010000001,
0110000001101110,
0110000001011010,
0110000001000110,
0110000000110001,
0110000000011011,
0110000000000101,
0101111111101111,
0101111111010111,
0101111111000000,
0101111110100111,
0101111110001110,
0101111101110101,
0101111101011010,
0101111101000000,
0101111100100100,
0101111100001000,
0101111011101100,
0101111011001111,
0101111010110001,
0101111010010011,
0101111001110100,
0101111001010100,
0101111000110100,
0101111000010011,
0101110111110010,
0101110111010000,
0101110110101110,
0101110110001011,
0101110101101000,
0101110101000011,
0101110100011111,
0101110011111010,
0101110011010100,
0101110010101101,
0101110010000110,
0101110001011111,
0101110000110111,
0101110000001110,
0101101111100101,
0101101110111011,
0101101110010001,
0101101101100110,
0101101100111010,
0101101100001110,
0101101011100001,
0101101010110100,
0101101010000110,
0101101001011000,
0101101000101001,
0101100111111010,
0101100111001010,
0101100110011001,
0101100101101000,
0101100100110111,
0101100100000100,
0101100011010010,
0101100010011110,
0101100001101011,
0101100000110110,
0101100000000001,
0101011111001100,
0101011110010110,
0101011101011111,
0101011100101000,
0101011011110001,
0101011010111000,
0101011010000000,
0101011001000110,
0101011000001101,
0101010111010010,
0101010110011000,
0101010101011100,
0101010100100000,
0101010011100100,
0101010010100111,
0101010001101010,
0101010000101100,
0101001111101101,
0101001110101110,
0101001101101111,
0101001100101111,
0101001011101110,
0101001010101101,
0101001001101011,
0101001000101001,
0101000111100111,
0101000110100100,
0101000101100000,
0101000100011100,
0101000011010111,
0101000010010010,
0101000001001101,
0101000000000111,
0100111111000000,
0100111101111001,
0100111100110001,
0100111011101001,
0100111010100001,
0100111001011000,
0100111000001110,
0100110111000100,
0100110101111010,
0100110100101111,
0100110011100011,
0100110010011000,
0100110001001011,
0100101111111110,
0100101110110001,
0100101101100011,
0100101100010101,
0100101011000110,
0100101001110111,
0100101000101000,
0100100111010111,
0100100110000111,
0100100100110110,
0100100011100101,
0100100010010011,
0100100001000000,
0100011111101101,
0100011110011010,
0100011101000111,
0100011011110010,
0100011010011110,
0100011001001001,
0100010111110100,
0100010110011110,
0100010101000111,
0100010011110001,
0100010010011010,
0100010001000010,
0100001111101010,
0100001110010010,
0100001100111001,
0100001011100000,
0100001010000110,
0100001000101100,
0100000111010010,
0100000101110111,
0100000100011011,
0100000011000000,
0100000001100100,
0100000000000111,
0011111110101010,
0011111101001101,
0011111011101111,
0011111010010001,
0011111000110011,
0011110111010100,
0011110101110101,
0011110100010101,
0011110010110110,
0011110001010101,
0011101111110101,
0011101110010011,
0011101100110010,
0011101011010000,
0011101001101110,
0011101000001100,
0011100110101001,
0011100101000110,
0011100011100010,
0011100001111110,
0011100000011010,
0011011110110101,
0011011101010000,
0011011011101011,
0011011010000101,
0011011000011111,
0011010110111001,
0011010101010010,
0011010011101011,
0011010010000100,
0011010000011100,
0011001110110100,
0011001101001100,
0011001011100100,
0011001001111011,
0011001000010001,
0011000110101000,
0011000100111110,
0011000011010100,
0011000001101010,
0010111111111111,
0010111110010100,
0010111100101001,
0010111010111101,
0010111001010001,
0010110111100101,
0010110101111000,
0010110100001100,
0010110010011111,
0010110000110001,
0010101111000100,
0010101101010110,
0010101011101000,
0010101001111001,
0010101000001011,
0010100110011100,
0010100100101101,
0010100010111101,
0010100001001110,
0010011111011110,
0010011101101110,
0010011011111101,
0010011010001101,
0010011000011100,
0010010110101011,
0010010100111001,
0010010011001000,
0010010001010110,
0010001111100100,
0010001101110010,
0010001011111111,
0010001010001101,
0010001000011010,
0010000110100111,
0010000100110011,
0010000011000000,
0010000001001100,
0001111111011000,
0001111101100100,
0001111011110000,
0001111001111011,
0001111000000111,
0001110110010010,
0001110100011101,
0001110010100111,
0001110000110010,
0001101110111100,
0001101101000111,
0001101011010001,
0001101001011011,
0001100111100100,
0001100101101110,
0001100011110111,
0001100010000001,
0001100000001010,
0001011110010011,
0001011100011100,
0001011010100100,
0001011000101101,
0001010110110101,
0001010100111110,
0001010011000110,
0001010001001110,
0001001111010110,
0001001101011101,
0001001011100101,
0001001001101101,
0001000111110100,
0001000101111011,
0001000100000011,
0001000010001010,
0001000000010001,
0000111110011000,
0000111100011110,
0000111010100101,
0000111000101100,
0000110110110010,
0000110100111001,
0000110010111111,
0000110001000101,
0000101111001100,
0000101101010010,
0000101011011000,
0000101001011110,
0000100111100100,
0000100101101010,
0000100011110000,
0000100001110101,
0000011111111011,
0000011110000001,
0000011100000110,
0000011010001100,
0000011000010001,
0000010110010111,
0000010100011100,
0000010010100010,
0000010000100111,
0000001110101101,
0000001100110010,
0000001010110111,
0000001000111101,
0000000111000010,
0000000101000111,
0000000011001101,
0000000001010010,
1111111111010111,
1111111101011100,
1111111011100010,
1111111001100111,
1111110111101100,
1111110101110010,
1111110011110111,
1111110001111100,
1111110000000010,
1111101110000111,
1111101100001100,
1111101010010010,
1111101000010111,
1111100110011101,
1111100100100010,
1111100010101000,
1111100000101110,
1111011110110011,
1111011100111001,
1111011010111111,
1111011001000101,
1111010111001011,
1111010101010001,
1111010011010111,
1111010001011101,
1111001111100011,
1111001101101001,
1111001011110000,
1111001001110110,
1111000111111101,
1111000110000011,
1111000100001010,
1111000010010001,
1111000000011000,
1110111110011111,
1110111100100110,
1110111010101101,
1110111000110100,
1110110110111100,
1110110101000011,
1110110011001011,
1110110001010010,
1110101111011010,
1110101101100010,
1110101011101010,
1110101001110011,
1110100111111011,
1110100110000011,
1110100100001100,
1110100010010101,
1110100000011110,
1110011110100111,
1110011100110000,
1110011010111010,
1110011001000011,
1110010111001101,
1110010101010111,
1110010011100001,
1110010001101011,
1110001111110101,
1110001110000000,
1110001100001010,
1110001010010101,
1110001000100000,
1110000110101100,
1110000100110111,
1110000011000011,
1110000001001111,
1101111111011011,
1101111101100111,
1101111011110011,
1101111010000000,
1101111000001101,
1101110110011010,
1101110100100111,
1101110010110100,
1101110001000010,
1101101111010000,
1101101101011110,
1101101011101101,
1101101001111011,
1101101000001010,
1101100110011001,
1101100100101000,
1101100010111000,
1101100001001000,
1101011111011000,
1101011101101000,
1101011011111000,
1101011010001001,
1101011000011010,
1101010110101011,
1101010100111101,
1101010011001111,
1101010001100001,
1101001111110011,
1101001110000110,
1101001100011001,
1101001010101100,
1101001000111111,
1101000111010011,
1101000101100111,
1101000011111011,
1101000010010000,
1101000000100101,
1100111110111010,
1100111101001111,
1100111011100101,
1100111001111011,
1100111000010010,
1100110110101000,
1100110100111111,
1100110011010111,
1100110001101110,
1100110000000110,
1100101110011111,
1100101100110111,
1100101011010000,
1100101001101001,
1100101000000011,
1100100110011101,
1100100100110111,
1100100011010010,
1100100001101100,
1100100000001000,
1100011110100011,
1100011100111111,
1100011011011100,
1100011001111000,
1100011000010101,
1100010110110011,
1100010101010000,
1100010011101111,
1100010010001101,
1100010000101100,
1100001111001011,
1100001101101011,
1100001100001010,
1100001010101011,
1100001001001011,
1100000111101101,
1100000110001110,
1100000100110000,
1100000011010010,
1100000001110101,
1100000000011000,
1011111110111011,
1011111101011111,
1011111100000011,
1011111010101000,
1011111001001101,
1011110111110010,
1011110110011000,
1011110100111110,
1011110011100101,
1011110010001100,
1011110000110011,
1011101111011011,
1011101110000100,
1011101100101100,
1011101011010101,
1011101001111111,
1011101000101001,
1011100111010011,
1011100101111110,
1011100100101010,
1011100011010101,
1011100010000010,
1011100000101110,
1011011111011011,
1011011110001001,
1011011100110111,
1011011011100101,
1011011010010100,
1011011001000011,
1011010111110011,
1011010110100011,
1011010101010100,
1011010100000101,
1011010010110111,
1011010001101001,
1011010000011011,
1011001111001110,
1011001110000010,
1011001100110110,
1011001011101010,
1011001010011111,
1011001001010100,
1011001000001010,
1011000111000001,
1011000101110111,
1011000100101111,
1011000011100111,
1011000010011111,
1011000001011000,
1011000000010001,
1010111111001011,
1010111110000101,
1010111101000000,
1010111011111011,
1010111010110111,
1010111001110011,
1010111000110000,
1010110111101101,
1010110110101011,
1010110101101001,
1010110100101000,
1010110011100111,
1010110010100111,
1010110001100111,
1010110000101000,
1010101111101001,
1010101110101011,
1010101101101101,
1010101100110000,
1010101011110100,
1010101010111000,
1010101001111100,
1010101001000001,
1010101000000111,
1010100111001101,
1010100110010011,
1010100101011010,
1010100100100010,
1010100011101010,
1010100010110011,
1010100001111100,
1010100001000110,
1010100000010000,
1010011111011011,
1010011110100111,
1010011101110011,
1010011100111111,
1010011100001100,
1010011011011010,
1010011010101000,
1010011001110111,
1010011001000110,
1010011000010110,
1010010111100110,
1010010110110111,
1010010110001001,
1010010101011011,
1010010100101110,
1010010100000001,
1010010011010100,
1010010010101001,
1010010001111110,
1010010001010011,
1010010000101001,
1010010000000000,
1010001111010111,
1010001110101110,
1010001110000111,
1010001101100000,
1010001100111001,
1010001100010011,
1010001011101110,
1010001011001001,
1010001010100100,
1010001010000001,
1010001001011110,
1010001000111011,
1010001000011001,
1010000111111000,
1010000111010111,
1010000110110110,
1010000110010111,
1010000101111000,
1010000101011001,
1010000100111011,
1010000100011110,
1010000100000001,
1010000011100101,
1010000011001010,
1010000010101111,
1010000010010100,
1010000001111010,
1010000001100001,
1010000001001000,
1010000000110000,
1010000000011001,
1010000000000010,
1001111111101100,
1001111111010110,
1001111111000001,
1001111110101101,
1001111110011001,
1001111110000101,
1001111101110011,
1001111101100001,
1001111101001111,
1001111100111110,
1001111100101110,
1001111100011110,
1001111100001111,
1001111100000001,
1001111011110011,
1001111011100101,
1001111011011001,
1001111011001100,
1001111011000001,
1001111010110110,
1001111010101100,
1001111010100010,
1001111010011001,
1001111010010000,
1001111010001000,
1001111010000001,
1001111001111010,
1001111001110100,
1001111001101111,
1001111001101010,
1001111001100101,
1001111001100010,
1001111001011111,
1001111001011100,
1001111001011010,
1001111001011001,
1001111001011000,
1001111001011000,
1001111001011001,
1001111001011010,
1001111001011011,
1001111001011110,
1001111001100001,
1001111001100100,
1001111001101000,
1001111001101101,
1001111001110010,
1001111001111000,
1001111001111111,
1001111010000110,
1001111010001110,
1001111010010110,
1001111010011111,
1001111010101000,
1001111010110010,
1001111010111101,
1001111011001000,
1001111011010100,
1001111011100001,
1001111011101110,
1001111011111100,
1001111100001010,
1001111100011001,
1001111100101001,
1001111100111001,
1001111101001001,
1001111101011011,
1001111101101101,
1001111101111111,
1001111110010010,
1001111110100110,
1001111110111010,
1001111111001111,
1001111111100101,
1001111111111011,
1010000000010001,
1010000000101001,
1010000001000000,
1010000001011001,
1010000001110010,
1010000010001011,
1010000010100110,
1010000011000000,
1010000011011100,
1010000011111000,
1010000100010100,
1010000100110001,
1010000101001111,
1010000101101101,
1010000110001100,
1010000110101100,
1010000111001100,
1010000111101101,
1010001000001110,
1010001000110000,
1010001001010010,
1010001001110101,
1010001010011000,
1010001010111101,
1010001011100001,
1010001100000110,
1010001100101100,
1010001101010011,
1010001101111010,
1010001110100001,
1010001111001001,
1010001111110010,
1010010000011011,
1010010001000101,
1010010001101111,
1010010010011010,
1010010011000110,
1010010011110010,
1010010100011111,
1010010101001100,
1010010101111010,
1010010110101000,
1010010111010111,
1010011000000110,
1010011000110110,
1010011001100111,
1010011010011000,
1010011011001001,
1010011011111100,
1010011100101110,
1010011101100010,
1010011110010101,
1010011111001010,
1010011111111111,
1010100000110100,
1010100001101010,
1010100010100001,
1010100011011000,
1010100100001111,
1010100101001000,
1010100110000000,
1010100110111010,
1010100111110011,
1010101000101110,
1010101001101000,
1010101010100100,
1010101011100000,
1010101100011100,
1010101101011001,
1010101110010110,
1010101111010100,
1010110000010011,
1010110001010010,
1010110010010001,
1010110011010001,
1010110100010010,
1010110101010011,
1010110110010101,
1010110111010111,
1010111000011001,
1010111001011100,
1010111010100000,
1010111011100100,
1010111100101001,
1010111101101110,
1010111110110011,
1010111111111001,
1011000001000000,
1011000010000111,
1011000011001111,
1011000100010111,
1011000101011111,
1011000110101000,
1011000111110010,
1011001000111100,
1011001010000110,
1011001011010001,
1011001100011101,
1011001101101000,
1011001110110101,
1011010000000010,
1011010001001111,
1011010010011101,
1011010011101011,
1011010100111010,
1011010110001001,
1011010111011000,
1011011000101001,
1011011001111001,
1011011011001010,
1011011100011011,
1011011101101101,
1011011111000000,
1011100000010011,
1011100001100110,
1011100010111001,
1011100100001110,
1011100101100010,
1011100110110111,
1011101000001100,
1011101001100010,
1011101010111001,
1011101100001111,
1011101101100110,
1011101110111110,
1011110000010110,
1011110001101110,
1011110011000111,
1011110100100000,
1011110101111010,
1011110111010100,
1011111000101110,
1011111010001001,
1011111011100101,
1011111101000000,
1011111110011100,
1011111111111001,
1100000001010110,
1100000010110011,
1100000100010001,
1100000101101111,
1100000111001101,
1100001000101100,
1100001010001011,
1100001011101011,
1100001101001010,
1100001110101011,
1100010000001011,
1100010001101101,
1100010011001110,
1100010100110000,
1100010110010010,
1100010111110100,
1100011001010111,
1100011010111010,
1100011100011110,
1100011110000010,
1100011111100110,
1100100001001011,
1100100010110000,
1100100100010101,
1100100101111011,
1100100111100001,
1100101001000111,
1100101010101110,
1100101100010101,
1100101101111100,
1100101111100100,
1100110001001100,
1100110010110100,
1100110100011100,
1100110110000101,
1100110111101111,
1100111001011000,
1100111011000010,
1100111100101100,
1100111110010110,
1101000000000001,
1101000001101100,
1101000011010111,
1101000101000011,
1101000110101111,
1101001000011011,
1101001010001000,
1101001011110100,
1101001101100001,
1101001111001111,
1101010000111100,
1101010010101010,
1101010100011000,
1101010110000111,
1101010111110101,
1101011001100100,
1101011011010011,
1101011101000011,
1101011110110010,
1101100000100010,
1101100010010010,
1101100100000011,
1101100101110011,
1101100111100100,
1101101001010101,
1101101011000111,
1101101100111000,
1101101110101010,
1101110000011100,
1101110010001110,
1101110100000001,
1101110101110011,
1101110111100110,
1101111001011001,
1101111011001101,
1101111101000000,
1101111110110100,
1110000000101000,
1110000010011100,
1110000100010000,
1110000110000101,
1110000111111001,
1110001001101110,
1110001011100011,
1110001101011001,
1110001111001110,
1110010001000100,
1110010010111001,
1110010100101111,
1110010110100101,
1110011000011100,
1110011010010010,
1110011100001001,
1110011101111111,
1110011111110110,
1110100001101101,
1110100011100100,
1110100101011100,
1110100111010011,
1110101001001011,
1110101011000010,
1110101100111010,
1110101110110010,
1110110000101010,
1110110010100011,
1110110100011011,
1110110110010011,
1110111000001100,
1110111010000101,
1110111011111101,
1110111101110110,
1110111111101111,
1111000001101000,
1111000011100010,
1111000101011011,
1111000111010100,
1111001001001110,
1111001011000111,
1111001101000001,
1111001110111011,
1111010000110100,
1111010010101110,
1111010100101000,
1111010110100010,
1111011000011100,
1111011010010110,
1111011100010000,
1111011110001011,
1111100000000101,
1111100001111111,
1111100011111010,
1111100101110100,
1111100111101111,
1111101001101001,
1111101011100100,
1111101101011110,
1111101111011001,
1111110001010011,
1111110011001110,
1111110101001001,
1111110111000011,
1111111000111110,
1111111010111001,
1111111100110011,
1111111110101110,
0000000000101001,
0000000010100100,
0000000100011110,
0000000110011001,
0000001000010100,
0000001010001110,
0000001100001001,
0000001110000100,
0000001111111110,
0000010001111001,
0000010011110100,
0000010101101110,
0000010111101001,
0000011001100011,
0000011011011110,
0000011101011000,
0000011111010010,
0000100001001101,
0000100011000111,
0000100101000001,
0000100110111011,
0000101000110101,
0000101010101111,
0000101100101001,
0000101110100011,
0000110000011101,
0000110010010111,
0000110100010000,
0000110110001010,
0000111000000011,
0000111001111101,
0000111011110110,
0000111101101111,
0000111111101000,
0001000001100001,
0001000011011010,
0001000101010011,
0001000111001100,
0001001001000100,
0001001010111101,
0001001100110101,
0001001110101110,
0001010000100110,
0001010010011110,
0001010100010110,
0001010110001101,
0001011000000101,
0001011001111101,
0001011011110100,
0001011101101011,
0001011111100010,
0001100001011001,
0001100011010000,
0001100101000110,
0001100110111101,
0001101000110011,
0001101010101001,
0001101100011111,
0001101110010101,
0001110000001011,
0001110010000000,
0001110011110110,
0001110101101011,
0001110111100000,
0001111001010100,
0001111011001001,
0001111100111101,
0001111110110001,
0010000000100101,
0010000010011001,
0010000100001101,
0010000110000000,
0010000111110011,
0010001001100110,
0010001011011001,
0010001101001100,
0010001110111110,
0010010000110000,
0010010010100010,
0010010100010011,
0010010110000101,
0010010111110110,
0010011001100111,
0010011011011000,
0010011101001000,
0010011110111000,
0010100000101000,
0010100010011000,
0010100100001000,
0010100101110111,
0010100111100110,
0010101001010101,
0010101011000011,
0010101100110001,
0010101110011111,
0010110000001101,
0010110001111010,
0010110011100111,
0010110101010100,
0010110111000001,
0010111000101101,
0010111010011001,
0010111100000101,
0010111101110000,
0010111111011011,
0011000001000110,
0011000010110001,
0011000100011011,
0011000110000101,
0011000111101110,
0011001001011000,
0011001011000001,
0011001100101001,
0011001110010010,
0011001111111010,
0011010001100001,
0011010011001001,
0011010100110000,
0011010110010111,
0011010111111101,
0011011001100011,
0011011011001001,
0011011100101110,
0011011110010100,
0011011111111000,
0011100001011101,
0011100011000001,
0011100100100100,
0011100110001000,
0011100111101011,
0011101001001101,
0011101010110000,
0011101100010001,
0011101101110011,
0011101111010100,
0011110000110101,
0011110010010101,
0011110011110110,
0011110101010101,
0011110110110101,
0011111000010011,
0011111001110010,
0011111011010000,
0011111100101110,
0011111110001011,
0011111111101000,
0100000001000101,
0100000010100001,
0100000011111101,
0100000101011000,
0100000110110011,
0100001000001110,
0100001001101000,
0100001011000010,
0100001100011011,
0100001101110100,
0100001111001101,
0100010000100101,
0100010001111100,
0100010011010100,
0100010100101011,
0100010110000001,
0100010111010111,
0100011000101101,
0100011010000010,
0100011011010110,
0100011100101011,
0100011101111110,
0100011111010010,
0100100000100101,
0100100001110111,
0100100011001001,
0100100100011011,
0100100101101100,
0100100110111101,
0100101000001101,
0100101001011101,
0100101010101100,
0100101011111011,
0100101101001001,
0100101110010111,
0100101111100101,
0100110000110010,
0100110001111110,
0100110011001010,
0100110100010110,
0100110101100001,
0100110110101100,
0100110111110110,
0100111000111111,
0100111010001001,
0100111011010001,
0100111100011001,
0100111101100001,
0100111110101000,
0100111111101111,
0101000000110101,
0101000001111011,
0101000011000000,
0101000100000101,
0101000101001001,
0101000110001101,
0101000111010000,
0101001000010011,
0101001001010101,
0101001010010111,
0101001011011000,
0101001100011001,
0101001101011001,
0101001110011001,
0101001111011000,
0101010000010111,
0101010001010101,
0101010010010011,
0101010011010000,
0101010100001100,
0101010101001000,
0101010110000100,
0101010110111111,
0101010111111001,
0101011000110011,
0101011001101101,
0101011010100110,
0101011011011110,
0101011100010110,
0101011101001101,
0101011110000100,
0101011110111010,
0101011111110000,
0101100000100101,
0101100001011001,
0101100010001101,
0101100011000001,
0101100011110100,
0101100100100110,
0101100101011000,
0101100110001001,
0101100110111010,
0101100111101010,
0101101000011010,
0101101001001001,
0101101001110111,
0101101010100101,
0101101011010010,
0101101011111111,
0101101100101100,
0101101101010111,
0101101110000010,
0101101110101101,
0101101111010111,
0101110000000000,
0101110000101001,
0101110001010010,
0101110001111001,
0101110010100000,
0101110011000111,
0101110011101101,
0101110100010010,
0101110100110111,
0101110101011100,
0101110101111111,
0101110110100010,
0101110111000101,
0101110111100111,
0101111000001000,
0101111000101001,
0101111001001010,
0101111001101001,
0101111010001000,
0101111010100111,
0101111011000101,
0101111011100010,
0101111011111111,
0101111100011011,
0101111100110110,
0101111101010001,
0101111101101100,
0101111110000110,
0101111110011111,
0101111110111000,
0101111111010000,
0101111111100111,
0101111111111110,
0110000000010100,
0110000000101010,
0110000000111111,
0110000001010011,
0110000001100111,
0110000001111011,
0110000010001101,
0110000010011111,
0110000010110001,
0110000011000010,
0110000011010010,
0110000011100010,
0110000011110001,
0110000011111111,
0110000100001101,
0110000100011011,
0110000100100111,
0110000100110100,
0110000100111111,
0110000101001010,
0110000101010100,
0110000101011110,
0110000101100111,
0110000101110000,
0110000101111000,
0110000101111111,
0110000110000110,
0110000110001100,
0110000110010001,
0110000110010110,
0110000110011011,
0110000110011110,
0110000110100001,
0110000110100100,
0110000110100110,
0110000110100111,
0110000110101000,
0110000110101000,
0110000110100111,
0110000110100110,
0110000110100101,
0110000110100010,
0110000110011111,
0110000110011100,
0110000110011000,
0110000110010011,
0110000110001110,
0110000110001000,
0110000110000001,
0110000101111010,
0110000101110010,
0110000101101010,
0110000101100001,
0110000101011000,
0110000101001110,
0110000101000011,
0110000100111000,
0110000100101100,
0110000100011111,
0110000100010010,
0110000100000100,
0110000011110110,
0110000011100111,
0110000011010111,
0110000011000111,
0110000010110111,
0110000010100101,
0110000010010011,
0110000010000001,
0110000001101110,
0110000001011010,
0110000001000110,
0110000000110001,
0110000000011011,
0110000000000101,
0101111111101111,
0101111111010111,
0101111111000000,
0101111110100111,
0101111110001110,
0101111101110101,
0101111101011010,
0101111101000000,
0101111100100100,
0101111100001000,
0101111011101100,
0101111011001111,
0101111010110001,
0101111010010011,
0101111001110100,
0101111001010100,
0101111000110100,
0101111000010011,
0101110111110010,
0101110111010000,
0101110110101110,
0101110110001011,
0101110101101000,
0101110101000011,
0101110100011111,
0101110011111010,
0101110011010100,
0101110010101101,
0101110010000110,
0101110001011111,
0101110000110111,
0101110000001110,
0101101111100101,
0101101110111011,
0101101110010001,
0101101101100110,
0101101100111010,
0101101100001110,
0101101011100001,
0101101010110100,
0101101010000110,
0101101001011000,
0101101000101001,
0101100111111010,
0101100111001010,
0101100110011001,
0101100101101000,
0101100100110111,
0101100100000100,
0101100011010010,
0101100010011110,
0101100001101011,
0101100000110110,
0101100000000001,
0101011111001100,
0101011110010110,
0101011101011111,
0101011100101000,
0101011011110001,
0101011010111000,
0101011010000000,
0101011001000110,
0101011000001101,
0101010111010010,
0101010110011000,
0101010101011100,
0101010100100000,
0101010011100100,
0101010010100111,
0101010001101010,
0101010000101100,
0101001111101101,
0101001110101110,
0101001101101111,
0101001100101111,
0101001011101110,
0101001010101101,
0101001001101011,
0101001000101001,
0101000111100111,
0101000110100100,
0101000101100000,
0101000100011100,
0101000011010111,
0101000010010010,
0101000001001101,
0101000000000111,
0100111111000000,
0100111101111001,
0100111100110001,
0100111011101001,
0100111010100001,
0100111001011000,
0100111000001110,
0100110111000100,
0100110101111010,
0100110100101111,
0100110011100011,
0100110010011000,
0100110001001011,
0100101111111110,
0100101110110001,
0100101101100011,
0100101100010101,
0100101011000110,
0100101001110111,
0100101000101000,
0100100111010111,
0100100110000111,
0100100100110110,
0100100011100101,
0100100010010011,
0100100001000000,
0100011111101101,
0100011110011010,
0100011101000111,
0100011011110010,
0100011010011110,
0100011001001001,
0100010111110100,
0100010110011110,
0100010101000111,
0100010011110001,
0100010010011010,
0100010001000010,
0100001111101010,
0100001110010010,
0100001100111001,
0100001011100000,
0100001010000110,
0100001000101100,
0100000111010010,
0100000101110111,
0100000100011011,
0100000011000000,
0100000001100100,
0100000000000111,
0011111110101010,
0011111101001101,
0011111011101111,
0011111010010001,
0011111000110011,
0011110111010100,
0011110101110101,
0011110100010101,
0011110010110110,
0011110001010101,
0011101111110101,
0011101110010011,
0011101100110010,
0011101011010000,
0011101001101110,
0011101000001100,
0011100110101001,
0011100101000110,
0011100011100010,
0011100001111110,
0011100000011010,
0011011110110101,
0011011101010000,
0011011011101011,
0011011010000101,
0011011000011111,
0011010110111001,
0011010101010010,
0011010011101011,
0011010010000100,
0011010000011100,
0011001110110100,
0011001101001100,
0011001011100100,
0011001001111011,
0011001000010001,
0011000110101000,
0011000100111110,
0011000011010100,
0011000001101010,
0010111111111111,
0010111110010100,
0010111100101001,
0010111010111101,
0010111001010001,
0010110111100101,
0010110101111000,
0010110100001100,
0010110010011111,
0010110000110001,
0010101111000100,
0010101101010110,
0010101011101000,
0010101001111001,
0010101000001011,
0010100110011100,
0010100100101101,
0010100010111101,
0010100001001110,
0010011111011110,
0010011101101110,
0010011011111101,
0010011010001101,
0010011000011100,
0010010110101011,
0010010100111001,
0010010011001000,
0010010001010110,
0010001111100100,
0010001101110010,
0010001011111111,
0010001010001101,
0010001000011010,
0010000110100111,
0010000100110011,
0010000011000000,
0010000001001100,
0001111111011000,
0001111101100100,
0001111011110000,
0001111001111011,
0001111000000111,
0001110110010010,
0001110100011101,
0001110010100111,
0001110000110010,
0001101110111100,
0001101101000111,
0001101011010001,
0001101001011011,
0001100111100100,
0001100101101110,
0001100011110111,
0001100010000001,
0001100000001010,
0001011110010011,
0001011100011100,
0001011010100100,
0001011000101101,
0001010110110101,
0001010100111110,
0001010011000110,
0001010001001110,
0001001111010110,
0001001101011101,
0001001011100101,
0001001001101101,
0001000111110100,
0001000101111011,
0001000100000011,
0001000010001010,
0001000000010001,
0000111110011000,
0000111100011110,
0000111010100101,
0000111000101100,
0000110110110010,
0000110100111001,
0000110010111111,
0000110001000101,
0000101111001100,
0000101101010010,
0000101011011000,
0000101001011110,
0000100111100100,
0000100101101010,
0000100011110000,
0000100001110101,
0000011111111011,
0000011110000001,
0000011100000110,
0000011010001100,
0000011000010001,
0000010110010111,
0000010100011100,
0000010010100010,
0000010000100111,
0000001110101101,
0000001100110010,
0000001010110111,
0000001000111101,
0000000111000010,
0000000101000111,
0000000011001101,
0000000001010010,
1111111111010111,
1111111101011100,
1111111011100010,
1111111001100111,
1111110111101100,
1111110101110010,
1111110011110111,
1111110001111100,
1111110000000010,
1111101110000111,
1111101100001100,
1111101010010010,
1111101000010111,
1111100110011101,
1111100100100010,
1111100010101000,
1111100000101110,
1111011110110011,
1111011100111001,
1111011010111111,
1111011001000101,
1111010111001011,
1111010101010001,
1111010011010111,
1111010001011101,
1111001111100011,
1111001101101001,
1111001011110000,
1111001001110110,
1111000111111101,
1111000110000011,
1111000100001010,
1111000010010001,
1111000000011000,
1110111110011111,
1110111100100110,
1110111010101101,
1110111000110100,
1110110110111100,
1110110101000011,
1110110011001011,
1110110001010010,
1110101111011010,
1110101101100010,
1110101011101010,
1110101001110011,
1110100111111011,
1110100110000011,
1110100100001100,
1110100010010101,
1110100000011110,
1110011110100111,
1110011100110000,
1110011010111010,
1110011001000011,
1110010111001101,
1110010101010111,
1110010011100001,
1110010001101011,
1110001111110101,
1110001110000000,
1110001100001010,
1110001010010101,
1110001000100000,
1110000110101100,
1110000100110111,
1110000011000011,
1110000001001111,
1101111111011011,
1101111101100111,
1101111011110011,
1101111010000000,
1101111000001101,
1101110110011010,
1101110100100111,
1101110010110100,
1101110001000010,
1101101111010000,
1101101101011110,
1101101011101101,
1101101001111011,
1101101000001010,
1101100110011001,
1101100100101000,
1101100010111000,
1101100001001000,
1101011111011000,
1101011101101000,
1101011011111000,
1101011010001001,
1101011000011010,
1101010110101011,
1101010100111101,
1101010011001111,
1101010001100001,
1101001111110011,
1101001110000110,
1101001100011001,
1101001010101100,
1101001000111111,
1101000111010011,
1101000101100111,
1101000011111011,
1101000010010000,
1101000000100101,
1100111110111010,
1100111101001111,
1100111011100101,
1100111001111011,
1100111000010010,
1100110110101000,
1100110100111111,
1100110011010111,
1100110001101110,
1100110000000110,
1100101110011111,
1100101100110111,
1100101011010000,
1100101001101001,
1100101000000011,
1100100110011101,
1100100100110111,
1100100011010010,
1100100001101100,
1100100000001000,
1100011110100011,
1100011100111111,
1100011011011100,
1100011001111000,
1100011000010101,
1100010110110011,
1100010101010000,
1100010011101111,
1100010010001101,
1100010000101100,
1100001111001011,
1100001101101011,
1100001100001010,
1100001010101011,
1100001001001011,
1100000111101101,
1100000110001110,
1100000100110000,
1100000011010010,
1100000001110101,
1100000000011000,
1011111110111011,
1011111101011111,
1011111100000011,
1011111010101000,
1011111001001101,
1011110111110010,
1011110110011000,
1011110100111110,
1011110011100101,
1011110010001100,
1011110000110011,
1011101111011011,
1011101110000100,
1011101100101100,
1011101011010101,
1011101001111111,
1011101000101001,
1011100111010011,
1011100101111110,
1011100100101010,
1011100011010101,
1011100010000010,
1011100000101110,
1011011111011011,
1011011110001001,
1011011100110111,
1011011011100101,
1011011010010100,
1011011001000011,
1011010111110011,
1011010110100011,
1011010101010100,
1011010100000101,
1011010010110111,
1011010001101001,
1011010000011011,
1011001111001110,
1011001110000010,
1011001100110110,
1011001011101010,
1011001010011111,
1011001001010100,
1011001000001010,
1011000111000001,
1011000101110111,
1011000100101111,
1011000011100111,
1011000010011111,
1011000001011000,
1011000000010001,
1010111111001011,
1010111110000101,
1010111101000000,
1010111011111011,
1010111010110111,
1010111001110011,
1010111000110000,
1010110111101101,
1010110110101011,
1010110101101001,
1010110100101000,
1010110011100111,
1010110010100111,
1010110001100111,
1010110000101000,
1010101111101001,
1010101110101011,
1010101101101101,
1010101100110000,
1010101011110100,
1010101010111000,
1010101001111100,
1010101001000001,
1010101000000111,
1010100111001101,
1010100110010011,
1010100101011010,
1010100100100010,
1010100011101010,
1010100010110011,
1010100001111100,
1010100001000110,
1010100000010000,
1010011111011011,
1010011110100111,
1010011101110011,
1010011100111111,
1010011100001100,
1010011011011010,
1010011010101000,
1010011001110111,
1010011001000110,
1010011000010110,
1010010111100110,
1010010110110111,
1010010110001001,
1010010101011011,
1010010100101110,
1010010100000001,
1010010011010100,
1010010010101001,
1010010001111110,
1010010001010011,
1010010000101001,
1010010000000000,
1010001111010111,
1010001110101110,
1010001110000111,
1010001101100000,
1010001100111001,
1010001100010011,
1010001011101110,
1010001011001001,
1010001010100100,
1010001010000001,
1010001001011110,
1010001000111011,
1010001000011001,
1010000111111000,
1010000111010111,
1010000110110110,
1010000110010111,
1010000101111000,
1010000101011001,
1010000100111011,
1010000100011110,
1010000100000001,
1010000011100101,
1010000011001010,
1010000010101111,
1010000010010100,
1010000001111010,
1010000001100001,
1010000001001000,
1010000000110000,
1010000000011001,
1010000000000010,
1001111111101100,
1001111111010110,
1001111111000001,
1001111110101101,
1001111110011001,
1001111110000101,
1001111101110011,
1001111101100001,
1001111101001111,
1001111100111110,
1001111100101110,
1001111100011110,
1001111100001111,
1001111100000001,
1001111011110011,
1001111011100101,
1001111011011001,
1001111011001100,
1001111011000001,
1001111010110110,
1001111010101100,
1001111010100010,
1001111010011001,
1001111010010000,
1001111010001000,
1001111010000001,
1001111001111010,
1001111001110100,
1001111001101111,
1001111001101010,
1001111001100101,
1001111001100010,
1001111001011111,
1001111001011100,
1001111001011010,
1001111001011001,
1001111001011000,
1001111001011000,
1001111001011001,
1001111001011010,
1001111001011011,
1001111001011110,
1001111001100001,
1001111001100100,
1001111001101000,
1001111001101101,
1001111001110010,
1001111001111000,
1001111001111111,
1001111010000110,
1001111010001110,
1001111010010110,
1001111010011111,
1001111010101000,
1001111010110010,
1001111010111101,
1001111011001000,
1001111011010100,
1001111011100001,
1001111011101110,
1001111011111100,
1001111100001010,
1001111100011001,
1001111100101001,
1001111100111001,
1001111101001001,
1001111101011011,
1001111101101101,
1001111101111111,
1001111110010010,
1001111110100110,
1001111110111010,
1001111111001111,
1001111111100101,
1001111111111011,
1010000000010001,
1010000000101001,
1010000001000000,
1010000001011001,
1010000001110010,
1010000010001011,
1010000010100110,
1010000011000000,
1010000011011100,
1010000011111000,
1010000100010100,
1010000100110001,
1010000101001111,
1010000101101101,
1010000110001100,
1010000110101100,
1010000111001100,
1010000111101101,
1010001000001110,
1010001000110000,
1010001001010010,
1010001001110101,
1010001010011000,
1010001010111101,
1010001011100001,
1010001100000110,
1010001100101100,
1010001101010011,
1010001101111010,
1010001110100001,
1010001111001001,
1010001111110010,
1010010000011011,
1010010001000101,
1010010001101111,
1010010010011010,
1010010011000110,
1010010011110010,
1010010100011111,
1010010101001100,
1010010101111010,
1010010110101000,
1010010111010111,
1010011000000110,
1010011000110110,
1010011001100111,
1010011010011000,
1010011011001001,
1010011011111100,
1010011100101110,
1010011101100010,
1010011110010101,
1010011111001010,
1010011111111111,
1010100000110100,
1010100001101010,
1010100010100001,
1010100011011000,
1010100100001111,
1010100101001000,
1010100110000000,
1010100110111010,
1010100111110011,
1010101000101110,
1010101001101000,
1010101010100100,
1010101011100000,
1010101100011100,
1010101101011001,
1010101110010110,
1010101111010100,
1010110000010011,
1010110001010010,
1010110010010001,
1010110011010001,
1010110100010010,
1010110101010011,
1010110110010101,
1010110111010111,
1010111000011001,
1010111001011100,
1010111010100000,
1010111011100100,
1010111100101001,
1010111101101110,
1010111110110011,
1010111111111001,
1011000001000000,
1011000010000111,
1011000011001111,
1011000100010111,
1011000101011111,
1011000110101000,
1011000111110010,
1011001000111100,
1011001010000110,
1011001011010001,
1011001100011101,
1011001101101000,
1011001110110101,
1011010000000010,
1011010001001111,
1011010010011101,
1011010011101011,
1011010100111010,
1011010110001001,
1011010111011000,
1011011000101001,
1011011001111001,
1011011011001010,
1011011100011011,
1011011101101101,
1011011111000000,
1011100000010011,
1011100001100110,
1011100010111001,
1011100100001110,
1011100101100010,
1011100110110111,
1011101000001100,
1011101001100010,
1011101010111001,
1011101100001111,
1011101101100110,
1011101110111110,
1011110000010110,
1011110001101110,
1011110011000111,
1011110100100000,
1011110101111010,
1011110111010100,
1011111000101110,
1011111010001001,
1011111011100101,
1011111101000000,
1011111110011100,
1011111111111001,
1100000001010110,
1100000010110011,
1100000100010001,
1100000101101111,
1100000111001101,
1100001000101100,
1100001010001011,
1100001011101011,
1100001101001010,
1100001110101011,
1100010000001011,
1100010001101101,
1100010011001110,
1100010100110000,
1100010110010010,
1100010111110100,
1100011001010111,
1100011010111010,
1100011100011110,
1100011110000010,
1100011111100110,
1100100001001011,
1100100010110000,
1100100100010101,
1100100101111011,
1100100111100001,
1100101001000111,
1100101010101110,
1100101100010101,
1100101101111100,
1100101111100100,
1100110001001100,
1100110010110100,
1100110100011100,
1100110110000101,
1100110111101111,
1100111001011000,
1100111011000010,
1100111100101100,
1100111110010110,
1101000000000001,
1101000001101100,
1101000011010111,
1101000101000011,
1101000110101111,
1101001000011011,
1101001010001000,
1101001011110100,
1101001101100001,
1101001111001111,
1101010000111100,
1101010010101010,
1101010100011000,
1101010110000111,
1101010111110101,
1101011001100100,
1101011011010011,
1101011101000011,
1101011110110010,
1101100000100010,
1101100010010010,
1101100100000011,
1101100101110011,
1101100111100100,
1101101001010101,
1101101011000111,
1101101100111000,
1101101110101010,
1101110000011100,
1101110010001110,
1101110100000001,
1101110101110011,
1101110111100110,
1101111001011001,
1101111011001101,
1101111101000000,
1101111110110100,
1110000000101000,
1110000010011100,
1110000100010000,
1110000110000101,
1110000111111001,
1110001001101110,
1110001011100011,
1110001101011001,
1110001111001110,
1110010001000100,
1110010010111001,
1110010100101111,
1110010110100101,
1110011000011100,
1110011010010010,
1110011100001001,
1110011101111111,
1110011111110110,
1110100001101101,
1110100011100100,
1110100101011100,
1110100111010011,
1110101001001011,
1110101011000010,
1110101100111010,
1110101110110010,
1110110000101010,
1110110010100011,
1110110100011011,
1110110110010011,
1110111000001100,
1110111010000101,
1110111011111101,
1110111101110110,
1110111111101111,
1111000001101000,
1111000011100010,
1111000101011011,
1111000111010100,
1111001001001110,
1111001011000111,
1111001101000001,
1111001110111011,
1111010000110100,
1111010010101110,
1111010100101000,
1111010110100010,
1111011000011100,
1111011010010110,
1111011100010000,
1111011110001011,
1111100000000101,
1111100001111111,
1111100011111010,
1111100101110100,
1111100111101111,
1111101001101001,
1111101011100100,
1111101101011110,
1111101111011001,
1111110001010011,
1111110011001110,
1111110101001001,
1111110111000011,
1111111000111110,
1111111010111001,
1111111100110011,
1111111110101110,
0000000000101001,
0000000010100100,
0000000100011110,
0000000110011001,
0000001000010100,
0000001010001110,
0000001100001001,
0000001110000100,
0000001111111110,
0000010001111001,
0000010011110100,
0000010101101110,
0000010111101001,
0000011001100011,
0000011011011110,
0000011101011000,
0000011111010010,
0000100001001101,
0000100011000111,
0000100101000001,
0000100110111011,
0000101000110101,
0000101010101111,
0000101100101001,
0000101110100011,
0000110000011101,
0000110010010111,
0000110100010000,
0000110110001010,
0000111000000011,
0000111001111101,
0000111011110110,
0000111101101111,
0000111111101000,
0001000001100001,
0001000011011010,
0001000101010011,
0001000111001100,
0001001001000100,
0001001010111101,
0001001100110101,
0001001110101110,
0001010000100110,
0001010010011110,
0001010100010110,
0001010110001101,
0001011000000101,
0001011001111101,
0001011011110100,
0001011101101011,
0001011111100010,
0001100001011001,
0001100011010000,
0001100101000110,
0001100110111101,
0001101000110011,
0001101010101001,
0001101100011111,
0001101110010101,
0001110000001011,
0001110010000000,
0001110011110110,
0001110101101011,
0001110111100000,
0001111001010100,
0001111011001001,
0001111100111101,
0001111110110001,
0010000000100101,
0010000010011001,
0010000100001101,
0010000110000000,
0010000111110011,
0010001001100110,
0010001011011001,
0010001101001100,
0010001110111110,
0010010000110000,
0010010010100010,
0010010100010011,
0010010110000101,
0010010111110110,
0010011001100111,
0010011011011000,
0010011101001000,
0010011110111000,
0010100000101000,
0010100010011000,
0010100100001000,
0010100101110111,
0010100111100110,
0010101001010101,
0010101011000011,
0010101100110001,
0010101110011111,
0010110000001101,
0010110001111010,
0010110011100111,
0010110101010100,
0010110111000001,
0010111000101101,
0010111010011001,
0010111100000101,
0010111101110000,
0010111111011011,
0011000001000110,
0011000010110001,
0011000100011011,
0011000110000101,
0011000111101110,
0011001001011000,
0011001011000001,
0011001100101001,
0011001110010010,
0011001111111010,
0011010001100001,
0011010011001001,
0011010100110000,
0011010110010111,
0011010111111101,
0011011001100011,
0011011011001001,
0011011100101110,
0011011110010100,
0011011111111000,
0011100001011101,
0011100011000001,
0011100100100100,
0011100110001000,
0011100111101011,
0011101001001101,
0011101010110000,
0011101100010001,
0011101101110011,
0011101111010100,
0011110000110101,
0011110010010101,
0011110011110110,
0011110101010101,
0011110110110101,
0011111000010011,
0011111001110010,
0011111011010000,
0011111100101110,
0011111110001011,
0011111111101000,
0100000001000101,
0100000010100001,
0100000011111101,
0100000101011000,
0100000110110011,
0100001000001110,
0100001001101000,
0100001011000010,
0100001100011011,
0100001101110100,
0100001111001101,
0100010000100101,
0100010001111100,
0100010011010100,
0100010100101011,
0100010110000001,
0100010111010111,
0100011000101101,
0100011010000010,
0100011011010110,
0100011100101011,
0100011101111110,
0100011111010010,
0100100000100101,
0100100001110111,
0100100011001001,
0100100100011011,
0100100101101100,
0100100110111101,
0100101000001101,
0100101001011101,
0100101010101100,
0100101011111011,
0100101101001001,
0100101110010111,
0100101111100101,
0100110000110010,
0100110001111110,
0100110011001010,
0100110100010110,
0100110101100001,
0100110110101100,
0100110111110110,
0100111000111111,
0100111010001001,
0100111011010001,
0100111100011001,
0100111101100001,
0100111110101000,
0100111111101111,
0101000000110101,
0101000001111011,
0101000011000000,
0101000100000101,
0101000101001001,
0101000110001101,
0101000111010000,
0101001000010011,
0101001001010101,
0101001010010111,
0101001011011000,
0101001100011001,
0101001101011001,
0101001110011001,
0101001111011000,
0101010000010111,
0101010001010101,
0101010010010011,
0101010011010000,
0101010100001100,
0101010101001000,
0101010110000100,
0101010110111111,
0101010111111001,
0101011000110011,
0101011001101101,
0101011010100110,
0101011011011110,
0101011100010110,
0101011101001101,
0101011110000100,
0101011110111010,
0101011111110000,
0101100000100101,
0101100001011001,
0101100010001101,
0101100011000001,
0101100011110100,
0101100100100110,
0101100101011000,
0101100110001001,
0101100110111010,
0101100111101010,
0101101000011010,
0101101001001001,
0101101001110111,
0101101010100101,
0101101011010010,
0101101011111111,
0101101100101100,
0101101101010111,
0101101110000010,
0101101110101101,
0101101111010111,
0101110000000000,
0101110000101001,
0101110001010010,
0101110001111001,
0101110010100000,
0101110011000111,
0101110011101101,
0101110100010010,
0101110100110111,
0101110101011100,
0101110101111111,
0101110110100010,
0101110111000101,
0101110111100111,
0101111000001000,
0101111000101001,
0101111001001010,
0101111001101001,
0101111010001000,
0101111010100111,
0101111011000101,
0101111011100010,
0101111011111111,
0101111100011011,
0101111100110110,
0101111101010001,
0101111101101100,
0101111110000110,
0101111110011111,
0101111110111000,
0101111111010000,
0101111111100111,
0101111111111110,
0110000000010100,
0110000000101010,
0110000000111111,
0110000001010011,
0110000001100111,
0110000001111011,
0110000010001101,
0110000010011111,
0110000010110001,
0110000011000010,
0110000011010010,
0110000011100010,
0110000011110001,
0110000011111111,
0110000100001101,
0110000100011011,
0110000100100111,
0110000100110100,
0110000100111111,
0110000101001010,
0110000101010100,
0110000101011110,
0110000101100111,
0110000101110000,
0110000101111000,
0110000101111111,
0110000110000110,
0110000110001100,
0110000110010001,
0110000110010110,
0110000110011011,
0110000110011110,
0110000110100001,
0110000110100100,
0110000110100110,
0110000110100111,
0110000110101000,
0110000110101000,
0110000110100111,
0110000110100110,
0110000110100101,
0110000110100010,
0110000110011111,
0110000110011100,
0110000110011000,
0110000110010011,
0110000110001110,
0110000110001000,
0110000110000001,
0110000101111010,
0110000101110010,
0110000101101010,
0110000101100001,
0110000101011000,
0110000101001110,
0110000101000011,
0110000100111000,
0110000100101100,
0110000100011111,
0110000100010010,
0110000100000100,
0110000011110110,
0110000011100111,
0110000011010111,
0110000011000111,
0110000010110111,
0110000010100101,
0110000010010011,
0110000010000001,
0110000001101110,
0110000001011010,
0110000001000110,
0110000000110001,
0110000000011011,
0110000000000101,
0101111111101111,
0101111111010111,
0101111111000000,
0101111110100111,
0101111110001110,
0101111101110101,
0101111101011010,
0101111101000000,
0101111100100100,
0101111100001000,
0101111011101100,
0101111011001111,
0101111010110001,
0101111010010011,
0101111001110100,
0101111001010100,
0101111000110100,
0101111000010011,
0101110111110010,
0101110111010000,
0101110110101110,
0101110110001011,
0101110101101000,
0101110101000011,
0101110100011111,
0101110011111010,
0101110011010100,
0101110010101101,
0101110010000110,
0101110001011111,
0101110000110111,
0101110000001110,
0101101111100101,
0101101110111011,
0101101110010001,
0101101101100110,
0101101100111010,
0101101100001110,
0101101011100001,
0101101010110100,
0101101010000110,
0101101001011000,
0101101000101001,
0101100111111010,
0101100111001010,
0101100110011001,
0101100101101000,
0101100100110111,
0101100100000100,
0101100011010010,
0101100010011110,
0101100001101011,
0101100000110110,
0101100000000001,
0101011111001100,
0101011110010110,
0101011101011111,
0101011100101000,
0101011011110001,
0101011010111000,
0101011010000000,
0101011001000110,
0101011000001101,
0101010111010010,
0101010110011000,
0101010101011100,
0101010100100000,
0101010011100100,
0101010010100111,
0101010001101010,
0101010000101100,
0101001111101101,
0101001110101110,
0101001101101111,
0101001100101111,
0101001011101110,
0101001010101101,
0101001001101011,
0101001000101001,
0101000111100111,
0101000110100100,
0101000101100000,
0101000100011100,
0101000011010111,
0101000010010010,
0101000001001101,
0101000000000111,
0100111111000000,
0100111101111001,
0100111100110001,
0100111011101001,
0100111010100001,
0100111001011000,
0100111000001110,
0100110111000100,
0100110101111010,
0100110100101111,
0100110011100011,
0100110010011000,
0100110001001011,
0100101111111110,
0100101110110001,
0100101101100011,
0100101100010101,
0100101011000110,
0100101001110111,
0100101000101000,
0100100111010111,
0100100110000111,
0100100100110110,
0100100011100101,
0100100010010011,
0100100001000000,
0100011111101101,
0100011110011010,
0100011101000111,
0100011011110010,
0100011010011110,
0100011001001001,
0100010111110100,
0100010110011110,
0100010101000111,
0100010011110001,
0100010010011010,
0100010001000010,
0100001111101010,
0100001110010010,
0100001100111001,
0100001011100000,
0100001010000110,
0100001000101100,
0100000111010010,
0100000101110111,
0100000100011011,
0100000011000000,
0100000001100100,
0100000000000111,
0011111110101010,
0011111101001101,
0011111011101111,
0011111010010001,
0011111000110011,
0011110111010100,
0011110101110101,
0011110100010101,
0011110010110110,
0011110001010101,
0011101111110101,
0011101110010011,
0011101100110010,
0011101011010000,
0011101001101110,
0011101000001100,
0011100110101001,
0011100101000110,
0011100011100010,
0011100001111110,
0011100000011010,
0011011110110101,
0011011101010000,
0011011011101011,
0011011010000101,
0011011000011111,
0011010110111001,
0011010101010010,
0011010011101011,
0011010010000100,
0011010000011100,
0011001110110100,
0011001101001100,
0011001011100100,
0011001001111011,
0011001000010001,
0011000110101000,
0011000100111110,
0011000011010100,
0011000001101010,
0010111111111111,
0010111110010100,
0010111100101001,
0010111010111101,
0010111001010001,
0010110111100101,
0010110101111000,
0010110100001100,
0010110010011111,
0010110000110001,
0010101111000100,
0010101101010110,
0010101011101000,
0010101001111001,
0010101000001011,
0010100110011100,
0010100100101101,
0010100010111101,
0010100001001110,
0010011111011110,
0010011101101110,
0010011011111101,
0010011010001101,
0010011000011100,
0010010110101011,
0010010100111001,
0010010011001000,
0010010001010110,
0010001111100100,
0010001101110010,
0010001011111111,
0010001010001101,
0010001000011010,
0010000110100111,
0010000100110011,
0010000011000000,
0010000001001100,
0001111111011000,
0001111101100100,
0001111011110000,
0001111001111011,
0001111000000111,
0001110110010010,
0001110100011101,
0001110010100111,
0001110000110010,
0001101110111100,
0001101101000111,
0001101011010001,
0001101001011011,
0001100111100100,
0001100101101110,
0001100011110111,
0001100010000001,
0001100000001010,
0001011110010011,
0001011100011100,
0001011010100100,
0001011000101101,
0001010110110101,
0001010100111110,
0001010011000110,
0001010001001110,
0001001111010110,
0001001101011101,
0001001011100101,
0001001001101101,
0001000111110100,
0001000101111011,
0001000100000011,
0001000010001010,
0001000000010001,
0000111110011000,
0000111100011110,
0000111010100101,
0000111000101100,
0000110110110010,
0000110100111001,
0000110010111111,
0000110001000101,
0000101111001100,
0000101101010010,
0000101011011000,
0000101001011110,
0000100111100100,
0000100101101010,
0000100011110000,
0000100001110101,
0000011111111011,
0000011110000001,
0000011100000110,
0000011010001100,
0000011000010001,
0000010110010111,
0000010100011100,
0000010010100010,
0000010000100111,
0000001110101101,
0000001100110010,
0000001010110111,
0000001000111101,
0000000111000010,
0000000101000111,
0000000011001101,
0000000001010010,
1111111111010111,
1111111101011100,
1111111011100010,
1111111001100111,
1111110111101100,
1111110101110010,
1111110011110111,
1111110001111100,
1111110000000010,
1111101110000111,
1111101100001100,
1111101010010010,
1111101000010111,
1111100110011101,
1111100100100010,
1111100010101000,
1111100000101110,
1111011110110011,
1111011100111001,
1111011010111111,
1111011001000101,
1111010111001011,
1111010101010001,
1111010011010111,
1111010001011101,
1111001111100011,
1111001101101001,
1111001011110000,
1111001001110110,
1111000111111101,
1111000110000011,
1111000100001010,
1111000010010001,
1111000000011000,
1110111110011111,
1110111100100110,
1110111010101101,
1110111000110100,
1110110110111100,
1110110101000011,
1110110011001011,
1110110001010010,
1110101111011010,
1110101101100010,
1110101011101010,
1110101001110011,
1110100111111011,
1110100110000011,
1110100100001100,
1110100010010101,
1110100000011110,
1110011110100111,
1110011100110000,
1110011010111010,
1110011001000011,
1110010111001101,
1110010101010111,
1110010011100001,
1110010001101011,
1110001111110101,
1110001110000000,
1110001100001010,
1110001010010101,
1110001000100000,
1110000110101100,
1110000100110111,
1110000011000011,
1110000001001111,
1101111111011011,
1101111101100111,
1101111011110011,
1101111010000000,
1101111000001101,
1101110110011010,
1101110100100111,
1101110010110100,
1101110001000010,
1101101111010000,
1101101101011110,
1101101011101101,
1101101001111011,
1101101000001010,
1101100110011001,
1101100100101000,
1101100010111000,
1101100001001000,
1101011111011000,
1101011101101000,
1101011011111000,
1101011010001001,
1101011000011010,
1101010110101011,
1101010100111101,
1101010011001111,
1101010001100001,
1101001111110011,
1101001110000110,
1101001100011001,
1101001010101100,
1101001000111111,
1101000111010011,
1101000101100111,
1101000011111011,
1101000010010000,
1101000000100101,
1100111110111010,
1100111101001111,
1100111011100101,
1100111001111011,
1100111000010010,
1100110110101000,
1100110100111111,
1100110011010111,
1100110001101110,
1100110000000110,
1100101110011111,
1100101100110111,
1100101011010000,
1100101001101001,
1100101000000011,
1100100110011101,
1100100100110111,
1100100011010010,
1100100001101100,
1100100000001000,
1100011110100011,
1100011100111111,
1100011011011100,
1100011001111000,
1100011000010101,
1100010110110011,
1100010101010000,
1100010011101111,
1100010010001101,
1100010000101100,
1100001111001011,
1100001101101011,
1100001100001010,
1100001010101011,
1100001001001011,
1100000111101101,
1100000110001110,
1100000100110000,
1100000011010010,
1100000001110101,
1100000000011000,
1011111110111011,
1011111101011111,
1011111100000011,
1011111010101000,
1011111001001101,
1011110111110010,
1011110110011000,
1011110100111110,
1011110011100101,
1011110010001100,
1011110000110011,
1011101111011011,
1011101110000100,
1011101100101100,
1011101011010101,
1011101001111111,
1011101000101001,
1011100111010011,
1011100101111110,
1011100100101010,
1011100011010101,
1011100010000010,
1011100000101110,
1011011111011011,
1011011110001001,
1011011100110111,
1011011011100101,
1011011010010100,
1011011001000011,
1011010111110011,
1011010110100011,
1011010101010100,
1011010100000101,
1011010010110111,
1011010001101001,
1011010000011011,
1011001111001110,
1011001110000010,
1011001100110110,
1011001011101010,
1011001010011111,
1011001001010100,
1011001000001010,
1011000111000001,
1011000101110111,
1011000100101111,
1011000011100111,
1011000010011111,
1011000001011000,
1011000000010001,
1010111111001011,
1010111110000101,
1010111101000000,
1010111011111011,
1010111010110111,
1010111001110011,
1010111000110000,
1010110111101101,
1010110110101011,
1010110101101001,
1010110100101000,
1010110011100111,
1010110010100111,
1010110001100111,
1010110000101000,
1010101111101001,
1010101110101011,
1010101101101101,
1010101100110000,
1010101011110100,
1010101010111000,
1010101001111100,
1010101001000001,
1010101000000111,
1010100111001101,
1010100110010011,
1010100101011010,
1010100100100010,
1010100011101010,
1010100010110011,
1010100001111100,
1010100001000110,
1010100000010000,
1010011111011011,
1010011110100111,
1010011101110011,
1010011100111111,
1010011100001100,
1010011011011010,
1010011010101000,
1010011001110111,
1010011001000110,
1010011000010110,
1010010111100110,
1010010110110111,
1010010110001001,
1010010101011011,
1010010100101110,
1010010100000001,
1010010011010100,
1010010010101001,
1010010001111110,
1010010001010011,
1010010000101001,
1010010000000000,
1010001111010111,
1010001110101110,
1010001110000111,
1010001101100000,
1010001100111001,
1010001100010011,
1010001011101110,
1010001011001001,
1010001010100100,
1010001010000001,
1010001001011110,
1010001000111011,
1010001000011001,
1010000111111000,
1010000111010111,
1010000110110110,
1010000110010111,
1010000101111000,
1010000101011001,
1010000100111011,
1010000100011110,
1010000100000001,
1010000011100101,
1010000011001010,
1010000010101111,
1010000010010100,
1010000001111010,
1010000001100001,
1010000001001000,
1010000000110000,
1010000000011001,
1010000000000010,
1001111111101100,
1001111111010110,
1001111111000001,
1001111110101101,
1001111110011001,
1001111110000101,
1001111101110011,
1001111101100001,
1001111101001111,
1001111100111110,
1001111100101110,
1001111100011110,
1001111100001111,
1001111100000001,
1001111011110011,
1001111011100101,
1001111011011001,
1001111011001100,
1001111011000001,
1001111010110110,
1001111010101100,
1001111010100010,
1001111010011001,
1001111010010000,
1001111010001000,
1001111010000001,
1001111001111010,
1001111001110100,
1001111001101111,
1001111001101010,
1001111001100101,
1001111001100010,
1001111001011111,
1001111001011100,
1001111001011010,
1001111001011001,
1001111001011000,
1001111001011000,
1001111001011001,
1001111001011010,
1001111001011011,
1001111001011110,
1001111001100001,
1001111001100100,
1001111001101000,
1001111001101101,
1001111001110010,
1001111001111000,
1001111001111111,
1001111010000110,
1001111010001110,
1001111010010110,
1001111010011111,
1001111010101000,
1001111010110010,
1001111010111101,
1001111011001000,
1001111011010100,
1001111011100001,
1001111011101110,
1001111011111100,
1001111100001010,
1001111100011001,
1001111100101001,
1001111100111001,
1001111101001001,
1001111101011011,
1001111101101101,
1001111101111111,
1001111110010010,
1001111110100110,
1001111110111010,
1001111111001111,
1001111111100101,
1001111111111011,
1010000000010001,
1010000000101001,
1010000001000000,
1010000001011001,
1010000001110010,
1010000010001011,
1010000010100110,
1010000011000000,
1010000011011100,
1010000011111000,
1010000100010100,
1010000100110001,
1010000101001111,
1010000101101101,
1010000110001100,
1010000110101100,
1010000111001100,
1010000111101101,
1010001000001110,
1010001000110000,
1010001001010010,
1010001001110101,
1010001010011000,
1010001010111101,
1010001011100001,
1010001100000110,
1010001100101100,
1010001101010011,
1010001101111010,
1010001110100001,
1010001111001001,
1010001111110010,
1010010000011011,
1010010001000101,
1010010001101111,
1010010010011010,
1010010011000110,
1010010011110010,
1010010100011111,
1010010101001100,
1010010101111010,
1010010110101000,
1010010111010111,
1010011000000110,
1010011000110110,
1010011001100111,
1010011010011000,
1010011011001001,
1010011011111100,
1010011100101110,
1010011101100010,
1010011110010101,
1010011111001010,
1010011111111111,
1010100000110100,
1010100001101010,
1010100010100001,
1010100011011000,
1010100100001111,
1010100101001000,
1010100110000000,
1010100110111010,
1010100111110011,
1010101000101110,
1010101001101000,
1010101010100100,
1010101011100000,
1010101100011100,
1010101101011001,
1010101110010110,
1010101111010100,
1010110000010011,
1010110001010010,
1010110010010001,
1010110011010001,
1010110100010010,
1010110101010011,
1010110110010101,
1010110111010111,
1010111000011001,
1010111001011100,
1010111010100000,
1010111011100100,
1010111100101001,
1010111101101110,
1010111110110011,
1010111111111001,
1011000001000000,
1011000010000111,
1011000011001111,
1011000100010111,
1011000101011111,
1011000110101000,
1011000111110010,
1011001000111100,
1011001010000110,
1011001011010001,
1011001100011101,
1011001101101000,
1011001110110101,
1011010000000010,
1011010001001111,
1011010010011101,
1011010011101011,
1011010100111010,
1011010110001001,
1011010111011000,
1011011000101001,
1011011001111001,
1011011011001010,
1011011100011011,
1011011101101101,
1011011111000000,
1011100000010011,
1011100001100110,
1011100010111001,
1011100100001110,
1011100101100010,
1011100110110111,
1011101000001100,
1011101001100010,
1011101010111001,
1011101100001111,
1011101101100110,
1011101110111110,
1011110000010110,
1011110001101110,
1011110011000111,
1011110100100000,
1011110101111010,
1011110111010100,
1011111000101110,
1011111010001001,
1011111011100101,
1011111101000000,
1011111110011100,
1011111111111001,
1100000001010110,
1100000010110011,
1100000100010001,
1100000101101111,
1100000111001101,
1100001000101100,
1100001010001011,
1100001011101011,
1100001101001010,
1100001110101011,
1100010000001011,
1100010001101101,
1100010011001110,
1100010100110000,
1100010110010010,
1100010111110100,
1100011001010111,
1100011010111010,
1100011100011110,
1100011110000010,
1100011111100110,
1100100001001011,
1100100010110000,
1100100100010101,
1100100101111011,
1100100111100001,
1100101001000111,
1100101010101110,
1100101100010101,
1100101101111100,
1100101111100100,
1100110001001100,
1100110010110100,
1100110100011100,
1100110110000101,
1100110111101111,
1100111001011000,
1100111011000010,
1100111100101100,
1100111110010110,
1101000000000001,
1101000001101100,
1101000011010111,
1101000101000011,
1101000110101111,
1101001000011011,
1101001010001000,
1101001011110100,
1101001101100001,
1101001111001111,
1101010000111100,
1101010010101010,
1101010100011000,
1101010110000111,
1101010111110101,
1101011001100100,
1101011011010011,
1101011101000011,
1101011110110010,
1101100000100010,
1101100010010010,
1101100100000011,
1101100101110011,
1101100111100100,
1101101001010101,
1101101011000111,
1101101100111000,
1101101110101010,
1101110000011100,
1101110010001110,
1101110100000001,
1101110101110011,
1101110111100110,
1101111001011001,
1101111011001101,
1101111101000000,
1101111110110100,
1110000000101000,
1110000010011100,
1110000100010000,
1110000110000101,
1110000111111001,
1110001001101110,
1110001011100011,
1110001101011001,
1110001111001110,
1110010001000100,
1110010010111001,
1110010100101111,
1110010110100101,
1110011000011100,
1110011010010010,
1110011100001001,
1110011101111111,
1110011111110110,
1110100001101101,
1110100011100100,
1110100101011100,
1110100111010011,
1110101001001011,
1110101011000010,
1110101100111010,
1110101110110010,
1110110000101010,
1110110010100011,
1110110100011011,
1110110110010011,
1110111000001100,
1110111010000101,
1110111011111101,
1110111101110110,
1110111111101111,
1111000001101000,
1111000011100010,
1111000101011011,
1111000111010100,
1111001001001110,
1111001011000111,
1111001101000001,
1111001110111011,
1111010000110100,
1111010010101110,
1111010100101000,
1111010110100010,
1111011000011100,
1111011010010110,
1111011100010000,
1111011110001011,
1111100000000101,
1111100001111111,
1111100011111010,
1111100101110100,
1111100111101111,
1111101001101001,
1111101011100100,
1111101101011110,
1111101111011001,
1111110001010011,
1111110011001110,
1111110101001001,
1111110111000011,
1111111000111110,
1111111010111001,
1111111100110011,
1111111110101110,
0000000000101001,
0000000010100100,
0000000100011110,
0000000110011001,
0000001000010100,
0000001010001110,
0000001100001001,
0000001110000100,
0000001111111110,
0000010001111001,
0000010011110100,
0000010101101110,
0000010111101001,
0000011001100011,
0000011011011110,
0000011101011000,
0000011111010010,
0000100001001101,
0000100011000111,
0000100101000001,
0000100110111011,
0000101000110101,
0000101010101111,
0000101100101001,
0000101110100011,
0000110000011101,
0000110010010111,
0000110100010000,
0000110110001010,
0000111000000011,
0000111001111101,
0000111011110110,
0000111101101111,
0000111111101000,
0001000001100001,
0001000011011010,
0001000101010011,
0001000111001100,
0001001001000100,
0001001010111101,
0001001100110101,
0001001110101110,
0001010000100110,
0001010010011110,
0001010100010110,
0001010110001101,
0001011000000101,
0001011001111101,
0001011011110100,
0001011101101011,
0001011111100010,
0001100001011001,
0001100011010000,
0001100101000110,
0001100110111101,
0001101000110011,
0001101010101001,
0001101100011111,
0001101110010101,
0001110000001011,
0001110010000000,
0001110011110110,
0001110101101011,
0001110111100000,
0001111001010100,
0001111011001001,
0001111100111101,
0001111110110001,
0010000000100101,
0010000010011001,
0010000100001101,
0010000110000000,
0010000111110011,
0010001001100110,
0010001011011001,
0010001101001100,
0010001110111110,
0010010000110000,
0010010010100010,
0010010100010011,
0010010110000101,
0010010111110110,
0010011001100111,
0010011011011000,
0010011101001000,
0010011110111000,
0010100000101000,
0010100010011000,
0010100100001000,
0010100101110111,
0010100111100110,
0010101001010101,
0010101011000011,
0010101100110001,
0010101110011111,
0010110000001101,
0010110001111010,
0010110011100111,
0010110101010100,
0010110111000001,
0010111000101101,
0010111010011001,
0010111100000101,
0010111101110000,
0010111111011011,
0011000001000110,
0011000010110001,
0011000100011011,
0011000110000101,
0011000111101110,
0011001001011000,
0011001011000001,
0011001100101001,
0011001110010010,
0011001111111010,
0011010001100001,
0011010011001001,
0011010100110000,
0011010110010111,
0011010111111101,
0011011001100011,
0011011011001001,
0011011100101110,
0011011110010100,
0011011111111000,
0011100001011101,
0011100011000001,
0011100100100100,
0011100110001000,
0011100111101011,
0011101001001101,
0011101010110000,
0011101100010001,
0011101101110011,
0011101111010100,
0011110000110101,
0011110010010101,
0011110011110110,
0011110101010101,
0011110110110101,
0011111000010011,
0011111001110010,
0011111011010000,
0011111100101110,
0011111110001011,
0011111111101000,
0100000001000101,
0100000010100001,
0100000011111101,
0100000101011000,
0100000110110011,
0100001000001110,
0100001001101000,
0100001011000010,
0100001100011011,
0100001101110100,
0100001111001101,
0100010000100101,
0100010001111100,
0100010011010100,
0100010100101011,
0100010110000001,
0100010111010111,
0100011000101101,
0100011010000010,
0100011011010110,
0100011100101011,
0100011101111110,
0100011111010010,
0100100000100101,
0100100001110111,
0100100011001001,
0100100100011011,
0100100101101100,
0100100110111101,
0100101000001101,
0100101001011101,
0100101010101100,
0100101011111011,
0100101101001001,
0100101110010111,
0100101111100101,
0100110000110010,
0100110001111110,
0100110011001010,
0100110100010110,
0100110101100001,
0100110110101100,
0100110111110110,
0100111000111111,
0100111010001001,
0100111011010001,
0100111100011001,
0100111101100001,
0100111110101000,
0100111111101111,
0101000000110101,
0101000001111011,
0101000011000000,
0101000100000101,
0101000101001001,
0101000110001101,
0101000111010000,
0101001000010011,
0101001001010101,
0101001010010111,
0101001011011000,
0101001100011001,
0101001101011001,
0101001110011001,
0101001111011000,
0101010000010111,
0101010001010101,
0101010010010011,
0101010011010000,
0101010100001100,
0101010101001000,
0101010110000100,
0101010110111111,
0101010111111001,
0101011000110011,
0101011001101101,
0101011010100110,
0101011011011110,
0101011100010110,
0101011101001101,
0101011110000100,
0101011110111010,
0101011111110000,
0101100000100101,
0101100001011001,
0101100010001101,
0101100011000001,
0101100011110100,
0101100100100110,
0101100101011000,
0101100110001001,
0101100110111010,
0101100111101010,
0101101000011010,
0101101001001001,
0101101001110111,
0101101010100101,
0101101011010010,
0101101011111111,
0101101100101100,
0101101101010111,
0101101110000010,
0101101110101101,
0101101111010111,
0101110000000000,
0101110000101001,
0101110001010010,
0101110001111001,
0101110010100000,
0101110011000111,
0101110011101101,
0101110100010010,
0101110100110111,
0101110101011100,
0101110101111111,
0101110110100010,
0101110111000101,
0101110111100111,
0101111000001000,
0101111000101001,
0101111001001010,
0101111001101001,
0101111010001000,
0101111010100111,
0101111011000101,
0101111011100010,
0101111011111111,
0101111100011011,
0101111100110110,
0101111101010001,
0101111101101100,
0101111110000110,
0101111110011111,
0101111110111000,
0101111111010000,
0101111111100111,
0101111111111110,
0110000000010100,
0110000000101010,
0110000000111111,
0110000001010011,
0110000001100111,
0110000001111011,
0110000010001101,
0110000010011111,
0110000010110001,
0110000011000010,
0110000011010010,
0110000011100010,
0110000011110001,
0110000011111111,
0110000100001101,
0110000100011011,
0110000100100111,
0110000100110100,
0110000100111111,
0110000101001010,
0110000101010100,
0110000101011110,
0110000101100111,
0110000101110000,
0110000101111000,
0110000101111111,
0110000110000110,
0110000110001100,
0110000110010001,
0110000110010110,
0110000110011011,
0110000110011110,
0110000110100001,
0110000110100100,
0110000110100110,
0110000110100111,
0110000110101000,
0110000110101000,
0110000110100111,
0110000110100110,
0110000110100101,
0110000110100010,
0110000110011111,
0110000110011100,
0110000110011000,
0110000110010011,
0110000110001110,
0110000110001000,
0110000110000001,
0110000101111010,
0110000101110010,
0110000101101010,
0110000101100001,
0110000101011000,
0110000101001110,
0110000101000011,
0110000100111000,
0110000100101100,
0110000100011111,
0110000100010010,
0110000100000100,
0110000011110110,
0110000011100111,
0110000011010111,
0110000011000111,
0110000010110111,
0110000010100101,
0110000010010011,
0110000010000001,
0110000001101110,
0110000001011010,
0110000001000110,
0110000000110001,
0110000000011011,
0110000000000101,
0101111111101111,
0101111111010111,
0101111111000000,
0101111110100111,
0101111110001110,
0101111101110101,
0101111101011010,
0101111101000000,
0101111100100100,
0101111100001000,
0101111011101100,
0101111011001111,
0101111010110001,
0101111010010011,
0101111001110100,
0101111001010100,
0101111000110100,
0101111000010011,
0101110111110010,
0101110111010000,
0101110110101110,
0101110110001011,
0101110101101000,
0101110101000011,
0101110100011111,
0101110011111010,
0101110011010100,
0101110010101101,
0101110010000110,
0101110001011111,
0101110000110111,
0101110000001110,
0101101111100101,
0101101110111011,
0101101110010001,
0101101101100110,
0101101100111010,
0101101100001110,
0101101011100001,
0101101010110100,
0101101010000110,
0101101001011000,
0101101000101001,
0101100111111010,
0101100111001010,
0101100110011001,
0101100101101000,
0101100100110111,
0101100100000100,
0101100011010010,
0101100010011110,
0101100001101011,
0101100000110110,
0101100000000001,
0101011111001100,
0101011110010110,
0101011101011111,
0101011100101000,
0101011011110001,
0101011010111000,
0101011010000000,
0101011001000110,
0101011000001101,
0101010111010010,
0101010110011000,
0101010101011100,
0101010100100000,
0101010011100100,
0101010010100111,
0101010001101010,
0101010000101100,
0101001111101101,
0101001110101110,
0101001101101111,
0101001100101111,
0101001011101110,
0101001010101101,
0101001001101011,
0101001000101001,
0101000111100111,
0101000110100100,
0101000101100000,
0101000100011100,
0101000011010111,
0101000010010010,
0101000001001101,
0101000000000111,
0100111111000000,
0100111101111001,
0100111100110001,
0100111011101001,
0100111010100001,
0100111001011000,
0100111000001110,
0100110111000100,
0100110101111010,
0100110100101111,
0100110011100011,
0100110010011000,
0100110001001011,
0100101111111110,
0100101110110001,
0100101101100011,
0100101100010101,
0100101011000110,
0100101001110111,
0100101000101000,
0100100111010111,
0100100110000111,
0100100100110110,
0100100011100101,
0100100010010011,
0100100001000000,
0100011111101101,
0100011110011010,
0100011101000111,
0100011011110010,
0100011010011110,
0100011001001001,
0100010111110100,
0100010110011110,
0100010101000111,
0100010011110001,
0100010010011010,
0100010001000010,
0100001111101010,
0100001110010010,
0100001100111001,
0100001011100000,
0100001010000110,
0100001000101100,
0100000111010010,
0100000101110111,
0100000100011011,
0100000011000000,
0100000001100100,
0100000000000111,
0011111110101010,
0011111101001101,
0011111011101111,
0011111010010001,
0011111000110011,
0011110111010100,
0011110101110101,
0011110100010101,
0011110010110110,
0011110001010101,
0011101111110101,
0011101110010011,
0011101100110010,
0011101011010000,
0011101001101110,
0011101000001100,
0011100110101001,
0011100101000110,
0011100011100010,
0011100001111110,
0011100000011010,
0011011110110101,
0011011101010000,
0011011011101011,
0011011010000101,
0011011000011111,
0011010110111001,
0011010101010010,
0011010011101011,
0011010010000100,
0011010000011100,
0011001110110100,
0011001101001100,
0011001011100100,
0011001001111011,
0011001000010001,
0011000110101000,
0011000100111110,
0011000011010100,
0011000001101010,
0010111111111111,
0010111110010100,
0010111100101001,
0010111010111101,
0010111001010001,
0010110111100101,
0010110101111000,
0010110100001100,
0010110010011111,
0010110000110001,
0010101111000100,
0010101101010110,
0010101011101000,
0010101001111001,
0010101000001011,
0010100110011100,
0010100100101101,
0010100010111101,
0010100001001110,
0010011111011110,
0010011101101110,
0010011011111101,
0010011010001101,
0010011000011100,
0010010110101011,
0010010100111001,
0010010011001000,
0010010001010110,
0010001111100100,
0010001101110010,
0010001011111111,
0010001010001101,
0010001000011010,
0010000110100111,
0010000100110011,
0010000011000000,
0010000001001100,
0001111111011000,
0001111101100100,
0001111011110000,
0001111001111011,
0001111000000111,
0001110110010010,
0001110100011101,
0001110010100111,
0001110000110010,
0001101110111100,
0001101101000111,
0001101011010001,
0001101001011011,
0001100111100100,
0001100101101110,
0001100011110111,
0001100010000001,
0001100000001010,
0001011110010011,
0001011100011100,
0001011010100100,
0001011000101101,
0001010110110101,
0001010100111110,
0001010011000110,
0001010001001110,
0001001111010110,
0001001101011101,
0001001011100101,
0001001001101101,
0001000111110100,
0001000101111011,
0001000100000011,
0001000010001010,
0001000000010001,
0000111110011000,
0000111100011110,
0000111010100101,
0000111000101100,
0000110110110010,
0000110100111001,
0000110010111111,
0000110001000101,
0000101111001100,
0000101101010010,
0000101011011000,
0000101001011110,
0000100111100100,
0000100101101010,
0000100011110000,
0000100001110101,
0000011111111011,
0000011110000001,
0000011100000110,
0000011010001100,
0000011000010001,
0000010110010111,
0000010100011100,
0000010010100010,
0000010000100111,
0000001110101101,
0000001100110010,
0000001010110111,
0000001000111101,
0000000111000010,
0000000101000111,
0000000011001101,
0000000001010010,
1111111111010111,
1111111101011100,
1111111011100010,
1111111001100111,
1111110111101100,
1111110101110010,
1111110011110111,
1111110001111100,
1111110000000010,
1111101110000111,
1111101100001100,
1111101010010010,
1111101000010111,
1111100110011101,
1111100100100010,
1111100010101000,
1111100000101110,
1111011110110011,
1111011100111001,
1111011010111111,
1111011001000101,
1111010111001011,
1111010101010001,
1111010011010111,
1111010001011101,
1111001111100011,
1111001101101001,
1111001011110000,
1111001001110110,
1111000111111101,
1111000110000011,
1111000100001010,
1111000010010001,
1111000000011000,
1110111110011111,
1110111100100110,
1110111010101101,
1110111000110100,
1110110110111100,
1110110101000011,
1110110011001011,
1110110001010010,
1110101111011010,
1110101101100010,
1110101011101010,
1110101001110011,
1110100111111011,
1110100110000011,
1110100100001100,
1110100010010101,
1110100000011110,
1110011110100111,
1110011100110000,
1110011010111010,
1110011001000011,
1110010111001101,
1110010101010111,
1110010011100001,
1110010001101011,
1110001111110101,
1110001110000000,
1110001100001010,
1110001010010101,
1110001000100000,
1110000110101100,
1110000100110111,
1110000011000011,
1110000001001111,
1101111111011011,
1101111101100111,
1101111011110011,
1101111010000000,
1101111000001101,
1101110110011010,
1101110100100111,
1101110010110100,
1101110001000010,
1101101111010000,
1101101101011110,
1101101011101101,
1101101001111011,
1101101000001010,
1101100110011001,
1101100100101000,
1101100010111000,
1101100001001000,
1101011111011000,
1101011101101000,
1101011011111000,
1101011010001001,
1101011000011010,
1101010110101011,
1101010100111101,
1101010011001111,
1101010001100001,
1101001111110011,
1101001110000110,
1101001100011001,
1101001010101100,
1101001000111111,
1101000111010011,
1101000101100111,
1101000011111011,
1101000010010000,
1101000000100101,
1100111110111010,
1100111101001111,
1100111011100101,
1100111001111011,
1100111000010010,
1100110110101000,
1100110100111111,
1100110011010111,
1100110001101110,
1100110000000110,
1100101110011111,
1100101100110111,
1100101011010000,
1100101001101001,
1100101000000011,
1100100110011101,
1100100100110111,
1100100011010010,
1100100001101100,
1100100000001000,
1100011110100011,
1100011100111111,
1100011011011100,
1100011001111000,
1100011000010101,
1100010110110011,
1100010101010000,
1100010011101111,
1100010010001101,
1100010000101100,
1100001111001011,
1100001101101011,
1100001100001010,
1100001010101011,
1100001001001011,
1100000111101101,
1100000110001110,
1100000100110000,
1100000011010010,
1100000001110101,
1100000000011000,
1011111110111011,
1011111101011111,
1011111100000011,
1011111010101000,
1011111001001101,
1011110111110010,
1011110110011000,
1011110100111110,
1011110011100101,
1011110010001100,
1011110000110011,
1011101111011011,
1011101110000100,
1011101100101100,
1011101011010101,
1011101001111111,
1011101000101001,
1011100111010011,
1011100101111110,
1011100100101010,
1011100011010101,
1011100010000010,
1011100000101110,
1011011111011011,
1011011110001001,
1011011100110111,
1011011011100101,
1011011010010100,
1011011001000011,
1011010111110011,
1011010110100011,
1011010101010100,
1011010100000101,
1011010010110111,
1011010001101001,
1011010000011011,
1011001111001110,
1011001110000010,
1011001100110110,
1011001011101010,
1011001010011111,
1011001001010100,
1011001000001010,
1011000111000001,
1011000101110111,
1011000100101111,
1011000011100111,
1011000010011111,
1011000001011000,
1011000000010001,
1010111111001011,
1010111110000101,
1010111101000000,
1010111011111011,
1010111010110111,
1010111001110011,
1010111000110000,
1010110111101101,
1010110110101011,
1010110101101001,
1010110100101000,
1010110011100111,
1010110010100111,
1010110001100111,
1010110000101000,
1010101111101001,
1010101110101011,
1010101101101101,
1010101100110000,
1010101011110100,
1010101010111000,
1010101001111100,
1010101001000001,
1010101000000111,
1010100111001101,
1010100110010011,
1010100101011010,
1010100100100010,
1010100011101010,
1010100010110011,
1010100001111100,
1010100001000110,
1010100000010000,
1010011111011011,
1010011110100111,
1010011101110011,
1010011100111111,
1010011100001100,
1010011011011010,
1010011010101000,
1010011001110111,
1010011001000110,
1010011000010110,
1010010111100110,
1010010110110111,
1010010110001001,
1010010101011011,
1010010100101110,
1010010100000001,
1010010011010100,
1010010010101001,
1010010001111110,
1010010001010011,
1010010000101001,
1010010000000000,
1010001111010111,
1010001110101110,
1010001110000111,
1010001101100000,
1010001100111001,
1010001100010011,
1010001011101110,
1010001011001001,
1010001010100100,
1010001010000001,
1010001001011110,
1010001000111011,
1010001000011001,
1010000111111000,
1010000111010111,
1010000110110110,
1010000110010111,
1010000101111000,
1010000101011001,
1010000100111011,
1010000100011110,
1010000100000001,
1010000011100101,
1010000011001010,
1010000010101111,
1010000010010100,
1010000001111010,
1010000001100001,
1010000001001000,
1010000000110000,
1010000000011001,
1010000000000010,
1001111111101100,
1001111111010110,
1001111111000001,
1001111110101101,
1001111110011001,
1001111110000101,
1001111101110011,
1001111101100001,
1001111101001111,
1001111100111110,
1001111100101110,
1001111100011110,
1001111100001111,
1001111100000001,
1001111011110011,
1001111011100101,
1001111011011001,
1001111011001100,
1001111011000001,
1001111010110110,
1001111010101100,
1001111010100010,
1001111010011001,
1001111010010000,
1001111010001000,
1001111010000001,
1001111001111010,
1001111001110100,
1001111001101111,
1001111001101010,
1001111001100101,
1001111001100010,
1001111001011111,
1001111001011100,
1001111001011010,
1001111001011001,
1001111001011000,
1001111001011000,
1001111001011001,
1001111001011010,
1001111001011011,
1001111001011110,
1001111001100001,
1001111001100100,
1001111001101000,
1001111001101101,
1001111001110010,
1001111001111000,
1001111001111111,
1001111010000110,
1001111010001110,
1001111010010110,
1001111010011111,
1001111010101000,
1001111010110010,
1001111010111101,
1001111011001000,
1001111011010100,
1001111011100001,
1001111011101110,
1001111011111100,
1001111100001010,
1001111100011001,
1001111100101001,
1001111100111001,
1001111101001001,
1001111101011011,
1001111101101101,
1001111101111111,
1001111110010010,
1001111110100110,
1001111110111010,
1001111111001111,
1001111111100101,
1001111111111011,
1010000000010001,
1010000000101001,
1010000001000000,
1010000001011001,
1010000001110010,
1010000010001011,
1010000010100110,
1010000011000000,
1010000011011100,
1010000011111000,
1010000100010100,
1010000100110001,
1010000101001111,
1010000101101101,
1010000110001100,
1010000110101100,
1010000111001100,
1010000111101101,
1010001000001110,
1010001000110000,
1010001001010010,
1010001001110101,
1010001010011000,
1010001010111101,
1010001011100001,
1010001100000110,
1010001100101100,
1010001101010011,
1010001101111010,
1010001110100001,
1010001111001001,
1010001111110010,
1010010000011011,
1010010001000101,
1010010001101111,
1010010010011010,
1010010011000110,
1010010011110010,
1010010100011111,
1010010101001100,
1010010101111010,
1010010110101000,
1010010111010111,
1010011000000110,
1010011000110110,
1010011001100111,
1010011010011000,
1010011011001001,
1010011011111100,
1010011100101110,
1010011101100010,
1010011110010101,
1010011111001010,
1010011111111111,
1010100000110100,
1010100001101010,
1010100010100001,
1010100011011000,
1010100100001111,
1010100101001000,
1010100110000000,
1010100110111010,
1010100111110011,
1010101000101110,
1010101001101000,
1010101010100100,
1010101011100000,
1010101100011100,
1010101101011001,
1010101110010110,
1010101111010100,
1010110000010011,
1010110001010010,
1010110010010001,
1010110011010001,
1010110100010010,
1010110101010011,
1010110110010101,
1010110111010111,
1010111000011001,
1010111001011100,
1010111010100000,
1010111011100100,
1010111100101001,
1010111101101110,
1010111110110011,
1010111111111001,
1011000001000000,
1011000010000111,
1011000011001111,
1011000100010111,
1011000101011111,
1011000110101000,
1011000111110010,
1011001000111100,
1011001010000110,
1011001011010001,
1011001100011101,
1011001101101000,
1011001110110101,
1011010000000010,
1011010001001111,
1011010010011101,
1011010011101011,
1011010100111010,
1011010110001001,
1011010111011000,
1011011000101001,
1011011001111001,
1011011011001010,
1011011100011011,
1011011101101101,
1011011111000000,
1011100000010011,
1011100001100110,
1011100010111001,
1011100100001110,
1011100101100010,
1011100110110111,
1011101000001100,
1011101001100010,
1011101010111001,
1011101100001111,
1011101101100110,
1011101110111110,
1011110000010110,
1011110001101110,
1011110011000111,
1011110100100000,
1011110101111010,
1011110111010100,
1011111000101110,
1011111010001001,
1011111011100101,
1011111101000000,
1011111110011100,
1011111111111001,
1100000001010110,
1100000010110011,
1100000100010001,
1100000101101111,
1100000111001101,
1100001000101100,
1100001010001011,
1100001011101011,
1100001101001010,
1100001110101011,
1100010000001011,
1100010001101101,
1100010011001110,
1100010100110000,
1100010110010010,
1100010111110100,
1100011001010111,
1100011010111010,
1100011100011110,
1100011110000010,
1100011111100110,
1100100001001011,
1100100010110000,
1100100100010101,
1100100101111011,
1100100111100001,
1100101001000111,
1100101010101110,
1100101100010101,
1100101101111100,
1100101111100100,
1100110001001100,
1100110010110100,
1100110100011100,
1100110110000101,
1100110111101111,
1100111001011000,
1100111011000010,
1100111100101100,
1100111110010110,
1101000000000001,
1101000001101100,
1101000011010111,
1101000101000011,
1101000110101111,
1101001000011011,
1101001010001000,
1101001011110100,
1101001101100001,
1101001111001111,
1101010000111100,
1101010010101010,
1101010100011000,
1101010110000111,
1101010111110101,
1101011001100100,
1101011011010011,
1101011101000011,
1101011110110010,
1101100000100010,
1101100010010010,
1101100100000011,
1101100101110011,
1101100111100100,
1101101001010101,
1101101011000111,
1101101100111000,
1101101110101010,
1101110000011100,
1101110010001110,
1101110100000001,
1101110101110011,
1101110111100110,
1101111001011001,
1101111011001101,
1101111101000000,
1101111110110100,
1110000000101000,
1110000010011100,
1110000100010000,
1110000110000101,
1110000111111001,
1110001001101110,
1110001011100011,
1110001101011001,
1110001111001110,
1110010001000100,
1110010010111001,
1110010100101111,
1110010110100101,
1110011000011100,
1110011010010010,
1110011100001001,
1110011101111111,
1110011111110110,
1110100001101101,
1110100011100100,
1110100101011100,
1110100111010011,
1110101001001011,
1110101011000010,
1110101100111010,
1110101110110010,
1110110000101010,
1110110010100011,
1110110100011011,
1110110110010011,
1110111000001100,
1110111010000101,
1110111011111101,
1110111101110110,
1110111111101111,
1111000001101000,
1111000011100010,
1111000101011011,
1111000111010100,
1111001001001110,
1111001011000111,
1111001101000001,
1111001110111011,
1111010000110100,
1111010010101110,
1111010100101000,
1111010110100010,
1111011000011100,
1111011010010110,
1111011100010000,
1111011110001011,
1111100000000101,
1111100001111111,
1111100011111010,
1111100101110100,
1111100111101111,
1111101001101001,
1111101011100100,
1111101101011110,
1111101111011001,
1111110001010011,
1111110011001110,
1111110101001001,
1111110111000011,
1111111000111110,
1111111010111001,
1111111100110011,
1111111110101110,
0000000000101001,
0000000010100100,
0000000100011110,
0000000110011001,
0000001000010100,
0000001010001110,
0000001100001001,
0000001110000100,
0000001111111110,
0000010001111001,
0000010011110100,
0000010101101110,
0000010111101001,
0000011001100011,
0000011011011110,
0000011101011000,
0000011111010010,
0000100001001101,
0000100011000111,
0000100101000001,
0000100110111011,
0000101000110101,
0000101010101111,
0000101100101001,
0000101110100011,
0000110000011101,
0000110010010111,
0000110100010000,
0000110110001010,
0000111000000011,
0000111001111101,
0000111011110110,
0000111101101111,
0000111111101000,
0001000001100001,
0001000011011010,
0001000101010011,
0001000111001100,
0001001001000100,
0001001010111101,
0001001100110101,
0001001110101110,
0001010000100110,
0001010010011110,
0001010100010110,
0001010110001101,
0001011000000101,
0001011001111101,
0001011011110100,
0001011101101011,
0001011111100010,
0001100001011001,
0001100011010000,
0001100101000110,
0001100110111101,
0001101000110011,
0001101010101001,
0001101100011111,
0001101110010101,
0001110000001011,
0001110010000000,
0001110011110110,
0001110101101011,
0001110111100000,
0001111001010100,
0001111011001001,
0001111100111101,
0001111110110001,
0010000000100101,
0010000010011001,
0010000100001101,
0010000110000000,
0010000111110011,
0010001001100110,
0010001011011001,
0010001101001100,
0010001110111110,
0010010000110000,
0010010010100010,
0010010100010011,
0010010110000101,
0010010111110110,
0010011001100111,
0010011011011000,
0010011101001000,
0010011110111000,
0010100000101000,
0010100010011000,
0010100100001000,
0010100101110111,
0010100111100110,
0010101001010101,
0010101011000011,
0010101100110001,
0010101110011111,
0010110000001101,
0010110001111010,
0010110011100111,
0010110101010100,
0010110111000001,
0010111000101101,
0010111010011001,
0010111100000101,
0010111101110000,
0010111111011011,
0011000001000110,
0011000010110001,
0011000100011011,
0011000110000101,
0011000111101110,
0011001001011000,
0011001011000001,
0011001100101001,
0011001110010010,
0011001111111010,
0011010001100001,
0011010011001001,
0011010100110000,
0011010110010111,
0011010111111101,
0011011001100011,
0011011011001001,
0011011100101110,
0011011110010100,
0011011111111000,
0011100001011101,
0011100011000001,
0011100100100100,
0011100110001000,
0011100111101011,
0011101001001101,
0011101010110000,
0011101100010001,
0011101101110011,
0011101111010100,
0011110000110101,
0011110010010101,
0011110011110110,
0011110101010101,
0011110110110101,
0011111000010011,
0011111001110010,
0011111011010000,
0011111100101110,
0011111110001011,
0011111111101000,
0100000001000101,
0100000010100001,
0100000011111101,
0100000101011000,
0100000110110011,
0100001000001110,
0100001001101000,
0100001011000010,
0100001100011011,
0100001101110100,
0100001111001101,
0100010000100101,
0100010001111100,
0100010011010100,
0100010100101011,
0100010110000001,
0100010111010111,
0100011000101101,
0100011010000010,
0100011011010110,
0100011100101011,
0100011101111110,
0100011111010010,
0100100000100101,
0100100001110111,
0100100011001001,
0100100100011011,
0100100101101100,
0100100110111101,
0100101000001101,
0100101001011101,
0100101010101100,
0100101011111011,
0100101101001001,
0100101110010111,
0100101111100101,
0100110000110010,
0100110001111110,
0100110011001010,
0100110100010110,
0100110101100001,
0100110110101100,
0100110111110110,
0100111000111111,
0100111010001001,
0100111011010001,
0100111100011001,
0100111101100001,
0100111110101000,
0100111111101111,
0101000000110101,
0101000001111011,
0101000011000000,
0101000100000101,
0101000101001001,
0101000110001101,
0101000111010000,
0101001000010011,
0101001001010101,
0101001010010111,
0101001011011000,
0101001100011001,
0101001101011001,
0101001110011001,
0101001111011000,
0101010000010111,
0101010001010101,
0101010010010011,
0101010011010000,
0101010100001100,
0101010101001000,
0101010110000100,
0101010110111111,
0101010111111001,
0101011000110011,
0101011001101101,
0101011010100110,
0101011011011110,
0101011100010110,
0101011101001101,
0101011110000100,
0101011110111010,
0101011111110000,
0101100000100101,
0101100001011001,
0101100010001101,
0101100011000001,
0101100011110100,
0101100100100110,
0101100101011000,
0101100110001001,
0101100110111010,
0101100111101010,
0101101000011010,
0101101001001001,
0101101001110111,
0101101010100101,
0101101011010010,
0101101011111111,
0101101100101100,
0101101101010111,
0101101110000010,
0101101110101101,
0101101111010111,
0101110000000000,
0101110000101001,
0101110001010010,
0101110001111001,
0101110010100000,
0101110011000111,
0101110011101101,
0101110100010010,
0101110100110111,
0101110101011100,
0101110101111111,
0101110110100010,
0101110111000101,
0101110111100111,
0101111000001000,
0101111000101001,
0101111001001010,
0101111001101001,
0101111010001000,
0101111010100111,
0101111011000101,
0101111011100010,
0101111011111111,
0101111100011011,
0101111100110110,
0101111101010001,
0101111101101100,
0101111110000110,
0101111110011111,
0101111110111000,
0101111111010000,
0101111111100111,
0101111111111110,
0110000000010100,
0110000000101010,
0110000000111111,
0110000001010011,
0110000001100111,
0110000001111011,
0110000010001101,
0110000010011111,
0110000010110001,
0110000011000010,
0110000011010010,
0110000011100010,
0110000011110001,
0110000011111111,
0110000100001101,
0110000100011011,
0110000100100111,
0110000100110100,
0110000100111111,
0110000101001010,
0110000101010100,
0110000101011110,
0110000101100111,
0110000101110000,
0110000101111000,
0110000101111111,
0110000110000110,
0110000110001100,
0110000110010001,
0110000110010110,
0110000110011011,
0110000110011110,
0110000110100001,
0110000110100100,
0110000110100110,
0110000110100111,
0110000110101000,
0110000110101000,
0110000110100111,
0110000110100110,
0110000110100101,
0110000110100010,
0110000110011111,
0110000110011100,
0110000110011000,
0110000110010011,
0110000110001110,
0110000110001000,
0110000110000001,
0110000101111010,
0110000101110010,
0110000101101010,
0110000101100001,
0110000101011000,
0110000101001110,
0110000101000011,
0110000100111000,
0110000100101100,
0110000100011111,
0110000100010010,
0110000100000100,
0110000011110110,
0110000011100111,
0110000011010111,
0110000011000111,
0110000010110111,
0110000010100101,
0110000010010011,
0110000010000001,
0110000001101110,
0110000001011010,
0110000001000110,
0110000000110001,
0110000000011011,
0110000000000101,
0101111111101111,
0101111111010111,
0101111111000000,
0101111110100111,
0101111110001110,
0101111101110101,
0101111101011010,
0101111101000000,
0101111100100100,
0101111100001000,
0101111011101100,
0101111011001111,
0101111010110001,
0101111010010011,
0101111001110100,
0101111001010100,
0101111000110100,
0101111000010011,
0101110111110010,
0101110111010000,
0101110110101110,
0101110110001011,
0101110101101000,
0101110101000011,
0101110100011111,
0101110011111010,
0101110011010100,
0101110010101101,
0101110010000110,
0101110001011111,
0101110000110111,
0101110000001110,
0101101111100101,
0101101110111011,
0101101110010001,
0101101101100110,
0101101100111010,
0101101100001110,
0101101011100001,
0101101010110100,
0101101010000110,
0101101001011000,
0101101000101001,
0101100111111010,
0101100111001010,
0101100110011001,
0101100101101000,
0101100100110111,
0101100100000100,
0101100011010010,
0101100010011110,
0101100001101011,
0101100000110110,
0101100000000001,
0101011111001100,
0101011110010110,
0101011101011111,
0101011100101000,
0101011011110001,
0101011010111000,
0101011010000000,
0101011001000110,
0101011000001101,
0101010111010010,
0101010110011000,
0101010101011100,
0101010100100000,
0101010011100100,
0101010010100111,
0101010001101010,
0101010000101100,
0101001111101101,
0101001110101110,
0101001101101111,
0101001100101111,
0101001011101110,
0101001010101101,
0101001001101011,
0101001000101001,
0101000111100111,
0101000110100100,
0101000101100000,
0101000100011100,
0101000011010111,
0101000010010010,
0101000001001101,
0101000000000111,
0100111111000000,
0100111101111001,
0100111100110001,
0100111011101001,
0100111010100001,
0100111001011000,
0100111000001110,
0100110111000100,
0100110101111010,
0100110100101111,
0100110011100011,
0100110010011000,
0100110001001011,
0100101111111110,
0100101110110001,
0100101101100011,
0100101100010101,
0100101011000110,
0100101001110111,
0100101000101000,
0100100111010111,
0100100110000111,
0100100100110110,
0100100011100101,
0100100010010011,
0100100001000000,
0100011111101101,
0100011110011010,
0100011101000111,
0100011011110010,
0100011010011110,
0100011001001001,
0100010111110100,
0100010110011110,
0100010101000111,
0100010011110001,
0100010010011010,
0100010001000010,
0100001111101010,
0100001110010010,
0100001100111001,
0100001011100000,
0100001010000110,
0100001000101100,
0100000111010010,
0100000101110111,
0100000100011011,
0100000011000000,
0100000001100100,
0100000000000111,
0011111110101010,
0011111101001101,
0011111011101111,
0011111010010001,
0011111000110011,
0011110111010100,
0011110101110101,
0011110100010101,
0011110010110110,
0011110001010101,
0011101111110101,
0011101110010011,
0011101100110010,
0011101011010000,
0011101001101110,
0011101000001100,
0011100110101001,
0011100101000110,
0011100011100010,
0011100001111110,
0011100000011010,
0011011110110101,
0011011101010000,
0011011011101011,
0011011010000101,
0011011000011111,
0011010110111001,
0011010101010010,
0011010011101011,
0011010010000100,
0011010000011100,
0011001110110100,
0011001101001100,
0011001011100100,
0011001001111011,
0011001000010001,
0011000110101000,
0011000100111110,
0011000011010100,
0011000001101010,
0010111111111111,
0010111110010100,
0010111100101001,
0010111010111101,
0010111001010001,
0010110111100101,
0010110101111000,
0010110100001100,
0010110010011111,
0010110000110001,
0010101111000100,
0010101101010110,
0010101011101000,
0010101001111001,
0010101000001011,
0010100110011100,
0010100100101101,
0010100010111101,
0010100001001110,
0010011111011110,
0010011101101110,
0010011011111101,
0010011010001101,
0010011000011100,
0010010110101011,
0010010100111001,
0010010011001000,
0010010001010110,
0010001111100100,
0010001101110010,
0010001011111111,
0010001010001101,
0010001000011010,
0010000110100111,
0010000100110011,
0010000011000000,
0010000001001100,
0001111111011000,
0001111101100100,
0001111011110000,
0001111001111011,
0001111000000111,
0001110110010010,
0001110100011101,
0001110010100111,
0001110000110010,
0001101110111100,
0001101101000111,
0001101011010001,
0001101001011011,
0001100111100100,
0001100101101110,
0001100011110111,
0001100010000001,
0001100000001010,
0001011110010011,
0001011100011100,
0001011010100100,
0001011000101101,
0001010110110101,
0001010100111110,
0001010011000110,
0001010001001110,
0001001111010110,
0001001101011101,
0001001011100101,
0001001001101101,
0001000111110100,
0001000101111011,
0001000100000011,
0001000010001010,
0001000000010001,
0000111110011000,
0000111100011110,
0000111010100101,
0000111000101100,
0000110110110010,
0000110100111001,
0000110010111111,
0000110001000101,
0000101111001100,
0000101101010010,
0000101011011000,
0000101001011110,
0000100111100100,
0000100101101010,
0000100011110000,
0000100001110101,
0000011111111011,
0000011110000001,
0000011100000110,
0000011010001100,
0000011000010001,
0000010110010111,
0000010100011100,
0000010010100010,
0000010000100111,
0000001110101101,
0000001100110010,
0000001010110111,
0000001000111101,
0000000111000010,
0000000101000111,
0000000011001101,
0000000001010010,
1111111111010111,
1111111101011100,
1111111011100010,
1111111001100111,
1111110111101100,
1111110101110010,
1111110011110111,
1111110001111100,
1111110000000010,
1111101110000111,
1111101100001100,
1111101010010010,
1111101000010111,
1111100110011101,
1111100100100010,
1111100010101000,
1111100000101110,
1111011110110011,
1111011100111001,
1111011010111111,
1111011001000101,
1111010111001011,
1111010101010001,
1111010011010111,
1111010001011101,
1111001111100011,
1111001101101001,
1111001011110000,
1111001001110110,
1111000111111101,
1111000110000011,
1111000100001010,
1111000010010001,
1111000000011000,
1110111110011111,
1110111100100110,
1110111010101101,
1110111000110100,
1110110110111100,
1110110101000011,
1110110011001011,
1110110001010010,
1110101111011010,
1110101101100010,
1110101011101010,
1110101001110011,
1110100111111011,
1110100110000011,
1110100100001100,
1110100010010101,
1110100000011110,
1110011110100111,
1110011100110000,
1110011010111010,
1110011001000011,
1110010111001101,
1110010101010111,
1110010011100001,
1110010001101011,
1110001111110101,
1110001110000000,
1110001100001010,
1110001010010101,
1110001000100000,
1110000110101100,
1110000100110111,
1110000011000011,
1110000001001111,
1101111111011011,
1101111101100111,
1101111011110011,
1101111010000000,
1101111000001101,
1101110110011010,
1101110100100111,
1101110010110100,
1101110001000010,
1101101111010000,
1101101101011110,
1101101011101101,
1101101001111011,
1101101000001010,
1101100110011001,
1101100100101000,
1101100010111000,
1101100001001000,
1101011111011000,
1101011101101000,
1101011011111000,
1101011010001001,
1101011000011010,
1101010110101011,
1101010100111101,
1101010011001111,
1101010001100001,
1101001111110011,
1101001110000110,
1101001100011001,
1101001010101100,
1101001000111111,
1101000111010011,
1101000101100111,
1101000011111011,
1101000010010000,
1101000000100101,
1100111110111010,
1100111101001111,
1100111011100101,
1100111001111011,
1100111000010010,
1100110110101000,
1100110100111111,
1100110011010111,
1100110001101110,
1100110000000110,
1100101110011111,
1100101100110111,
1100101011010000,
1100101001101001,
1100101000000011,
1100100110011101,
1100100100110111,
1100100011010010,
1100100001101100,
1100100000001000,
1100011110100011,
1100011100111111,
1100011011011100,
1100011001111000,
1100011000010101,
1100010110110011,
1100010101010000,
1100010011101111,
1100010010001101,
1100010000101100,
1100001111001011,
1100001101101011,
1100001100001010,
1100001010101011,
1100001001001011,
1100000111101101,
1100000110001110,
1100000100110000,
1100000011010010,
1100000001110101,
1100000000011000,
1011111110111011,
1011111101011111,
1011111100000011,
1011111010101000,
1011111001001101,
1011110111110010,
1011110110011000,
1011110100111110,
1011110011100101,
1011110010001100,
1011110000110011,
1011101111011011,
1011101110000100,
1011101100101100,
1011101011010101,
1011101001111111,
1011101000101001,
1011100111010011,
1011100101111110,
1011100100101010,
1011100011010101,
1011100010000010,
1011100000101110,
1011011111011011,
1011011110001001,
1011011100110111,
1011011011100101,
1011011010010100,
1011011001000011,
1011010111110011,
1011010110100011,
1011010101010100,
1011010100000101,
1011010010110111,
1011010001101001,
1011010000011011,
1011001111001110,
1011001110000010,
1011001100110110,
1011001011101010,
1011001010011111,
1011001001010100,
1011001000001010,
1011000111000001,
1011000101110111,
1011000100101111,
1011000011100111,
1011000010011111,
1011000001011000,
1011000000010001,
1010111111001011,
1010111110000101,
1010111101000000,
1010111011111011,
1010111010110111,
1010111001110011,
1010111000110000,
1010110111101101,
1010110110101011,
1010110101101001,
1010110100101000,
1010110011100111,
1010110010100111,
1010110001100111,
1010110000101000,
1010101111101001,
1010101110101011,
1100000100111010,
1100000110011001,
1100000111110111,
1100001001010110,
1100001010110101,
1100001100010101,
1100001101110101,
1100001111010110,
1100010000110111,
1100010010011000,
1100010011111001,
1100010101011011,
1100010110111110,
1100011000100000,
1100011010000011,
1100011011100111,
1100011101001010,
1100011110101111,
1100100000010011,
1100100001111000,
1100100011011101,
1100100101000010,
1100100110101000,
1100101000001110,
1100101001110101,
1100101011011011,
1100101101000011,
1100101110101010,
1100110000010010,
1100110001111010,
1100110011100010,
1100110101001011,
1100110110110100,
1100111000011101,
1100111010000111,
1100111011110001,
1100111101011011,
1100111111000110,
1101000000110001,
1101000010011100,
1101000100000111,
1101000101110011,
1101000111011111,
1101001001001011,
1101001010111000,
1101001100100101,
1101001110010010,
1101001111111111,
1101010001101101,
1101010011011011,
1101010101001001,
1101010110111000,
1101011000100110,
1101011010010101,
1101011100000101,
1101011101110100,
1101011111100100,
1101100001010100,
1101100011000100,
1101100100110101,
1101100110100110,
1101101000010111,
1101101010001000,
1101101011111001,
1101101101101011,
1101101111011101,
1101110001001111,
1101110011000001,
1101110100110100,
1101110110100111,
1101111000011001,
1101111010001101,
1101111100000000,
1101111101110100,
1101111111100111,
1110000001011011,
1110000011010000,
1110000101000100,
1110000110111001,
1110001000101101,
1110001010100010,
1110001100010111,
1110001110001101,
1110010000000010,
1110010001111000,
1110010011101110,
1110010101100100,
1110010111011010,
1110011001010000,
1110011011000111,
1110011100111101,
1110011110110100,
1110100000101011,
1110100010100010,
1110100100011001,
1110100110010001,
1110101000001000,
1110101010000000,
1110101011111000,
1110101101110000,
1110101111101000,
1110110001100000,
1110110011011000,
1110110101010000,
1110110111001001,
1110111001000010,
1110111010111010,
1110111100110011,
1110111110101100,
1111000000100101,
1111000010011110,
1111000100010111,
1111000110010001,
1111001000001010,
1111001010000100,
1111001011111101,
1111001101110111,
1111001111110001,
1111010001101010,
1111010011100100,
1111010101011110,
1111010111011000,
1111011001010010,
1111011011001101,
1111011101000111,
1111011111000001,
1111100000111011,
1111100010110110,
1111100100110000,
1111100110101011,
1111101000100101,
1111101010100000,
1111101100011010,
1111101110010101,
1111110000001111,
1111110010001010,
1111110100000101,
1111110101111111,
1111110111111010,
1111111001110101,
1111111011101111,
1111111101101010,
1111111111100101,
0000000001011111,
0000000011011010,
0000000101010101,
0000000111010000,
0000001001001010,
0000001011000101,
0000001101000000,
0000001110111010,
0000010000110101,
0000010010101111,
0000010100101010,
0000010110100101,
0000011000011111,
0000011010011001,
0000011100010100,
0000011110001110,
0000100000001001,
0000100010000011,
0000100011111101,
0000100101110111,
0000100111110001,
0000101001101011,
0000101011100101,
0000101101011111,
0000101111011001,
0000110001010011,
0000110011001101,
0000110101000110,
0000110111000000,
0000111000111001,
0000111010110011,
0000111100101100,
0000111110100101,
0001000000011110,
0001000010010111,
0001000100010000,
0001000110001001,
0001001000000010,
0001001001111010,
0001001011110011,
0001001101101011,
0001001111100011,
0001010001011011,
0001010011010011,
0001010101001011,
0001010111000011,
0001011000111010,
0001011010110010,
0001011100101001,
0001011110100000,
0001100000010111,
0001100010001110,
0001100100000101,
0001100101111011,
0001100111110010,
0001101001101000,
0001101011011110,
0001101101010100,
0001101111001001,
0001110000111111,
0001110010110100,
0001110100101010,
0001110110011111,
0001111000010011,
0001111010001000,
0001111011111101,
0001111101110001,
0001111111100101,
0010000001011001,
0010000011001101,
0010000101000000,
0010000110110011,
0010001000100110,
0010001010011001,
0010001100001100,
0010001101111110,
0010001111110001,
0010010001100011,
0010010011010100,
0010010101000110,
0010010110110111,
0010011000101000,
0010011010011001,
0010011100001010,
0010011101111010,
0010011111101010,
0010100001011010,
0010100011001010,
0010100100111001,
0010100110101000,
0010101000010111,
0010101010000110,
0010101011110100,
0010101101100010,
0010101111010000,
0010110000111101,
0010110010101011,
0010110100011000,
0010110110000100,
0010110111110001,
0010111001011101,
0010111011001001,
0010111100110100,
0010111110100000,
0011000000001011,
0011000001110101,
0011000011100000,
0011000101001010,
0011000110110100,
0011001000011101,
0011001010000110,
0011001011101111,
0011001101011000,
0011001111000000,
0011010000101000,
0011010010001111,
0011010011110111,
0011010101011110,
0011010111000100,
0011011000101011,
0011011010010001,
0011011011110110,
0011011101011011,
0011011111000000,
0011100000100101,
0011100010001001,
0011100011101101,
0011100101010001,
0011100110110100,
0011101000010111,
0011101001111001,
0011101011011011,
0011101100111101,
0011101110011110,
0011101111111111,
0011110001100000,
0011110011000000,
0011110100100000,
0011110110000000,
0011110111011111,
0011111000111101,
0011111010011100,
0011111011111010,
0011111101010111,
0011111110110101,
0100000000010001,
0100000001101110,
0100000011001010,
0100000100100110,
0100000110000001,
0100000111011100,
0100001000110110,
0100001010010000,
0100001011101010,
0100001101000011,
0100001110011100,
0100001111110100,
0100010001001100,
0100010010100011,
0100010011111010,
0100010101010001,
0100010110100111,
0100010111111101,
0100011001010010,
0100011010100111,
0100011011111100,
0100011101010000,
0100011110100100,
0100011111110111,
0100100001001001,
0100100010011100,
0100100011101110,
0100100100111111,
0100100110010000,
0100100111100000,
0100101000110000,
0100101010000000,
0100101011001111,
0100101100011110,
0100101101101100,
0100101110111010,
0100110000000111,
0100110001010100,
0100110010100000,
0100110011101100,
0100110100110111,
0100110110000010,
0100110111001101,
0100111000010110,
0100111001100000,
0100111010101001,
0100111011110001,
0100111100111001,
0100111110000001,
0100111111001000,
0101000000001110,
0101000001010100,
0101000010011010,
0101000011011111,
0101000100100100,
0101000101101000,
0101000110101011,
0101000111101110,
0101001000110001,
0101001001110011,
0101001010110100,
0101001011110101,
0101001100110110,
0101001101110110,
0101001110110101,
0101001111110100,
0101010000110011,
0101010001110000,
0101010010101110,
0101010011101011,
0101010100100111,
0101010101100011,
0101010110011110,
0101010111011001,
0101011000010011,
0101011001001101,
0101011010000110,
0101011010111111,
0101011011110111,
0101011100101110,
0101011101100101,
0101011110011100,
0101011111010010,
0101100000000111,
0101100000111100,
0101100001110000,
0101100010100100,
0101100011010111,
0101100100001010,
0101100100111100,
0101100101101110,
0101100110011111,
0101100111001111,
0101100111111111,
0101101000101111,
0101101001011101,
0101101010001100,
0101101010111001,
0101101011100110,
0101101100010011,
0101101100111111,
0101101101101010,
0101101110010101,
0101101111000000,
0101101111101001,
0101110000010011,
0101110000111011,
0101110001100011,
0101110010001011,
0101110010110010,
0101110011011000,
0101110011111110,
0101110100100011,
0101110101001000,
0101110101101100,
0101110110001111,
0101110110110010,
0101110111010100,
0101110111110110,
0101111000010111,
0101111000111000,
0101111001011000,
0101111001110111,
0101111010010110,
0101111010110100,
0101111011010010,
0101111011101111,
0101111100001011,
0101111100100111,
0101111101000011,
0101111101011101,
0101111101110111,
0101111110010001,
0101111110101010,
0101111111000010,
0101111111011010,
0101111111110001,
0110000000001000,
0110000000011110,
0110000000110011,
0110000001001000,
0110000001011100,
0110000001110000,
0110000010000011,
0110000010010101,
0110000010100111,
0110000010111000,
0110000011001001,
0110000011011001,
0110000011101001,
0110000011110111,
0110000100000110,
0110000100010011,
0110000100100000,
0110000100101101,
0110000100111001,
0110000101000100,
0110000101001111,
0110000101011001,
0110000101100010,
0110000101101011,
0110000101110011,
0110000101111011,
0110000110000010,
0110000110001001,
0110000110001110,
0110000110010100,
0110000110011000,
0110000110011100,
0110000110100000,
0110000110100011,
0110000110100101,
0110000110100111,
0110000110101000,
0110000110101000,
0110000110101000,
0110000110100111,
0110000110100110,
0110000110100100,
0110000110100001,
0110000110011110,
0110000110011010,
0110000110010110,
0110000110010001,
0110000110001011,
0110000110000101,
0110000101111110,
0110000101110111,
0110000101101111,
0110000101100110,
0110000101011101,
0110000101010011,
0110000101001001,
0110000100111110,
0110000100110010,
0110000100100110,
0110000100011001,
0110000100001100,
0110000011111110,
0110000011101111,
0110000011100000,
0110000011010000,
0110000011000000,
0110000010101111,
0110000010011101,
0110000010001011,
0110000001111000,
0110000001100101,
0110000001010001,
0110000000111101,
0110000000100111,
0110000000010010,
0101111111111011,
0101111111100100,
0101111111001101,
0101111110110101,
0101111110011100,
0101111110000011,
0101111101101001,
0101111101001111,
0101111100110011,
0101111100011000,
0101111011111100,
0101111011011111,
0101111011000001,
0101111010100011,
0101111010000101,
0101111001100110,
0101111001000110,
0101111000100110,
0101111000000101,
0101110111100011,
0101110111000001,
0101110110011111,
0101110101111011,
0101110101011000,
0101110100110011,
0101110100001110,
0101110011101001,
0101110011000011,
0101110010011100,
0101110001110101,
0101110001001101,
0101110000100101,
0101101111111100,
0101101111010010,
0101101110101000,
0101101101111110,
0101101101010010,
0101101100100111,
0101101011111010,
0101101011001101,
0101101010100000,
0101101001110010,
0101101001000011,
0101101000010100,
0101100111100101,
0101100110110100,
0101100110000100,
0101100101010010,
0101100100100000,
0101100011101110,
0101100010111011,
0101100010000111,
0101100001010011,
0101100000011111,
0101011111101010,
0101011110110100,
0101011101111110,
0101011101000111,
0101011100010000,
0101011011011000,
0101011010011111,
0101011001100110,
0101011000101101,
0101010111110011,
0101010110111000,
0101010101111101,
0101010101000010,
0101010100000110,
0101010011001001,
0101010010001100,
0101010001001110,
0101010000010000,
0101001111010001,
0101001110010010,
0101001101010010,
0101001100010010,
0101001011010001,
0101001010010000,
0101001001001110,
0101001000001100,
0101000111001001,
0101000110000110,
0101000101000010,
0101000011111110,
0101000010111001,
0101000001110011,
0101000000101110,
0100111111100111,
0100111110100001,
0100111101011001,
0100111100010001,
0100111011001001,
0100111010000000,
0100111000110111,
0100110111101101,
0100110110100011,
0100110101011001,
0100110100001101,
0100110011000010,
0100110001110110,
0100110000101001,
0100101111011100,
0100101110001111,
0100101101000001,
0100101011110010,
0100101010100011,
0100101001010100,
0100101000000100,
0100100110110100,
0100100101100011,
0100100100010010,
0100100011000000,
0100100001101110,
0100100000011100,
0100011111001001,
0100011101110101,
0100011100100001,
0100011011001101,
0100011001111000,
0100011000100011,
0100010111001101,
0100010101110111,
0100010100100001,
0100010011001010,
0100010001110011,
0100010000011011,
0100001111000011,
0100001101101010,
0100001100010001,
0100001010111000,
0100001001011110,
0100001000000100,
0100000110101001,
0100000101001110,
0100000011110011,
0100000010010111,
0100000000111011,
0011111111011110,
0011111110000001,
0011111100100100,
0011111011000110,
0011111001100111,
0011111000001001,
0011110110101010,
0011110101001011,
0011110011101011,
0011110010001011,
0011110000101010,
0011101111001001,
0011101101101000,
0011101100000111,
0011101010100101,
0011101001000010,
0011100111100000,
0011100101111101,
0011100100011001,
0011100010110110,
0011100001010001,
0011011111101101,
0011011110001000,
0011011100100011,
0011011010111110,
0011011001011000,
0011010111110010,
0011010110001011,
0011010100100101,
0011010010111101,
0011010001010110,
0011001111101110,
0011001110000110,
0011001100011110,
0011001010110101,
0011001001001100,
0011000111100011,
0011000101111001,
0011000100001111,
0011000010100101,
0011000000111010,
0010111111001111,
0010111101100100,
0010111011111001,
0010111010001101,
0010111000100001,
0010110110110101,
0010110101001000,
0010110011011011,
0010110001101110,
0010110000000001,
0010101110010011,
0010101100100101,
0010101010110111,
0010101001001000,
0010100111011010,
0010100101101011,
0010100011111011,
0010100010001100,
0010100000011100,
0010011110101100,
0010011100111100,
0010011011001011,
0010011001011010,
0010010111101001,
0010010101111000,
0010010100000111,
0010010010010101,
0010010000100011,
0010001110110001,
0010001100111111,
0010001011001100,
0010001001011001,
0010000111100111,
0010000101110011,
0010000100000000,
0010000010001100,
0010000000011001,
0001111110100101,
0001111100110000,
0001111010111100,
0001111001000111,
0001110111010011,
0001110101011110,
0001110011101001,
0001110001110011,
0001101111111110,
0001101110001000,
0001101100010010,
0001101010011100,
0001101000100110,
0001100110110000,
0001100100111001,
0001100011000011,
0001100001001100,
0001011111010101,
0001011101011110,
0001011011100111,
0001011001101111,
0001010111111000,
0001010110000000,
0001010100001000,
0001010010010000,
0001010000011000,
0001001110100000,
0001001100101000,
0001001010110000,
0001001000110111,
0001000110111110,
0001000101000110,
0001000011001101,
0001000001010100,
0000111111011011,
0000111101100010,
0000111011101001,
0000111001101111,
0000110111110110,
0000110101111100,
0000110100000011,
0000110010001001,
0000110000001111,
0000101110010110,
0000101100011100,
0000101010100010,
0000101000101000,
0000100110101110,
0000100100110011,
0000100010111001,
0000100000111111,
0000011111000101,
0000011101001010,
0000011011010000,
0000011001010101,
0000010111011011,
0000010101100000,
0000010011100110,
0000010001101011,
0000001111110001,
0000001101110110,
0000001011111011,
0000001010000001,
0000001000000110,
0000000110001011,
0000000100010001,
0000000010010110,
0000000000011011,
1111111110100001,
1111111100100110,
1111111010101011,
1111111000110000,
1111110110110110,
1111110100111011,
1111110011000000,
1111110001000110,
1111101111001011,
1111101101010001,
1111101011010110,
1111101001011011,
1111100111100001,
1111100101100111,
1111100011101100,
1111100001110010,
1111011111110111,
1111011101111101,
1111011100000011,
1111011010001001,
1111011000001111,
1111010110010101,
1111010100011011,
1111010010100001,
1111010000100111,
1111001110101101,
1111001100110011,
1111001010111010,
1111001001000000,
1111000111000111,
1111000101001101,
1111000011010100,
1111000001011011,
1110111111100010,
1110111101101001,
1110111011110000,
1110111001110111,
1110110111111110,
1110110110000110,
1110110100001101,
1110110010010101,
1110110000011101,
1110101110100101,
1110101100101101,
1110101010110101,
1110101000111101,
1110100111000110,
1110100101001110,
1110100011010111,
1110100001100000,
1110011111101001,
1110011101110010,
1110011011111011,
1110011010000101,
1110011000001110,
1110010110011000,
1110010100100010,
1110010010101100,
1110010000110111,
1110001111000001,
1110001101001100,
1110001011010110,
1110001001100001,
1110000111101101,
1110000101111000,
1110000100000011,
1110000010001111,
1110000000011011,
1101111110100111,
1101111100110011,
1101111011000000,
1101111001001101,
1101110111011010,
1101110101100111,
1101110011110100,
1101110010000010,
1101110000001111,
1101101110011101,
1101101100101100,
1101101010111010,
1101101001001001,
1101100111011000,
1101100101100111,
1101100011110110,
1101100010000110,
1101100000010110,
1101011110100110,
1101011100110110,
1101011011000111,
1101011001011000,
1101010111101001,
1101010101111010,
1101010100001100,
1101010010011110,
1101010000110000,
1101001111000011,
1101001101010101,
1101001011101000,
1101001001111100,
1101001000001111,
1101000110100011,
1101000100110111,
1101000011001100,
1101000001100000,
1100111111110101,
1100111110001011,
1100111100100000,
1100111010110110,
1100111001001100,
1100110111100011,
1100110101111010,
1100110100010001,
1100110010101000,
1100110001000000,
1100101111011000,
1100101101110001,
1100101100001001,
1100101010100010,
1100101000111100,
1100100111010101,
1100100101101111,
1100100100001010,
1100100010100101,
1100100001000000,
1100011111011011,
1100011101110111,
1100011100010011,
1100011010101111,
1100011001001100,
1100010111101001,
1100010110000111,
1100010100100101,
1100010011000011,
1100010001100010,
1100010000000001,
1100001110100000,
1100001101000000,
1100001011100000,
1100001010000000,
1100001000100001,
1100000111000011,
1100000101100100,
1100000100000110,
1100000010101001,
1100000001001011,
1011111111101111,
1011111110010010,
1011111100110110,
1011111011011010,
1011111001111111,
1011111000100100,
1011110111001010,
1011110101110000,
1011110100010110,
1011110010111101,
1011110001100100,
1011110000001100,
1011101110110100,
1011101101011101,
1011101100000110,
1011101010101111,
1011101001011001,
1011101000000011,
1011100110101110,
1011100101011001,
1011100100000100,
1011100010110000,
1011100001011100,
1011100000001001,
1011011110110111,
1011011101100100,
1011011100010010,
1011011011000001,
1011011001110000,
1011011000100000,
1011010111010000,
1011010110000000,
1011010100110001,
1011010011100010,
1011010010010100,
1011010001000110,
1011001111111001,
1011001110101100,
1011001101100000,
1011001100010100,
1011001011001001,
1011001001111110,
1011001000110011,
1011000111101010,
1011000110100000,
1011000101010111,
1011000100001111,
1011000011000111,
1011000001111111,
1011000000111000,
1010111111110010,
1010111110101100,
1010111101100110,
1010111100100001,
1010111011011100,
1010111010011000,
1010111001010101,
1010111000010010,
1010110111001111,
1010110110001101,
1010110101001100,
1010110100001011,
1010110011001010,
1010110010001010,
1010110001001011,
1010110000001100,
1010101111001101,
1010101110010000,
1010101101010010,
1010101100010101,
1010101011011001,
1010101010011101,
1010101001100010,
1010101000100111,
1010100111101101,
1010100110110011,
1010100101111010,
1010100101000001,
1010100100001001,
1010100011010010,
1010100010011011,
1010100001100100,
1010100000101110,
1010011111111001,
1010011111000100,
1010011110010000,
1010011101011100,
1010011100101001,
1010011011110110,
1010011011000100,
1010011010010010,
1010011001100001,
1010011000110001,
1010011000000001,
1010010111010001,
1010010110100011,
1010010101110100,
1010010101000111,
1010010100011010,
1010010011101101,
1010010011000001,
1010010010010110,
1010010001101011,
1010010001000000,
1010010000010111,
1010001111101101,
1010001111000101,
1010001110011101,
1010001101110101,
1010001101001110,
1010001100101000,
1010001100000010,
1010001011011101,
1010001010111000,
1010001010010100,
1010001001110001,
1010001001001110,
1010001000101100,
1010001000001010,
1010000111101001,
1010000111001000,
1010000110101000,
1010000110001001,
1010000101101010,
1010000101001100,
1010000100101110,
1010000100010001,
1010000011110101,
1010000011011001,
1010000010111101,
1010000010100011,
1010000010001001,
1010000001101111,
1010000001010110,
1010000000111110,
1010000000100110,
1010000000001111,
1001111111111000,
1001111111100010,
1001111111001101,
1001111110111000,
1001111110100100,
1001111110010000,
1001111101111101,
1001111101101011,
1001111101011001,
1001111101001000,
1001111100110111,
1001111100100111,
1001111100010111,
1001111100001001,
1001111011111010,
1001111011101101,
1001111011100000,
1001111011010011,
1001111011000111,
1001111010111100,
1001111010110001,
1001111010100111,
1001111010011110,
1001111010010101,
1001111010001101,
1001111010000101,
1001111001111110,
1001111001110111,
1001111001110010,
1001111001101100,
1001111001101000,
1001111001100100,
1001111001100000,
1001111001011101,
1001111001011011,
1001111001011001,
1001111001011000,
1001111001011000,
1001111001011000,
1001111001011001,
1001111001011010,
1001111001011100,
1001111001011111,
1001111001100010,
1001111001100110,
1001111001101010,
1001111001101111,
1001111001110101,
1001111001111011,
1001111010000010,
1001111010001001,
1001111010010001,
1001111010011010,
1001111010100011,
1001111010101101,
1001111010110111,
1001111011000010,
1001111011001110,
1001111011011010,
1001111011100111,
1001111011110100,
1001111100000010,
1001111100010001,
1001111100100000,
1001111100110000,
1001111101000000,
1001111101010001,
1001111101100011,
1001111101110101,
1001111110001000,
1001111110011011,
1001111110101111,
1001111111000011,
1001111111011001,
1001111111101110,
1010000000000101,
1010000000011100,
1010000000110011,
1010000001001011,
1010000001100100,
1010000001111101,
1010000010010111,
1010000010110001,
1010000011001101,
1010000011101000,
1010000100000100,
1010000100100001,
1010000100111111,
1010000101011101,
1010000101111011,
1010000110011010,
1010000110111010,
1010000111011010,
1010000111111011,
1010001000011101,
1010001000111111,
1010001001100001,
1010001010000101,
1010001010101000,
1010001011001101,
1010001011110010,
1010001100010111,
1010001100111101,
1010001101100100,
1010001110001011,
1010001110110011,
1010001111011011,
1010010000000100,
1010010000101110,
1010010001011000,
1010010010000010,
1010010010101110,
1010010011011001,
1010010100000110,
1010010100110011,
1010010101100000,
1010010110001110,
1010010110111101,
1010010111101100,
1010011000011011,
1010011001001100,
1010011001111100,
1010011010101110,
1010011011100000,
1010011100010010,
1010011101000101,
1010011101111001,
1010011110101101,
1010011111100001,
1010100000010110,
1010100001001100,
1010100010000010,
1010100010111001,
1010100011110000,
1010100100101000,
1010100101100001,
1010100110011010,
1010100111010011,
1010101000001101,
1010101001001000,
1010101010000011,
1010101010111110,
1010101011111010,
1010101100110111,
1010101101110100,
1010101110110010,
1010101111110000,
1010110000101111,
1010110001101110,
1010110010101110,
1010110011101110,
1010110100101111,
1010110101110000,
1010110110110010,
1010110111110100,
1010111000110111,
1010111001111010,
1010111010111110,
1010111100000010,
1010111101000111,
1010111110001101,
1010111111010010,
1011000000011001,
1011000001011111,
1011000010100111,
1011000011101111,
1011000100110111,
1011000110000000,
1011000111001001,
1011001000010011,
1011001001011101,
1011001010100111,
1011001011110011,
1011001100111110,
1011001110001010,
1011001111010111,
1011010000100100,
1011010001110001,
1011010010111111,
1011010100001110,
1011010101011101,
1011010110101100,
1011010111111100,
1011011001001100,
1011011010011101,
1011011011101110,
1011011101000000,
1011011110010010,
1011011111100100,
1011100000110111,
1011100010001011,
1011100011011111,
1011100100110011,
1011100110001000,
1011100111011101,
1011101000110011,
1011101010001001,
1011101011011111,
1011101100110110,
1011101110001101,
1011101111100101,
1011110000111101,
1011110010010110,
1011110011101111,
1011110101001000,
1011110110100010,
1011110111111100,
1011111001010111,
1011111010110010,
1011111100001101,
1011111101101001,
1011111111000101,
1100000000100010,
1100000001111111,
1100000011011100,
1100000100111010,
1100000110011001,
1100000111110111,
1100001001010110,
1100001010110101,
1100001100010101,
1100001101110101,
1100001111010110,
1100010000110111,
1100010010011000,
1100010011111001,
1100010101011011,
1100010110111110,
1100011000100000,
1100011010000011,
1100011011100111,
1100011101001010,
1100011110101111,
1100100000010011,
1100100001111000,
1100100011011101,
1100100101000010,
1100100110101000,
1100101000001110,
1100101001110101,
1100101011011011,
1100101101000011,
1100101110101010,
1100110000010010,
1100110001111010,
1100110011100010,
1100110101001011,
1100110110110100,
1100111000011101,
1100111010000111,
1100111011110001,
1100111101011011,
1100111111000110,
1101000000110001,
1101000010011100,
1101000100000111,
1101000101110011,
1101000111011111,
1101001001001011,
1101001010111000,
1101001100100101,
1101001110010010,
1101001111111111,
1101010001101101,
1101010011011011,
1101010101001001,
1101010110111000,
1101011000100110,
1101011010010101,
1101011100000101,
1101011101110100,
1101011111100100,
1101100001010100,
1101100011000100,
1101100100110101,
1101100110100110,
1101101000010111,
1101101010001000,
1101101011111001,
1101101101101011,
1101101111011101,
1101110001001111,
1101110011000001,
1101110100110100,
1101110110100111,
1101111000011001,
1101111010001101,
1101111100000000,
1101111101110100,
1101111111100111,
1110000001011011,
1110000011010000,
1110000101000100,
1110000110111001,
1110001000101101,
1110001010100010,
1110001100010111,
1110001110001101,
1110010000000010,
1110010001111000,
1110010011101110,
1110010101100100,
1110010111011010,
1110011001010000,
1110011011000111,
1110011100111101,
1110011110110100,
1110100000101011,
1110100010100010,
1110100100011001,
1110100110010001,
1110101000001000,
1110101010000000,
1110101011111000,
1110101101110000,
1110101111101000,
1110110001100000,
1110110011011000,
1110110101010000,
1110110111001001,
1110111001000010,
1110111010111010,
1110111100110011,
1110111110101100,
1111000000100101,
1111000010011110,
1111000100010111,
1111000110010001,
1111001000001010,
1111001010000100,
1111001011111101,
1111001101110111,
1111001111110001,
1111010001101010,
1111010011100100,
1111010101011110,
1111010111011000,
1111011001010010,
1111011011001101,
1111011101000111,
1111011111000001,
1111100000111011,
1111100010110110,
1111100100110000,
1111100110101011,
1111101000100101,
1111101010100000,
1111101100011010,
1111101110010101,
1111110000001111,
1111110010001010,
1111110100000101,
1111110101111111,
1111110111111010,
1111111001110101,
1111111011101111,
1111111101101010,
1111111111100101,
0000000001011111,
0000000011011010,
0000000101010101,
0000000111010000,
0000001001001010,
0000001011000101,
0000001101000000,
0000001110111010,
0000010000110101,
0000010010101111,
0000010100101010,
0000010110100101,
0000011000011111,
0000011010011001,
0000011100010100,
0000011110001110,
0000100000001001,
0000100010000011,
0000100011111101,
0000100101110111,
0000100111110001,
0000101001101011,
0000101011100101,
0000101101011111,
0000101111011001,
0000110001010011,
0000110011001101,
0000110101000110,
0000110111000000,
0000111000111001,
0000111010110011,
0000111100101100,
0000111110100101,
0001000000011110,
0001000010010111,
0001000100010000,
0001000110001001,
0001001000000010,
0001001001111010,
0001001011110011,
0001001101101011,
0001001111100011,
0001010001011011,
0001010011010011,
0001010101001011,
0001010111000011,
0001011000111010,
0001011010110010,
0001011100101001,
0001011110100000,
0001100000010111,
0001100010001110,
0001100100000101,
0001100101111011,
0001100111110010,
0001101001101000,
0001101011011110,
0001101101010100,
0001101111001001,
0001110000111111,
0001110010110100,
0001110100101010,
0001110110011111,
0001111000010011,
0001111010001000,
0001111011111101,
0001111101110001,
0001111111100101,
0010000001011001,
0010000011001101,
0010000101000000,
0010000110110011,
0010001000100110,
0010001010011001,
0010001100001100,
0010001101111110,
0010001111110001,
0010010001100011,
0010010011010100,
0010010101000110,
0010010110110111,
0010011000101000,
0010011010011001,
0010011100001010,
0010011101111010,
0010011111101010,
0010100001011010,
0010100011001010,
0010100100111001,
0010100110101000,
0010101000010111,
0010101010000110,
0010101011110100,
0010101101100010,
0010101111010000,
0010110000111101,
0010110010101011,
0010110100011000,
0010110110000100,
0010110111110001,
0010111001011101,
0010111011001001,
0010111100110100,
0010111110100000,
0011000000001011,
0011000001110101,
0011000011100000,
0011000101001010,
0011000110110100,
0011001000011101,
0011001010000110,
0011001011101111,
0011001101011000,
0011001111000000,
0011010000101000,
0011010010001111,
0011010011110111,
0011010101011110,
0011010111000100,
0011011000101011,
0011011010010001,
0011011011110110,
0011011101011011,
0011011111000000,
0011100000100101,
0011100010001001,
0011100011101101,
0011100101010001,
0011100110110100,
0011101000010111,
0011101001111001,
0011101011011011,
0011101100111101,
0011101110011110,
0011101111111111,
0011110001100000,
0011110011000000,
0011110100100000,
0011110110000000,
0011110111011111,
0011111000111101,
0011111010011100,
0011111011111010,
0011111101010111,
0011111110110101,
0100000000010001,
0100000001101110,
0100000011001010,
0100000100100110,
0100000110000001,
0100000111011100,
0100001000110110,
0100001010010000,
0100001011101010,
0100001101000011,
0100001110011100,
0100001111110100,
0100010001001100,
0100010010100011,
0100010011111010,
0100010101010001,
0100010110100111,
0100010111111101,
0100011001010010,
0100011010100111,
0100011011111100,
0100011101010000,
0100011110100100,
0100011111110111,
0100100001001001,
0100100010011100,
0100100011101110,
0100100100111111,
0100100110010000,
0100100111100000,
0100101000110000,
0100101010000000,
0100101011001111,
0100101100011110,
0100101101101100,
0100101110111010,
0100110000000111,
0100110001010100,
0100110010100000,
0100110011101100,
0100110100110111,
0100110110000010,
0100110111001101,
0100111000010110,
0100111001100000,
0100111010101001,
0100111011110001,
0100111100111001,
0100111110000001,
0100111111001000,
0101000000001110,
0101000001010100,
0101000010011010,
0101000011011111,
0101000100100100,
0101000101101000,
0101000110101011,
0101000111101110,
0101001000110001,
0101001001110011,
0101001010110100,
0101001011110101,
0101001100110110,
0101001101110110,
0101001110110101,
0101001111110100,
0101010000110011,
0101010001110000,
0101010010101110,
0101010011101011,
0101010100100111,
0101010101100011,
0101010110011110,
0101010111011001,
0101011000010011,
0101011001001101,
0101011010000110,
0101011010111111,
0101011011110111,
0101011100101110,
0101011101100101,
0101011110011100,
0101011111010010,
0101100000000111,
0101100000111100,
0101100001110000,
0101100010100100,
0101100011010111,
0101100100001010,
0101100100111100,
0101100101101110,
0101100110011111,
0101100111001111,
0101100111111111,
0101101000101111,
0101101001011101,
0101101010001100,
0101101010111001,
0101101011100110,
0101101100010011,
0101101100111111,
0101101101101010,
0101101110010101,
0101101111000000,
0101101111101001,
0101110000010011,
0101110000111011,
0101110001100011,
0101110010001011,
0101110010110010,
0101110011011000,
0101110011111110,
0101110100100011,
0101110101001000,
0101110101101100,
0101110110001111,
0101110110110010,
0101110111010100,
0101110111110110,
0101111000010111,
0101111000111000,
0101111001011000,
0101111001110111,
0101111010010110,
0101111010110100,
0101111011010010,
0101111011101111,
0101111100001011,
0101111100100111,
0101111101000011,
0101111101011101,
0101111101110111,
0101111110010001,
0101111110101010,
0101111111000010,
0101111111011010,
0101111111110001,
0110000000001000,
0110000000011110,
0110000000110011,
0110000001001000,
0110000001011100,
0110000001110000,
0110000010000011,
0110000010010101,
0110000010100111,
0110000010111000,
0110000011001001,
0110000011011001,
0110000011101001,
0110000011110111,
0110000100000110,
0110000100010011,
0110000100100000,
0110000100101101,
0110000100111001,
0110000101000100,
0110000101001111,
0110000101011001,
0110000101100010,
0110000101101011,
0110000101110011,
0110000101111011,
0110000110000010,
0110000110001001,
0110000110001110,
0110000110010100,
0110000110011000,
0110000110011100,
0110000110100000,
0110000110100011,
0110000110100101,
0110000110100111,
0110000110101000,
0110000110101000,
0110000110101000,
0110000110100111,
0110000110100110,
0110000110100100,
0110000110100001,
0110000110011110,
0110000110011010,
0110000110010110,
0110000110010001,
0110000110001011,
0110000110000101,
0110000101111110,
0110000101110111,
0110000101101111,
0110000101100110,
0110000101011101,
0110000101010011,
0110000101001001,
0110000100111110,
0110000100110010,
0110000100100110,
0110000100011001,
0110000100001100,
0110000011111110,
0110000011101111,
0110000011100000,
0110000011010000,
0110000011000000,
0110000010101111,
0110000010011101,
0110000010001011,
0110000001111000,
0110000001100101,
0110000001010001,
0110000000111101,
0110000000100111,
0110000000010010,
0101111111111011,
0101111111100100,
0101111111001101,
0101111110110101,
0101111110011100,
0101111110000011,
0101111101101001,
0101111101001111,
0101111100110011,
0101111100011000,
0101111011111100,
0101111011011111,
0101111011000001,
0101111010100011,
0101111010000101,
0101111001100110,
0101111001000110,
0101111000100110,
0101111000000101,
0101110111100011,
0101110111000001,
0101110110011111,
0101110101111011,
0101110101011000,
0101110100110011,
0101110100001110,
0101110011101001,
0101110011000011,
0101110010011100,
0101110001110101,
0101110001001101,
0101110000100101,
0101101111111100,
0101101111010010,
0101101110101000,
0101101101111110,
0101101101010010,
0101101100100111,
0101101011111010,
0101101011001101,
0101101010100000,
0101101001110010,
0101101001000011,
0101101000010100,
0101100111100101,
0101100110110100,
0101100110000100,
0101100101010010,
0101100100100000,
0101100011101110,
0101100010111011,
0101100010000111,
0101100001010011,
0101100000011111,
0101011111101010,
0101011110110100,
0101011101111110,
0101011101000111,
0101011100010000,
0101011011011000,
0101011010011111,
0101011001100110,
0101011000101101,
0101010111110011,
0101010110111000,
0101010101111101,
0101010101000010,
0101010100000110,
0101010011001001,
0101010010001100,
0101010001001110,
0101010000010000,
0101001111010001,
0101001110010010,
0101001101010010,
0101001100010010,
0101001011010001,
0101001010010000,
0101001001001110,
0101001000001100,
0101000111001001,
0101000110000110,
0101000101000010,
0101000011111110,
0101000010111001,
0101000001110011,
0101000000101110,
0100111111100111,
0100111110100001,
0100111101011001,
0100111100010001,
0100111011001001,
0100111010000000,
0100111000110111,
0100110111101101,
0100110110100011,
0100110101011001,
0100110100001101,
0100110011000010,
0100110001110110,
0100110000101001,
0100101111011100,
0100101110001111,
0100101101000001,
0100101011110010,
0100101010100011,
0100101001010100,
0100101000000100,
0100100110110100,
0100100101100011,
0100100100010010,
0100100011000000,
0100100001101110,
0100100000011100,
0100011111001001,
0100011101110101,
0100011100100001,
0100011011001101,
0100011001111000,
0100011000100011,
0100010111001101,
0100010101110111,
0100010100100001,
0100010011001010,
0100010001110011,
0100010000011011,
0100001111000011,
0100001101101010,
0100001100010001,
0100001010111000,
0100001001011110,
0100001000000100,
0100000110101001,
0100000101001110,
0100000011110011,
0100000010010111,
0100000000111011,
0011111111011110,
0011111110000001,
0011111100100100,
0011111011000110,
0011111001100111,
0011111000001001,
0011110110101010,
0011110101001011,
0011110011101011,
0011110010001011,
0011110000101010,
0011101111001001,
0011101101101000,
0011101100000111,
0011101010100101,
0011101001000010,
0011100111100000,
0011100101111101,
0011100100011001,
0011100010110110,
0011100001010001,
0011011111101101,
0011011110001000,
0011011100100011,
0011011010111110,
0011011001011000,
0011010111110010,
0011010110001011,
0011010100100101,
0011010010111101,
0011010001010110,
0011001111101110,
0011001110000110,
0011001100011110,
0011001010110101,
0011001001001100,
0011000111100011,
0011000101111001,
0011000100001111,
0011000010100101,
0011000000111010,
0010111111001111,
0010111101100100,
0010111011111001,
0010111010001101,
0010111000100001,
0010110110110101,
0010110101001000,
0010110011011011,
0010110001101110,
0010110000000001,
0010101110010011,
0010101100100101,
0010101010110111,
0010101001001000,
0010100111011010,
0010100101101011,
0010100011111011,
0010100010001100,
0010100000011100,
0010011110101100,
0010011100111100,
0010011011001011,
0010011001011010,
0010010111101001,
0010010101111000,
0010010100000111,
0010010010010101,
0010010000100011,
0010001110110001,
0010001100111111,
0010001011001100,
0010001001011001,
0010000111100111,
0010000101110011,
0010000100000000,
0010000010001100,
0010000000011001,
0001111110100101,
0001111100110000,
0001111010111100,
0001111001000111,
0001110111010011,
0001110101011110,
0001110011101001,
0001110001110011,
0001101111111110,
0001101110001000,
0001101100010010,
0001101010011100,
0001101000100110,
0001100110110000,
0001100100111001,
0001100011000011,
0001100001001100,
0001011111010101,
0001011101011110,
0001011011100111,
0001011001101111,
0001010111111000,
0001010110000000,
0001010100001000,
0001010010010000,
0001010000011000,
0001001110100000,
0001001100101000,
0001001010110000,
0001001000110111,
0001000110111110,
0001000101000110,
0001000011001101,
0001000001010100,
0000111111011011,
0000111101100010,
0000111011101001,
0000111001101111,
0000110111110110,
0000110101111100,
0000110100000011,
0000110010001001,
0000110000001111,
0000101110010110,
0000101100011100,
0000101010100010,
0000101000101000,
0000100110101110,
0000100100110011,
0000100010111001,
0000100000111111,
0000011111000101,
0000011101001010,
0000011011010000,
0000011001010101,
0000010111011011,
0000010101100000,
0000010011100110,
0000010001101011,
0000001111110001,
0000001101110110,
0000001011111011,
0000001010000001,
0000001000000110,
0000000110001011,
0000000100010001,
0000000010010110,
0000000000011011,
1111111110100001,
1111111100100110,
1111111010101011,
1111111000110000,
1111110110110110,
1111110100111011,
1111110011000000,
1111110001000110,
1111101111001011,
1111101101010001,
1111101011010110,
1111101001011011,
1111100111100001,
1111100101100111,
1111100011101100,
1111100001110010,
1111011111110111,
1111011101111101,
1111011100000011,
1111011010001001,
1111011000001111,
1111010110010101,
1111010100011011,
1111010010100001,
1111010000100111,
1111001110101101,
1111001100110011,
1111001010111010,
1111001001000000,
1111000111000111,
1111000101001101,
1111000011010100,
1111000001011011,
1110111111100010,
1110111101101001,
1110111011110000,
1110111001110111,
1110110111111110,
1110110110000110,
1110110100001101,
1110110010010101,
1110110000011101,
1110101110100101,
1110101100101101,
1110101010110101,
1110101000111101,
1110100111000110,
1110100101001110,
1110100011010111,
1110100001100000,
1110011111101001,
1110011101110010,
1110011011111011,
1110011010000101,
1110011000001110,
1110010110011000,
1110010100100010,
1110010010101100,
1110010000110111,
1110001111000001,
1110001101001100,
1110001011010110,
1110001001100001,
1110000111101101,
1110000101111000,
1110000100000011,
1110000010001111,
1110000000011011,
1101111110100111,
1101111100110011,
1101111011000000,
1101111001001101,
1101110111011010,
1101110101100111,
1101110011110100,
1101110010000010,
1101110000001111,
1101101110011101,
1101101100101100,
1101101010111010,
1101101001001001,
1101100111011000,
1101100101100111,
1101100011110110,
1101100010000110,
1101100000010110,
1101011110100110,
1101011100110110,
1101011011000111,
1101011001011000,
1101010111101001,
1101010101111010,
1101010100001100,
1101010010011110,
1101010000110000,
1101001111000011,
1101001101010101,
1101001011101000,
1101001001111100,
1101001000001111,
1101000110100011,
1101000100110111,
1101000011001100,
1101000001100000,
1100111111110101,
1100111110001011,
1100111100100000,
1100111010110110,
1100111001001100,
1100110111100011,
1100110101111010,
1100110100010001,
1100110010101000,
1100110001000000,
1100101111011000,
1100101101110001,
1100101100001001,
1100101010100010,
1100101000111100,
1100100111010101,
1100100101101111,
1100100100001010,
1100100010100101,
1100100001000000,
1100011111011011,
1100011101110111,
1100011100010011,
1100011010101111,
1100011001001100,
1100010111101001,
1100010110000111,
1100010100100101,
1100010011000011,
1100010001100010,
1100010000000001,
1100001110100000,
1100001101000000,
1100001011100000,
1100001010000000,
1100001000100001,
1100000111000011,
1100000101100100,
1100000100000110,
1100000010101001,
1100000001001011,
1011111111101111,
1011111110010010,
1011111100110110,
1011111011011010,
1011111001111111,
1011111000100100,
1011110111001010,
1011110101110000,
1011110100010110,
1011110010111101,
1011110001100100,
1011110000001100,
1011101110110100,
1011101101011101,
1011101100000110,
1011101010101111,
1011101001011001,
1011101000000011,
1011100110101110,
1011100101011001,
1011100100000100,
1011100010110000,
1011100001011100,
1011100000001001,
1011011110110111,
1011011101100100,
1011011100010010,
1011011011000001,
1011011001110000,
1011011000100000,
1011010111010000,
1011010110000000,
1011010100110001,
1011010011100010,
1011010010010100,
1011010001000110,
1011001111111001,
1011001110101100,
1011001101100000,
1011001100010100,
1011001011001001,
1011001001111110,
1011001000110011,
1011000111101010,
1011000110100000,
1011000101010111,
1011000100001111,
1011000011000111,
1011000001111111,
1011000000111000,
1010111111110010,
1010111110101100,
1010111101100110,
1010111100100001,
1010111011011100,
1010111010011000,
1010111001010101,
1010111000010010,
1010110111001111,
1010110110001101,
1010110101001100,
1010110100001011,
1010110011001010,
1010110010001010,
1010110001001011,
1010110000001100,
1010101111001101,
1010101110010000,
1010101101010010,
1010101100010101,
1010101011011001,
1010101010011101,
1010101001100010,
1010101000100111,
1010100111101101,
1010100110110011,
1010100101111010,
1010100101000001,
1010100100001001,
1010100011010010,
1010100010011011,
1010100001100100,
1010100000101110,
1010011111111001,
1010011111000100,
1010011110010000,
1010011101011100,
1010011100101001,
1010011011110110,
1010011011000100,
1010011010010010,
1010011001100001,
1010011000110001,
1010011000000001,
1010010111010001,
1010010110100011,
1010010101110100,
1010010101000111,
1010010100011010,
1010010011101101,
1010010011000001,
1010010010010110,
1010010001101011,
1010010001000000,
1010010000010111,
1010001111101101,
1010001111000101,
1010001110011101,
1010001101110101,
1010001101001110,
1010001100101000,
1010001100000010,
1010001011011101,
1010001010111000,
1010001010010100,
1010001001110001,
1010001001001110,
1010001000101100,
1010001000001010,
1010000111101001,
1010000111001000,
1010000110101000,
1010000110001001,
1010000101101010,
1010000101001100,
1010000100101110,
1010000100010001,
1010000011110101,
1010000011011001,
1010000010111101,
1010000010100011,
1010000010001001,
1010000001101111,
1010000001010110,
1010000000111110,
1010000000100110,
1010000000001111,
1001111111111000,
1001111111100010,
1001111111001101,
1001111110111000,
1001111110100100,
1001111110010000,
1001111101111101,
1001111101101011,
1001111101011001,
1001111101001000,
1001111100110111,
1001111100100111,
1001111100010111,
1001111100001001,
1001111011111010,
1001111011101101,
1001111011100000,
1001111011010011,
1001111011000111,
1001111010111100,
1001111010110001,
1001111010100111,
1001111010011110,
1001111010010101,
1001111010001101,
1001111010000101,
1001111001111110,
1001111001110111,
1001111001110010,
1001111001101100,
1001111001101000,
1001111001100100,
1001111001100000,
1001111001011101,
1001111001011011,
1001111001011001,
1001111001011000,
1001111001011000,
1001111001011000,
1001111001011001,
1001111001011010,
1001111001011100,
1001111001011111,
1001111001100010,
1001111001100110,
1001111001101010,
1001111001101111,
1001111001110101,
1001111001111011,
1001111010000010,
1001111010001001,
1001111010010001,
1001111010011010,
1001111010100011,
1001111010101101,
1001111010110111,
1001111011000010,
1001111011001110,
1001111011011010,
1001111011100111,
1001111011110100,
1001111100000010,
1001111100010001,
1001111100100000,
1001111100110000,
1001111101000000,
1001111101010001,
1001111101100011,
1001111101110101,
1001111110001000,
1001111110011011,
1001111110101111,
1001111111000011,
1001111111011001,
1001111111101110,
1010000000000101,
1010000000011100,
1010000000110011,
1010000001001011,
1010000001100100,
1010000001111101,
1010000010010111,
1010000010110001,
1010000011001101,
1010000011101000,
1010000100000100,
1010000100100001,
1010000100111111,
1010000101011101,
1010000101111011,
1010000110011010,
1010000110111010,
1010000111011010,
1010000111111011,
1010001000011101,
1010001000111111,
1010001001100001,
1010001010000101,
1010001010101000,
1010001011001101,
1010001011110010,
1010001100010111,
1010001100111101,
1010001101100100,
1010001110001011,
1010001110110011,
1010001111011011,
1010010000000100,
1010010000101110,
1010010001011000,
1010010010000010,
1010010010101110,
1010010011011001,
1010010100000110,
1010010100110011,
1010010101100000,
1010010110001110,
1010010110111101,
1010010111101100,
1010011000011011,
1010011001001100,
1010011001111100,
1010011010101110,
1010011011100000,
1010011100010010,
1010011101000101,
1010011101111001,
1010011110101101,
1010011111100001,
1010100000010110,
1010100001001100,
1010100010000010,
1010100010111001,
1010100011110000,
1010100100101000,
1010100101100001,
1010100110011010,
1010100111010011,
1010101000001101,
1010101001001000,
1010101010000011,
1010101010111110,
1010101011111010,
1010101100110111,
1010101101110100,
1010101110110010,
1010101111110000,
1010110000101111,
1010110001101110,
1010110010101110,
1010110011101110,
1010110100101111,
1010110101110000,
1010110110110010,
1010110111110100,
1010111000110111,
1010111001111010,
1010111010111110,
1010111100000010,
1010111101000111,
1010111110001101,
1010111111010010,
1011000000011001,
1011000001011111,
1011000010100111,
1011000011101111,
1011000100110111,
1011000110000000,
1011000111001001,
1011001000010011,
1011001001011101,
1011001010100111,
1011001011110011,
1011001100111110,
1011001110001010,
1011001111010111,
1011010000100100,
1011010001110001,
1011010010111111,
1011010100001110,
1011010101011101,
1011010110101100,
1011010111111100,
1011011001001100,
1011011010011101,
1011011011101110,
1011011101000000,
1011011110010010,
1011011111100100,
1011100000110111,
1011100010001011,
1011100011011111,
1011100100110011,
1011100110001000,
1011100111011101,
1011101000110011,
1011101010001001,
1011101011011111,
1011101100110110,
1011101110001101,
1011101111100101,
1011110000111101,
1011110010010110,
1011110011101111,
1011110101001000,
1011110110100010,
1011110111111100,
1011111001010111,
1011111010110010,
1011111100001101,
1011111101101001,
1011111111000101,
1100000000100010,
1100000001111111,
1100000011011100,
1100000100111010,
1100000110011001,
1100000111110111,
1100001001010110,
1100001010110101,
1100001100010101,
1100001101110101,
1100001111010110,
1100010000110111,
1100010010011000,
1100010011111001,
1100010101011011,
1100010110111110,
1100011000100000,
1100011010000011,
1100011011100111,
1100011101001010,
1100011110101111,
1100100000010011,
1100100001111000,
1100100011011101,
1100100101000010,
1100100110101000,
1100101000001110,
1100101001110101,
1100101011011011,
1100101101000011,
1100101110101010,
1100110000010010,
1100110001111010,
1100110011100010,
1100110101001011,
1100110110110100,
1100111000011101,
1100111010000111,
1100111011110001,
1100111101011011,
1100111111000110,
1101000000110001,
1101000010011100,
1101000100000111,
1101000101110011,
1101000111011111,
1101001001001011,
1101001010111000,
1101001100100101,
1101001110010010,
1101001111111111,
1101010001101101,
1101010011011011,
1101010101001001,
1101010110111000,
1101011000100110,
1101011010010101,
1101011100000101,
1101011101110100,
1101011111100100,
1101100001010100,
1101100011000100,
1101100100110101,
1101100110100110,
1101101000010111,
1101101010001000,
1101101011111001,
1101101101101011,
1101101111011101,
1101110001001111,
1101110011000001,
1101110100110100,
1101110110100111,
1101111000011001,
1101111010001101,
1101111100000000,
1101111101110100,
1101111111100111,
1110000001011011,
1110000011010000,
1110000101000100,
1110000110111001,
1110001000101101,
1110001010100010,
1110001100010111,
1110001110001101,
1110010000000010,
1110010001111000,
1110010011101110,
1110010101100100,
1110010111011010,
1110011001010000,
1110011011000111,
1110011100111101,
1110011110110100,
1110100000101011,
1110100010100010,
1110100100011001,
1110100110010001,
1110101000001000,
1110101010000000,
1110101011111000,
1110101101110000,
1110101111101000,
1110110001100000,
1110110011011000,
1110110101010000,
1110110111001001,
1110111001000010,
1110111010111010,
1110111100110011,
1110111110101100,
1111000000100101,
1111000010011110,
1111000100010111,
1111000110010001,
1111001000001010,
1111001010000100,
1111001011111101,
1111001101110111,
1111001111110001,
1111010001101010,
1111010011100100,
1111010101011110,
1111010111011000,
1111011001010010,
1111011011001101,
1111011101000111,
1111011111000001,
1111100000111011,
1111100010110110,
1111100100110000,
1111100110101011,
1111101000100101,
1111101010100000,
1111101100011010,
1111101110010101,
1111110000001111,
1111110010001010,
1111110100000101,
1111110101111111,
1111110111111010,
1111111001110101,
1111111011101111,
1111111101101010,
1111111111100101,
0000000001011111,
0000000011011010,
0000000101010101,
0000000111010000,
0000001001001010,
0000001011000101,
0000001101000000,
0000001110111010,
0000010000110101,
0000010010101111,
0000010100101010,
0000010110100101,
0000011000011111,
0000011010011001,
0000011100010100,
0000011110001110,
0000100000001001,
0000100010000011,
0000100011111101,
0000100101110111,
0000100111110001,
0000101001101011,
0000101011100101,
0000101101011111,
0000101111011001,
0000110001010011,
0000110011001101,
0000110101000110,
0000110111000000,
0000111000111001,
0000111010110011,
0000111100101100,
0000111110100101,
0001000000011110,
0001000010010111,
0001000100010000,
0001000110001001,
0001001000000010,
0001001001111010,
0001001011110011,
0001001101101011,
0001001111100011,
0001010001011011,
0001010011010011,
0001010101001011,
0001010111000011,
0001011000111010,
0001011010110010,
0001011100101001,
0001011110100000,
0001100000010111,
0001100010001110,
0001100100000101,
0001100101111011,
0001100111110010,
0001101001101000,
0001101011011110,
0001101101010100,
0001101111001001,
0001110000111111,
0001110010110100,
0001110100101010,
0001110110011111,
0001111000010011,
0001111010001000,
0001111011111101,
0001111101110001,
0001111111100101,
0010000001011001,
0010000011001101,
0010000101000000,
0010000110110011,
0010001000100110,
0010001010011001,
0010001100001100,
0010001101111110,
0010001111110001,
0010010001100011,
0010010011010100,
0010010101000110,
0010010110110111,
0010011000101000,
0010011010011001,
0010011100001010,
0010011101111010,
0010011111101010,
0010100001011010,
0010100011001010,
0010100100111001,
0010100110101000,
0010101000010111,
0010101010000110,
0010101011110100,
0010101101100010,
0010101111010000,
0010110000111101,
0010110010101011,
0010110100011000,
0010110110000100,
0010110111110001,
0010111001011101,
0010111011001001,
0010111100110100,
0010111110100000,
0011000000001011,
0011000001110101,
0011000011100000,
0011000101001010,
0011000110110100,
0011001000011101,
0011001010000110,
0011001011101111,
0011001101011000,
0011001111000000,
0011010000101000,
0011010010001111,
0011010011110111,
0011010101011110,
0011010111000100,
0011011000101011,
0011011010010001,
0011011011110110,
0011011101011011,
0011011111000000,
0011100000100101,
0011100010001001,
0011100011101101,
0011100101010001,
0011100110110100,
0011101000010111,
0011101001111001,
0011101011011011,
0011101100111101,
0011101110011110,
0011101111111111,
0011110001100000,
0011110011000000,
0011110100100000,
0011110110000000,
0011110111011111,
0011111000111101,
0011111010011100,
0011111011111010,
0011111101010111,
0011111110110101,
0100000000010001,
0100000001101110,
0100000011001010,
0100000100100110,
0100000110000001,
0100000111011100,
0100001000110110,
0100001010010000,
0100001011101010,
0100001101000011,
0100001110011100,
0100001111110100,
0100010001001100,
0100010010100011,
0100010011111010,
0100010101010001,
0100010110100111,
0100010111111101,
0100011001010010,
0100011010100111,
0100011011111100,
0100011101010000,
0100011110100100,
0100011111110111,
0100100001001001,
0100100010011100,
0100100011101110,
0100100100111111,
0100100110010000,
0100100111100000,
0100101000110000,
0100101010000000,
0100101011001111,
0100101100011110,
0100101101101100,
0100101110111010,
0100110000000111,
0100110001010100,
0100110010100000,
0100110011101100,
0100110100110111,
0100110110000010,
0100110111001101,
0100111000010110,
0100111001100000,
0100111010101001,
0100111011110001,
0100111100111001,
0100111110000001,
0100111111001000,
0101000000001110,
0101000001010100,
0101000010011010,
0101000011011111,
0101000100100100,
0101000101101000,
0101000110101011,
0101000111101110,
0101001000110001,
0101001001110011,
0101001010110100,
0101001011110101,
0101001100110110,
0101001101110110,
0101001110110101,
0101001111110100,
0101010000110011,
0101010001110000,
0101010010101110,
0101010011101011,
0101010100100111,
0101010101100011,
0101010110011110,
0101010111011001,
0101011000010011,
0101011001001101,
0101011010000110,
0101011010111111,
0101011011110111,
0101011100101110,
0101011101100101,
0101011110011100,
0101011111010010,
0101100000000111,
0101100000111100,
0101100001110000,
0101100010100100,
0101100011010111,
0101100100001010,
0101100100111100,
0101100101101110,
0101100110011111,
0101100111001111,
0101100111111111,
0101101000101111,
0101101001011101,
0101101010001100,
0101101010111001,
0101101011100110,
0101101100010011,
0101101100111111,
0101101101101010,
0101101110010101,
0101101111000000,
0101101111101001,
0101110000010011,
0101110000111011,
0101110001100011,
0101110010001011,
0101110010110010,
0101110011011000,
0101110011111110,
0101110100100011,
0101110101001000,
0101110101101100,
0101110110001111,
0101110110110010,
0101110111010100,
0101110111110110,
0101111000010111,
0101111000111000,
0101111001011000,
0101111001110111,
0101111010010110,
0101111010110100,
0101111011010010,
0101111011101111,
0101111100001011,
0101111100100111,
0101111101000011,
0101111101011101,
0101111101110111,
0101111110010001,
0101111110101010,
0101111111000010,
0101111111011010,
0101111111110001,
0110000000001000,
0110000000011110,
0110000000110011,
0110000001001000,
0110000001011100,
0110000001110000,
0110000010000011,
0110000010010101,
0110000010100111,
0110000010111000,
0110000011001001,
0110000011011001,
0110000011101001,
0110000011110111,
0110000100000110,
0110000100010011,
0110000100100000,
0110000100101101,
0110000100111001,
0110000101000100,
0110000101001111,
0110000101011001,
0110000101100010,
0110000101101011,
0110000101110011,
0110000101111011,
0110000110000010,
0110000110001001,
0110000110001110,
0110000110010100,
0110000110011000,
0110000110011100,
0110000110100000,
0110000110100011,
0110000110100101,
0110000110100111,
0110000110101000,
0110000110101000,
0110000110101000,
0110000110100111,
0110000110100110,
0110000110100100,
0110000110100001,
0110000110011110,
0110000110011010,
0110000110010110,
0110000110010001,
0110000110001011,
0110000110000101,
0110000101111110,
0110000101110111,
0110000101101111,
0110000101100110,
0110000101011101,
0110000101010011,
0110000101001001,
0110000100111110,
0110000100110010,
0110000100100110,
0110000100011001,
0110000100001100,
0110000011111110,
0110000011101111,
0110000011100000,
0110000011010000,
0110000011000000,
0110000010101111,
0110000010011101,
0110000010001011,
0110000001111000,
0110000001100101,
0110000001010001,
0110000000111101,
0110000000100111,
0110000000010010,
0101111111111011,
0101111111100100,
0101111111001101,
0101111110110101,
0101111110011100,
0101111110000011,
0101111101101001,
0101111101001111,
0101111100110011,
0101111100011000,
0101111011111100,
0101111011011111,
0101111011000001,
0101111010100011,
0101111010000101,
0101111001100110,
0101111001000110,
0101111000100110,
0101111000000101,
0101110111100011,
0101110111000001,
0101110110011111,
0101110101111011,
0101110101011000,
0101110100110011,
0101110100001110,
0101110011101001,
0101110011000011,
0101110010011100,
0101110001110101,
0101110001001101,
0101110000100101,
0101101111111100,
0101101111010010,
0101101110101000,
0101101101111110,
0101101101010010,
0101101100100111,
0101101011111010,
0101101011001101,
0101101010100000,
0101101001110010,
0101101001000011,
0101101000010100,
0101100111100101,
0101100110110100,
0101100110000100,
0101100101010010,
0101100100100000,
0101100011101110,
0101100010111011,
0101100010000111,
0101100001010011,
0101100000011111,
0101011111101010,
0101011110110100,
0101011101111110,
0101011101000111,
0101011100010000,
0101011011011000,
0101011010011111,
0101011001100110,
0101011000101101,
0101010111110011,
0101010110111000,
0101010101111101,
0101010101000010,
0101010100000110,
0101010011001001,
0101010010001100,
0101010001001110,
0101010000010000,
0101001111010001,
0101001110010010,
0101001101010010,
0101001100010010,
0101001011010001,
0101001010010000,
0101001001001110,
0101001000001100,
0101000111001001,
0101000110000110,
0101000101000010,
0101000011111110,
0101000010111001,
0101000001110011,
0101000000101110,
0100111111100111,
0100111110100001,
0100111101011001,
0100111100010001,
0100111011001001,
0100111010000000,
0100111000110111,
0100110111101101,
0100110110100011,
0100110101011001,
0100110100001101,
0100110011000010,
0100110001110110,
0100110000101001,
0100101111011100,
0100101110001111,
0100101101000001,
0100101011110010,
0100101010100011,
0100101001010100,
0100101000000100,
0100100110110100,
0100100101100011,
0100100100010010,
0100100011000000,
0100100001101110,
0100100000011100,
0100011111001001,
0100011101110101,
0100011100100001,
0100011011001101,
0100011001111000,
0100011000100011,
0100010111001101,
0100010101110111,
0100010100100001,
0100010011001010,
0100010001110011,
0100010000011011,
0100001111000011,
0100001101101010,
0100001100010001,
0100001010111000,
0100001001011110,
0100001000000100,
0100000110101001,
0100000101001110,
0100000011110011,
0100000010010111,
0100000000111011,
0011111111011110,
0011111110000001,
0011111100100100,
0001111101100011,
0001111100110100,
0001111100000100,
0001111011010101,
0001111010100101,
0001111001110101,
0001111001000101,
0001111000010101,
0001110111100101,
0001110110110100,
0001110110000011,
0001110101010010,
0001110100100001,
0001110011110000,
0001110010111110,
0001110010001101,
0001110001011011,
0001110000101001,
0001101111110111,
0001101111000100,
0001101110010010,
0001101101011111,
0001101100101100,
0001101011111001,
0001101011000110,
0001101010010010,
0001101001011111,
0001101000101011,
0001100111110111,
0001100111000011,
0001100110001111,
0001100101011010,
0001100100100110,
0001100011110001,
0001100010111100,
0001100010000111,
0001100001010010,
0001100000011101,
0001011111101000,
0001011110110010,
0001011101111100,
0001011101000110,
0001011100010000,
0001011011011010,
0001011010100100,
0001011001101110,
0001011000110111,
0001011000000000,
0001010111001001,
0001010110010010,
0001010101011011,
0001010100100100,
0001010011101101,
0001010010110101,
0001010001111110,
0001010001000110,
0001010000001110,
0001001111010110,
0001001110011110,
0001001101100110,
0001001100101101,
0001001011110101,
0001001010111100,
0001001010000011,
0001001001001011,
0001001000010010,
0001000111011001,
0001000110011111,
0001000101100110,
0001000100101101,
0001000011110011,
0001000010111010,
0001000010000000,
0001000001000110,
0001000000001100,
0000111111010010,
0000111110011000,
0000111101011110,
0000111100100100,
0000111011101001,
0000111010101111,
0000111001110100,
0000111000111010,
0000110111111111,
0000110111000100,
0000110110001001,
0000110101001110,
0000110100010011,
0000110011011000,
0000110010011101,
0000110001100001,
0000110000100110,
0000101111101010,
0000101110101111,
0000101101110011,
0000101100111000,
0000101011111100,
0000101011000000,
0000101010000100,
0000101001001000,
0000101000001100,
0000100111010000,
0000100110010100,
0000100101011000,
0000100100011100,
0000100011011111,
0000100010100011,
0000100001100110,
0000100000101010,
0000011111101101,
0000011110110001,
0000011101110100,
0000011100111000,
0000011011111011,
0000011010111110,
0000011010000001,
0000011001000101,
0000011000001000,
0000010111001011,
0000010110001110,
0000010101010001,
0000010100010100,
0000010011010111,
0000010010011010,
0000010001011101,
0000010000011111,
0000001111100010,
0000001110100101,
0000001101101000,
0000001100101011,
0000001011101101,
0000001010110000,
0000001001110011,
0000001000110110,
0000000111111000,
0000000110111011,
0000000101111110,
0000000101000000,
0000000100000011,
0000000011000110,
0000000010001000,
0000000001001011,
0000000000001110,
1111111111010000,
1111111110010011,
1111111101010110,
1111111100011000,
1111111011011011,
1111111010011110,
1111111001100000,
1111111000100011,
1111110111100110,
1111110110101000,
1111110101101011,
1111110100101110,
1111110011110000,
1111110010110011,
1111110001110110,
1111110000111001,
1111101111111100,
1111101110111111,
1111101110000001,
1111101101000100,
1111101100000111,
1111101011001010,
1111101010001101,
1111101001010000,
1111101000010011,
1111100111010111,
1111100110011010,
1111100101011101,
1111100100100000,
1111100011100011,
1111100010100111,
1111100001101010,
1111100000101101,
1111011111110001,
1111011110110100,
1111011101111000,
1111011100111100,
1111011011111111,
1111011011000011,
1111011010000111,
1111011001001011,
1111011000001110,
1111010111010010,
1111010110010110,
1111010101011011,
1111010100011111,
1111010011100011,
1111010010100111,
1111010001101100,
1111010000110000,
1111001111110100,
1111001110111001,
1111001101111110,
1111001101000010,
1111001100000111,
1111001011001100,
1111001010010001,
1111001001010110,
1111001000011011,
1111000111100000,
1111000110100110,
1111000101101011,
1111000100110001,
1111000011110110,
1111000010111100,
1111000010000010,
1111000001001000,
1111000000001110,
1110111111010100,
1110111110011010,
1110111101100000,
1110111100100110,
1110111011101101,
1110111010110011,
1110111001111010,
1110111001000001,
1110111000001000,
1110110111001111,
1110110110010110,
1110110101011101,
1110110100100100,
1110110011101100,
1110110010110011,
1110110001111011,
1110110001000011,
1110110000001011,
1110101111010011,
1110101110011011,
1110101101100011,
1110101100101100,
1110101011110100,
1110101010111101,
1110101010000110,
1110101001001111,
1110101000011000,
1110100111100001,
1110100110101011,
1110100101110100,
1110100100111110,
1110100100001000,
1110100011010001,
1110100010011100,
1110100001100110,
1110100000110000,
1110011111111011,
1110011111000101,
1110011110010000,
1110011101011011,
1110011100100110,
1110011011110001,
1110011010111101,
1110011010001000,
1110011001010100,
1110011000100000,
1110010111101100,
1110010110111000,
1110010110000101,
1110010101010001,
1110010100011110,
1110010011101011,
1110010010111000,
1110010010000101,
1110010001010010,
1110010000100000,
1110001111101110,
1110001110111011,
1110001110001001,
1110001101011000,
1110001100100110,
1110001011110101,
1110001011000011,
1110001010010010,
1110001001100010,
1110001000110001,
1110001000000000,
1110000111010000,
1110000110100000,
1110000101110000,
1110000101000000,
1110000100010001,
1110000011100001,
1110000010110010,
1110000010000011,
1110000001010100,
1110000000100110,
1101111111110111,
1101111111001001,
1101111110011011,
1101111101101101,
1101111101000000,
1101111100010010,
1101111011100101,
1101111010111000,
1101111010001011,
1101111001011111,
1101111000110010,
1101111000000110,
1101110111011010,
1101110110101110,
1101110110000011,
1101110101010111,
1101110100101100,
1101110100000001,
1101110011010111,
1101110010101100,
1101110010000010,
1101110001011000,
1101110000101110,
1101110000000101,
1101101111011011,
1101101110110010,
1101101110001001,
1101101101100001,
1101101100111000,
1101101100010000,
1101101011101000,
1101101011000000,
1101101010011000,
1101101001110001,
1101101001001010,
1101101000100011,
1101100111111101,
1101100111010110,
1101100110110000,
1101100110001010,
1101100101100100,
1101100100111111,
1101100100011010,
1101100011110101,
1101100011010000,
1101100010101100,
1101100010000111,
1101100001100011,
1101100001000000,
1101100000011100,
1101011111111001,
1101011111010110,
1101011110110011,
1101011110010000,
1101011101101110,
1101011101001100,
1101011100101010,
1101011100001001,
1101011011101000,
1101011011000111,
1101011010100110,
1101011010000101,
1101011001100101,
1101011001000101,
1101011000100101,
1101011000000110,
1101010111100111,
1101010111001000,
1101010110101001,
1101010110001011,
1101010101101100,
1101010101001111,
1101010100110001,
1101010100010100,
1101010011110110,
1101010011011010,
1101010010111101,
1101010010100001,
1101010010000101,
1101010001101001,
1101010001001101,
1101010000110010,
1101010000010111,
1101001111111100,
1101001111100010,
1101001111001000,
1101001110101110,
1101001110010100,
1101001101111011,
1101001101100010,
1101001101001001,
1101001100110001,
1101001100011000,
1101001100000000,
1101001011101001,
1101001011010001,
1101001010111010,
1101001010100011,
1101001010001101,
1101001001110111,
1101001001100000,
1101001001001011,
1101001000110101,
1101001000100000,
1101001000001011,
1101000111110111,
1101000111100010,
1101000111001110,
1101000110111011,
1101000110100111,
1101000110010100,
1101000110000001,
1101000101101111,
1101000101011100,
1101000101001010,
1101000100111000,
1101000100100111,
1101000100010110,
1101000100000101,
1101000011110100,
1101000011100100,
1101000011010100,
1101000011000100,
1101000010110101,
1101000010100110,
1101000010010111,
1101000010001001,
1101000001111010,
1101000001101100,
1101000001011111,
1101000001010001,
1101000001000100,
1101000000111000,
1101000000101011,
1101000000011111,
1101000000010011,
1101000000000111,
1100111111111100,
1100111111110001,
1100111111100110,
1100111111011100,
1100111111010010,
1100111111001000,
1100111110111111,
1100111110110101,
1100111110101100,
1100111110100100,
1100111110011011,
1100111110010011,
1100111110001100,
1100111110000100,
1100111101111101,
1100111101110110,
1100111101110000,
1100111101101010,
1100111101100100,
1100111101011110,
1100111101011001,
1100111101010100,
1100111101001111,
1100111101001010,
1100111101000110,
1100111101000010,
1100111100111111,
1100111100111100,
1100111100111001,
1100111100110110,
1100111100110100,
1100111100110010,
1100111100110000,
1100111100101111,
1100111100101110,
1100111100101101,
1100111100101100,
1100111100101100,
1100111100101100,
1100111100101100,
1100111100101101,
1100111100101110,
1100111100101111,
1100111100110001,
1100111100110011,
1100111100110101,
1100111100111000,
1100111100111010,
1100111100111101,
1100111101000001,
1100111101000101,
1100111101001001,
1100111101001101,
1100111101010001,
1100111101010110,
1100111101011100,
1100111101100001,
1100111101100111,
1100111101101101,
1100111101110011,
1100111101111010,
1100111110000001,
1100111110001000,
1100111110010000,
1100111110011000,
1100111110100000,
1100111110101001,
1100111110110001,
1100111110111010,
1100111111000100,
1100111111001101,
1100111111010111,
1100111111100010,
1100111111101100,
1100111111110111,
1101000000000010,
1101000000001110,
1101000000011010,
1101000000100110,
1101000000110010,
1101000000111111,
1101000001001100,
1101000001011001,
1101000001100110,
1101000001110100,
1101000010000010,
1101000010010001,
1101000010011111,
1101000010101110,
1101000010111110,
1101000011001101,
1101000011011101,
1101000011101101,
1101000011111110,
1101000100001110,
1101000100011111,
1101000100110001,
1101000101000010,
1101000101010100,
1101000101100110,
1101000101111001,
1101000110001100,
1101000110011111,
1101000110110010,
1101000111000110,
1101000111011001,
1101000111101110,
1101001000000010,
1101001000010111,
1101001000101100,
1101001001000001,
1101001001010111,
1101001001101101,
1101001010000011,
1101001010011001,
1101001010110000,
1101001011000111,
1101001011011110,
1101001011110110,
1101001100001110,
1101001100100110,
1101001100111110,
1101001101010111,
1101001101110000,
1101001110001001,
1101001110100011,
1101001110111100,
1101001111010110,
1101001111110001,
1101010000001011,
1101010000100110,
1101010001000001,
1101010001011101,
1101010001111000,
1101010010010100,
1101010010110000,
1101010011001101,
1101010011101010,
1101010100000111,
1101010100100100,
1101010101000001,
1101010101011111,
1101010101111101,
1101010110011100,
1101010110111010,
1101010111011001,
1101010111111000,
1101011000010111,
1101011000110111,
1101011001010111,
1101011001110111,
1101011010010111,
1101011010111000,
1101011011011001,
1101011011111010,
1101011100011011,
1101011100111101,
1101011101011111,
1101011110000001,
1101011110100100,
1101011111000110,
1101011111101001,
1101100000001100,
1101100000110000,
1101100001010011,
1101100001110111,
1101100010011011,
1101100011000000,
1101100011100100,
1101100100001001,
1101100100101110,
1101100101010100,
1101100101111001,
1101100110011111,
1101100111000101,
1101100111101011,
1101101000010010,
1101101000111001,
1101101001100000,
1101101010000111,
1101101010101110,
1101101011010110,
1101101011111110,
1101101100100110,
1101101101001110,
1101101101110111,
1101101110100000,
1101101111001001,
1101101111110010,
1101110000011100,
1101110001000101,
1101110001101111,
1101110010011010,
1101110011000100,
1101110011101110,
1101110100011001,
1101110101000100,
1101110101110000,
1101110110011011,
1101110111000111,
1101110111110011,
1101111000011111,
1101111001001011,
1101111001110111,
1101111010100100,
1101111011010001,
1101111011111110,
1101111100101011,
1101111101011001,
1101111110000111,
1101111110110101,
1101111111100011,
1110000000010001,
1110000001000000,
1110000001101110,
1110000010011101,
1110000011001100,
1110000011111100,
1110000100101011,
1110000101011011,
1110000110001011,
1110000110111011,
1110000111101011,
1110001000011011,
1110001001001100,
1110001001111101,
1110001010101110,
1110001011011111,
1110001100010000,
1110001101000010,
1110001101110011,
1110001110100101,
1110001111010111,
1110010000001001,
1110010000111100,
1110010001101110,
1110010010100001,
1110010011010100,
1110010100000111,
1110010100111010,
1110010101101110,
1110010110100001,
1110010111010101,
1110011000001001,
1110011000111101,
1110011001110001,
1110011010100110,
1110011011011010,
1110011100001111,
1110011101000100,
1110011101111001,
1110011110101110,
1110011111100011,
1110100000011000,
1110100001001110,
1110100010000100,
1110100010111010,
1110100011110000,
1110100100100110,
1110100101011100,
1110100110010010,
1110100111001001,
1110101000000000,
1110101000110111,
1110101001101110,
1110101010100101,
1110101011011100,
1110101100010011,
1110101101001011,
1110101110000010,
1110101110111010,
1110101111110010,
1110110000101010,
1110110001100010,
1110110010011010,
1110110011010011,
1110110100001011,
1110110101000100,
1110110101111101,
1110110110110101,
1110110111101110,
1110111000100111,
1110111001100001,
1110111010011010,
1110111011010011,
1110111100001101,
1110111101000110,
1110111110000000,
1110111110111010,
1110111111110100,
1111000000101110,
1111000001101000,
1111000010100010,
1111000011011100,
1111000100010111,
1111000101010001,
1111000110001100,
1111000111000110,
1111001000000001,
1111001000111100,
1111001001110111,
1111001010110010,
1111001011101101,
1111001100101000,
1111001101100011,
1111001110011111,
1111001111011010,
1111010000010110,
1111010001010001,
1111010010001101,
1111010011001000,
1111010100000100,
1111010101000000,
1111010101111100,
1111010110111000,
1111010111110100,
1111011000110000,
1111011001101100,
1111011010101000,
1111011011100100,
1111011100100001,
1111011101011101,
1111011110011010,
1111011111010110,
1111100000010011,
1111100001001111,
1111100010001100,
1111100011001000,
1111100100000101,
1111100101000010,
1111100101111111,
1111100110111011,
1111100111111000,
1111101000110101,
1111101001110010,
1111101010101111,
1111101011101100,
1111101100101001,
1111101101100110,
1111101110100011,
1111101111100001,
1111110000011110,
1111110001011011,
1111110010011000,
1111110011010101,
1111110100010011,
1111110101010000,
1111110110001101,
1111110111001010,
1111111000001000,
1111111001000101,
1111111010000010,
1111111011000000,
1111111011111101,
1111111100111010,
1111111101111000,
1111111110110101,
1111111111110010,
0000000000110000,
0000000001101101,
0000000010101010,
0000000011101000,
0000000100100101,
0000000101100010,
0000000110100000,
0000000111011101,
0000001000011010,
0000001001011000,
0000001010010101,
0000001011010010,
0000001100010000,
0000001101001101,
0000001110001010,
0000001111000111,
0000010000000100,
0000010001000001,
0000010001111111,
0000010010111100,
0000010011111001,
0000010100110110,
0000010101110011,
0000010110110000,
0000010111101101,
0000011000101001,
0000011001100110,
0000011010100011,
0000011011100000,
0000011100011101,
0000011101011001,
0000011110010110,
0000011111010011,
0000100000001111,
0000100001001100,
0000100010001000,
0000100011000100,
0000100100000001,
0000100100111101,
0000100101111001,
0000100110110101,
0000100111110010,
0000101000101110,
0000101001101010,
0000101010100101,
0000101011100001,
0000101100011101,
0000101101011001,
0000101110010100,
0000101111010000,
0000110000001100,
0000110001000111,
0000110010000010,
0000110010111110,
0000110011111001,
0000110100110100,
0000110101101111,
0000110110101010,
0000110111100101,
0000111000100000,
0000111001011010,
0000111010010101,
0000111011001111,
0000111100001010,
0000111101000100,
0000111101111110,
0000111110111000,
0000111111110010,
0001000000101100,
0001000001100110,
0001000010100000,
0001000011011010,
0001000100010011,
0001000101001101,
0001000110000110,
0001000110111111,
0001000111111000,
0001001000110001,
0001001001101010,
0001001010100011,
0001001011011100,
0001001100010100,
0001001101001101,
0001001110000101,
0001001110111101,
0001001111110101,
0001010000101101,
0001010001100101,
0001010010011101,
0001010011010100,
0001010100001100,
0001010101000011,
0001010101111010,
0001010110110001,
0001010111101000,
0001011000011111,
0001011001010101,
0001011010001100,
0001011011000010,
0001011011111000,
0001011100101111,
0001011101100100,
0001011110011010,
0001011111010000,
0001100000000101,
0001100000111011,
0001100001110000,
0001100010100101,
0001100011011010,
0001100100001111,
0001100101000011,
0001100101111000,
0001100110101100,
0001100111100000,
0001101000010100,
0001101001001000,
0001101001111011,
0001101010101111,
0001101011100010,
0001101100010101,
0001101101001000,
0001101101111011,
0001101110101110,
0001101111100000,
0001110000010010,
0001110001000101,
0001110001110111,
0001110010101000,
0001110011011010,
0001110100001011,
0001110100111101,
0001110101101110,
0001110110011110,
0001110111001111,
0001111000000000,
0001111000110000,
0001111001100000,
0001111010010000,
0001111011000000,
0001111011101111,
0001111100011111,
0001111101001110,
0001111101111101,
0001111110101100,
0001111111011010,
0010000000001001,
0010000000110111,
0010000001100101,
0010000010010011,
0010000011000000,
0010000011101110,
0010000100011011,
0010000101001000,
0010000101110101,
0010000110100001,
0010000111001110,
0010000111111010,
0010001000100110,
0010001001010010,
0010001001111101,
0010001010101001,
0010001011010100,
0010001011111111,
0010001100101001,
0010001101010100,
0010001101111110,
0010001110101000,
0010001111010010,
0010001111111011,
0010010000100101,
0010010001001110,
0010010001110111,
0010010010011111,
0010010011001000,
0010010011110000,
0010010100011000,
0010010101000000,
0010010101101000,
0010010110001111,
0010010110110110,
0010010111011101,
0010011000000011,
0010011000101010,
0010011001010000,
0010011001110110,
0010011010011100,
0010011011000001,
0010011011100110,
0010011100001011,
0010011100110000,
0010011101010100,
0010011101111001,
0010011110011101,
0010011111000000,
0010011111100100,
0010100000000111,
0010100000101010,
0010100001001101,
0010100001110000,
0010100010010010,
0010100010110100,
0010100011010110,
0010100011110111,
0010100100011000,
0010100100111001,
0010100101011010,
0010100101111011,
0010100110011011,
0010100110111011,
0010100111011011,
0010100111111010,
0010101000011001,
0010101000111000,
0010101001010111,
0010101001110101,
0010101010010100,
0010101010110001,
0010101011001111,
0010101011101100,
0010101100001010,
0010101100100110,
0010101101000011,
0010101101011111,
0010101101111011,
0010101110010111,
0010101110110011,
0010101111001110,
0010101111101001,
0010110000000100,
0010110000011110,
0010110000111000,
0010110001010010,
0010110001101100,
0010110010000101,
0010110010011110,
0010110010110111,
0010110011001111,
0010110011101000,
0010110100000000,
0010110100010111,
0010110100101111,
0010110101000110,
0010110101011101,
0010110101110011,
0010110110001001,
0010110110100000,
0010110110110101,
0010110111001011,
0010110111100000,
0010110111110101,
0010111000001001,
0010111000011110,
0010111000110010,
0010111001000101,
0010111001011001,
0010111001101100,
0010111001111111,
0010111010010001,
0010111010100100,
0010111010110110,
0010111011001000,
0010111011011001,
0010111011101010,
0010111011111011,
0010111100001100,
0010111100011100,
0010111100101100,
0010111100111100,
0010111101001011,
0010111101011010,
0010111101101001,
0010111101110111,
0010111110000110,
0010111110010100,
0010111110100001,
0010111110101111,
0010111110111100,
0010111111001000,
0010111111010101,
0010111111100001,
0010111111101101,
0010111111111001,
0011000000000100,
0011000000001111,
0011000000011010,
0011000000100100,
0011000000101110,
0011000000111000,
0011000001000001,
0011000001001011,
0011000001010100,
0011000001011100,
0011000001100101,
0011000001101101,
0011000001110100,
0011000001111100,
0011000010000011,
0011000010001010,
0011000010010000,
0011000010010110,
0011000010011100,
0011000010100010,
0011000010100111,
0011000010101100,
0011000010110001,
0011000010110110,
0011000010111010,
0011000010111110,
0011000011000001,
0011000011000100,
0011000011000111,
0011000011001010,
0011000011001100,
0011000011001110,
0011000011010000,
0011000011010001,
0011000011010010,
0011000011010011,
0011000011010100,
0011000011010100,
0011000011010100,
0011000011010100,
0011000011010011,
0011000011010010,
0011000011010001,
0011000011001111,
0011000011001101,
0011000011001011,
0011000011001000,
0011000011000110,
0011000011000011,
0011000010111111,
0011000010111011,
0011000010110111,
0011000010110011,
0011000010101111,
0011000010101010,
0011000010100100,
0011000010011111,
0011000010011001,
0011000010010011,
0011000010001101,
0011000010000110,
0011000001111111,
0011000001111000,
0011000001110000,
0011000001101000,
0011000001100000,
0011000001010111,
0011000001001111,
0011000001000110,
0011000000111100,
0011000000110011,
0011000000101001,
0011000000011110,
0011000000010100,
0011000000001001,
0010111111111110,
0010111111110010,
0010111111100110,
0010111111011010,
0010111111001110,
0010111111000001,
0010111110110100,
0010111110100111,
0010111110011010,
0010111110001100,
0010111101111110,
0010111101101111,
0010111101100001,
0010111101010010,
0010111101000010,
0010111100110011,
0010111100100011,
0010111100010011,
0010111100000010,
0010111011110010,
0010111011100001,
0010111011001111,
0010111010111110,
0010111010101100,
0010111010011010,
0010111010000111,
0010111001110100,
0010111001100001,
0010111001001110,
0010111000111010,
0010111000100111,
0010111000010010,
0010110111111110,
0010110111101001,
0010110111010100,
0010110110111111,
0010110110101001,
0010110110010011,
0010110101111101,
0010110101100111,
0010110101010000,
0010110100111001,
0010110100100010,
0010110100001010,
0010110011110010,
0010110011011010,
0010110011000010,
0010110010101001,
0010110010010000,
0010110001110111,
0010110001011101,
0010110001000100,
0010110000101010,
0010110000001111,
0010101111110101,
0010101111011010,
0010101110111111,
0010101110100011,
0010101110001000,
0010101101101100,
0010101101010000,
0010101100110011,
0010101100010110,
0010101011111001,
0010101011011100,
0010101010111111,
0010101010100001,
0010101010000011,
0010101001100100,
0010101001000110,
0010101000100111,
0010101000001000,
0010100111101001,
0010100111001001,
0010100110101001,
0010100110001001,
0010100101101001,
0010100101001000,
0010100100100111,
0010100100000110,
0010100011100101,
0010100011000011,
0010100010100001,
0010100001111111,
0010100001011100,
0010100000111010,
0010100000010111,
0010011111110100,
0010011111010000,
0010011110101101,
0010011110001001,
0010011101100101,
0010011101000000,
0010011100011100,
0010011011110111,
0010011011010010,
0010011010101100,
0010011010000111,
0010011001100001,
0010011000111011,
0010011000010101,
0010010111101110,
0010010111000111,
0010010110100000,
0010010101111001,
0010010101010010,
0010010100101010,
0010010100000010,
0010010011011010,
0010010010110010,
0010010010001001,
0010010001100000,
0010010000110111,
0010010000001110,
0010001111100100,
0010001110111011,
0010001110010001,
0010001101100110,
0010001100111100,
0010001100010010,
0010001011100111,
0010001010111100,
0010001010010000,
0010001001100101,
0010001000111001,
0010001000001101,
0010000111100001,
0010000110110101,
0010000110001001,
0010000101011100,
0010000100101111,
0010000100000010,
0010000011010101,
0010000010100111,
0010000001111001,
0010000001001011,
0010000000011101,
0001111111101111,
0001111111000000,
0001111110010010,
0001111101100011,
0001111100110100,
0001111100000100,
0001111011010101,
0001111010100101,
0001111001110101,
0001111001000101,
0001111000010101,
0001110111100101,
0001110110110100,
0001110110000011,
0001110101010010,
0001110100100001,
0001110011110000,
0001110010111110,
0001110010001101,
0001110001011011,
0001110000101001,
0001101111110111,
0001101111000100,
0001101110010010,
0001101101011111,
0001101100101100,
0001101011111001,
0001101011000110,
0001101010010010,
0001101001011111,
0001101000101011,
0001100111110111,
0001100111000011,
0001100110001111,
0001100101011010,
0001100100100110,
0001100011110001,
0001100010111100,
0001100010000111,
0001100001010010,
0001100000011101,
0001011111101000,
0001011110110010,
0001011101111100,
0001011101000110,
0001011100010000,
0001011011011010,
0001011010100100,
0001011001101110,
0001011000110111,
0001011000000000,
0001010111001001,
0001010110010010,
0001010101011011,
0001010100100100,
0001010011101101,
0001010010110101,
0001010001111110,
0001010001000110,
0001010000001110,
0001001111010110,
0001001110011110,
0001001101100110,
0001001100101101,
0001001011110101,
0001001010111100,
0001001010000011,
0001001001001011,
0001001000010010,
0001000111011001,
0001000110011111,
0001000101100110,
0001000100101101,
0001000011110011,
0001000010111010,
0001000010000000,
0001000001000110,
0001000000001100,
0000111111010010,
0000111110011000,
0000111101011110,
0000111100100100,
0000111011101001,
0000111010101111,
0000111001110100,
0000111000111010,
0000110111111111,
0000110111000100,
0000110110001001,
0000110101001110,
0000110100010011,
0000110011011000,
0000110010011101,
0000110001100001,
0000110000100110,
0000101111101010,
0000101110101111,
0000101101110011,
0000101100111000,
0000101011111100,
0000101011000000,
0000101010000100,
0000101001001000,
0000101000001100,
0000100111010000,
0000100110010100,
0000100101011000,
0000100100011100,
0000100011011111,
0000100010100011,
0000100001100110,
0000100000101010,
0000011111101101,
0000011110110001,
0000011101110100,
0000011100111000,
0000011011111011,
0000011010111110,
0000011010000001,
0000011001000101,
0000011000001000,
0000010111001011,
0000010110001110,
0000010101010001,
0000010100010100,
0000010011010111,
0000010010011010,
0000010001011101,
0000010000011111,
0000001111100010,
0000001110100101,
0000001101101000,
0000001100101011,
0000001011101101,
0000001010110000,
0000001001110011,
0000001000110110,
0000000111111000,
0000000110111011,
0000000101111110,
0000000101000000,
0000000100000011,
0000000011000110,
0000000010001000,
0000000001001011,
0000000000001110,
1111111111010000,
1111111110010011,
1111111101010110,
1111111100011000,
1111111011011011,
1111111010011110,
1111111001100000,
1111111000100011,
1111110111100110,
1111110110101000,
1111110101101011,
1111110100101110,
1111110011110000,
1111110010110011,
1111110001110110,
1111110000111001,
1111101111111100,
1111101110111111,
1111101110000001,
1111101101000100,
1111101100000111,
1111101011001010,
1111101010001101,
1111101001010000,
1111101000010011,
1111100111010111,
1111100110011010,
1111100101011101,
1111100100100000,
1111100011100011,
1111100010100111,
1111100001101010,
1111100000101101,
1111011111110001,
1111011110110100,
1111011101111000,
1111011100111100,
1111011011111111,
1111011011000011,
1111011010000111,
1111011001001011,
1111011000001110,
1111010111010010,
1111010110010110,
1111010101011011,
1111010100011111,
1111010011100011,
1111010010100111,
1111010001101100,
1111010000110000,
1111001111110100,
1111001110111001,
1111001101111110,
1111001101000010,
1111001100000111,
1111001011001100,
1111001010010001,
1111001001010110,
1111001000011011,
1111000111100000,
1111000110100110,
1111000101101011,
1111000100110001,
1111000011110110,
1111000010111100,
1111000010000010,
1111000001001000,
1111000000001110,
1110111111010100,
1110111110011010,
1110111101100000,
1110111100100110,
1110111011101101,
1110111010110011,
1110111001111010,
1110111001000001,
1110111000001000,
1110110111001111,
1110110110010110,
1110110101011101,
1110110100100100,
1110110011101100,
1110110010110011,
1110110001111011,
1110110001000011,
1110110000001011,
1110101111010011,
1110101110011011,
1110101101100011,
1110101100101100,
1110101011110100,
1110101010111101,
1110101010000110,
1110101001001111,
1110101000011000,
1110100111100001,
1110100110101011,
1110100101110100,
1110100100111110,
1110100100001000,
1110100011010001,
1110100010011100,
1110100001100110,
1110100000110000,
1110011111111011,
1110011111000101,
1110011110010000,
1110011101011011,
1110011100100110,
1110011011110001,
1110011010111101,
1110011010001000,
1110011001010100,
1110011000100000,
1110010111101100,
1110010110111000,
1110010110000101,
1110010101010001,
1110010100011110,
1110010011101011,
1110010010111000,
1110010010000101,
1110010001010010,
1110010000100000,
1110001111101110,
1110001110111011,
1110001110001001,
1110001101011000,
1110001100100110,
1110001011110101,
1110001011000011,
1110001010010010,
1110001001100010,
1110001000110001,
1110001000000000,
1110000111010000,
1110000110100000,
1110000101110000,
1110000101000000,
1110000100010001,
1110000011100001,
1110000010110010,
1110000010000011,
1110000001010100,
1110000000100110,
1101111111110111,
1101111111001001,
1101111110011011,
1101111101101101,
1101111101000000,
1101111100010010,
1101111011100101,
1101111010111000,
1101111010001011,
1101111001011111,
1101111000110010,
1101111000000110,
1101110111011010,
1101110110101110,
1101110110000011,
1101110101010111,
1101110100101100,
1101110100000001,
1101110011010111,
1101110010101100,
1101110010000010,
1101110001011000,
1101110000101110,
1101110000000101,
1101101111011011,
1101101110110010,
1101101110001001,
1101101101100001,
1101101100111000,
1101101100010000,
1101101011101000,
1101101011000000,
1101101010011000,
1101101001110001,
1101101001001010,
1101101000100011,
1101100111111101,
1101100111010110,
1101100110110000,
1101100110001010,
1101100101100100,
1101100100111111,
1101100100011010,
1101100011110101,
1101100011010000,
1101100010101100,
1101100010000111,
1101100001100011,
1101100001000000,
1101100000011100,
1101011111111001,
1101011111010110,
1101011110110011,
1101011110010000,
1101011101101110,
1101011101001100,
1101011100101010,
1101011100001001,
1101011011101000,
1101011011000111,
1101011010100110,
1101011010000101,
1101011001100101,
1101011001000101,
1101011000100101,
1101011000000110,
1101010111100111,
1101010111001000,
1101010110101001,
1101010110001011,
1101010101101100,
1101010101001111,
1101010100110001,
1101010100010100,
1101010011110110,
1101010011011010,
1101010010111101,
1101010010100001,
1101010010000101,
1101010001101001,
1101010001001101,
1101010000110010,
1101010000010111,
1101001111111100,
1101001111100010,
1101001111001000,
1101001110101110,
1101001110010100,
1101001101111011,
1101001101100010,
1101001101001001,
1101001100110001,
1101001100011000,
1101001100000000,
1101001011101001,
1101001011010001,
1101001010111010,
1101001010100011,
1101001010001101,
1101001001110111,
1101001001100000,
1101001001001011,
1101001000110101,
1101001000100000,
1101001000001011,
1101000111110111,
1101000111100010,
1101000111001110,
1101000110111011,
1101000110100111,
1101000110010100,
1101000110000001,
1101000101101111,
1101000101011100,
1101000101001010,
1101000100111000,
1101000100100111,
1101000100010110,
1101000100000101,
1101000011110100,
1101000011100100,
1101000011010100,
1101000011000100,
1101000010110101,
1101000010100110,
1101000010010111,
1101000010001001,
1101000001111010,
1101000001101100,
1101000001011111,
1101000001010001,
1101000001000100,
1101000000111000,
1101000000101011,
1101000000011111,
1101000000010011,
1101000000000111,
1100111111111100,
1100111111110001,
1100111111100110,
1100111111011100,
1100111111010010,
1100111111001000,
1100111110111111,
1100111110110101,
1100111110101100,
1100111110100100,
1100111110011011,
1100111110010011,
1100111110001100,
1100111110000100,
1100111101111101,
1100111101110110,
1100111101110000,
1100111101101010,
1100111101100100,
1100111101011110,
1100111101011001,
1100111101010100,
1100111101001111,
1100111101001010,
1100111101000110,
1100111101000010,
1100111100111111,
1100111100111100,
1100111100111001,
1100111100110110,
1100111100110100,
1100111100110010,
1100111100110000,
1100111100101111,
1100111100101110,
1100111100101101,
1100111100101100,
1100111100101100,
1100111100101100,
1100111100101100,
1100111100101101,
1100111100101110,
1100111100101111,
1100111100110001,
1100111100110011,
1100111100110101,
1100111100111000,
1100111100111010,
1100111100111101,
1100111101000001,
1100111101000101,
1100111101001001,
1100111101001101,
1100111101010001,
1100111101010110,
1100111101011100,
1100111101100001,
1100111101100111,
1100111101101101,
1100111101110011,
1100111101111010,
1100111110000001,
1100111110001000,
1100111110010000,
1100111110011000,
1100111110100000,
1100111110101001,
1100111110110001,
1100111110111010,
1100111111000100,
1100111111001101,
1100111111010111,
1100111111100010,
1100111111101100,
1100111111110111,
1101000000000010,
1101000000001110,
1101000000011010,
1101000000100110,
1101000000110010,
1101000000111111,
1101000001001100,
1101000001011001,
1101000001100110,
1101000001110100,
1101000010000010,
1101000010010001,
1101000010011111,
1101000010101110,
1101000010111110,
1101000011001101,
1101000011011101,
1101000011101101,
1101000011111110,
1101000100001110,
1101000100011111,
1101000100110001,
1101000101000010,
1101000101010100,
1101000101100110,
1101000101111001,
1101000110001100,
1101000110011111,
1101000110110010,
1101000111000110,
1101000111011001,
1101000111101110,
1101001000000010,
1101001000010111,
1101001000101100,
1101001001000001,
1101001001010111,
1101001001101101,
1101001010000011,
1101001010011001,
1101001010110000,
1101001011000111,
1101001011011110,
1101001011110110,
1101001100001110,
1101001100100110,
1101001100111110,
1101001101010111,
1101001101110000,
1101001110001001,
1101001110100011,
1101001110111100,
1101001111010110,
1101001111110001,
1101010000001011,
1101010000100110,
1101010001000001,
1101010001011101,
1101010001111000,
1101010010010100,
1101010010110000,
1101010011001101,
1101010011101010,
1101010100000111,
1101010100100100,
1101010101000001,
1101010101011111,
1101010101111101,
1101010110011100,
1101010110111010,
1101010111011001,
1101010111111000,
1101011000010111,
1101011000110111,
1101011001010111,
1101011001110111,
1101011010010111,
1101011010111000,
1101011011011001,
1101011011111010,
1101011100011011,
1101011100111101,
1101011101011111,
1101011110000001,
1101011110100100,
1101011111000110,
1101011111101001,
1101100000001100,
1101100000110000,
1101100001010011,
1101100001110111,
1101100010011011,
1101100011000000,
1101100011100100,
1101100100001001,
1101100100101110,
1101100101010100,
1101100101111001,
1101100110011111,
1101100111000101,
1101100111101011,
1101101000010010,
1101101000111001,
1101101001100000,
1101101010000111,
1101101010101110,
1101101011010110,
1101101011111110,
1101101100100110,
1101101101001110,
1101101101110111,
1101101110100000,
1101101111001001,
1101101111110010,
1101110000011100,
1101110001000101,
1101110001101111,
1101110010011010,
1101110011000100,
1101110011101110,
1101110100011001,
1101110101000100,
1101110101110000,
1101110110011011,
1101110111000111,
1101110111110011,
1101111000011111,
1101111001001011,
1101111001110111,
1101111010100100,
1101111011010001,
1101111011111110,
1101111100101011,
1101111101011001,
1101111110000111,
1101111110110101,
1101111111100011,
1110000000010001,
1110000001000000,
1110000001101110,
1110000010011101,
1110000011001100,
1110000011111100,
1110000100101011,
1110000101011011,
1110000110001011,
1110000110111011,
1110000111101011,
1110001000011011,
1110001001001100,
1110001001111101,
1110001010101110,
1110001011011111,
1110001100010000,
1110001101000010,
1110001101110011,
1110001110100101,
1110001111010111,
1110010000001001,
1110010000111100,
1110010001101110,
1110010010100001,
1110010011010100,
1110010100000111,
1110010100111010,
1110010101101110,
1110010110100001,
1110010111010101,
1110011000001001,
1110011000111101,
1110011001110001,
1110011010100110,
1110011011011010,
1110011100001111,
1110011101000100,
1110011101111001,
1110011110101110,
1110011111100011,
1110100000011000,
1110100001001110,
1110100010000100,
1110100010111010,
1110100011110000,
1110100100100110,
1110100101011100,
1110100110010010,
1110100111001001,
1110101000000000,
1110101000110111,
1110101001101110,
1110101010100101,
1110101011011100,
1110101100010011,
1110101101001011,
1110101110000010,
1110101110111010,
1110101111110010,
1110110000101010,
1110110001100010,
1110110010011010,
1110110011010011,
1110110100001011,
1110110101000100,
1110110101111101,
1110110110110101,
1110110111101110,
1110111000100111,
1110111001100001,
1110111010011010,
1110111011010011,
1110111100001101,
1110111101000110,
1110111110000000,
1110111110111010,
1110111111110100,
1111000000101110,
1111000001101000,
1111000010100010,
1111000011011100,
1111000100010111,
1111000101010001,
1111000110001100,
1111000111000110,
1111001000000001,
1111001000111100,
1111001001110111,
1111001010110010,
1111001011101101,
1111001100101000,
1111001101100011,
1111001110011111,
1111001111011010,
1111010000010110,
1111010001010001,
1111010010001101,
1111010011001000,
1111010100000100,
1111010101000000,
1111010101111100,
1111010110111000,
1111010111110100,
1111011000110000,
1111011001101100,
1111011010101000,
1111011011100100,
1111011100100001,
1111011101011101,
1111011110011010,
1111011111010110,
1111100000010011,
1111100001001111,
1111100010001100,
1111100011001000,
1111100100000101,
1111100101000010,
1111100101111111,
1111100110111011,
1111100111111000,
1111101000110101,
1111101001110010,
1111101010101111,
1111101011101100,
1111101100101001,
1111101101100110,
1111101110100011,
1111101111100001,
1111110000011110,
1111110001011011,
1111110010011000,
1111110011010101,
1111110100010011,
1111110101010000,
1111110110001101,
1111110111001010,
1111111000001000,
1111111001000101,
1111111010000010,
1111111011000000,
1111111011111101,
1111111100111010,
1111111101111000,
1111111110110101,
1111111111110010,
0000000000110000,
0000000001101101,
0000000010101010,
0000000011101000,
0000000100100101,
0000000101100010,
0000000110100000,
0000000111011101,
0000001000011010,
0000001001011000,
0000001010010101,
0000001011010010,
0000001100010000,
0000001101001101,
0000001110001010,
0000001111000111,
0000010000000100,
0000010001000001,
0000010001111111,
0000010010111100,
0000010011111001,
0000010100110110,
0000010101110011,
0000010110110000,
0000010111101101,
0000011000101001,
0000011001100110,
0000011010100011,
0000011011100000,
0000011100011101,
0000011101011001,
0000011110010110,
0000011111010011,
0000100000001111,
0000100001001100,
0000100010001000,
0000100011000100,
0000100100000001,
0000100100111101,
0000100101111001,
0000100110110101,
0000100111110010,
0000101000101110,
0000101001101010,
0000101010100101,
0000101011100001,
0000101100011101,
0000101101011001,
0000101110010100,
0000101111010000,
0000110000001100,
0000110001000111,
0000110010000010,
0000110010111110,
0000110011111001,
0000110100110100,
0000110101101111,
0000110110101010,
0000110111100101,
0000111000100000,
0000111001011010,
0000111010010101,
0000111011001111,
0000111100001010,
0000111101000100,
0000111101111110,
0000111110111000,
0000111111110010,
0001000000101100,
0001000001100110,
0001000010100000,
0001000011011010,
0001000100010011,
0001000101001101,
0001000110000110,
0001000110111111,
0001000111111000,
0001001000110001,
0001001001101010,
0001001010100011,
0001001011011100,
0001001100010100,
0001001101001101,
0001001110000101,
0001001110111101,
0001001111110101,
0001010000101101,
0001010001100101,
0001010010011101,
0001010011010100,
0001010100001100,
0001010101000011,
0001010101111010,
0001010110110001,
0001010111101000,
0001011000011111,
0001011001010101,
0001011010001100,
0001011011000010,
0001011011111000,
0001011100101111,
0001011101100100,
0001011110011010,
0001011111010000,
0001100000000101,
0001100000111011,
0001100001110000,
0001100010100101,
0001100011011010,
0001100100001111,
0001100101000011,
0001100101111000,
0001100110101100,
0001100111100000,
0001101000010100,
0001101001001000,
0001101001111011,
0001101010101111,
0001101011100010,
0001101100010101,
0001101101001000,
0001101101111011,
0001101110101110,
0001101111100000,
0001110000010010,
0001110001000101,
0001110001110111,
0001110010101000,
0001110011011010,
0001110100001011,
0001110100111101,
0001110101101110,
0001110110011110,
0001110111001111,
0001111000000000,
0001111000110000,
0001111001100000,
0001111010010000,
0001111011000000,
0001111011101111,
0001111100011111,
0001111101001110,
0001111101111101,
0001111110101100,
0001111111011010,
0010000000001001,
0010000000110111,
0010000001100101,
0010000010010011,
0010000011000000,
0010000011101110,
0010000100011011,
0010000101001000,
0010000101110101,
0010000110100001,
0010000111001110,
0010000111111010,
0010001000100110,
0010001001010010,
0010001001111101,
0010001010101001,
0010001011010100,
0010001011111111,
0010001100101001,
0010001101010100,
0010001101111110,
0010001110101000,
0010001111010010,
0010001111111011,
0010010000100101,
0010010001001110,
0010010001110111,
0010010010011111,
0010010011001000,
0010010011110000,
0010010100011000,
0010010101000000,
0010010101101000,
0010010110001111,
0010010110110110,
0010010111011101,
0010011000000011,
0010011000101010,
0010011001010000,
0010011001110110,
0010011010011100,
0010011011000001,
0010011011100110,
0010011100001011,
0010011100110000,
0010011101010100,
0010011101111001,
0010011110011101,
0010011111000000,
0010011111100100,
0010100000000111,
0010100000101010,
0010100001001101,
0010100001110000,
0010100010010010,
0010100010110100,
0010100011010110,
0010100011110111,
0010100100011000,
0010100100111001,
0010100101011010,
0010100101111011,
0010100110011011,
0010100110111011,
0010100111011011,
0010100111111010,
0010101000011001,
0010101000111000,
0010101001010111,
0010101001110101,
0010101010010100,
0010101010110001,
0010101011001111,
0010101011101100,
0010101100001010,
0010101100100110,
0010101101000011,
0010101101011111,
0010101101111011,
0010101110010111,
0010101110110011,
0010101111001110,
0010101111101001,
0010110000000100,
0010110000011110,
0010110000111000,
0010110001010010,
0010110001101100,
0010110010000101,
0010110010011110,
0010110010110111,
0010110011001111,
0010110011101000,
0010110100000000,
0010110100010111,
0010110100101111,
0010110101000110,
0010110101011101,
0010110101110011,
0010110110001001,
0010110110100000,
0010110110110101,
0010110111001011,
0010110111100000,
0010110111110101,
0010111000001001,
0010111000011110,
0010111000110010,
0010111001000101,
0010111001011001,
0010111001101100,
0010111001111111,
0010111010010001,
0010111010100100,
0010111010110110,
0010111011001000,
0010111011011001,
0010111011101010,
0010111011111011,
0010111100001100,
0010111100011100,
0010111100101100,
0010111100111100,
0010111101001011,
0010111101011010,
0010111101101001,
0010111101110111,
0010111110000110,
0010111110010100,
0010111110100001,
0010111110101111,
0010111110111100,
0010111111001000,
0010111111010101,
0010111111100001,
0010111111101101,
0010111111111001,
0011000000000100,
0011000000001111,
0011000000011010,
0011000000100100,
0011000000101110,
0011000000111000,
0011000001000001,
0011000001001011,
0011000001010100,
0011000001011100,
0011000001100101,
0011000001101101,
0011000001110100,
0011000001111100,
0011000010000011,
0011000010001010,
0011000010010000,
0011000010010110,
0011000010011100,
0011000010100010,
0011000010100111,
0011000010101100,
0011000010110001,
0011000010110110,
0011000010111010,
0011000010111110,
0011000011000001,
0011000011000100,
0011000011000111,
0011000011001010,
0011000011001100,
0011000011001110,
0011000011010000,
0011000011010001,
0011000011010010,
0011000011010011,
0011000011010100,
0011000011010100,
0011000011010100,
0011000011010100,
0011000011010011,
0011000011010010,
0011000011010001,
0011000011001111,
0011000011001101,
0011000011001011,
0011000011001000,
0011000011000110,
0011000011000011,
0011000010111111,
0011000010111011,
0011000010110111,
0011000010110011,
0011000010101111,
0011000010101010,
0011000010100100,
0011000010011111,
0011000010011001,
0011000010010011,
0011000010001101,
0011000010000110,
0011000001111111,
0011000001111000,
0011000001110000,
0011000001101000,
0011000001100000,
0011000001010111,
0011000001001111,
0011000001000110,
0011000000111100,
0011000000110011,
0011000000101001,
0011000000011110,
0011000000010100,
0011000000001001,
0010111111111110,
0010111111110010,
0010111111100110,
0010111111011010,
0010111111001110,
0010111111000001,
0010111110110100,
0010111110100111,
0010111110011010,
0010111110001100,
0010111101111110,
0010111101101111,
0010111101100001,
0010111101010010,
0010111101000010,
0010111100110011,
0010111100100011,
0010111100010011,
0010111100000010,
0010111011110010,
0010111011100001,
0010111011001111,
0010111010111110,
0010111010101100,
0010111010011010,
0010111010000111,
0010111001110100,
0010111001100001,
0010111001001110,
0010111000111010,
0010111000100111,
0010111000010010,
0010110111111110,
0010110111101001,
0010110111010100,
0010110110111111,
0010110110101001,
0010110110010011,
0010110101111101,
0010110101100111,
0010110101010000,
0010110100111001,
0010110100100010,
0010110100001010,
0010110011110010,
0010110011011010,
0010110011000010,
0010110010101001,
0010110010010000,
0010110001110111,
0010110001011101,
0010110001000100,
0010110000101010,
0010110000001111,
0010101111110101,
0010101111011010,
0010101110111111,
0010101110100011,
0010101110001000,
0010101101101100,
0010101101010000,
0010101100110011,
0010101100010110,
0010101011111001,
0010101011011100,
0010101010111111,
0010101010100001,
0010101010000011,
0010101001100100,
0010101001000110,
0010101000100111,
0010101000001000,
0010100111101001,
0010100111001001,
0010100110101001,
0010100110001001,
0010100101101001,
0010100101001000,
0010100100100111,
0010100100000110,
0010100011100101,
0010100011000011,
0010100010100001,
0010100001111111,
0010100001011100,
0010100000111010,
0010100000010111,
0010011111110100,
0010011111010000,
0010011110101101,
0010011110001001,
0010011101100101,
0010011101000000,
0010011100011100,
0010011011110111,
0010011011010010,
0010011010101100,
0010011010000111,
0010011001100001,
0010011000111011,
0010011000010101,
0010010111101110,
0010010111000111,
0010010110100000,
0010010101111001,
0010010101010010,
0010010100101010,
0010010100000010,
0010010011011010,
0010010010110010,
0010010010001001,
0010010001100000,
0010010000110111,
0010010000001110,
0010001111100100,
0010001110111011,
0010001110010001,
0010001101100110,
0010001100111100,
0010001100010010,
0010001011100111,
0010001010111100,
0010001010010000,
0010001001100101,
0010001000111001,
0010001000001101,
0010000111100001,
0010000110110101,
0010000110001001,
0010000101011100,
0010000100101111,
0010000100000010,
0010000011010101,
0010000010100111,
0010000001111001,
0010000001001011,
0010000000011101,
0001111111101111,
0001111111000000,
0001111110010010,
0001111101100011,
0001111100110100,
0001111100000100,
0001111011010101,
0001111010100101,
0001111001110101,
0001111001000101,
0001111000010101,
0001110111100101,
0001110110110100,
0001110110000011,
0001110101010010,
0001110100100001,
0001110011110000,
0001110010111110,
0001110010001101,
0001110001011011,
0001110000101001,
0001101111110111,
0001101111000100,
0001101110010010,
0001101101011111,
0001101100101100,
0001101011111001,
0001101011000110,
0001101010010010,
0001101001011111,
0001101000101011,
0001100111110111,
0001100111000011,
0001100110001111,
0001100101011010,
0001100100100110,
0001100011110001,
0001100010111100,
0001100010000111,
0001100001010010,
0001100000011101,
0001011111101000,
0001011110110010,
0001011101111100,
0001011101000110,
0001011100010000,
0001011011011010,
0001011010100100,
0001011001101110,
0001011000110111,
0001011000000000,
0001010111001001,
0001010110010010,
0001010101011011,
0001010100100100,
0001010011101101,
0001010010110101,
0001010001111110,
0001010001000110,
0001010000001110,
0001001111010110,
0001001110011110,
0001001101100110,
0001001100101101,
0001001011110101,
0001001010111100,
0001001010000011,
0001001001001011,
0001001000010010,
0001000111011001,
0001000110011111,
0001000101100110,
0001000100101101,
0001000011110011,
0001000010111010,
0001000010000000,
0001000001000110,
0001000000001100,
0000111111010010,
0000111110011000,
0000111101011110,
0000111100100100,
0000111011101001,
0000111010101111,
0000111001110100,
0000111000111010,
0000110111111111,
0000110111000100,
0000110110001001,
0000110101001110,
0000110100010011,
0000110011011000,
0000110010011101,
0000110001100001,
0000110000100110,
0000101111101010,
0000101110101111,
0000101101110011,
0000101100111000,
0000101011111100,
0000101011000000,
0000101010000100,
0000101001001000,
0000101000001100,
0000100111010000,
0000100110010100,
0000100101011000,
0000100100011100,
0000100011011111,
0000100010100011,
0000100001100110,
0000100000101010,
0000011111101101,
0000011110110001,
0000011101110100,
0000011100111000,
0000011011111011,
0000011010111110,
0000011010000001,
0000011001000101,
0000011000001000,
0000010111001011,
0000010110001110,
0000010101010001,
0000010100010100,
0000010011010111,
0000010010011010,
0000010001011101,
0000010000011111,
0000001111100010,
0000001110100101,
0000001101101000,
0000001100101011,
0000001011101101,
0000001010110000,
0000001001110011,
0000001000110110,
0000000111111000,
0000000110111011,
0000000101111110,
0000000101000000,
0000000100000011,
0000000011000110,
0000000010001000,
0000000001001011,
0000000000001110,
1111111111010000,
1111111110010011,
1111111101010110,
1111111100011000,
1111111011011011,
1111111010011110,
1111111001100000,
1111111000100011,
1111110111100110,
1111110110101000,
1111110101101011,
1111110100101110,
1111110011110000,
1111110010110011,
1111110001110110,
1111110000111001,
1111101111111100,
1111101110111111,
1111101110000001,
1111101101000100,
1111101100000111,
1111101011001010,
1111101010001101,
1111101001010000,
1111101000010011,
1111100111010111,
1111100110011010,
1111100101011101,
1111100100100000,
1111100011100011,
1111100010100111,
1111100001101010,
1111100000101101,
1111011111110001,
1111011110110100,
1111011101111000,
1111011100111100,
1111011011111111,
1111011011000011,
1111011010000111,
1111011001001011,
1111011000001110,
1111010111010010,
1111010110010110,
1111010101011011,
1111010100011111,
1111010011100011,
1111010010100111,
1111010001101100,
1111010000110000,
1111001111110100,
1111001110111001,
1111001101111110,
1111001101000010,
1111001100000111,
1111001011001100,
1111001010010001,
1111001001010110,
1111001000011011,
1111000111100000,
1111000110100110,
1111000101101011,
1111000100110001,
1111000011110110,
1111000010111100,
1111000010000010,
1111000001001000,
1111000000001110,
1110111111010100,
1110111110011010,
1110111101100000,
1110111100100110,
1110111011101101,
1110111010110011,
1110111001111010,
1110111001000001,
1110111000001000,
1110110111001111,
1110110110010110,
1110110101011101,
1110110100100100,
1110110011101100,
1110110010110011,
1110110001111011,
1110110001000011,
1110110000001011,
1110101111010011,
1110101110011011,
1110101101100011,
1110101100101100,
1110101011110100,
1110101010111101,
1110101010000110,
1110101001001111,
1110101000011000,
1110100111100001,
1110100110101011,
1110100101110100,
1110100100111110,
1110100100001000,
1110100011010001,
1110100010011100,
1110100001100110,
1110100000110000,
1110011111111011,
1110011111000101,
1110011110010000,
1110011101011011,
1110011100100110,
1110011011110001,
1110011010111101,
1110011010001000,
1110011001010100,
1110011000100000,
1110010111101100,
1110010110111000,
1110010110000101,
1110010101010001,
1110010100011110,
1110010011101011,
1110010010111000,
1110010010000101,
1110010001010010,
1110010000100000,
1110001111101110,
1110001110111011,
1110001110001001,
1110001101011000,
1110001100100110,
1110001011110101,
1110001011000011,
1110001010010010,
1110001001100010,
1110001000110001,
1110001000000000,
1110000111010000,
1110000110100000,
1110000101110000,
1110000101000000,
1110000100010001,
1110000011100001,
1110000010110010,
1110000010000011,
1110000001010100,
1110000000100110,
1101111111110111,
1101111111001001,
1101111110011011,
1101111101101101,
1101111101000000,
1101111100010010,
1101111011100101,
1101111010111000,
1101111010001011,
1101111001011111,
1101111000110010,
1101111000000110,
1101110111011010,
1101110110101110,
1101110110000011,
1101110101010111,
1101110100101100,
1101110100000001,
1101110011010111,
1101110010101100,
1101110010000010,
1101110001011000,
1101110000101110,
1101110000000101,
1101101111011011,
1101101110110010,
1101101110001001,
1101101101100001,
1101101100111000,
1101101100010000,
1101101011101000,
1101101011000000,
1101101010011000,
1101101001110001,
1101101001001010,
1101101000100011,
1101100111111101,
1101100111010110,
1101100110110000,
1101100110001010,
1101100101100100,
1101100100111111,
1101100100011010,
1101100011110101,
1101100011010000,
1101100010101100,
1101100010000111,
1101100001100011,
1101100001000000,
1101100000011100,
1101011111111001,
1101011111010110,
1101011110110011,
1101011110010000,
1101011101101110,
1101011101001100,
1101011100101010,
1101011100001001,
1101011011101000,
1101011011000111,
1101011010100110,
1101011010000101,
1101011001100101,
1101011001000101,
1101011000100101,
1101011000000110,
1101010111100111,
1101010111001000,
1101010110101001,
1101010110001011,
1101010101101100,
1101010101001111,
1101010100110001,
1101010100010100,
1101010011110110,
1101010011011010,
1101010010111101,
1101010010100001,
1101010010000101,
1101010001101001,
1101010001001101,
1101010000110010,
1101010000010111,
1101001111111100,
1101001111100010,
1101001111001000,
1101001110101110,
1101001110010100,
1101001101111011,
1101001101100010,
1101001101001001,
1101001100110001,
1101001100011000,
1101001100000000,
1101001011101001,
1101001011010001,
1101001010111010,
1101001010100011,
1101001010001101,
1101001001110111,
1101001001100000,
1101001001001011,
1101001000110101,
1101001000100000,
1101001000001011,
1101000111110111,
1101000111100010,
1101000111001110,
1101000110111011,
1101000110100111,
1101000110010100,
1101000110000001,
1101000101101111,
1101000101011100,
1101000101001010,
1101000100111000,
1101000100100111,
1101000100010110,
1101000100000101,
1101000011110100,
1101000011100100,
1101000011010100,
1101000011000100,
1101000010110101,
1101000010100110,
1101000010010111,
1101000010001001,
1101000001111010,
1101000001101100,
1101000001011111,
1101000001010001,
1101000001000100,
1101000000111000,
1101000000101011,
1101000000011111,
1101000000010011,
1101000000000111,
1100111111111100,
1100111111110001,
1100111111100110,
1100111111011100,
1100111111010010,
1100111111001000,
1100111110111111,
1100111110110101,
1100111110101100,
1100111110100100,
1100111110011011,
1100111110010011,
1100111110001100,
1100111110000100,
1100111101111101,
1100111101110110,
1100111101110000,
1100111101101010,
1100111101100100,
1100111101011110,
1100111101011001,
1100111101010100,
1100111101001111,
1100111101001010,
1100111101000110,
1100111101000010,
1100111100111111,
1100111100111100,
1100111100111001,
1100111100110110,
1100111100110100,
1100111100110010,
1100111100110000,
1100111100101111,
1100111100101110,
1100111100101101,
1100111100101100,
1100111100101100,
1100111100101100,
1100111100101100,
1100111100101101,
1100111100101110,
1100111100101111,
1100111100110001,
1100111100110011,
1100111100110101,
1100111100111000,
1100111100111010,
1100111100111101,
1100111101000001,
1100111101000101,
1100111101001001,
1100111101001101,
1100111101010001,
1100111101010110,
1100111101011100,
1100111101100001,
1100111101100111,
1100111101101101,
1100111101110011,
1100111101111010,
1100111110000001,
1100111110001000,
1100111110010000,
1100111110011000,
1100111110100000,
1100111110101001,
1100111110110001,
1100111110111010,
1100111111000100,
1100111111001101,
1100111111010111,
1100111111100010,
1100111111101100,
1100111111110111,
1101000000000010,
1101000000001110,
1101000000011010,
1101000000100110,
1101000000110010,
1101000000111111,
1101000001001100,
1101000001011001,
1101000001100110,
1101000001110100,
1101000010000010,
1101000010010001,
1101000010011111,
1101000010101110,
1101000010111110,
1101000011001101,
1101000011011101,
1101000011101101,
1101000011111110,
1101000100001110,
1101000100011111,
1101000100110001,
1101000101000010,
1101000101010100,
1101000101100110,
1101000101111001,
1101000110001100,
1101000110011111,
1101000110110010,
1101000111000110,
1101000111011001,
1101000111101110,
1101001000000010,
1101001000010111,
1101001000101100,
1101001001000001,
1101001001010111,
1101001001101101,
1101001010000011,
1101001010011001,
1101001010110000,
1101001011000111,
1101001011011110,
1101001011110110,
1101001100001110,
1101001100100110,
1101001100111110,
1101001101010111,
1101001101110000,
1101001110001001,
1101001110100011,
1101001110111100,
1101001111010110,
1101001111110001,
1101010000001011,
1101010000100110,
1101010001000001,
1101010001011101,
1101010001111000,
1101010010010100,
1101010010110000,
1101010011001101,
1101010011101010,
1101010100000111,
1101010100100100,
1101010101000001,
1101010101011111,
1101010101111101,
1101010110011100,
1101010110111010,
1101010111011001,
1101010111111000,
1101011000010111,
1101011000110111,
1101011001010111,
1101011001110111,
1101011010010111,
1101011010111000,
1101011011011001,
1101011011111010,
1101011100011011,
1101011100111101,
1101011101011111,
1101011110000001,
1101011110100100,
1101011111000110,
1101011111101001,
1101100000001100,
1101100000110000,
1101100001010011,
1101100001110111,
1101100010011011,
1101100011000000,
1101100011100100,
1101100100001001,
1101100100101110,
1101100101010100,
1101100101111001,
1101100110011111,
1101100111000101,
1101100111101011,
1101101000010010,
1101101000111001,
1101101001100000,
1101101010000111,
1101101010101110,
1101101011010110,
1101101011111110,
1101101100100110,
1101101101001110,
1101101101110111,
1101101110100000,
1101101111001001,
1101101111110010,
1101110000011100,
1101110001000101,
1101110001101111,
1101110010011010,
1101110011000100,
1101110011101110,
1101110100011001,
1101110101000100,
1101110101110000,
1101110110011011,
1101110111000111,
1101110111110011,
1101111000011111,
1101111001001011,
1101111001110111,
1101111010100100,
1101111011010001,
1101111011111110,
1101111100101011,
1101111101011001,
1101111110000111,
1101111110110101,
1101111111100011,
1110000000010001,
1110000001000000,
1110000001101110,
1110000010011101,
1110000011001100,
1110000011111100,
1110000100101011,
1110000101011011,
1110000110001011,
1110000110111011,
1110000111101011,
1110001000011011,
1110001001001100,
1110001001111101,
1110001010101110,
1110001011011111,
1110001100010000,
1110001101000010,
1110001101110011,
1110001110100101,
1110001111010111,
1110010000001001,
1110010000111100,
1110010001101110,
1110010010100001,
1110010011010100,
1110010100000111,
1110010100111010,
1110010101101110,
1110010110100001,
1110010111010101,
1110011000001001,
1110011000111101,
1110011001110001,
1110011010100110,
1110011011011010,
1110011100001111,
1110011101000100,
1110011101111001,
1110011110101110,
1110011111100011,
1110100000011000,
1110100001001110,
1110100010000100,
1110100010111010,
1110100011110000,
1110100100100110,
1110100101011100,
1110100110010010,
1110100111001001,
1110101000000000,
1110101000110111,
1110101001101110,
1110101010100101,
1110101011011100,
1110101100010011,
1110101101001011,
1110101110000010,
1110101110111010,
1110101111110010,
1110110000101010,
1110110001100010,
1110110010011010,
1110110011010011,
1110110100001011,
1110110101000100,
1110110101111101,
1110110110110101,
1110110111101110,
1110111000100111,
1110111001100001,
1110111010011010,
1110111011010011,
1110111100001101,
1110111101000110,
1110111110000000,
1110111110111010,
1110111111110100,
1111000000101110,
1111000001101000,
1111000010100010,
1111000011011100,
1111000100010111,
1111000101010001,
1111000110001100,
1111000111000110,
1111001000000001,
1111001000111100,
1111001001110111,
1111001010110010,
1111001011101101,
1111001100101000,
1111001101100011,
1111001110011111,
1111001111011010,
1111010000010110,
1111010001010001,
1111010010001101,
1111010011001000,
1111010100000100,
1111010101000000,
1111010101111100,
1111010110111000,
1111010111110100,
1111011000110000,
1111011001101100,
1111011010101000,
1111011011100100,
1111011100100001,
1111011101011101,
1111011110011010,
1111011111010110,
1111100000010011,
1111100001001111,
1111100010001100,
1111100011001000,
1111100100000101,
1111100101000010,
1111100101111111,
1111100110111011,
1111100111111000,
1111101000110101,
1111101001110010,
1111101010101111,
1111101011101100,
1111101100101001,
1111101101100110,
1111101110100011,
1111101111100001,
1111110000011110,
1111110001011011,
1111110010011000,
1111110011010101,
1111110100010011,
1111110101010000,
1111110110001101,
1111110111001010,
1111111000001000,
1111111001000101,
1111111010000010,
1111111011000000,
1111111011111101,
1111111100111010,
1111111101111000,
1111111110110101,
1111111111110010,
0000000000110000,
0000000001101101,
0000000010101010,
0000000011101000,
0000000100100101,
0000000101100010,
0000000110100000,
0000000111011101,
0000001000011010,
0000001001011000,
0000001010010101,
0000001011010010,
0000001100010000,
0000001101001101,
0000001110001010,
0000001111000111,
0000010000000100,
0000010001000001,
0000010001111111,
0000010010111100,
0000010011111001,
0000010100110110,
0000010101110011,
0000010110110000,
0000010111101101,
0000011000101001,
0000011001100110,
0000011010100011,
0000011011100000,
0000011100011101,
0000011101011001,
0000011110010110,
0000011111010011,
0000100000001111,
0000100001001100,
0000100010001000,
0000100011000100,
0000100100000001,
0000100100111101,
0000100101111001,
0000100110110101,
0000100111110010,
0000101000101110,
0000101001101010,
0000101010100101,
0000101011100001,
0000101100011101,
0000101101011001,
0000101110010100,
0000101111010000,
0000110000001100,
0000110001000111,
0000110010000010,
0000110010111110,
0000110011111001,
0000110100110100,
0000110101101111,
0000110110101010,
0000110111100101,
0000111000100000,
0000111001011010,
0000111010010101,
0000111011001111,
0000111100001010,
0000111101000100,
0000111101111110,
0000111110111000,
0000111111110010,
0001000000101100,
0001000001100110,
0001000010100000,
0001000011011010,
0001000100010011,
0001000101001101,
0001000110000110,
0001000110111111,
0001000111111000,
0001001000110001,
0001001001101010,
0001001010100011,
0001001011011100,
0001001100010100,
0001001101001101,
0001001110000101,
0001001110111101,
0001001111110101,
0001010000101101,
0001010001100101,
0001010010011101,
0001010011010100,
0001010100001100,
0001010101000011,
0001010101111010,
0001010110110001,
0001010111101000,
0001011000011111,
0001011001010101,
0001011010001100,
0001011011000010,
0001011011111000,
0001011100101111,
0001011101100100,
0001011110011010,
0001011111010000,
0001100000000101,
0001100000111011,
0001100001110000,
0001100010100101,
0001100011011010,
0001100100001111,
0001100101000011,
0001100101111000,
0001100110101100,
0001100111100000,
0001101000010100,
0001101001001000,
0001101001111011,
0001101010101111,
0001101011100010,
0001101100010101,
0001101101001000,
0001101101111011,
0001101110101110,
0001101111100000,
0001110000010010,
0001110001000101,
0001110001110111,
0001110010101000,
0001110011011010,
0001110100001011,
0001110100111101,
0001110101101110,
0001110110011110,
0001110111001111,
0001111000000000,
0001111000110000,
0001111001100000,
0001111010010000,
0001111011000000,
0001111011101111,
0001111100011111,
0001111101001110,
0001111101111101,
0001111110101100,
0001111111011010,
0010000000001001,
0010000000110111,
0010000001100101,
0010000010010011,
0010000011000000,
0010000011101110,
0010000100011011,
0010000101001000,
0010000101110101,
0010000110100001,
0010000111001110,
0010000111111010,
0010001000100110,
0010001001010010,
0010001001111101,
0010001010101001,
0010001011010100,
0010001011111111,
0010001100101001,
0010001101010100,
0010001101111110,
0010001110101000,
0010001111010010,
0010001111111011,
0010010000100101,
0010010001001110,
0010010001110111,
0010010010011111,
0010010011001000,
0010010011110000,
0010010100011000,
0010010101000000,
0010010101101000,
0010010110001111,
0010010110110110,
0010010111011101,
0010011000000011,
0010011000101010,
0010011001010000,
0010011001110110,
0010011010011100,
0010011011000001,
0010011011100110,
0010011100001011,
0010011100110000,
0010011101010100,
0010011101111001,
0010011110011101,
0010011111000000,
0010011111100100,
0010100000000111,
0010100000101010,
0010100001001101,
0010100001110000,
0010100010010010,
0010100010110100,
0010100011010110,
0010100011110111,
0010100100011000,
0010100100111001,
0010100101011010,
0010100101111011,
0010100110011011,
0010100110111011,
0010100111011011,
0010100111111010,
0010101000011001,
0010101000111000,
0010101001010111,
0010101001110101,
0010101010010100,
0010101010110001,
0010101011001111,
0010101011101100,
0010101100001010,
0010101100100110,
0010101101000011,
0010101101011111,
0010101101111011,
0010101110010111,
0010101110110011,
0010101111001110,
0010101111101001,
0010110000000100,
0010110000011110,
0010110000111000,
0010110001010010,
0010110001101100,
0010110010000101,
0010110010011110,
0010110010110111,
0010110011001111,
0010110011101000,
0010110100000000,
0010110100010111,
0010110100101111,
0010110101000110,
0010110101011101,
0010110101110011,
0010110110001001,
0010110110100000,
0010110110110101,
0010110111001011,
0010110111100000,
0010110111110101,
0010111000001001,
0010111000011110,
0010111000110010,
0010111001000101,
0010111001011001,
0010111001101100,
0010111001111111,
0010111010010001,
0010111010100100,
0010111010110110,
0010111011001000,
0010111011011001,
0010111011101010,
0010111011111011,
0010111100001100,
0010111100011100,
0010111100101100,
0010111100111100,
0010111101001011,
0010111101011010,
0010111101101001,
0010111101110111,
0010111110000110,
0010111110010100,
0010111110100001,
0010111110101111,
0010111110111100,
0010111111001000,
0010111111010101,
0010111111100001,
0010111111101101,
0010111111111001,
0011000000000100,
0011000000001111,
0011000000011010,
0011000000100100,
0011000000101110,
0011000000111000,
0011000001000001,
0011000001001011,
0011000001010100,
0011000001011100,
0011000001100101,
0011000001101101,
0011000001110100,
0011000001111100,
0011000010000011,
0011000010001010,
0011000010010000,
0011000010010110,
0011000010011100,
0011000010100010,
0011000010100111,
0011000010101100,
0011000010110001,
0011000010110110,
0011000010111010,
0011000010111110,
0011000011000001,
0011000011000100,
0011000011000111,
0011000011001010,
0011000011001100,
0011000011001110,
0011000011010000,
0011000011010001,
0011000011010010,
0011000011010011,
0011000011010100,
0011000011010100,
0011000011010100,
0011000011010100,
0011000011010011,
0011000011010010,
0011000011010001,
0011000011001111,
0011000011001101,
0011000011001011,
0011000011001000,
0011000011000110,
0011000011000011,
0011000010111111,
0011000010111011,
0011000010110111,
0011000010110011,
0011000010101111,
0011000010101010,
0011000010100100,
0011000010011111,
0011000010011001,
0011000010010011,
0011000010001101,
0011000010000110,
0011000001111111,
0011000001111000,
0011000001110000,
0011000001101000,
0011000001100000,
0011000001010111,
0011000001001111,
0011000001000110,
0011000000111100,
0011000000110011,
0011000000101001,
0011000000011110,
0011000000010100,
0011000000001001,
0010111111111110,
0010111111110010,
0010111111100110,
0010111111011010,
0010111111001110,
0010111111000001,
0010111110110100,
0010111110100111,
0010111110011010,
0010111110001100,
0010111101111110,
0010111101101111,
0010111101100001,
0010111101010010,
0010111101000010,
0010111100110011,
0010111100100011,
0010111100010011,
0010111100000010,
0010111011110010,
0010111011100001,
0010111011001111,
0010111010111110,
0010111010101100,
0010111010011010,
0010111010000111,
0010111001110100,
0010111001100001,
0010111001001110,
0010111000111010,
0010111000100111,
0010111000010010,
0010110111111110,
0010110111101001,
0010110111010100,
0010110110111111,
0010110110101001,
0010110110010011,
0010110101111101,
0010110101100111,
0010110101010000,
0010110100111001,
0010110100100010,
0010110100001010,
0010110011110010,
0010110011011010,
0010110011000010,
0010110010101001,
0010110010010000,
0010110001110111,
0010110001011101,
0010110001000100,
0010110000101010,
0010110000001111,
0010101111110101,
0010101111011010,
0010101110111111,
0010101110100011,
0010101110001000,
0010101101101100,
0010101101010000,
0010101100110011,
0010101100010110,
0010101011111001,
0010101011011100,
0010101010111111,
0010101010100001,
0010101010000011,
0010101001100100,
0010101001000110,
0010101000100111,
0010101000001000,
0010100111101001,
0010100111001001,
0010100110101001,
0010100110001001,
0010100101101001,
0010100101001000,
0010100100100111,
0010100100000110,
0010100011100101,
0010100011000011,
0010100010100001,
0010100001111111,
0010100001011100,
0010100000111010,
0010100000010111,
0010011111110100,
0010011111010000,
0010011110101101,
0010011110001001,
0010011101100101,
0010011101000000,
0010011100011100,
0010011011110111,
0010011011010010,
0010011010101100,
0010011010000111,
0010011001100001,
0010011000111011,
0010011000010101,
0010010111101110,
0010010111000111,
0010010110100000,
0010010101111001,
0010010101010010,
0010010100101010,
0010010100000010,
0010010011011010,
0010010010110010,
0010010010001001,
0010010001100000,
0010010000110111,
0010010000001110,
0010001111100100,
0010001110111011,
0010001110010001,
0010001101100110,
0010001100111100,
0010001100010010,
0010001011100111,
0010001010111100,
0010001010010000,
0010001001100101,
0010001000111001,
0010001000001101,
0010000111100001,
0010000110110101,
0010000110001001,
0010000101011100,
0010000100101111,
0010000100000010,
0010000011010101,
0010000010100111,
0010000001111001,
0010000001001011,
0010000000011101,
0001111111101111,
0001111111000000,
0001111110010010,
0001111101100011,
0001111100110100,
0001111100000100,
0001111011010101,
0001111010100101,
0001111001110101,
0001111001000101,
0001111000010101,
0001110111100101,
0001110110110100,
0001110110000011,
0001110101010010,
0001110100100001,
0001110011110000,
0001110010111110,
0001110010001101,
0001110001011011,
0001110000101001,
0001101111110111,
0001101111000100,
0001101110010010,
0001101101011111,
0001101100101100,
0001101011111001,
0001101011000110,
0001101010010010,
0001101001011111,
0001101000101011,
0001100111110111,
0001100111000011,
0001100110001111,
0001100101011010,
0001100100100110,
0001100011110001,
0001100010111100,
0001100010000111,
0001100001010010,
0001100000011101,
0001011111101000,
0001011110110010,
0001011101111100,
0001011101000110,
0001011100010000,
0001011011011010,
0001011010100100,
0001011001101110,
0001011000110111,
0001011000000000,
0001010111001001,
0001010110010010,
0001010101011011,
0001010100100100,
0001010011101101,
0001010010110101,
0001010001111110,
0001010001000110,
0001010000001110,
0001001111010110,
0001001110011110,
0001001101100110,
0001001100101101,
0001001011110101,
0001001010111100,
0001001010000011,
0001001001001011,
0001001000010010,
0001000111011001,
0001000110011111,
0001000101100110,
0001000100101101,
0001000011110011,
0001000010111010,
0001000010000000,
0001000001000110,
0001000000001100,
0000111111010010,
0000111110011000,
0000111101011110,
0000111100100100,
0000111011101001,
0000111010101111,
0000111001110100,
0000111000111010,
0000110111111111,
0000110111000100,
0000110110001001,
0000110101001110,
0000110100010011,
0000110011011000,
0000110010011101,
0000110001100001,
0000110000100110,
0000101111101010,
0000101110101111,
0000101101110011,
0000101100111000,
0000101011111100,
0000101011000000,
0000101010000100,
0000101001001000,
0000101000001100,
0000100111010000,
0000100110010100,
0000100101011000,
0000100100011100,
0000100011011111,
0000100010100011,
0000100001100110,
0000100000101010,
0000011111101101,
0000011110110001,
0000011101110100,
0000011100111000,
0000011011111011,
0000011010111110,
0000011010000001,
0000011001000101,
0000011000001000,
0000010111001011,
0000010110001110,
0000010101010001,
0000010100010100,
0000010011010111,
0000010010011010,
0000010001011101,
0000010000011111,
0000001111100010,
0000001110100101,
0000001101101000,
0000001100101011,
0000001011101101,
0000001010110000,
0000001001110011,
0000001000110110,
0000000111111000,
0000000110111011,
0000000101111110,
0000000101000000,
0000000100000011,
0000000011000110,
0000000010001000,
0000000001001011,
0000000000001110,
1111111111010000,
1111111110010011,
1111111101010110,
1111111100011000,
1111111011011011,
1111111010011110,
1111111001100000,
1111111000100011,
1111110111100110,
1111110110101000,
1111110101101011,
1111110100101110,
1111110011110000,
1111110010110011,
1111110001110110,
1111110000111001,
1111101111111100,
1111101110111111,
1111101110000001,
1111101101000100,
1111101100000111,
1111101011001010,
1111101010001101,
1111101001010000,
1111101000010011,
1111100111010111,
1111100110011010,
1111100101011101,
1111100100100000,
1111100011100011,
1111100010100111,
1111100001101010,
1111100000101101,
1111011111110001,
1111011110110100,
1111011101111000,
1111011100111100,
1111011011111111,
1111011011000011,
1111011010000111,
1111011001001011,
1111011000001110,
1111010111010010,
1111010110010110,
1111010101011011,
1111010100011111,
1111010011100011,
1111010010100111,
1111010001101100,
1111010000110000,
1111001111110100,
1111001110111001,
1111001101111110,
1111001101000010,
1111001100000111,
1111001011001100,
1111001010010001,
1111001001010110,
1111001000011011,
1111000111100000,
1111000110100110,
1111000101101011,
1111000100110001,
1111000011110110,
1111000010111100,
1111000010000010,
1111000001001000,
1111000000001110,
1110111111010100,
1110111110011010,
1110111101100000,
1110111100100110,
1110111011101101,
1110111010110011,
1110111001111010,
1110111001000001,
1110111000001000,
1110110111001111,
1110110110010110,
1110110101011101,
1110110100100100,
1110110011101100,
1110110010110011,
1110110001111011,
1110110001000011,
1110110000001011,
1110101111010011,
1110101110011011,
1110101101100011,
1110101100101100,
1110101011110100,
1110101010111101,
1110101010000110,
1110101001001111,
1110101000011000,
1110100111100001,
1110100110101011,
1110100101110100,
1110100100111110,
1110100100001000,
1110100011010001,
1110100010011100,
1110100001100110,
1110100000110000,
1110011111111011,
1110011111000101,
1110011110010000,
1110011101011011,
1110011100100110,
1110011011110001,
1110011010111101,
1110011010001000,
1110011001010100,
1110011000100000,
1110010111101100,
1110010110111000,
1110010110000101,
1110010101010001,
1110010100011110,
1110010011101011,
1110010010111000,
1110010010000101,
1110010001010010,
1110010000100000,
1110001111101110,
1110001110111011,
1110001110001001,
1110001101011000,
1110001100100110,
1110001011110101,
1110001011000011,
1110001010010010,
1110001001100010,
1110001000110001,
1110001000000000,
1110000111010000,
1110000110100000,
1110000101110000,
1110000101000000,
1110000100010001,
1110000011100001,
1110000010110010,
1110000010000011,
1110000001010100,
1110000000100110,
1101111111110111,
1101111111001001,
1101111110011011,
1101111101101101,
1101111101000000,
1101111100010010,
1101111011100101,
1101111010111000,
1101111010001011,
1101111001011111,
1101111000110010,
1101111000000110,
1101110111011010,
1101110110101110,
1101110110000011,
1101110101010111,
1101110100101100,
1101110100000001,
1101110011010111,
1101110010101100,
1101110010000010,
1101110001011000,
1101110000101110,
1101110000000101,
1101101111011011,
1101101110110010,
1101101110001001,
1101101101100001,
1101101100111000,
1101101100010000,
1101101011101000,
1101101011000000,
1101101010011000,
1101101001110001,
1101101001001010,
1101101000100011,
1101100111111101,
1101100111010110,
1101100110110000,
1101100110001010,
1101100101100100,
1101100100111111,
1101100100011010,
1101100011110101,
1101100011010000,
1101100010101100,
1101100010000111,
1101100001100011,
1101100001000000,
1101100000011100,
1101011111111001,
1101011111010110,
1101011110110011,
1101011110010000,
1101011101101110,
1101011101001100,
1101011100101010,
1101011100001001,
1101011011101000,
1101011011000111,
1101011010100110,
1101011010000101,
1101011001100101,
1101011001000101,
1101011000100101,
1101011000000110,
1101010111100111,
1101010111001000,
1101010110101001,
1101010110001011,
1101010101101100,
1101010101001111,
1101010100110001,
1101010100010100,
1101010011110110,
1101010011011010,
1101010010111101,
1101010010100001,
1101010010000101,
1101010001101001,
1101010001001101,
1101010000110010,
1101010000010111,
1101001111111100,
1101001111100010,
1101001111001000,
1101001110101110,
1101001110010100,
1101001101111011,
1101001101100010,
1101001101001001,
1101001100110001,
1101001100011000,
1101001100000000,
1101001011101001,
1101001011010001,
1101001010111010,
1101001010100011,
1101001010001101,
1101001001110111,
1101001001100000,
1101001001001011,
1101001000110101,
1101001000100000,
1101001000001011,
1101000111110111,
1101000111100010,
1101000111001110,
1101000110111011,
1101000110100111,
1101000110010100,
1101000110000001,
1101000101101111,
1101000101011100,
1101000101001010,
1101000100111000,
1101000100100111,
1101000100010110,
1101000100000101,
1101000011110100,
1101000011100100,
1101000011010100,
1101000011000100,
1101000010110101,
1101000010100110,
1101000010010111,
1101000010001001,
1101000001111010,
1101000001101100,
1101000001011111,
1101000001010001,
1101000001000100,
1101000000111000,
1101000000101011,
1101000000011111,
1101000000010011,
1101000000000111,
1100111111111100,
1100111111110001,
1100111111100110,
1100111111011100,
1100111111010010,
1100111111001000,
1100111110111111,
1100111110110101,
1100111110101100,
1100111110100100,
1100111110011011,
1100111110010011,
1100111110001100,
1100111110000100,
1100111101111101,
1100111101110110,
1100111101110000,
1100111101101010,
1100111101100100,
1100111101011110,
1100111101011001,
1100111101010100,
1100111101001111,
1100111101001010,
1100111101000110,
1100111101000010,
1100111100111111,
1100111100111100,
1100111100111001,
1100111100110110,
1100111100110100,
1100111100110010,
1100111100110000,
1100111100101111,
1100111100101110,
1100111100101101,
1100111100101100,
1100111100101100,
1100111100101100,
1100111100101100,
1100111100101101,
1100111100101110,
1100111100101111,
1100111100110001,
1100111100110011,
1100111100110101,
1100111100111000,
1100111100111010,
1100111100111101,
1100111101000001,
1100111101000101,
1100111101001001,
1100111101001101,
1100111101010001,
1100111101010110,
1100111101011100,
1100111101100001,
1100111101100111,
1100111101101101,
1100111101110011,
1100111101111010,
1100111110000001,
1100111110001000,
1100111110010000,
1100111110011000,
1100111110100000,
1100111110101001,
1100111110110001,
1100111110111010,
1100111111000100,
1100111111001101,
1100111111010111,
1100111111100010,
1100111111101100,
1100111111110111,
1101000000000010,
1101000000001110,
1101000000011010,
1101000000100110,
1101000000110010,
1101000000111111,
1101000001001100,
1101000001011001,
1101000001100110,
1101000001110100,
1101000010000010,
1101000010010001,
1101000010011111,
1101000010101110,
1101000010111110,
1101000011001101,
1101000011011101,
1101000011101101,
1101000011111110,
1101000100001110,
1101000100011111,
1101000100110001,
1101000101000010,
1101000101010100,
1101000101100110,
1101000101111001,
1101000110001100,
1101000110011111,
1101000110110010,
1101000111000110,
1101000111011001,
1101000111101110,
1101001000000010,
1101001000010111,
1101001000101100,
1101001001000001,
1101001001010111,
1101001001101101,
1101001010000011,
1101001010011001,
1101001010110000,
1101001011000111,
1101001011011110,
1101001011110110,
1101001100001110,
1101001100100110,
1101001100111110,
1101001101010111,
1101001101110000,
1101001110001001,
1101001110100011,
1101001110111100,
1101001111010110,
1101001111110001,
1101010000001011,
1101010000100110,
1101010001000001,
1101010001011101,
1101010001111000,
1101010010010100,
1101010010110000,
1101010011001101,
1101010011101010,
1101010100000111,
1101010100100100,
1101010101000001,
1101010101011111,
1101010101111101,
1101010110011100,
1101010110111010,
1101010111011001,
1101010111111000,
1101011000010111,
1101011000110111,
1101011001010111,
1101011001110111,
1101011010010111,
1101011010111000,
1101011011011001,
1101011011111010,
1101011100011011,
1101011100111101,
1101011101011111,
1101011110000001,
1101011110100100,
1101011111000110,
1101011111101001,
1101100000001100,
1101100000110000,
1101100001010011,
1101100001110111,
1101100010011011,
1101100011000000,
1101100011100100,
1101100100001001,
1101100100101110,
1101100101010100,
1101100101111001,
1101100110011111,
1101100111000101,
1101100111101011,
1101101000010010,
1101101000111001,
1101101001100000,
1101101010000111,
1101101010101110,
1101101011010110,
1101101011111110,
1101101100100110,
1101101101001110,
1101101101110111,
1101101110100000,
1101101111001001,
1101101111110010,
1101110000011100,
1101110001000101,
1101110001101111,
1101110010011010,
1101110011000100,
1101110011101110,
1101110100011001,
1101110101000100,
1101110101110000,
1101110110011011,
1101110111000111,
1101110111110011,
1101111000011111,
1101111001001011,
1101111001110111,
1101111010100100,
1101111011010001,
1101111011111110,
1101111100101011,
1101111101011001,
1101111110000111,
1101111110110101,
1101111111100011,
1110000000010001,
1110000001000000,
1110000001101110,
1110000010011101,
1110000011001100,
1110000011111100,
1110000100101011,
1110000101011011,
1110000110001011,
1110000110111011,
1110000111101011,
1110001000011011,
1110001001001100,
1110001001111101,
1110001010101110,
1110001011011111,
1110001100010000,
1110001101000010,
1110001101110011,
1110001110100101,
1110001111010111,
1110010000001001,
1110010000111100,
1110010001101110,
1110010010100001,
1110010011010100,
1110010100000111,
1110010100111010,
1110010101101110,
1110010110100001,
1110010111010101,
1110011000001001,
1110011000111101,
1110011001110001,
1110011010100110,
1110011011011010,
1110011100001111,
1110011101000100,
1110011101111001,
1110011110101110,
1110011111100011,
1110100000011000,
1110100001001110,
1110100010000100,
1110100010111010,
1110100011110000,
1110100100100110,
1110100101011100,
1110100110010010,
1110100111001001,
1110101000000000,
1110101000110111,
1110101001101110,
1110101010100101,
1110101011011100,
1110101100010011,
1110101101001011,
1110101110000010,
1110101110111010,
1110101111110010,
1110110000101010,
1110110001100010,
1110110010011010,
1110110011010011,
1110110100001011,
1110110101000100,
1110110101111101,
1110110110110101,
1110110111101110,
1110111000100111,
1110111001100001,
1110111010011010,
1110111011010011,
1110111100001101,
1110111101000110,
1110111110000000,
1110111110111010,
1110111111110100,
1111000000101110,
1111000001101000,
1111000010100010,
1111000011011100,
1111000100010111,
1111000101010001,
1111000110001100,
1111000111000110,
1111001000000001,
1111001000111100,
1111001001110111,
1111001010110010,
1111001011101101,
1111001100101000,
1111001101100011,
1111001110011111,
1111001111011010,
1111010000010110,
1111010001010001,
1111010010001101,
1111010011001000,
1111010100000100,
1111010101000000,
1111010101111100,
1111010110111000,
1111010111110100,
1111011000110000,
1111011001101100,
1111011010101000,
1111011011100100,
1111011100100001,
1111011101011101,
1111011110011010,
1111011111010110,
1111100000010011,
1111100001001111,
1111100010001100,
1111100011001000,
1111100100000101,
1111100101000010,
1111100101111111,
1111100110111011,
1111100111111000,
1111101000110101,
1111101001110010,
1111101010101111,
1111101011101100,
1111101100101001,
1111101101100110,
1111101110100011,
1111101111100001,
1111110000011110,
1111110001011011,
1111110010011000,
1111110011010101,
1111110100010011,
1111110101010000,
1111110110001101,
1111110111001010,
1111111000001000,
1111111001000101,
1111111010000010,
1111111011000000,
1111111011111101,
1111111100111010,
1111111101111000,
1111111110110101,
1111111111110010,
0000000000110000,
0000000001101101,
0000000010101010,
0000000011101000,
0000000100100101,
0000000101100010,
0000000110100000,
0000000111011101,
0000001000011010,
0000001001011000,
0000001010010101,
0000001011010010,
0000001100010000,
0000001101001101,
0000001110001010,
0000001111000111,
0000010000000100,
0000010001000001,
0000010001111111,
0000010010111100,
0000010011111001,
0000010100110110,
0000010101110011,
0000010110110000,
0000010111101101,
0000011000101001,
0000011001100110,
0000011010100011,
0000011011100000,
0000011100011101,
0000011101011001,
0000011110010110,
0000011111010011,
0000100000001111,
0000100001001100,
0000100010001000,
0000100011000100,
0000100100000001,
0000100100111101,
0000100101111001,
0000100110110101,
0000100111110010,
0000101000101110,
0000101001101010,
0000101010100101,
0000101011100001,
0000101100011101,
0000101101011001,
0000101110010100,
0000101111010000,
0000110000001100,
0000110001000111,
0000110010000010,
0000110010111110,
0000110011111001,
0000110100110100,
0000110101101111,
0000110110101010,
0000110111100101,
0000111000100000,
0000111001011010,
0000111010010101,
0000111011001111,
0000111100001010,
0000111101000100,
0000111101111110,
0000111110111000,
0000111111110010,
0001000000101100,
0001000001100110,
0001000010100000,
0001000011011010,
0001000100010011,
0001000101001101,
0001000110000110,
0001000110111111,
0001000111111000,
0001001000110001,
0001001001101010,
0001001010100011,
0001001011011100,
0001001100010100,
0001001101001101,
0001001110000101,
0001001110111101,
0001001111110101,
0001010000101101,
0001010001100101,
0001010010011101,
0001010011010100,
0001010100001100,
0001010101000011,
0001010101111010,
0001010110110001,
0001010111101000,
0001011000011111,
0001011001010101,
0001011010001100,
0001011011000010,
0001011011111000,
0001011100101111,
0001011101100100,
0001011110011010,
0001011111010000,
0001100000000101,
0001100000111011,
0001100001110000,
0001100010100101,
0001100011011010,
0001100100001111,
0001100101000011,
0001100101111000,
0001100110101100,
0001100111100000,
0001101000010100,
0001101001001000,
0001101001111011,
0001101010101111,
0001101011100010,
0001101100010101,
0001101101001000,
0001101101111011,
0001101110101110,
0001101111100000,
0001110000010010,
0001110001000101,
0001110001110111,
0001110010101000,
0001110011011010,
0001110100001011,
0001110100111101,
0001110101101110,
0001110110011110,
0001110111001111,
0001111000000000,
0001111000110000,
0001111001100000,
0001111010010000,
0001111011000000,
0001111011101111,
0001111100011111,
0001111101001110,
0001111101111101,
0001111110101100,
0001111111011010,
0010000000001001,
0010000000110111,
0010000001100101,
0010000010010011,
0010000011000000,
0010000011101110,
0010000100011011,
0010000101001000,
0010000101110101,
0010000110100001,
0010000111001110,
0010000111111010,
0010001000100110,
0010001001010010,
0010001001111101,
0010001010101001,
0010001011010100,
0010001011111111,
0010001100101001,
0010001101010100,
0010001101111110,
0010001110101000,
0010001111010010,
0010001111111011,
0010010000100101,
0010010001001110,
0010010001110111,
0010010010011111,
0010010011001000,
0010010011110000,
0010010100011000,
0010010101000000,
0010010101101000,
0010010110001111,
0010010110110110,
0010010111011101,
0010011000000011,
0010011000101010,
0010011001010000,
0010011001110110,
0010011010011100,
0010011011000001,
0010011011100110,
0010011100001011,
0010011100110000,
0010011101010100,
0010011101111001,
0010011110011101,
0010011111000000,
0010011111100100,
0010100000000111,
0010100000101010,
0010100001001101,
0010100001110000,
0010100010010010,
0010100010110100,
0010100011010110,
0010100011110111,
0010100100011000,
0010100100111001,
0010100101011010,
0010100101111011,
0010100110011011,
0010100110111011,
0010100111011011,
0010100111111010,
0010101000011001,
0010101000111000,
0010101001010111,
0010101001110101,
0010101010010100,
0010101010110001,
0010101011001111,
0010101011101100,
0010101100001010,
0010101100100110,
0010101101000011,
0010101101011111,
0010101101111011,
0010101110010111,
0010101110110011,
0010101111001110,
0010101111101001,
0010110000000100,
0010110000011110,
0010110000111000,
0010110001010010,
0010110001101100,
0010110010000101,
0010110010011110,
0010110010110111,
0010110011001111,
0010110011101000,
0010110100000000,
0010110100010111,
0010110100101111,
0010110101000110,
0010110101011101,
0010110101110011,
0010110110001001,
0010110110100000,
0010110110110101,
0010110111001011,
0010110111100000,
0010110111110101,
0010111000001001,
0010111000011110,
0010111000110010,
0010111001000101,
0010111001011001,
0010111001101100,
0010111001111111,
0010111010010001,
0010111010100100,
0010111010110110,
0010111011001000,
0010111011011001,
0010111011101010,
0010111011111011,
0010111100001100,
0010111100011100,
0010111100101100,
0010111100111100,
0010111101001011,
0010111101011010,
0010111101101001,
0010111101110111,
0010111110000110,
0010111110010100,
0010111110100001,
0010111110101111,
0010111110111100,
0010111111001000,
0010111111010101,
0010111111100001,
0010111111101101,
0010111111111001,
0011000000000100,
0011000000001111,
0011000000011010,
0011000000100100,
0011000000101110,
0011000000111000,
0011000001000001,
0011000001001011,
0011000001010100,
0011000001011100,
0011000001100101,
0011000001101101,
0011000001110100,
0011000001111100,
0011000010000011,
0011000010001010,
0011000010010000,
0011000010010110,
0011000010011100,
0011000010100010,
0011000010100111,
0011000010101100,
0011000010110001,
0011000010110110,
0011000010111010,
0011000010111110,
0011000011000001,
0011000011000100,
0011000011000111,
0011000011001010,
0011000011001100,
0011000011001110,
0011000011010000,
0011000011010001,
0011000011010010,
0011000011010011,
0011000011010100,
0011000011010100,
0011000011010100,
0011000011010100,
0011000011010011,
0011000011010010,
0011000011010001,
0011000011001111,
0011000011001101,
0011000011001011,
0011000011001000,
0011000011000110,
0011000011000011,
0011000010111111,
0011000010111011,
0011000010110111,
0011000010110011,
0011000010101111,
0011000010101010,
0011000010100100,
0011000010011111,
0011000010011001,
0011000010010011,
0011000010001101,
0011000010000110,
0011000001111111,
0011000001111000,
0011000001110000,
0011000001101000,
0011000001100000,
0011000001010111,
0011000001001111,
0011000001000110,
0011000000111100,
0011000000110011,
0011000000101001,
0011000000011110,
0011000000010100,
0011000000001001,
0010111111111110,
0010111111110010,
0010111111100110,
0010111111011010,
0010111111001110,
0010111111000001,
0010111110110100,
0010111110100111,
0010111110011010,
0010111110001100,
0010111101111110,
0010111101101111,
0010111101100001,
0010111101010010,
0010111101000010,
0010111100110011,
0010111100100011,
0010111100010011,
0010111100000010,
0010111011110010,
0010111011100001,
0010111011001111,
0010111010111110,
0010111010101100,
0010111010011010,
0010111010000111,
0010111001110100,
0010111001100001,
0010111001001110,
0010111000111010,
0010111000100111,
0010111000010010,
0010110111111110,
0010110111101001,
0010110111010100,
0010110110111111,
0010110110101001,
0010110110010011,
0010110101111101,
0010110101100111,
0010110101010000,
0010110100111001,
0010110100100010,
0010110100001010,
0010110011110010,
0010110011011010,
0010110011000010,
0010110010101001,
0010110010010000,
0010110001110111,
0010110001011101,
0010110001000100,
0010110000101010,
0010110000001111,
0010101111110101,
0010101111011010,
0010101110111111,
0010101110100011,
0010101110001000,
0010101101101100,
0010101101010000,
0010101100110011,
0010101100010110,
0010101011111001,
0010101011011100,
0010101010111111,
0010101010100001,
0010101010000011,
0010101001100100,
0010101001000110,
0010101000100111,
0010101000001000,
0010100111101001,
0010100111001001,
0010100110101001,
0010100110001001,
0010100101101001,
0010100101001000,
0010100100100111,
0010100100000110,
0010100011100101,
0010100011000011,
0010100010100001,
0010100001111111,
0010100001011100,
0010100000111010,
0010100000010111,
0010011111110100,
0010011111010000,
0010011110101101,
0010011110001001,
0010011101100101,
0010011101000000,
0010011100011100,
0010011011110111,
0010011011010010,
0010011010101100,
0010011010000111,
0010011001100001,
0010011000111011,
0010011000010101,
0010010111101110,
0010010111000111,
0010010110100000,
0010010101111001,
0010010101010010,
0010010100101010,
0010010100000010,
0010010011011010,
0010010010110010,
0010010010001001,
0010010001100000,
0010010000110111,
0010010000001110,
0010001111100100,
0010001110111011,
0010001110010001,
0010001101100110,
0010001100111100,
0010001100010010,
0010001011100111,
0010001010111100,
0010001010010000,
0010001001100101,
0010001000111001,
0010001000001101,
0010000111100001,
0010000110110101,
0010000110001001,
0010000101011100,
0010000100101111,
0010000100000010,
0010000011010101,
0010000010100111,
0010000001111001,
0010000001001011,
0010000000011101,
0001111111101111,
0001111111000000,
0001111110010010,
0001111101100011,
0001111100110100,
0001111100000100,
0001111011010101,
0001111010100101,
0001111001110101,
0001111001000101,
0001111000010101,
0001110111100101,
0001110110110100,
0001110110000011,
0001110101010010,
0001110100100001,
0001110011110000,
0001110010111110,
0001110010001101,
0001110001011011,
0001110000101001,
0001101111110111,
0001101111000100,
0001101110010010,
0001101101011111,
0001101100101100,
0001101011111001,
0001101011000110,
0001101010010010,
0001101001011111,
0001101000101011,
0001100111110111,
0001100111000011,
0001100110001111,
0001100101011010,
0001100100100110,
0001100011110001,
0001100010111100,
0001100010000111,
0001100001010010,
0001100000011101,
0001011111101000,
0001011110110010,
0001011101111100,
0001011101000110,
0001011100010000,
0001011011011010,
0001011010100100,
0001011001101110,
0001011000110111,
0001011000000000,
0001010111001001,
0001010110010010,
0001010101011011,
0001010100100100,
0001010011101101,
0001010010110101,
0001010001111110,
0001010001000110,
0001010000001110,
0001001111010110,
0001001110011110,
0001001101100110,
0001001100101101,
0001001011110101,
0001001010111100,
0001001010000011,
0001001001001011,
0001001000010010,
0001000111011001,
0001000110011111,
0001000101100110,
0001000100101101,
0001000011110011,
0001000010111010,
0001000010000000,
0001000001000110,
0001000000001100,
0000111111010010,
0000111110011000,
0000111101011110,
0000111100100100,
0000111011101001,
0000111010101111,
0000111001110100,
0000111000111010,
0000110111111111,
0000110111000100,
0000110110001001,
0000110101001110,
0000110100010011,
0000110011011000,
0000110010011101,
0000110001100001,
0000110000100110,
0000101111101010,
0000101110101111,
0000101101110011,
0000101100111000,
0000101011111100,
0000101011000000,
0000101010000100,
0000101001001000,
0000101000001100,
0000100111010000,
0000100110010100,
0000100101011000,
0000100100011100,
0000100011011111,
0000100010100011,
0000100001100110,
0000100000101010,
0000011111101101,
0000011110110001,
0000011101110100,
0000011100111000,
0000011011111011,
0000011010111110,
0000011010000001,
0000011001000101,
0000011000001000,
0000010111001011,
0000010110001110,
0000010101010001,
0000010100010100,
0000010011010111,
0000010010011010,
0000010001011101,
0000010000011111,
0000001111100010,
0000001110100101,
0000001101101000,
0000001100101011,
0000001011101101,
0000001010110000,
0000001001110011,
0000001000110110,
0000000111111000,
0000000110111011,
0000000101111110,
0000000101000000,
0000000100000011,
0000000011000110,
0000000010001000,
0000000001001011,
0000000000001110,
1111111111010000,
1111111110010011,
1111111101010110,
1111111100011000,
1111111011011011,
1111111010011110,
1111111001100000,
1111111000100011,
1111110111100110,
1111110110101000,
1111110101101011,
1111110100101110,
1111110011110000,
1111110010110011,
1111110001110110,
1111110000111001,
1111101111111100,
1111101110111111,
1111101110000001,
1111101101000100,
1111101100000111,
1111101011001010,
1111101010001101,
1111101001010000,
1111101000010011,
1111100111010111,
1111100110011010,
1111100101011101,
1111100100100000,
1111100011100011,
1111100010100111,
1111100001101010,
1111100000101101,
1111011111110001,
1111011110110100,
1111011101111000,
1111011100111100,
1111011011111111,
1111011011000011,
1111011010000111,
1111011001001011,
1111011000001110,
1111010111010010,
1111010110010110,
1111010101011011,
1111010100011111,
1111010011100011,
1111010010100111,
1111010001101100,
1111010000110000,
1111001111110100,
1111001110111001,
1111001101111110,
1111001101000010,
1111001100000111,
1111001011001100,
1111001010010001,
1111001001010110,
1111001000011011,
1111000111100000,
1111000110100110,
1111000101101011,
1111000100110001,
1111000011110110,
1111000010111100,
1111000010000010,
1111000001001000,
1111000000001110,
1110111111010100,
1110111110011010,
1110111101100000,
1110111100100110,
1110111011101101,
1110111010110011,
1110111001111010,
1110111001000001,
1110111000001000,
1110110111001111,
1110110110010110,
1110110101011101,
1110110100100100,
1110110011101100,
1110110010110011,
1110110001111011,
1110110001000011,
1110110000001011,
1110101111010011,
1110101110011011,
1110101101100011,
1110101100101100,
1110101011110100,
1110101010111101,
1110101010000110,
1110101001001111,
1110101000011000,
1110100111100001,
1110100110101011,
1110100101110100,
1110100100111110,
1110100100001000,
1110100011010001,
1110100010011100,
1110100001100110,
1110100000110000,
1110011111111011,
1110011111000101,
1110011110010000,
1110011101011011,
1110011100100110,
1110011011110001,
1110011010111101,
1110011010001000,
1110011001010100,
1110011000100000,
1110010111101100,
1110010110111000,
1110010110000101,
1110010101010001,
1110010100011110,
1110010011101011,
1110010010111000,
1110010010000101,
1110010001010010,
1110010000100000,
1110001111101110,
1110001110111011,
1110001110001001,
1110001101011000,
1110001100100110,
1110001011110101,
1110001011000011,
1110001010010010,
1110001001100010,
1110001000110001,
1110001000000000,
1110000111010000,
1110000110100000,
1110000101110000,
1110000101000000,
1110000100010001,
1110000011100001,
1110000010110010,
1110000010000011,
1110000001010100,
1110000000100110,
1101111111110111,
1101111111001001,
1101111110011011,
1101111101101101,
1101111101000000,
1101111100010010,
1101111011100101,
1101111010111000,
1101111010001011,
1101111001011111,
1101111000110010,
1101111000000110,
1101110111011010,
1101110110101110,
1101110110000011,
1101110101010111,
1101110100101100,
1101110100000001,
1101110011010111,
1101110010101100,
1101110010000010,
1101110001011000,
1101110000101110,
1101110000000101,
1101101111011011,
1101101110110010,
1101101110001001,
1101101101100001,
1101101100111000,
1101101100010000,
1101101011101000,
1101101011000000,
1101101010011000,
1101101001110001,
1101101001001010,
1101101000100011,
1101100111111101,
1101100111010110,
1101100110110000,
1101100110001010,
1101100101100100,
1101100100111111,
1101100100011010,
1101100011110101,
1101100011010000,
1101100010101100,
1101100010000111,
1101100001100011,
1101100001000000,
1101100000011100,
1101011111111001,
1101011111010110,
1101011110110011,
1101011110010000,
1101011101101110,
1101011101001100,
1101011100101010,
1101011100001001,
1101011011101000,
1101011011000111,
1101011010100110,
1101011010000101,
1101011001100101,
1101011001000101,
1101011000100101,
1101011000000110,
1101010111100111,
1101010111001000,
1101010110101001,
1101010110001011,
1101010101101100,
1101010101001111,
1101010100110001,
1101010100010100,
1101010011110110,
1101010011011010,
1101010010111101,
1101010010100001,
1101010010000101,
1101010001101001,
1101010001001101,
1101010000110010,
1101010000010111,
1101001111111100,
1101001111100010,
1101001111001000,
1101001110101110,
1101001110010100,
1101001101111011,
1101001101100010,
1101001101001001,
1101001100110001,
1101001100011000,
1101001100000000,
1101001011101001,
1101001011010001,
1101001010111010,
1101001010100011,
1101001010001101,
1101001001110111,
1101001001100000,
1101001001001011,
1101001000110101,
1101001000100000,
1101001000001011,
1101000111110111,
1101000111100010,
1101000111001110,
1101000110111011,
1101000110100111,
1101000110010100,
1101000110000001,
1101000101101111,
1101000101011100,
1101000101001010,
1101000100111000,
1101000100100111,
1101000100010110,
1101000100000101,
1101000011110100,
1101000011100100,
1101000011010100,
1101000011000100,
1101000010110101,
1101000010100110,
1101000010010111,
1101000010001001,
1101000001111010,
1101000001101100,
1101000001011111,
1101000001010001,
1101000001000100,
1101000000111000,
1101000000101011,
1101000000011111,
1101000000010011,
1101000000000111,
1100111111111100,
1100111111110001,
1100111111100110,
1100111111011100,
1100111111010010,
1100111111001000,
1100111110111111,
1100111110110101,
1100111110101100,
1100111110100100,
1100111110011011,
1100111110010011,
1100111110001100,
1100111110000100,
1100111101111101,
1100111101110110,
1100111101110000,
1100111101101010,
1100111101100100,
1100111101011110,
1100111101011001,
1100111101010100,
1100111101001111,
1100111101001010,
1100111101000110,
1100111101000010,
1100111100111111,
1100111100111100,
1100111100111001,
1100111100110110,
1100111100110100,
1100111100110010,
1100111100110000,
1100111100101111,
1100111100101110,
1100111100101101,
1100111100101100,
1100111100101100,
1100111100101100,
1100111100101100,
1100111100101101,
1100111100101110,
1100111100101111,
1100111100110001,
1100111100110011,
1100111100110101,
1100111100111000,
1100111100111010,
1100111100111101,
1100111101000001,
1100111101000101,
1100111101001001,
1100111101001101,
1100111101010001,
1100111101010110,
1100111101011100,
1100111101100001,
1100111101100111,
1100111101101101,
1100111101110011,
1100111101111010,
1100111110000001,
1100111110001000,
1100111110010000,
1100111110011000,
1100111110100000,
1100111110101001,
1100111110110001,
1100111110111010,
1100111111000100,
1100111111001101,
1100111111010111,
1100111111100010,
1100111111101100,
1100111111110111,
1101000000000010,
1101000000001110,
1101000000011010,
1101000000100110,
1101000000110010,
1101000000111111,
1101000001001100,
1101000001011001,
1101000001100110,
1101000001110100,
1101000010000010,
1101000010010001,
1101000010011111,
1101000010101110,
1101000010111110,
1101000011001101,
1101000011011101,
1101000011101101,
1101000011111110,
1101000100001110,
1101000100011111,
1101000100110001,
1101000101000010,
1101000101010100,
1101000101100110,
1101000101111001,
1101000110001100,
1101000110011111,
1101000110110010,
1101000111000110,
1101000111011001,
1101000111101110,
1101001000000010,
1101001000010111,
1101001000101100,
1101001001000001,
1101001001010111,
1101001001101101,
1101001010000011,
1101001010011001,
1101001010110000,
1101001011000111,
1101001011011110,
1101001011110110,
1101001100001110,
1101001100100110,
1101001100111110,
1101001101010111,
1101001101110000,
1101001110001001,
1101001110100011,
1101001110111100,
1101001111010110,
1101001111110001,
1101010000001011,
1101010000100110,
1101010001000001,
1101010001011101,
1101010001111000,
1101010010010100,
1101010010110000,
1101010011001101,
1101010011101010,
1101010100000111,
1101010100100100,
1101010101000001,
1101010101011111,
1101010101111101,
1101010110011100,
1101010110111010,
1101010111011001,
1101010111111000,
1101011000010111,
1101011000110111,
1101011001010111,
1101011001110111,
1101011010010111,
1101011010111000,
1101011011011001,
1101011011111010,
1101011100011011,
1101011100111101,
1101011101011111,
1101011110000001,
1101011110100100,
1101011111000110,
1101011111101001,
1101100000001100,
1101100000110000,
1101100001010011,
1101100001110111,
1101100010011011,
1101100011000000,
1101100011100100,
1101100100001001,
1101100100101110,
1101100101010100,
1101100101111001,
1101100110011111,
1101100111000101,
1101100111101011,
1101101000010010,
1101101000111001,
1101101001100000,
1101101010000111,
1101101010101110,
1101101011010110,
1101101011111110,
1101101100100110,
1101101101001110,
1101101101110111,
1101101110100000,
1101101111001001,
1101101111110010,
1101110000011100,
1101110001000101,
1101110001101111,
1101110010011010,
1101110011000100,
1101110011101110,
1101110100011001,
1101110101000100,
1101110101110000,
1101110110011011,
1101110111000111,
1101110111110011,
1101111000011111,
1101111001001011,
1101111001110111,
1101111010100100,
1101111011010001,
1101111011111110,
1101111100101011,
1101111101011001,
1101111110000111,
1101111110110101,
1101111111100011,
1110000000010001,
1110000001000000,
1110000001101110,
1110000010011101,
1110000011001100,
1110000011111100,
1110000100101011,
1110000101011011,
1110000110001011,
1110000110111011,
1110000111101011,
1110001000011011,
1110001001001100,
1110001001111101,
1110001010101110,
1110001011011111,
1110001100010000,
1110001101000010,
1110001101110011,
1110001110100101,
1110001111010111,
1110010000001001,
1110010000111100,
1110010001101110,
1110010010100001,
1110010011010100,
1110010100000111,
1110010100111010,
1110010101101110,
1110010110100001,
1110010111010101,
1110011000001001,
1110011000111101,
1110011001110001,
1110011010100110,
1110011011011010,
1110011100001111,
1110011101000100,
1110011101111001,
1110011110101110,
1110011111100011,
1110100000011000,
1110100001001110,
1110100010000100,
1110100010111010,
1110100011110000,
1110100100100110,
1110100101011100,
1110100110010010,
1110100111001001,
1110101000000000,
1110101000110111,
1110101001101110,
1110101010100101,
1110101011011100,
1110101100010011,
1110101101001011,
1110101110000010,
1110101110111010,
1110101111110010,
1110110000101010,
1110110001100010,
1110110010011010,
1110110011010011,
1110110100001011,
1110110101000100,
1110110101111101,
1110110110110101,
1110110111101110,
1110111000100111,
1110111001100001,
1110111010011010,
1110111011010011,
1110111100001101,
1110111101000110,
1110111110000000,
1110111110111010,
1110111111110100,
1111000000101110,
1111000001101000,
1111000010100010,
1111000011011100,
1111000100010111,
1111000101010001,
1111000110001100,
1111000111000110,
1111001000000001,
1111001000111100,
1111001001110111,
1111001010110010,
1111001011101101,
1111001100101000,
1111001101100011,
1111001110011111,
1111001111011010,
1111010000010110,
1111010001010001,
1111010010001101,
1111010011001000,
1111010100000100,
1111010101000000,
1111010101111100,
1111010110111000,
1111010111110100,
1111011000110000,
1111011001101100,
1111011010101000,
1111011011100100,
1111011100100001,
1111011101011101,
1111011110011010,
1111011111010110,
1111100000010011,
1111100001001111,
1111100010001100,
1111100011001000,
1111100100000101,
1111100101000010,
1111100101111111,
1111100110111011,
1111100111111000,
1111101000110101,
1111101001110010,
1111101010101111,
1111101011101100,
1111101100101001,
1111101101100110,
1111101110100011,
1111101111100001,
1111110000011110,
1111110001011011,
1111110010011000,
1111110011010101,
1111110100010011,
1111110101010000,
1111110110001101,
1111110111001010,
1111111000001000,
1111111001000101,
1111111010000010,
1111111011000000,
1111111011111101,
1111111100111010,
1111111101111000,
1111111110110101,
1111111111110010,
0000000000110000,
0000000001101101,
0000000010101010,
0000000011101000,
0000000100100101,
0000000101100010,
0000000110100000,
0000000111011101,
0000001000011010,
0000001001011000,
0000001010010101,
0000001011010010,
0000001100010000,
0000001101001101,
0000001110001010,
0000001111000111,
0000010000000100,
0000010001000001,
0000010001111111,
0000010010111100,
0000010011111001,
0000010100110110,
0000010101110011,
0000010110110000,
0000010111101101,
0000011000101001,
0000011001100110,
0000011010100011,
0000011011100000,
0000011100011101,
0000011101011001,
0000011110010110,
0000011111010011,
0000100000001111,
0000100001001100,
0000100010001000,
0000100011000100,
0000100100000001,
0000100100111101,
0000100101111001,
0000100110110101,
0000100111110010,
0000101000101110,
0000101001101010,
0000101010100101,
0000101011100001,
0000101100011101,
0000101101011001,
0000101110010100,
0000101111010000,
0000110000001100,
0000110001000111,
0000110010000010,
0000110010111110,
0000110011111001,
0000110100110100,
0000110101101111,
0000110110101010,
0000110111100101,
0000111000100000,
0000111001011010,
0000111010010101,
0000111011001111,
0000111100001010,
0000111101000100,
0000111101111110,
0000111110111000,
0000111111110010,
0001000000101100,
0001000001100110,
0001000010100000,
0001000011011010,
0001000100010011,
0001000101001101,
0001000110000110,
0001000110111111,
0001000111111000,
0001001000110001,
0001001001101010,
0001001010100011,
0001001011011100,
0001001100010100,
0001001101001101,
0001001110000101,
0001001110111101,
0001001111110101,
0001010000101101,
0001010001100101,
0001010010011101,
0001010011010100,
0001010100001100,
0001010101000011,
0001010101111010,
0001010110110001,
0001010111101000,
0001011000011111,
0001011001010101,
0001011010001100,
0001011011000010,
0001011011111000,
0001011100101111,
0001011101100100,
0001011110011010,
0001011111010000,
0001100000000101,
0001100000111011,
0001100001110000,
0001100010100101,
0001100011011010,
0001100100001111,
0001100101000011,
0001100101111000,
0001100110101100,
0001100111100000,
0001101000010100,
0001101001001000,
0001101001111011,
0001101010101111,
0001101011100010,
0001101100010101,
0001101101001000,
0001101101111011,
0001101110101110,
0001101111100000,
0001110000010010,
0001110001000101,
0001110001110111,
0001110010101000,
0001110011011010,
0001110100001011,
0001110100111101,
0001110101101110,
0001110110011110,
0001110111001111,
0001111000000000,
0001111000110000,
0001111001100000,
0001111010010000,
0001111011000000,
0001111011101111,
0001111100011111,
0001111101001110,
0001111101111101,
0001111110101100,
0001111111011010,
0010000000001001,
0010000000110111,
0010000001100101,
0010000010010011,
0010000011000000,
0010000011101110,
0010000100011011,
0010000101001000,
0010000101110101,
0010000110100001,
0010000111001110,
0010000111111010,
0010001000100110,
0010001001010010,
0010001001111101,
0010001010101001,
0010001011010100,
0010001011111111,
0010001100101001,
0010001101010100,
0010001101111110,
0010001110101000,
0010001111010010,
0010001111111011,
0010010000100101,
0010010001001110,
0010010001110111,
0010010010011111,
0010010011001000,
0010010011110000,
0010010100011000,
0010010101000000,
0010010101101000,
0010010110001111,
0010010110110110,
0010010111011101,
0010011000000011,
0010011000101010,
0010011001010000,
0010011001110110,
0010011010011100,
0010011011000001,
0010011011100110,
0010011100001011,
0010011100110000,
0010011101010100,
0010011101111001,
0010011110011101,
0010011111000000,
0010011111100100,
0010100000000111,
0010100000101010,
0010100001001101,
0010100001110000,
0010100010010010,
0010100010110100,
0010100011010110,
0010100011110111,
0010100100011000,
0010100100111001,
0010100101011010,
0010100101111011,
0010100110011011,
0010100110111011,
0010100111011011,
0010100111111010,
0010101000011001,
0010101000111000,
0010101001010111,
0010101001110101,
0010101010010100,
0010101010110001,
0010101011001111,
0010101011101100,
0010101100001010,
0010101100100110,
0010101101000011,
0010101101011111,
0010101101111011,
0010101110010111,
0010101110110011,
0010101111001110,
0010101111101001,
0010110000000100,
0010110000011110,
0010110000111000,
0010110001010010,
0010110001101100,
0010110010000101,
0010110010011110,
0010110010110111,
0010110011001111,
0010110011101000,
0010110100000000,
0010110100010111,
0010110100101111,
0010110101000110,
0010110101011101,
0010110101110011,
0010110110001001,
0010110110100000,
0010110110110101,
0010110111001011,
0010110111100000,
0010110111110101,
0010111000001001,
0010111000011110,
0010111000110010,
0010111001000101,
0010111001011001,
0010111001101100,
0010111001111111,
0010111010010001,
0010111010100100,
0010111010110110,
0010111011001000,
0010111011011001,
0010111011101010,
0010111011111011,
0010111100001100,
0010111100011100,
0010111100101100,
0010111100111100,
0010111101001011,
0010111101011010,
0010111101101001,
0010111101110111,
0010111110000110,
0010111110010100,
0010111110100001,
0010111110101111,
0010111110111100,
0010111111001000,
0010111111010101,
0010111111100001,
0010111111101101,
0010111111111001,
0011000000000100,
0011000000001111,
0011000000011010,
0011000000100100,
0011000000101110,
0011000000111000,
0011000001000001,
0011000001001011,
0011000001010100,
0011000001011100,
0011000001100101,
0011000001101101,
0011000001110100,
0011000001111100,
0011000010000011,
0011000010001010,
0011000010010000,
0011000010010110,
0011000010011100,
0011000010100010,
0011000010100111,
0011000010101100,
0011000010110001,
0011000010110110,
0011000010111010,
0011000010111110,
0011000011000001,
0011000011000100,
0011000011000111,
0011000011001010,
0011000011001100,
0011000011001110,
0011000011010000,
0011000011010001,
0011000011010010,
0011000011010011,
0011000011010100,
0011000011010100,
0011000011010100,
0011000011010100,
0011000011010011,
0011000011010010,
0011000011010001,
0011000011001111,
0011000011001101,
0011000011001011,
0011000011001000,
0011000011000110,
0011000011000011,
0011000010111111,
0011000010111011,
0011000010110111,
0011000010110011,
0011000010101111,
0011000010101010,
0011000010100100,
0011000010011111,
0011000010011001,
0011000010010011,
0011000010001101,
0011000010000110,
0011000001111111,
0011000001111000,
0011000001110000,
0011000001101000,
0011000001100000,
0011000001010111,
0011000001001111,
0011000001000110,
0011000000111100,
0011000000110011,
0011000000101001,
0011000000011110,
0011000000010100,
0011000000001001,
0010111111111110,
0010111111110010,
0010111111100110,
0010111111011010,
0010111111001110,
0010111111000001,
0010111110110100,
0010111110100111,
0010111110011010,
0010111110001100,
0010111101111110,
0010111101101111,
0010111101100001,
0010111101010010,
0010111101000010,
0010111100110011,
0010111100100011,
0010111100010011,
0010111100000010,
0010111011110010,
0010111011100001,
0010111011001111,
0010111010111110,
0010111010101100,
0010111010011010,
0010111010000111,
0010111001110100,
0010111001100001,
0010111001001110,
0010111000111010,
0010111000100111,
0010111000010010,
0010110111111110,
0010110111101001,
0010110111010100,
0010110110111111,
0010110110101001,
0010110110010011,
0010110101111101,
0010110101100111,
0010110101010000,
0010110100111001,
0010110100100010,
0010110100001010,
0010110011110010,
0010110011011010,
0010110011000010,
0010110010101001,
0010110010010000,
0010110001110111,
0010110001011101,
0010110001000100,
0010110000101010,
0010110000001111,
0010101111110101,
0010101111011010,
0010101110111111,
0010101110100011,
0010101110001000,
0010101101101100,
0010101101010000,
0010101100110011,
0010101100010110,
0010101011111001,
0010101011011100,
0010101010111111,
0010101010100001,
0010101010000011,
0010101001100100,
0010101001000110,
0010101000100111,
0010101000001000,
0010100111101001,
0010100111001001,
0010100110101001,
0010100110001001,
0010100101101001,
0010100101001000,
0010100100100111,
0010100100000110,
0010100011100101,
0010100011000011,
0010100010100001,
0010100001111111,
0010100001011100,
0010100000111010,
0010100000010111,
0010011111110100,
0010011111010000,
0010011110101101,
0010011110001001,
0010011101100101,
0010011101000000,
0010011100011100,
0010011011110111,
0010011011010010,
0010011010101100,
0010011010000111,
0010011001100001,
0010011000111011,
0010011000010101,
0010010111101110,
0010010111000111,
0010010110100000,
0010010101111001,
0010010101010010,
0010010100101010,
0010010100000010,
0010010011011010,
0010010010110010,
0010010010001001,
0010010001100000,
0010010000110111,
0010010000001110,
0010001111100100,
0010001110111011,
0010001110010001,
0010001101100110,
0010001100111100,
0010001100010010,
0010001011100111,
0010001010111100,
0010001010010000,
0010001001100101,
0010001000111001,
0010001000001101,
0010000111100001,
0010000110110101,
0010000110001001,
0010000101011100,
0010000100101111,
0010000100000010,
0010000011010101,
0010000010100111,
0010000001111001,
0010000001001011,
0010000000011101,
0001111111101111,
0001111111000000,
0001111110010010,
0001111101100011,
0001111100110100,
0001111100000100,
0001111011010101,
0001111010100101,
0001111001110101,
0001111001000101,
0001111000010101,
0001110111100101,
0001110110110100,
0001110110000011,
0001110101010010,
0001110100100001,
0001110011110000,
0001110010111110,
0001110010001101,
0001110001011011,
0001110000101001,
0001101111110111,
0001101111000100,
0001101110010010,
0001101101011111,
0001101100101100,
0001101011111001,
0001101011000110,
0001101010010010,
0001101001011111,
0001101000101011,
0001100111110111,
0001100111000011,
0001100110001111,
0001100101011010,
0001100100100110,
0001100011110001,
0001100010111100,
0001100010000111,
0001100001010010,
0001100000011101,
0001011111101000,
0001011110110010,
0001011101111100,
0001011101000110,
0001011100010000,
0001011011011010,
0001011010100100,
0001011001101110,
0001011000110111,
0001011000000000,
0001010111001001,
0001010110010010,
0001010101011011,
0001010100100100,
0001010011101101,
0001010010110101,
0001010001111110,
0001010001000110,
0001010000001110,
0001001111010110,
0001001110011110,
0001001101100110,
0001001100101101,
0001001011110101,
0001001010111100,
0001001010000011,
0001001001001011,
0001001000010010,
0001000111011001,
0001000110011111,
0001000101100110,
0001000100101101,
0001000011110011,
0001000010111010,
0001000010000000,
0001000001000110,
0001000000001100,
0000111111010010,
0000111110011000,
0000111101011110,
0000111100100100,
0000111011101001,
0000111010101111,
0000111001110100,
0000111000111010,
0000110111111111,
0000110111000100,
0000110110001001,
0000110101001110,
0000110100010011,
0000110011011000,
0000110010011101,
0000110001100001,
0000110000100110,
0000101111101010,
0000101110101111,
0000101101110011,
0000101100111000,
0000101011111100,
0000101011000000,
0000101010000100,
0000101001001000,
0000101000001100,
0000100111010000,
0000100110010100,
0000100101011000,
0000100100011100,
0000100011011111,
0000100010100011,
0000100001100110,
0000100000101010,
0000011111101101,
0000011110110001,
0000011101110100,
0000011100111000,
0000011011111011,
0000011010111110,
0000011010000001,
0000011001000101,
0000011000001000,
0000010111001011,
0000010110001110,
0000010101010001,
0000010100010100,
0000010011010111,
0000010010011010,
0000010001011101,
0000010000011111,
0000001111100010,
0000001110100101,
0000001101101000,
0000001100101011,
0000001011101101,
0000001010110000,
0000001001110011,
0000001000110110,
0000000111111000,
0000000110111011,
0000000101111110,
0000000101000000,
0000000100000011,
0000000011000110,
0000000010001000,
0000000001001011,
0000000000001110,
1111111111010000,
1111111110010011,
1111111101010110,
1111111100011000,
1111111011011011,
1111111010011110,
1111111001100000,
1111111000100011,
1111110111100110,
1111110110101000,
1111110101101011,
1111110100101110,
1111110011110000,
1111110010110011,
1111110001110110,
1111110000111001,
1111101111111100,
1111101110111111,
1111101110000001,
1111101101000100,
1111101100000111,
1111101011001010,
1111101010001101,
1111101001010000,
1111101000010011,
1111100111010111,
1111100110011010,
1111100101011101,
1111100100100000,
1111100011100011,
1111100010100111,
1111100001101010,
1111100000101101,
1111011111110001,
1111011110110100,
1111011101111000,
1111011100111100,
1111011011111111,
1111011011000011,
1111011010000111,
1111011001001011,
1111011000001110,
1111010111010010,
1111010110010110,
1111010101011011,
1111010100011111,
1111010011100011,
1111010010100111,
1111010001101100,
1111010000110000,
1111001111110100,
1111001110111001,
1111001101111110,
1111001101000010,
1111001100000111,
1111001011001100,
1111001010010001,
1111001001010110,
1111001000011011,
1111000111100000,
1111000110100110,
1111000101101011,
1111000100110001,
1111000011110110,
1111000010111100,
1111000010000010,
1111000001001000,
1111000000001110,
1110111111010100,
1110111110011010,
1110111101100000,
1110111100100110,
1110111011101101,
1110111010110011,
1110111001111010,
1110111001000001,
1110111000001000,
1110110111001111,
1110110110010110,
1110110101011101,
1110110100100100,
1110110011101100,
1110110010110011,
1110110001111011,
1110110001000011,
1110110000001011,
1110101111010011,
1110101110011011,
1110101101100011,
1110101100101100,
1110101011110100,
1110101010111101,
1110101010000110,
1110101001001111,
1110101000011000,
1110100111100001,
1110100110101011,
1110100101110100,
1110100100111110,
1110100100001000,
1110100011010001,
1110100010011100,
1110100001100110,
1110100000110000,
1110011111111011,
1110011111000101,
1110011110010000,
1110011101011011,
1110011100100110,
1110011011110001,
1110011010111101,
1110011010001000,
1110011001010100,
1110011000100000,
1110010111101100,
1110010110111000,
1110010110000101,
1110010101010001,
1110010100011110,
1110010011101011,
1110010010111000,
1110010010000101,
1110010001010010,
1110010000100000,
1110001111101110,
1110001110111011,
1110001110001001,
1110001101011000,
1110001100100110,
1110001011110101,
1110001011000011,
1110001010010010,
1110001001100010,
1110001000110001,
1110001000000000,
1110000111010000,
1110000110100000,
1110000101110000,
1110000101000000,
1110000100010001,
1110000011100001,
1110000010110010,
1110000010000011,
1110000001010100,
1110000000100110,
1101111111110111,
1101111111001001,
1101111110011011,
1101111101101101,
1101111101000000,
1101111100010010,
1101111011100101,
1101111010111000,
1101111010001011,
1101111001011111,
1101111000110010,
1101111000000110,
1101110111011010,
1101110110101110,
1101110110000011,
1101110101010111,
1101110100101100,
1101110100000001,
1101110011010111,
1101110010101100,
1101110010000010,
1101110001011000,
1101110000101110,
1101110000000101,
1101101111011011,
1101101110110010,
1101101110001001,
1101101101100001,
1101101100111000,
1101101100010000,
1101101011101000,
1101101011000000,
1101101010011000,
1101101001110001,
1101101001001010,
1101101000100011,
1101100111111101,
1101100111010110,
1101100110110000,
1101100110001010,
1101100101100100,
1101100100111111,
1101100100011010,
1101100011110101,
1101100011010000,
1101100010101100,
1101100010000111,
1101100001100011,
1101100001000000,
1101100000011100,
1101011111111001,
1101011111010110,
1101011110110011,
1101011110010000,
1101011101101110,
1101011101001100,
1101011100101010,
1101011100001001,
1101011011101000,
1101011011000111,
1101011010100110,
1101011010000101,
1101011001100101,
1101011001000101,
1101011000100101,
1101011000000110,
1101010111100111,
1101010111001000,
1101010110101001,
1101010110001011,
1101010101101100,
1101010101001111,
1101010100110001,
1101010100010100,
1101010011110110,
1101010011011010,
1101010010111101,
1101010010100001,
1101010010000101,
1101010001101001,
1101010001001101,
1101010000110010,
1101010000010111,
1101001111111100,
1101001111100010,
1101001111001000,
1101001110101110,
1101001110010100,
1101001101111011,
1101001101100010,
1101001101001001,
1101001100110001,
1101001100011000,
1101001100000000,
1101001011101001,
1101001011010001,
1101001010111010,
1101001010100011,
1101001010001101,
1101001001110111,
1101001001100000,
1101001001001011,
1101001000110101,
1101001000100000,
1101001000001011,
1101000111110111,
1101000111100010,
1101000111001110,
1101000110111011,
1101000110100111,
1101000110010100,
1101000110000001,
1101000101101111,
1101000101011100,
1101000101001010,
1101000100111000,
1101000100100111,
1101000100010110,
1101000100000101,
1101000011110100,
1101000011100100,
1101000011010100,
1101000011000100,
1101000010110101,
1101000010100110,
1101000010010111,
1101000010001001,
1101000001111010,
1101000001101100,
1101000001011111,
1101000001010001,
1101000001000100,
1101000000111000,
1101000000101011,
1101000000011111,
1101000000010011,
1101000000000111,
1100111111111100,
1100111111110001,
1100111111100110,
1100111111011100,
1100111111010010,
1100111111001000,
1100111110111111,
1100111110110101,
1100111110101100,
1100111110100100,
1100111110011011,
1100111110010011,
1100111110001100,
1100111110000100,
1100111101111101,
1100111101110110,
1100111101110000,
1100111101101010,
1100111101100100,
1100111101011110,
1100111101011001,
1100111101010100,
1100111101001111,
1100111101001010,
1100111101000110,
1100111101000010,
1100111100111111,
1100111100111100,
1100111100111001,
1100111100110110,
1100111100110100,
1100111100110010,
1100111100110000,
1100111100101111,
1100111100101110,
1100111100101101,
1100111100101100,
1100111100101100,
1100111100101100,
1100111100101100,
1100111100101101,
1100111100101110,
1100111100101111,
1100111100110001,
1100111100110011,
1100111100110101,
1100111100111000,
1100111100111010,
1100111100111101,
1100111101000001,
1100111101000101,
1100111101001001,
1100111101001101,
1100111101010001,
1100111101010110,
1100111101011100,
1100111101100001,
1100111101100111,
1100111101101101,
1100111101110011,
1100111101111010,
1100111110000001,
1100111110001000,
1100111110010000,
1100111110011000,
1100111110100000,
1100111110101001,
1100111110110001,
1100111110111010,
1100111111000100,
1100111111001101,
1100111111010111,
1100111111100010,
1100111111101100,
1100111111110111,
1101000000000010,
1101000000001110,
1101000000011010,
1101000000100110,
1101000000110010,
1101000000111111,
1101000001001100,
1101000001011001,
1101000001100110,
1101000001110100,
1101000010000010,
1101000010010001,
1101000010011111,
1101000010101110,
1101000010111110,
1101000011001101,
1101000011011101,
1101000011101101,
1101000011111110,
1101000100001110,
1101000100011111,
1101000100110001,
1101000101000010,
1101000101010100,
1101000101100110,
1101000101111001,
1101000110001100,
1101000110011111,
1101000110110010,
1101000111000110,
1101000111011001,
1101000111101110,
1101001000000010,
1101001000010111,
1101001000101100,
1101001001000001,
1101001001010111,
1101001001101101,
1101001010000011,
1101001010011001,
1101001010110000,
1101001011000111,
1101001011011110,
1101001011110110,
1101001100001110,
1101001100100110,
1101001100111110,
1101001101010111,
1101001101110000,
1101001110001001,
1101001110100011,
1101001110111100,
1101001111010110,
1101001111110001,
1101010000001011,
1101010000100110,
1101010001000001,
1101010001011101,
1101010001111000,
1101010010010100,
1101010010110000,
1101010011001101,
1101010011101010,
1101010100000111,
1101010100100100,
1101010101000001,
1101010101011111,
1101010101111101,
1101010110011100,
1101010110111010,
1101010111011001,
1101010111111000,
1101011000010111,
1101011000110111,
1101011001010111,
1101011001110111,
1101011010010111,
1101011010111000,
1101011011011001,
1101011011111010,
1101011100011011,
1101011100111101,
1101011101011111,
1101011110000001,
1101011110100100,
1101011111000110,
1101011111101001,
1101100000001100,
1101100000110000,
1101100001010011,
1101100001110111,
1101100010011011,
1101100011000000,
1101100011100100,
1101100100001001,
1101100100101110,
1101100101010100,
1101100101111001,
1101100110011111,
1101100111000101,
1101100111101011,
1101101000010010,
1101101000111001,
1101101001100000,
1101101010000111,
1101101010101110,
1101101011010110,
1101101011111110,
1101101100100110,
1101101101001110,
1101101101110111,
1101101110100000,
1101101111001001,
1101101111110010,
1101110000011100,
1101110001000101,
1101110001101111,
1101110010011010,
1101110011000100,
1101110011101110,
1101110100011001,
1101110101000100,
1101110101110000,
1101110110011011,
1101110111000111,
1101110111110011,
1101111000011111,
1101111001001011,
1101111001110111,
1101111010100100,
1101111011010001,
1101111011111110,
1101111100101011,
1101111101011001,
1101111110000111,
1101111110110101,
1101111111100011,
1110000000010001,
1110000001000000,
1110000001101110,
1110000010011101,
1110000011001100,
1110000011111100,
1110000100101011,
1110000101011011,
1110000110001011,
1110000110111011,
1110000111101011,
1110001000011011,
1110001001001100,
1110001001111101,
1110001010101110,
1110001011011111,
1110001100010000,
1110001101000010,
1110001101110011,
1110001110100101,
1110001111010111,
1110010000001001,
1110010000111100,
1110010001101110,
1110010010100001,
1110010011010100,
1110010100000111,
1110010100111010,
1110010101101110,
1110010110100001,
1110010111010101,
1110011000001001,
1110011000111101,
1110011001110001,
1110011010100110,
1110011011011010,
1110011100001111,
1110011101000100,
1110011101111001,
1110011110101110,
1110011111100011,
1110100000011000,
1110100001001110,
1110100010000100,
1110100010111010,
1110100011110000,
1110100100100110,
1110100101011100,
1110100110010010,
1110100111001001,
1110101000000000,
1110101000110111,
1110101001101110,
1110101010100101,
1110101011011100,
1110101100010011,
1110101101001011,
1110101110000010,
1110101110111010,
1110101111110010,
1110110000101010,
1110110001100010,
1110110010011010,
1110110011010011,
1110110100001011,
1110110101000100,
1110110101111101,
1110110110110101,
1110110111101110,
1110111000100111,
1110111001100001,
1110111010011010,
1110111011010011,
1110111100001101,
1110111101000110,
1110111110000000,
1110111110111010,
1110111111110100,
1111000000101110,
1111000001101000,
1111000010100010,
1111000011011100,
1111000100010111,
1111000101010001,
1111000110001100,
1111000111000110,
1111001000000001,
1111001000111100,
1111001001110111,
1111001010110010,
1111001011101101,
1111001100101000,
1111001101100011,
1111001110011111,
1111001111011010,
1111010000010110,
1111010001010001,
1111010010001101,
1111010011001000,
1111010100000100,
1111010101000000,
1111010101111100,
1111010110111000,
1111010111110100,
1111011000110000,
1111011001101100,
1111011010101000,
1111011011100100,
1111011100100001,
1111011101011101,
1111011110011010,
1111011111010110,
1111100000010011,
1111100001001111,
1111100010001100,
1111100011001000,
1111100100000101,
1111100101000010,
1111100101111111,
1111100110111011,
1111100111111000,
1111101000110101,
1111101001110010,
1111101010101111,
1111101011101100,
1111101100101001,
1111101101100110,
1111101110100011,
1111101111100001,
1111110000011110,
1111110001011011,
1111110010011000,
1111110011010101,
1111110100010011,
1111110101010000,
1111110110001101,
1111110111001010,
1111111000001000,
1111111001000101,
1111111010000010,
1111111011000000,
1111111011111101,
1111111100111010,
1111111101111000,
1111111110110101,
1111111111110010,
0000000000110000,
0000000001101101,
0000000010101010,
0000000011101000,
0000000100100101,
0000000101100010,
0000000110100000,
0000000111011101,
0000001000011010,
0000001001011000,
0000001010010101,
0000001011010010,
0000001100010000,
0000001101001101,
0000001110001010,
0000001111000111,
0000010000000100,
0000010001000001,
0000010001111111,
0000010010111100,
0000010011111001,
0000010100110110,
0000010101110011,
0000010110110000,
0000010111101101,
0000011000101001,
0000011001100110,
0000011010100011,
0000011011100000,
0000011100011101,
0000011101011001,
0000011110010110,
0000011111010011,
0000100000001111,
0000100001001100,
0000100010001000,
0000100011000100,
0000100100000001,
0000100100111101,
0000100101111001,
0000100110110101,
0000100111110010,
0000101000101110,
0000101001101010,
0000101010100101,
0000101011100001,
0000101100011101,
0000101101011001,
0000101110010100,
0000101111010000,
0000110000001100,
0000110001000111,
0000110010000010,
0000110010111110,
0000110011111001,
0000110100110100,
0000110101101111,
0000110110101010,
0000110111100101,
0000111000100000,
0000111001011010,
0000111010010101,
0000111011001111,
0000111100001010,
0000111101000100,
0000111101111110,
0000111110111000,
0000111111110010,
0001000000101100,
0001000001100110,
0001000010100000,
0001000011011010,
0001000100010011,
0001000101001101,
0001000110000110,
0001000110111111,
0001000111111000,
0001001000110001,
0001001001101010,
0001001010100011,
0001001011011100,
0001001100010100,
0001001101001101,
0001001110000101,
0001001110111101,
0001001111110101,
0001010000101101,
0001010001100101,
0001010010011101,
0001010011010100,
0001010100001100,
0001010101000011,
0001010101111010,
0001010110110001,
0001010111101000,
0001011000011111,
0001011001010101,
0001011010001100,
0001011011000010,
0001011011111000,
0001011100101111,
0001011101100100,
0001011110011010,
0001011111010000,
0001100000000101,
0001100000111011,
0001100001110000,
0001100010100101,
0001100011011010,
0001100100001111,
0001100101000011,
0001100101111000,
0001100110101100,
0001100111100000,
0001101000010100,
0001101001001000,
0001101001111011,
0001101010101111,
0001101011100010,
0001101100010101,
0001101101001000,
0001101101111011,
0001101110101110,
0001101111100000,
0001110000010010,
0001110001000101,
0001110001110111,
0001110010101000,
0001110011011010,
0001110100001011,
0001110100111101,
0001110101101110,
0001110110011110,
0001110111001111,
0001111000000000,
0001111000110000,
0001111001100000,
0001111010010000,
0001111011000000,
0001111011101111,
0001111100011111,
0001111101001110,
0001111101111101,
0001111110101100,
0001111111011010,
0010000000001001,
0010000000110111,
0010000001100101,
0010000010010011,
0010000011000000,
0010000011101110,
0010000100011011,
0010000101001000,
0010000101110101,
0010000110100001,
0010000111001110,
0010000111111010,
0010001000100110,
0010001001010010,
0010001001111101,
0010001010101001,
0010001011010100,
0010001011111111,
0010001100101001,
0010001101010100,
0010001101111110,
0010001110101000,
0010001111010010,
0010001111111011,
0010010000100101,
0010010001001110,
0010010001110111,
0010010010011111,
0010010011001000,
0010010011110000,
0010010100011000,
0010010101000000,
0010010101101000,
0010010110001111,
0010010110110110,
0010010111011101,
0010011000000011,
0010011000101010,
0010011001010000,
0010011001110110,
0010011010011100,
0010011011000001,
0010011011100110,
0010011100001011,
0010011100110000,
0010011101010100,
0010011101111001,
0010011110011101,
0010011111000000,
0010011111100100,
0010100000000111,
0010100000101010,
0010100001001101,
0010100001110000,
0010100010010010,
0010100010110100,
0010100011010110,
0010100011110111,
0010100100011000,
0010100100111001,
0010100101011010,
0010100101111011,
0010100110011011,
0010100110111011,
0010100111011011,
0010100111111010,
0010101000011001,
0010101000111000,
0010101001010111,
0010101001110101,
0010101010010100,
0010101010110001,
0010101011001111,
0010101011101100,
0010101100001010,
0010101100100110,
0010101101000011,
0010101101011111,
0010101101111011,
0010101110010111,
0010101110110011,
0010101111001110,
0010101111101001,
0010110000000100,
0010110000011110,
0010110000111000,
0010110001010010,
0010110001101100,
0010110010000101,
0010110010011110,
0010110010110111,
0010110011001111,
0010110011101000,
0010110100000000,
0010110100010111,
0010110100101111,
0010110101000110,
0010110101011101,
0010110101110011,
0010110110001001,
0010110110100000,
0010110110110101,
0010110111001011,
0010110111100000,
0010110111110101,
0010111000001001,
0010111000011110,
0010111000110010,
0010111001000101,
0010111001011001,
0010111001101100,
0010111001111111,
0010111010010001,
0010111010100100,
0010111010110110,
0010111011001000,
0010111011011001,
0010111011101010,
0010111011111011,
0010111100001100,
0010111100011100,
0010111100101100,
0010111100111100,
0010111101001011,
0010111101011010,
0010111101101001,
0010111101110111,
0010111110000110,
0010111110010100,
0010111110100001,
0010111110101111,
0010111110111100,
0010111111001000,
0010111111010101,
0010111111100001,
0010111111101101,
0010111111111001,
0011000000000100,
0011000000001111,
0011000000011010,
0011000000100100,
0011000000101110,
0011000000111000,
0011000001000001,
0011000001001011,
0011000001010100,
0011000001011100,
0011000001100101,
0011000001101101,
0011000001110100,
0011000001111100,
0011000010000011,
0011000010001010,
0011000010010000,
0011000010010110,
0011000010011100,
0011000010100010,
0011000010100111,
0011000010101100,
0011000010110001,
0011000010110110,
0011000010111010,
0011000010111110,
0011000011000001,
0011000011000100,
0011000011000111,
0011000011001010,
0011000011001100,
0011000011001110,
0011000011010000,
0011000011010001,
0011000011010010,
0011000011010011,
0011000011010100,
0011000011010100,
0011000011010100,
0011000011010100,
0011000011010011,
0011000011010010,
0011000011010001,
0011000011001111,
0011000011001101,
0011000011001011,
0011000011001000,
0011000011000110,
0011000011000011,
0011000010111111,
0011000010111011,
0011000010110111,
0011000010110011,
0011000010101111,
0011000010101010,
0011000010100100,
0011000010011111,
0011000010011001,
0011000010010011,
0011000010001101,
0011000010000110,
0011000001111111,
0011000001111000,
0011000001110000,
0011000001101000,
0011000001100000,
0011000001010111,
0011000001001111,
0011000001000110,
0011000000111100,
0011000000110011,
0011000000101001,
0011000000011110,
0011000000010100,
0011000000001001,
0010111111111110,
0010111111110010,
0010111111100110,
0010111111011010,
0010111111001110,
0010111111000001,
0010111110110100,
0010111110100111,
0010111110011010,
0010111110001100,
0010111101111110,
0010111101101111,
0010111101100001,
0010111101010010,
0010111101000010,
0010111100110011,
0010111100100011,
0010111100010011,
0010111100000010,
0010111011110010,
0010111011100001,
0010111011001111,
0010111010111110,
0010111010101100,
0010111010011010,
0010111010000111,
0010111001110100,
0010111001100001,
0010111001001110,
0010111000111010,
0010111000100111,
0010111000010010,
0010110111111110,
0010110111101001,
0010110111010100,
0010110110111111,
0010110110101001,
0010110110010011,
0010110101111101,
0010110101100111,
0010110101010000,
0010110100111001,
0010110100100010,
0010110100001010,
0010110011110010,
0010110011011010,
0010110011000010,
0010110010101001,
0010110010010000,
0010110001110111,
0010110001011101,
0010110001000100,
0010110000101010,
0010110000001111,
0010101111110101,
0010101111011010,
0010101110111111,
0010101110100011,
0010101110001000,
0010101101101100,
0010101101010000,
0010101100110011,
0010101100010110,
0010101011111001,
0010101011011100,
0010101010111111,
0010101010100001,
0010101010000011,
0010101001100100,
0010101001000110,
0010101000100111,
0010101000001000,
0010100111101001,
0010100111001001,
0010100110101001,
0010100110001001,
0010100101101001,
0010100101001000,
0010100100100111,
0010100100000110,
0010100011100101,
0010100011000011,
0010100010100001,
0010100001111111,
0010100001011100,
0010100000111010,
0010100000010111,
0010011111110100,
0010011111010000,
0010011110101101,
0010011110001001,
0010011101100101,
0010011101000000,
0010011100011100,
0010011011110111,
0010011011010010,
0010011010101100,
0010011010000111,
0010011001100001,
0010011000111011,
0010011000010101,
0010010111101110,
0010010111000111,
0010010110100000,
0010010101111001,
0010010101010010,
0010010100101010,
0010010100000010,
0010010011011010,
0010010010110010,
0010010010001001,
0010010001100000,
0010010000110111,
0010010000001110,
0010001111100100,
0010001110111011,
0010001110010001,
0010001101100110,
0010001100111100,
0010001100010010,
0010001011100111,
0010001010111100,
0010001010010000,
0010001001100101,
0010001000111001,
0010001000001101,
0010000111100001,
0010000110110101,
0010000110001001,
0010000101011100,
0010000100101111,
0010000100000010,
0010000011010101,
0010000010100111,
0010000001111001,
0010000001001011,
0010000000011101,
0001111111101111,
0001111111000000,
0001111110010010,
0001111101100011,
0001111100110100,
0001111100000100,
0001111011010101,
0001111010100101,
0001111001110101,
0001111001000101,
0001111000010101,
0001110111100101,
0001110110110100,
0001110110000011,
0001110101010010,
0001110100100001,
0001110011110000,
0001110010111110,
0001110010001101,
0001110001011011,
0001110000101001,
0001101111110111,
0001101111000100,
0001101110010010,
0001101101011111,
0001101100101100,
0001101011111001,
0001101011000110,
0001101010010010,
0001101001011111,
0001101000101011,
0001100111110111,
0001100111000011,
0001100110001111,
0001100101011010,
0001100100100110,
0001100011110001,
0001100010111100,
0001100010000111,
0001100001010010,
0001100000011101,
0001011111101000,
0001011110110010,
0001011101111100,
0001011101000110,
0001011100010000,
0001011011011010,
0001011010100100,
0001011001101110,
0001011000110111,
0001011000000000,
0001010111001001,
0001010110010010,
0001010101011011,
0001010100100100,
0001010011101101,
0001010010110101,
0001010001111110,
0001010001000110,
0001010000001110,
0001001111010110,
0001001110011110,
0001001101100110,
0001001100101101,
0001001011110101,
0001001010111100,
0001001010000011,
0001001001001011,
0001001000010010,
0001000111011001,
0001000110011111,
0001000101100110,
0001000100101101,
0001000011110011,
0001000010111010,
0001000010000000,
0001000001000110,
0001000000001100,
0000111111010010,
0000111110011000,
0000111101011110,
0000111100100100,
0000111011101001,
0000111010101111,
0000111001110100,
0000111000111010,
0000110111111111,
0000110111000100,
0000110110001001,
0000110101001110,
0000110100010011,
0000110011011000,
0000110010011101,
0000110001100001,
0000110000100110,
0000101111101010,
0000101110101111,
0000101101110011,
0000101100111000,
0000101011111100,
0000101011000000,
0000101010000100,
0000101001001000,
0000101000001100,
0000100111010000,
0000100110010100,
0000100101011000,
0000100100011100,
0000100011011111,
0000100010100011,
0000100001100110,
0000100000101010,
0000011111101101,
0000011110110001,
0000011101110100,
0000011100111000,
0000011011111011,
0000011010111110,
0000011010000001,
0000011001000101,
0000011000001000,
0000010111001011,
0000010110001110,
0000010101010001,
0000010100010100,
0000010011010111,
0000010010011010,
0000010001011101,
0000010000011111,
0000001111100010,
0000001110100101,
0000001101101000,
0000001100101011,
0000001011101101,
0000001010110000,
0000001001110011,
0000001000110110,
0000000111111000,
0000000110111011,
0000000101111110,
0000000101000000,
0000000100000011,
0000000011000110,
0000000010001000,
0000000001001011,
0000000000001110,
1111111111010000,
1111111110010011,
1111111101010110,
1111111100011000,
1111111011011011,
1111111010011110,
1111111001100000,
1111111000100011,
1111110111100110,
1111110110101000,
1111110101101011,
1111110100101110,
1111110011110000,
1111110010110011,
1111110001110110,
1111110000111001,
1111101111111100,
1111101110111111,
1111101110000001,
1111101101000100,
1111101100000111,
1111101011001010,
1111101010001101,
1111101001010000,
1111101000010011,
1111100111010111,
1111100110011010,
1111100101011101,
1111100100100000,
1111100011100011,
1111100010100111,
1111100001101010,
1111100000101101,
1111011111110001,
1111011110110100,
1111011101111000,
1111011100111100,
1111011011111111,
1111011011000011,
1111011010000111,
1111011001001011,
1111011000001110,
1111010111010010,
1111010110010110,
1111010101011011,
1111010100011111,
1111010011100011,
1111010010100111,
1111010001101100,
1111010000110000,
1111001111110100,
1111001110111001,
1111001101111110,
1111001101000010,
1111001100000111,
1111001011001100,
1111001010010001,
1111001001010110,
1111001000011011,
1111000111100000,
1111000110100110,
1111000101101011,
1111000100110001,
1111000011110110,
1111000010111100,
1111000010000010,
1111000001001000,
1111000000001110,
1110111111010100,
1110111110011010,
1110111101100000,
1110111100100110,
1110111011101101,
1110111010110011,
1110111001111010,
1110111001000001,
1110111000001000,
1110110111001111,
1110110110010110,
1110110101011101,
1110110100100100,
1110110011101100,
1110110010110011,
1110110001111011,
1110110001000011,
1110110000001011,
1110101111010011,
1110101110011011,
1110101101100011,
1110101100101100,
1110101011110100,
1110101010111101,
1110101010000110,
1110101001001111,
1110101000011000,
1110100111100001,
1110100110101011,
1110100101110100,
1110100100111110,
1110100100001000,
1110100011010001,
1110100010011100,
1110100001100110,
1110100000110000,
1110011111111011,
1110011111000101,
1110011110010000,
1110011101011011,
1110011100100110,
1110011011110001,
1110011010111101,
1110011010001000,
1110011001010100,
1110011000100000,
1110010111101100,
1110010110111000,
1110010110000101,
1110010101010001,
1110010100011110,
1110010011101011,
1110010010111000,
1110010010000101,
1110010001010010,
1110010000100000,
1110001111101110,
1110001110111011,
1110001110001001,
1110001101011000,
1110001100100110,
1110001011110101,
1110001011000011,
1110001010010010,
1110001001100010,
1110001000110001,
1110001000000000,
1110000111010000,
1110000110100000,
1110000101110000,
1110000101000000,
1110000100010001,
1110000011100001,
1110000010110010,
1110000010000011,
1110000001010100,
1110000000100110,
1101111111110111,
1101111111001001,
1101111110011011,
1101111101101101,
1101111101000000,
1101111100010010,
1101111011100101,
1101111010111000,
1101111010001011,
1101111001011111,
1101111000110010,
1101111000000110,
1101110111011010,
1101110110101110,
1101110110000011,
1101110101010111,
1101110100101100,
1101110100000001,
1101110011010111,
1101110010101100,
1101110010000010,
1101110001011000,
1101110000101110,
1101110000000101,
1101101111011011,
1101101110110010,
1101101110001001,
1101101101100001,
1101101100111000,
1101101100010000,
1101101011101000,
1101101011000000,
1101101010011000,
1101101001110001,
1101101001001010,
1101101000100011,
1101100111111101,
1101100111010110,
1101100110110000,
1101100110001010,
1101100101100100,
1101100100111111,
1101100100011010,
1101100011110101,
1101100011010000,
1101100010101100,
1101100010000111,
1101100001100011,
1101100001000000,
1101100000011100,
1101011111111001,
1101011111010110,
1101011110110011,
1101011110010000,
1101011101101110,
1101011101001100,
1101011100101010,
1101011100001001,
1101011011101000,
1101011011000111,
1101011010100110,
1101011010000101,
1101011001100101,
1101011001000101,
1101011000100101,
1101011000000110,
1101010111100111,
1101010111001000,
1101010110101001,
1101010110001011,
1101010101101100,
1101010101001111,
1101010100110001,
1101010100010100,
1101010011110110,
1101010011011010,
1101010010111101,
1101010010100001,
1101010010000101,
1101010001101001,
1101010001001101,
1101010000110010,
1101010000010111,
1101001111111100,
1101001111100010,
1101001111001000,
1101001110101110,
1101001110010100,
1101001101111011,
1101001101100010,
1101001101001001,
1101001100110001,
1101001100011000,
1101001100000000,
1101001011101001,
1101001011010001,
1101001010111010,
1101001010100011,
1101001010001101,
1101001001110111,
1101001001100000,
1101001001001011,
1101001000110101,
1101001000100000,
1101001000001011,
1101000111110111,
1101000111100010,
1101000111001110,
1101000110111011,
1101000110100111,
1101000110010100,
1101000110000001,
1101000101101111,
1101000101011100,
1101000101001010,
1101000100111000,
1101000100100111,
1101000100010110,
1101000100000101,
1101000011110100,
1101000011100100,
1101000011010100,
1101000011000100,
1101000010110101,
1101000010100110,
1101000010010111,
1101000010001001,
1101000001111010,
1101000001101100,
1101000001011111,
1101000001010001,
1101000001000100,
1101000000111000,
1101000000101011,
1101000000011111,
1101000000010011,
1101000000000111,
1100111111111100,
1100111111110001,
1100111111100110,
1100111111011100,
1100111111010010,
1100111111001000,
1100111110111111,
1100111110110101,
1100111110101100,
1100111110100100,
1100111110011011,
1100111110010011,
1100111110001100,
1100111110000100,
1100111101111101,
1100111101110110,
1100111101110000,
1100111101101010,
1100111101100100,
1100111101011110,
1100111101011001,
1100111101010100,
1100111101001111,
1100111101001010,
1100111101000110,
1100111101000010,
1100111100111111,
1100111100111100,
1100111100111001,
1100111100110110,
1100111100110100,
1100111100110010,
1100111100110000,
1100111100101111,
1100111100101110,
1100111100101101,
1100111100101100,
1100111100101100,
1100111100101100,
1100111100101100,
1100111100101101,
1100111100101110,
1100111100101111,
1100111100110001,
1100111100110011,
1100111100110101,
1100111100111000,
1100111100111010,
1100111100111101,
1100111101000001,
1100111101000101,
1100111101001001,
1100111101001101,
1100111101010001,
1100111101010110,
1100111101011100,
1100111101100001,
1100111101100111,
1100111101101101,
1100111101110011,
1100111101111010,
1100111110000001,
1100111110001000,
1100111110010000,
1100111110011000,
1100111110100000,
1100111110101001,
1100111110110001,
1100111110111010,
1100111111000100,
1100111111001101,
1100111111010111,
1100111111100010,
1100111111101100,
1100111111110111,
1101000000000010,
1101000000001110,
1101000000011010,
1101000000100110,
1101000000110010,
1101000000111111,
1101000001001100,
1101000001011001,
1101000001100110,
1101000001110100,
1101000010000010,
1101000010010001,
1101000010011111,
1101000010101110,
1101000010111110,
1101000011001101,
1101000011011101,
1101000011101101,
1101000011111110,
1101000100001110,
1101000100011111,
1101000100110001,
1101000101000010,
1101000101010100,
1101000101100110,
1101000101111001,
1101000110001100,
1101000110011111,
1101000110110010,
1101000111000110,
1101000111011001,
1101000111101110,
1101001000000010,
1101001000010111,
1101001000101100,
1101001001000001,
1101001001010111,
1101001001101101,
1101001010000011,
1101001010011001,
1101001010110000,
1101001011000111,
1101001011011110,
1101001011110110,
1101001100001110,
1101001100100110,
1101001100111110,
1101001101010111,
1101001101110000,
1101001110001001,
1101001110100011,
1101001110111100,
1101001111010110,
1101001111110001,
1101010000001011,
1101010000100110,
1101010001000001,
1101010001011101,
1101010001111000,
1101010010010100,
1101010010110000,
1101010011001101,
1101010011101010,
1101010100000111,
1101010100100100,
1101010101000001,
1101010101011111,
1101010101111101,
1101010110011100,
1101010110111010,
1101010111011001,
1101010111111000,
1101011000010111,
1101011000110111,
1101011001010111,
1101011001110111,
1101011010010111,
1101011010111000,
1101011011011001,
1101011011111010,
1101011100011011,
1101011100111101,
1101011101011111,
1101011110000001,
1101011110100100,
1101011111000110,
1101011111101001,
1101100000001100,
1101100000110000,
1101100001010011,
1101100001110111,
1101100010011011,
1101100011000000,
1101100011100100,
1101100100001001,
1101100100101110,
1101100101010100,
1101100101111001,
1101100110011111,
1101100111000101,
1101100111101011,
1101101000010010,
1101101000111001,
1101101001100000,
1101101010000111,
1101101010101110,
1101101011010110,
1101101011111110,
1101101100100110,
1101101101001110,
1101101101110111,
1101101110100000,
1101101111001001,
1101101111110010,
1101110000011100,
1101110001000101,
1101110001101111,
1101110010011010,
1101110011000100,
1101110011101110,
1101110100011001,
1101110101000100,
1101110101110000,
1101110110011011,
1101110111000111,
1101110111110011,
1101111000011111,
1101111001001011,
1101111001110111,
1101111010100100,
1101111011010001,
1101111011111110,
1101111100101011,
1101111101011001,
1101111110000111,
1101111110110101,
1101111111100011,
1110000000010001,
1110000001000000,
1110000001101110,
1110000010011101,
1110000011001100,
1110000011111100,
1110000100101011,
1110000101011011,
1110000110001011,
1110000110111011,
1110000111101011,
1110001000011011,
1110001001001100,
1110001001111101,
1110001010101110,
1110001011011111,
1110001100010000,
1110001101000010,
1110001101110011,
1110001110100101,
1110001111010111,
1110010000001001,
1110010000111100,
1110010001101110,
1110010010100001,
1110010011010100,
1110010100000111,
1110010100111010,
1110010101101110,
1110010110100001,
1110010111010101,
1110011000001001,
1110011000111101,
1110011001110001,
1110011010100110,
1110011011011010,
1110011100001111,
1110011101000100,
1110011101111001,
1110011110101110,
1110011111100011,
1110100000011000,
1110100001001110,
1110100010000100,
1110100010111010,
1110100011110000,
1110100100100110,
1110100101011100,
1110100110010010,
1110100111001001,
1110101000000000,
1110101000110111,
1110101001101110,
1110101010100101,
1110101011011100,
1110101100010011,
1110101101001011,
1110101110000010,
1110101110111010,
1110101111110010,
1110110000101010,
1110110001100010,
1110110010011010,
1110110011010011,
1110110100001011,
1110110101000100,
1110110101111101,
1110110110110101,
1110110111101110,
1110111000100111,
1110111001100001,
1110111010011010,
1110111011010011,
1110111100001101,
1110111101000110,
1110111110000000,
1110111110111010,
1110111111110100,
1111000000101110,
1111000001101000,
1111000010100010,
1111000011011100,
1111000100010111,
1111000101010001,
1111000110001100,
1111000111000110,
1111001000000001,
1111001000111100,
1111001001110111,
1111001010110010,
1111001011101101,
1111001100101000,
1111001101100011,
1111001110011111,
1111001111011010,
1111010000010110,
1111010001010001,
1111010010001101,
1111010011001000,
1111010100000100,
1111010101000000,
1111010101111100,
1111010110111000,
1111010111110100,
1111011000110000,
1111011001101100,
1111011010101000,
1111011011100100,
1111011100100001,
1111011101011101,
1111011110011010,
1111011111010110,
1111100000010011,
1111100001001111,
1111100010001100,
1111100011001000,
1111100100000101,
1111100101000010,
1111100101111111,
1111100110111011,
1111100111111000,
1111101000110101,
1111101001110010,
1111101010101111,
1111101011101100,
1111101100101001,
1111101101100110,
1111101110100011,
1111101111100001,
1111110000011110,
1111110001011011,
1111110010011000,
1111110011010101,
1111110100010011,
1111110101010000,
1111110110001101,
1111110111001010,
1111111000001000,
1111111001000101,
1111111010000010,
1111111011000000,
1111111011111101,
1111111100111010,
1111111101111000,
1111111110110101,
1111111111110010,
0000000000110000,
0000000001101101,
0000000010101010,
0000000011101000,
0000000100100101,
0000000101100010,
0000000110100000,
0000000111011101,
0000001000011010,
0000001001011000,
0000001010010101,
0000001011010010,
0000001100010000,
0000001101001101,
0000001110001010,
0000001111000111,
0000010000000100,
0000010001000001,
0000010001111111,
0000010010111100,
0000010011111001,
0000010100110110,
0000010101110011,
0000010110110000,
0000010111101101,
0000011000101001,
0000011001100110,
0000011010100011,
0000011011100000,
0000011100011101,
0000011101011001,
0000011110010110,
0000011111010011,
0000100000001111,
0000100001001100,
0000100010001000,
0000100011000100,
0000100100000001,
0000100100111101,
0000100101111001,
0000100110110101,
0000100111110010,
0000101000101110,
0000101001101010,
0000101010100101,
0000101011100001,
0000101100011101,
0000101101011001,
0000101110010100,
0000101111010000,
0000110000001100,
0000110001000111,
0000110010000010,
0000110010111110,
0000110011111001,
0000110100110100,
0000110101101111,
0000110110101010,
0000110111100101,
0000111000100000,
0000111001011010,
0000111010010101,
0000111011001111,
0000111100001010,
0000111101000100,
0000111101111110,
0000111110111000,
0000111111110010,
0001000000101100,
0001000001100110,
0001000010100000,
0001000011011010,
0001000100010011,
0001000101001101,
0001000110000110,
0001000110111111,
0001000111111000,
0001001000110001,
0001001001101010,
0001001010100011,
0001001011011100,
0001001100010100,
0001001101001101,
0001001110000101,
0001001110111101,
0001001111110101,
0001010000101101,
0001010001100101,
0001010010011101,
0001010011010100,
0001010100001100,
0001010101000011,
0001010101111010,
0001010110110001,
0001010111101000,
0001011000011111,
0001011001010101,
0001011010001100,
0001011011000010,
0001011011111000,
0001011100101111,
0001011101100100,
0001011110011010,
0001011111010000,
0001100000000101,
0001100000111011,
0001100001110000,
0001100010100101,
0001100011011010,
0001100100001111,
0001100101000011,
0001100101111000,
0001100110101100,
0001100111100000,
0001101000010100,
0001101001001000,
0001101001111011,
0001101010101111,
0001101011100010,
0001101100010101,
0001101101001000,
0001101101111011,
0001101110101110,
0001101111100000,
0001110000010010,
0001110001000101,
0001110001110111,
0001110010101000,
0001110011011010,
0001110100001011,
0001110100111101,
0001110101101110,
0001110110011110,
0001110111001111,
0001111000000000,
0001111000110000,
0001111001100000,
0001111010010000,
0001111011000000,
0001111011101111,
0001111100011111,
0001111101001110,
0001111101111101,
0001111110101100,
0001111111011010,
0010000000001001,
0010000000110111,
0010000001100101,
0010000010010011,
0010000011000000,
0010000011101110,
0010000100011011,
0010000101001000,
0010000101110101,
0010000110100001,
0010000111001110,
0010000111111010,
0010001000100110,
0010001001010010,
0010001001111101,
0010001010101001,
0010001011010100,
0010001011111111,
0010001100101001,
0010001101010100,
0010001101111110,
0010001110101000,
0010001111010010,
0010001111111011,
0010010000100101,
0010010001001110,
0010010001110111,
0010010010011111,
0010010011001000,
0010010011110000,
0010010100011000,
0010010101000000,
0010010101101000,
0010010110001111,
0010010110110110,
0010010111011101,
0010011000000011,
0010011000101010,
0010011001010000,
0010011001110110,
0010011010011100,
0010011011000001,
0010011011100110,
0010011100001011,
0010011100110000,
0010011101010100,
0010011101111001,
0010011110011101,
0010011111000000,
0010011111100100,
0010100000000111,
0010100000101010,
0010100001001101,
0010100001110000,
0010100010010010,
0010100010110100,
0010100011010110,
0010100011110111,
0010100100011000,
0010100100111001,
0010100101011010,
0010100101111011,
0010100110011011,
0010100110111011,
0010100111011011,
0010100111111010,
0010101000011001,
0010101000111000,
0010101001010111,
0010101001110101,
0010101010010100,
0010101010110001,
0010101011001111,
0010101011101100,
0010101100001010,
0010101100100110,
0010101101000011,
0010101101011111,
0010101101111011,
0010101110010111,
0010101110110011,
0010101111001110,
0010101111101001,
0010110000000100,
0010110000011110,
0010110000111000,
0010110001010010,
0010110001101100,
0010110010000101,
0010110010011110,
0010110010110111,
0010110011001111,
0010110011101000,
0010110100000000,
0010110100010111,
0010110100101111,
0010110101000110,
0010110101011101,
0010110101110011,
0010110110001001,
0010110110100000,
0010110110110101,
0010110111001011,
0010110111100000,
0010110111110101,
0010111000001001,
0010111000011110,
0010111000110010,
0010111001000101,
0010111001011001,
0010111001101100,
0010111001111111,
0010111010010001,
0010111010100100,
0010111010110110,
0010111011001000,
0010111011011001,
0010111011101010,
0010111011111011,
0010111100001100,
0010111100011100,
0010111100101100,
0010111100111100,
0010111101001011,
0010111101011010,
0010111101101001,
0010111101110111,
0010111110000110,
0010111110010100,
0010111110100001,
0010111110101111,
0010111110111100,
0010111111001000,
0010111111010101,
0010111111100001,
0010111111101101,
0010111111111001,
0011000000000100,
0011000000001111,
0011000000011010,
0011000000100100,
0011000000101110,
0011000000111000,
0011000001000001,
0011000001001011,
0011000001010100,
0011000001011100,
0011000001100101,
0011000001101101,
0011000001110100,
0011000001111100,
0011000010000011,
0011000010001010,
0011000010010000,
0011000010010110,
0011000010011100,
0011000010100010,
0011000010100111,
0011000010101100,
0011000010110001,
0011000010110110,
0011000010111010,
0011000010111110,
0011000011000001,
0011000011000100,
0011000011000111,
0011000011001010,
0011000011001100,
0011000011001110,
0011000011010000,
0011000011010001,
0011000011010010,
0011000011010011,
0011000011010100,
0011000011010100,
0011000011010100,
0011000011010100,
0011000011010011,
0011000011010010,
0011000011010001,
0011000011001111,
0011000011001101,
0011000011001011,
0011000011001000,
0011000011000110,
0011000011000011,
0011000010111111,
0011000010111011,
0011000010110111,
0011000010110011,
0011000010101111,
0011000010101010,
0011000010100100,
0011000010011111,
0011000010011001,
0011000010010011,
0011000010001101,
0011000010000110,
0011000001111111,
0011000001111000,
0011000001110000,
0011000001101000,
0011000001100000,
0011000001010111,
0011000001001111,
0011000001000110,
0011000000111100,
0011000000110011,
0011000000101001,
0011000000011110,
0011000000010100,
0011000000001001,
0010111111111110,
0010111111110010,
0010111111100110,
0010111111011010,
0010111111001110,
0010111111000001,
0010111110110100,
0010111110100111,
0010111110011010,
0010111110001100,
0010111101111110,
0010111101101111,
0010111101100001,
0010111101010010,
0010111101000010,
0010111100110011,
0010111100100011,
0010111100010011,
0010111100000010,
0010111011110010,
0010111011100001,
0010111011001111,
0010111010111110,
0010111010101100,
0010111010011010,
0010111010000111,
0010111001110100,
0010111001100001,
0010111001001110,
0010111000111010,
0010111000100111,
0010111000010010,
0010110111111110,
0010110111101001,
0010110111010100,
0010110110111111,
0010110110101001,
0010110110010011,
0010110101111101,
0010110101100111,
0010110101010000,
0010110100111001,
0010110100100010,
0010110100001010,
0010110011110010,
0010110011011010,
0010110011000010,
0010110010101001,
0010110010010000,
0010110001110111,
0010110001011101,
0010110001000100,
0010110000101010,
0010110000001111,
0010101111110101,
0010101111011010,
0010101110111111,
0010101110100011,
0010101110001000,
0010101101101100,
0010101101010000,
0010101100110011,
0010101100010110,
0010101011111001,
0010101011011100,
0010101010111111,
0010101010100001,
0010101010000011,
0010101001100100,
0010101001000110,
0010101000100111,
0010101000001000,
0010100111101001,
0010100111001001,
0010100110101001,
0010100110001001,
0010100101101001,
0010100101001000,
0010100100100111,
0010100100000110,
0010100011100101,
0010100011000011,
0010100010100001,
0010100001111111,
0010100001011100,
0010100000111010,
0010100000010111,
0010011111110100,
0010011111010000,
0010011110101101,
0010011110001001,
0010011101100101,
0010011101000000,
0010011100011100,
0010011011110111,
0010011011010010,
0010011010101100,
0010011010000111,
0010011001100001,
0010011000111011,
0010011000010101,
0010010111101110,
0010010111000111,
0010010110100000,
0010010101111001,
0010010101010010,
0010010100101010,
0010010100000010,
0010010011011010,
0010010010110010,
0010010010001001,
0010010001100000,
0010010000110111,
0010010000001110,
0010001111100100,
0010001110111011,
0010001110010001,
0010001101100110,
0010001100111100,
0010001100010010,
0010001011100111,
0010001010111100,
0010001010010000,
0010001001100101,
0010001000111001,
0010001000001101,
0010000111100001,
0010000110110101,
0010000110001001,
0010000101011100,
0010000100101111,
0010000100000010,
0010000011010101,
0010000010100111,
0010000001111001,
0010000001001011,
0010000000011101,
0001111111101111,
0001111111000000,
0001111110010010,
0001111101100011,
0001111100110100,
0001111100000100,
0001111011010101,
0001111010100101,
0001111001110101,
0001111001000101,
0001111000010101,
0001110111100101,
0001110110110100,
0001110110000011,
0001110101010010,
0001110100100001,
0001110011110000,
0001110010111110,
0001110010001101,
0001110001011011,
0001110000101001,
0001101111110111,
0001101111000100,
0001101110010010,
0001101101011111,
0001101100101100,
0001101011111001,
0001101011000110,
0001101010010010,
0001101001011111,
0001101000101011,
0001100111110111,
0001100111000011,
0001100110001111,
0001100101011010,
0001100100100110,
0001100011110001,
0001100010111100,
0001100010000111,
0001100001010010,
0001100000011101,
0001011111101000,
0001011110110010,
0001011101111100,
0001011101000110,
0001011100010000,
0001011011011010,
0001011010100100,
0001011001101110,
0001011000110111,
0001011000000000,
0001010111001001,
0001010110010010,
0001010101011011,
0001010100100100,
0001010011101101,
0001010010110101,
0001010001111110,
0001010001000110,
0001010000001110,
0001001111010110,
0001001110011110,
0001001101100110,
0001001100101101,
0001001011110101,
0001001010111100,
0001001010000011,
0001001001001011,
0001001000010010,
0001000111011001,
0001000110011111,
0001000101100110,
0001000100101101,
0001000011110011,
0001000010111010,
0001000010000000,
0001000001000110,
0001000000001100,
0000111111010010,
0000111110011000,
0000111101011110,
0000111100100100,
0000111011101001,
0000111010101111,
0000111001110100,
0000111000111010,
0000110111111111,
0000110111000100,
0000110110001001,
0000110101001110,
0000110100010011,
0000110011011000,
0000110010011101,
0000110001100001,
0000110000100110,
0000101111101010,
0000101110101111,
0000101101110011,
0000101100111000,
0000101011111100,
0000101011000000,
0000101010000100,
0000101001001000,
0000101000001100,
0000100111010000,
0000100110010100,
0000100101011000,
0000100100011100,
0000100011011111,
0000100010100011,
0000100001100110,
0000100000101010,
0000011111101101,
0000011110110001,
0000011101110100,
0000011100111000,
0000011011111011,
0000011010111110,
0000011010000001,
0000011001000101,
0000011000001000,
0000010111001011,
0000010110001110,
0000010101010001,
0000010100010100,
0000010011010111,
0000010010011010,
0000010001011101,
0000010000011111,
0000001111100010,
0000001110100101,
0000001101101000,
0000001100101011,
0000001011101101,
0000001010110000,
0000001001110011,
0000001000110110,
0000000111111000,
0000000110111011,
0000000101111110,
0000000101000000,
0000000100000011,
0000000011000110,
0000000010001000,
0000000001001011,
0000000000001110,
1111111111010000,
1111111110010011,
1111111101010110,
1111111100011000,
1111111011011011,
1111111010011110,
1111111001100000,
1111111000100011,
1111110111100110,
1111110110101000,
1111110101101011,
1111110100101110,
1111110011110000,
1111110010110011,
1111110001110110,
1111110000111001,
1111101111111100,
1111101110111111,
1111101110000001,
1111101101000100,
1111101100000111,
1111101011001010,
1111101010001101,
1111101001010000,
1111101000010011,
1111100111010111,
1111100110011010,
1111100101011101,
1111100100100000,
1111100011100011,
1111100010100111,
1111100001101010,
1111100000101101,
1111011111110001,
1111011110110100,
1111011101111000,
1111011100111100,
1111011011111111,
1111011011000011,
1111011010000111,
1111011001001011,
1111011000001110,
1111010111010010,
1111010110010110,
1111010101011011,
1111010100011111,
1111010011100011,
1111010010100111,
1111010001101100,
1111010000110000,
1111001111110100,
1111001110111001,
1111001101111110,
1111001101000010,
1111001100000111,
1111001011001100,
1111001010010001,
1111001001010110,
1111001000011011,
1111000111100000,
1111000110100110,
1111000101101011,
1111000100110001,
1111000011110110,
1111000010111100,
1111000010000010,
1111000001001000,
1111000000001110,
1110111111010100,
1110111110011010,
1110111101100000,
1110111100100110,
1110111011101101,
1110111010110011,
1110111001111010,
1110111001000001,
1110111000001000,
1110110111001111,
1110110110010110,
1110110101011101,
1110110100100100,
1110110011101100,
1110110010110011,
1110110001111011,
1110110001000011,
1110110000001011,
1110101111010011,
1110101110011011,
1110101101100011,
1110101100101100,
1110101011110100,
1110101010111101,
1110101010000110,
1110101001001111,
1110101000011000,
1110100111100001,
1110100110101011,
1110100101110100,
1110100100111110,
1110100100001000,
1110100011010001,
1110100010011100,
1110100001100110,
1110100000110000,
1110011111111011,
1110011111000101,
1110011110010000,
1110011101011011,
1110011100100110,
1110011011110001,
1110011010111101,
1110011010001000,
1110011001010100,
1110011000100000,
1110010111101100,
1110010110111000,
1110010110000101,
1110010101010001,
1110010100011110,
1110010011101011,
1110010010111000,
1110010010000101,
1110010001010010,
1110010000100000,
1110001111101110,
1110001110111011,
1110001110001001,
1110001101011000,
1110001100100110,
1110001011110101,
1110001011000011,
1110001010010010,
1110001001100010,
1110001000110001,
1110001000000000,
1110000111010000,
1110000110100000,
1110000101110000,
1110000101000000,
1110000100010001,
1110000011100001,
1110000010110010,
1110000010000011,
1110000001010100,
1110000000100110,
1101111111110111,
1101111111001001,
1101111110011011,
1101111101101101,
1101111101000000,
1101111100010010,
1101111011100101,
1101111010111000,
1101111010001011,
1101111001011111,
1101111000110010,
1101111000000110,
1101110111011010,
1101110110101110,
1101110110000011,
1101110101010111,
1101110100101100,
1101110100000001,
1101110011010111,
1101110010101100,
1101110010000010,
1101110001011000,
1101110000101110,
1101110000000101,
1101101111011011,
1101101110110010,
1101101110001001,
1101101101100001,
1101101100111000,
1101101100010000,
1101101011101000,
1101101011000000,
1101101010011000,
1101101001110001,
1101101001001010,
1101101000100011,
1101100111111101,
1101100111010110,
1101100110110000,
1101100110001010,
1101100101100100,
1101100100111111,
1101100100011010,
1101100011110101,
1101100011010000,
1101100010101100,
1101100010000111,
1101100001100011,
1101100001000000,
1101100000011100,
1101011111111001,
1101011111010110,
1101011110110011,
1101011110010000,
1101011101101110,
1101011101001100,
1101011100101010,
1101011100001001,
1101011011101000,
1101011011000111,
1101011010100110,
1101011010000101,
1101011001100101,
1101011001000101,
1101011000100101,
1101011000000110,
1101010111100111,
1101010111001000,
1101010110101001,
1101010110001011,
1101010101101100,
1101010101001111,
1101010100110001,
1101010100010100,
1101010011110110,
1101010011011010,
1101010010111101,
1101010010100001,
1101010010000101,
1101010001101001,
1101010001001101,
1101010000110010,
1101010000010111,
1101001111111100,
1101001111100010,
1101001111001000,
1101001110101110,
1101001110010100,
1101001101111011,
1101001101100010,
1101001101001001,
1101001100110001,
1101001100011000,
1101001100000000,
1101001011101001,
1101001011010001,
1101001010111010,
1101001010100011,
1101001010001101,
1101001001110111,
1101001001100000,
1101001001001011,
1101001000110101,
1101001000100000,
1101001000001011,
1101000111110111,
1101000111100010,
1101000111001110,
1101000110111011,
1101000110100111,
1101000110010100,
1101000110000001,
1101000101101111,
1101000101011100,
1101000101001010,
1101000100111000,
1101000100100111,
1101000100010110,
1101000100000101,
1101000011110100,
1101000011100100,
1101000011010100,
1101000011000100,
1101000010110101,
1101000010100110,
1101000010010111,
1101000010001001,
1101000001111010,
1101000001101100,
1101000001011111,
1101000001010001,
1101000001000100,
1101000000111000,
1101000000101011,
1101000000011111,
1101000000010011,
1101000000000111,
1100111111111100,
1100111111110001,
1100111111100110,
1100111111011100,
1100111111010010,
1100111111001000,
1100111110111111,
1100111110110101,
1100111110101100,
1100111110100100,
1100111110011011,
1100111110010011,
1100111110001100,
1100111110000100,
1100111101111101,
1100111101110110,
1100111101110000,
1100111101101010,
1100111101100100,
1100111101011110,
1100111101011001,
1100111101010100,
1100111101001111,
1100111101001010,
1100111101000110,
1100111101000010,
1100111100111111,
1100111100111100,
1100111100111001,
1100111100110110,
1100111100110100,
1100111100110010,
1100111100110000,
1100111100101111,
1100111100101110,
1100111100101101,
1100111100101100,
1100111100101100,
1100111100101100,
1100111100101100,
1100111100101101,
1100111100101110,
1100111100101111,
1100111100110001,
1100111100110011,
1100111100110101,
1100111100111000,
1100111100111010,
1100111100111101,
1100111101000001,
1100111101000101,
1100111101001001,
1100111101001101,
1100111101010001,
1100111101010110,
1100111101011100,
1100111101100001,
1100111101100111,
1100111101101101,
1100111101110011,
1100111101111010,
1100111110000001,
1100111110001000,
1100111110010000,
1100111110011000,
1100111110100000,
1100111110101001,
1100111110110001,
1100111110111010,
1100111111000100,
1100111111001101,
1100111111010111,
1100111111100010,
1100111111101100,
1100111111110111,
1101000000000010,
1101000000001110,
1101000000011010,
1101000000100110,
1101000000110010,
1101000000111111,
1101000001001100,
1101000001011001,
1101000001100110,
1101000001110100,
1101000010000010,
1101000010010001,
1101000010011111,
1101000010101110,
1101000010111110,
1101000011001101,
1101000011011101,
1101000011101101,
1101000011111110,
1101000100001110,
1101000100011111,
1101000100110001,
1101000101000010,
1101000101010100,
1101000101100110,
1101000101111001,
1101000110001100,
1101000110011111,
1101000110110010,
1101000111000110,
1101000111011001,
1101000111101110,
1101001000000010,
1101001000010111,
1101001000101100,
1101001001000001,
1101001001010111,
1101001001101101,
1101001010000011,
1101001010011001,
1101001010110000,
1101001011000111,
1101001011011110,
1101001011110110,
1101001100001110,
1101001100100110,
1101001100111110,
1101001101010111,
1101001101110000,
1101001110001001,
1101001110100011,
1101001110111100,
1101001111010110,
1101001111110001,
1101010000001011,
1101010000100110,
1101010001000001,
1101010001011101,
1101010001111000,
1101010010010100,
1101010010110000,
1101010011001101,
1101010011101010,
1101010100000111,
1101010100100100,
1101010101000001,
1101010101011111,
1101010101111101,
1101010110011100,
1101010110111010,
1101010111011001,
1101010111111000,
1101011000010111,
1101011000110111,
1101011001010111,
1101011001110111,
1101011010010111,
1101011010111000,
1101011011011001,
1101011011111010,
1101011100011011,
1101011100111101,
1101011101011111,
1101011110000001,
1101011110100100,
1101011111000110,
1101011111101001,
1101100000001100,
1101100000110000,
1101100001010011,
1101100001110111,
1101100010011011,
1101100011000000,
1101100011100100,
1101100100001001,
1101100100101110,
1101100101010100,
1101100101111001,
1101100110011111,
1101100111000101,
1101100111101011,
1101101000010010,
1101101000111001,
1101101001100000,
1101101010000111,
1101101010101110,
1101101011010110,
1101101011111110,
1101101100100110,
1101101101001110,
1101101101110111,
1101101110100000,
1101101111001001,
1101101111110010,
1101110000011100,
1101110001000101,
1101110001101111,
1101110010011010,
1101110011000100,
1101110011101110,
1101110100011001,
1101110101000100,
1101110101110000,
1101110110011011,
1101110111000111,
1101110111110011,
1101111000011111,
1101111001001011,
1101111001110111,
1101111010100100,
1101111011010001,
1101111011111110,
1101111100101011,
1101111101011001,
1101111110000111,
1101111110110101,
1101111111100011,
1110000000010001,
1110000001000000,
1110000001101110,
1110000010011101,
1110000011001100,
1110000011111100,
1110000100101011,
1110000101011011,
1110000110001011,
1110000110111011,
1110000111101011,
1110001000011011,
1110001001001100,
1110001001111101,
1110001010101110,
1110001011011111,
1110001100010000,
1110001101000010,
1110001101110011,
1110001110100101,
1110001111010111,
1110010000001001,
1110010000111100,
1110010001101110,
1110010010100001,
1110010011010100,
1110010100000111,
1110010100111010,
1110010101101110,
1110010110100001,
1110010111010101,
1110011000001001,
1110011000111101,
1110011001110001,
1110011010100110,
1110011011011010,
1110011100001111,
1110011101000100,
1110011101111001,
1110011110101110,
1110011111100011,
1110100000011000,
1110100001001110,
1110100010000100,
1110100010111010,
1110100011110000,
1110100100100110,
1110100101011100,
1110100110010010,
1110100111001001,
1110101000000000,
1110101000110111,
1110101001101110,
1110101010100101,
1110101011011100,
1110101100010011,
1110101101001011,
1110101110000010,
1110101110111010,
1110101111110010,
1110110000101010,
1110110001100010,
1110110010011010,
1110110011010011,
1110110100001011,
1110110101000100,
1110110101111101,
1110110110110101,
1110110111101110,
1110111000100111,
1110111001100001,
1110111010011010,
1110111011010011,
1110111100001101,
1110111101000110,
1110111110000000,
1110111110111010,
1110111111110100,
1111000000101110,
1111000001101000,
1111000010100010,
1111000011011100,
1111000100010111,
1111000101010001,
1111000110001100,
1111000111000110,
1111001000000001,
1111001000111100,
1111001001110111,
1111001010110010,
1111001011101101,
1111001100101000,
1111001101100011,
1111001110011111,
1111001111011010,
1111010000010110,
1111010001010001,
1111010010001101,
1111010011001000,
1111010100000100,
1111010101000000,
1111010101111100,
1111010110111000,
1111010111110100,
1111011000110000,
1111011001101100,
1111011010101000,
1111011011100100,
1111011100100001,
1111011101011101,
1111011110011010,
1111011111010110,
1111100000010011,
1111100001001111,
1111100010001100,
1111100011001000,
1111100100000101,
1111100101000010,
1111100101111111,
1111100110111011,
1111100111111000,
1111101000110101,
1111101001110010,
1111101010101111,
1111101011101100,
1111101100101001,
1111101101100110,
1111101110100011,
1111101111100001,
1111110000011110,
1111110001011011,
1111110010011000,
1111110011010101,
1111110100010011,
1111110101010000,
1111110110001101,
1111110111001010,
1111111000001000,
1111111001000101,
1111111010000010,
1111111011000000,
1111111011111101,
1111111100111010,
1111111101111000,
1111111110110101,
1111111111110010,
0000000000110000,
0000000001101101,
0000000010101010,
0000000011101000,
0000000100100101,
0000000101100010,
0000000110100000,
0000000111011101,
0000001000011010,
0000001001011000,
0000001010010101,
0000001011010010,
0000001100010000,
0000001101001101,
0000001110001010,
0000001111000111,
0000010000000100,
0000010001000001,
0000010001111111,
0000010010111100,
0000010011111001,
0000010100110110,
0000010101110011,
0000010110110000,
0000010111101101,
0000011000101001,
0000011001100110,
0000011010100011,
0000011011100000,
0000011100011101,
0000011101011001,
0000011110010110,
0000011111010011,
0000100000001111,
0000100001001100,
0000100010001000,
0000100011000100,
0000100100000001,
0000100100111101,
0000100101111001,
0000100110110101,
0000100111110010,
0000101000101110,
0000101001101010,
0000101010100101,
0000101011100001,
0000101100011101,
0000101101011001,
0000101110010100,
0000101111010000,
0000110000001100,
0000110001000111,
0000110010000010,
0000110010111110,
0000110011111001,
0000110100110100,
0000110101101111,
0000110110101010,
0000110111100101,
0000111000100000,
0000111001011010,
0000111010010101,
0000111011001111,
0000111100001010,
0000111101000100,
0000111101111110,
0000111110111000,
0000111111110010,
0001000000101100,
0001000001100110,
0001000010100000,
0001000011011010,
0001000100010011,
0001000101001101,
0001000110000110,
0001000110111111,
0001000111111000,
0001001000110001,
0001001001101010,
0001001010100011,
0001001011011100,
0001001100010100,
0001001101001101,
0001001110000101,
0001001110111101,
0001001111110101,
0001010000101101,
0001010001100101,
0001010010011101,
0001010011010100,
0001010100001100,
0001010101000011,
0001010101111010,
0001010110110001,
0001010111101000,
0001011000011111,
0001011001010101,
0001011010001100,
0001011011000010,
0001011011111000,
0001011100101111,
0001011101100100,
0001011110011010,
0001011111010000,
0001100000000101,
0001100000111011,
0001100001110000,
0001100010100101,
0001100011011010,
0001100100001111,
0001100101000011,
0001100101111000,
0001100110101100,
0001100111100000,
0001101000010100,
0001101001001000,
0001101001111011,
0001101010101111,
0001101011100010,
0001101100010101,
0001101101001000,
0001101101111011,
0001101110101110,
0001101111100000,
0001110000010010,
0001110001000101,
0001110001110111,
0001110010101000,
0001110011011010,
0001110100001011,
0001110100111101,
0001110101101110,
0001110110011110,
0001110111001111,
0001111000000000,
0001111000110000,
0001111001100000,
0001111010010000,
0001111011000000,
0001111011101111,
0001111100011111,
0001111101001110,
0001111101111101,
0001111110101100,
0001111111011010,
0010000000001001,
0010000000110111,
0010000001100101,
0010000010010011,
0010000011000000,
0010000011101110,
0010000100011011,
0010000101001000,
0010000101110101,
0010000110100001,
0010000111001110,
0010000111111010,
0010001000100110,
0010001001010010,
0010001001111101,
0010001010101001,
0010001011010100,
0010001011111111,
0010001100101001,
0010001101010100,
0010001101111110,
0010001110101000,
0010001111010010,
0010001111111011,
0010010000100101,
0010010001001110,
0010010001110111,
0010010010011111,
0010010011001000,
0010010011110000,
0010010100011000,
0010010101000000,
0010010101101000,
0010010110001111,
0010010110110110,
0010010111011101,
0010011000000011,
0010011000101010,
0010011001010000,
0010011001110110,
0010011010011100,
0010011011000001,
0010011011100110,
0010011100001011,
0010011100110000,
0010011101010100,
0010011101111001,
0010011110011101,
0010011111000000,
0010011111100100,
0010100000000111,
0010100000101010,
0010100001001101,
0010100001110000,
0010100010010010,
0010100010110100,
0010100011010110,
0010100011110111,
0010100100011000,
0010100100111001,
0010100101011010,
0010100101111011,
0010100110011011,
0010100110111011,
0010100111011011,
0010100111111010,
0010101000011001,
0010101000111000,
0010101001010111,
0010101001110101,
0010101010010100,
0010101010110001,
0010101011001111,
0010101011101100,
0010101100001010,
0010101100100110,
0010101101000011,
0010101101011111,
0010101101111011,
0010101110010111,
0010101110110011,
0010101111001110,
0010101111101001,
0010110000000100,
0010110000011110,
0010110000111000,
0010110001010010,
0010110001101100,
0010110010000101,
0010110010011110,
0010110010110111,
0010110011001111,
0010110011101000,
0010110100000000,
0010110100010111,
0010110100101111,
0010110101000110,
0010110101011101,
0010110101110011,
0010110110001001,
0010110110100000,
0010110110110101,
0010110111001011,
0010110111100000,
0010110111110101,
0010111000001001,
0010111000011110,
0010111000110010,
0010111001000101,
0010111001011001,
0010111001101100,
0010111001111111,
0010111010010001,
0010111010100100,
0010111010110110,
0010111011001000,
0010111011011001,
0010111011101010,
0010111011111011,
0010111100001100,
0010111100011100,
0010111100101100,
0010111100111100,
0010111101001011,
0010111101011010,
0010111101101001,
0010111101110111,
0010111110000110,
0010111110010100,
0010111110100001,
0010111110101111,
0010111110111100,
0010111111001000,
0010111111010101,
0010111111100001,
0010111111101101,
0010111111111001,
0011000000000100,
0011000000001111,
0011000000011010,
0011000000100100,
0011000000101110,
0011000000111000,
0011000001000001,
0011000001001011,
0011000001010100,
0011000001011100,
0011000001100101,
0011000001101101,
0011000001110100,
0011000001111100,
0011000010000011,
0011000010001010,
0011000010010000,
0011000010010110,
0011000010011100,
0011000010100010,
0011000010100111,
0011000010101100,
0011000010110001,
0011000010110110,
0011000010111010,
0011000010111110,
0011000011000001,
0011000011000100,
0011000011000111,
0011000011001010,
0011000011001100,
0011000011001110,
0011000011010000,
0011000011010001,
0011000011010010,
0011000011010011,
0011000011010100,
0011000011010100,
0011000011010100,
0011000011010100,
0011000011010011,
0011000011010010,
0011000011010001,
0011000011001111,
0011000011001101,
0011000011001011,
0011000011001000,
0011000011000110,
0011000011000011,
0011000010111111,
0011000010111011,
0011000010110111,
0011000010110011,
0011000010101111,
0011000010101010,
0011000010100100,
0011000010011111,
0011000010011001,
0011000010010011,
0011000010001101,
0011000010000110,
0011000001111111,
0011000001111000,
0011000001110000,
0011000001101000,
0011000001100000,
0011000001010111,
0011000001001111,
0011000001000110,
0011000000111100,
0011000000110011,
0011000000101001,
0011000000011110,
0011000000010100,
0011000000001001,
0010111111111110,
0010111111110010,
0010111111100110,
0010111111011010,
0010111111001110,
0010111111000001,
0010111110110100,
0010111110100111,
0010111110011010,
0010111110001100,
0010111101111110,
0010111101101111,
0010111101100001,
0010111101010010,
0010111101000010,
0010111100110011,
0010111100100011,
0010111100010011,
0010111100000010,
0010111011110010,
0010111011100001,
0010111011001111,
0010111010111110,
0010111010101100,
0010111010011010,
0010111010000111,
0010111001110100,
0010111001100001,
0010111001001110,
0010111000111010,
0010111000100111,
0010111000010010,
0010110111111110,
0010110111101001,
0010110111010100,
0010110110111111,
0010110110101001,
0010110110010011,
0010110101111101,
0010110101100111,
0010110101010000,
0010110100111001,
0010110100100010,
0010110100001010,
0010110011110010,
0010110011011010,
0010110011000010,
0010110010101001,
0010110010010000,
0010110001110111,
0010110001011101,
0010110001000100,
0010110000101010,
0010110000001111,
0010101111110101,
0010101111011010,
0010101110111111,
0010101110100011,
0010101110001000,
0010101101101100,
0010101101010000,
0010101100110011,
0010101100010110,
0010101011111001,
0010101011011100,
0010101010111111,
0010101010100001,
0010101010000011,
0010101001100100,
0010101001000110,
0010101000100111,
0010101000001000,
0010100111101001,
0010100111001001,
0010100110101001,
0010100110001001,
0010100101101001,
0010100101001000,
0010100100100111,
0010100100000110,
0010100011100101,
0010100011000011,
0010100010100001,
0010100001111111,
0010100001011100,
0010100000111010,
0010100000010111,
0010011111110100,
0010011111010000,
0010011110101101,
0010011110001001,
0010011101100101,
0010011101000000,
0010011100011100,
0010011011110111,
0010011011010010,
0010011010101100,
0010011010000111,
0010011001100001,
0010011000111011,
0010011000010101,
0010010111101110,
0010010111000111,
0010010110100000,
0010010101111001,
0010010101010010,
0010010100101010,
0010010100000010,
0010010011011010,
0010010010110010,
0010010010001001,
0010010001100000,
0010010000110111,
0010010000001110,
0010001111100100,
0010001110111011,
0010001110010001,
0010001101100110,
0010001100111100,
0010001100010010,
0010001011100111,
0010001010111100,
0010001010010000,
0010001001100101,
0010001000111001,
0010001000001101,
0010000111100001,
0010000110110101,
0010000110001001,
0010000101011100,
0010000100101111,
0010000100000010,
0010000011010101,
0010000010100111,
0010000001111001,
0010000001001011,
0010000000011101,
0001111111101111,
0001111111000000,
0001111110010010,
0001111101100011,
0001111100110100,
0001111100000100,
0001111011010101,
0001111010100101,
0001111001110101,
0001111001000101,
0001111000010101,
0001110111100101,
0001110110110100,
0001110110000011,
0001110101010010,
0001110100100001,
0001110011110000,
0001110010111110,
0001110010001101,
0001110001011011,
0001110000101001,
0001101111110111,
0001101111000100,
0001101110010010,
0001101101011111,
0001101100101100,
0001101011111001,
0001101011000110,
0001101010010010,
0001101001011111,
0001101000101011,
0001100111110111,
0001100111000011,
0001100110001111,
0001100101011010,
0001100100100110,
0001100011110001,
0001100010111100,
0001100010000111,
0001100001010010,
0001100000011101,
0001011111101000,
0001011110110010,
0001011101111100,
0001011101000110,
0001011100010000,
0001011011011010,
0001011010100100,
0001011001101110,
0001011000110111,
0001011000000000,
0001010111001001,
0001010110010010,
0001010101011011,
0001010100100100,
0001010011101101,
0001010010110101,
0001010001111110,
0001010001000110,
0001010000001110,
0001001111010110,
0001001110011110,
0001001101100110,
0001001100101101,
0001001011110101,
0001001010111100,
0001001010000011,
0001001001001011,
0001001000010010,
0001000111011001,
0001000110011111,
0001000101100110,
0001000100101101,
0001000011110011,
0001000010111010,
0001000010000000,
0001000001000110,
0001000000001100,
0000111111010010,
0000111110011000,
0000111101011110,
0000111100100100,
0000111011101001,
0000111010101111,
0000111001110100,
0000111000111010,
0000110111111111,
0000110111000100,
0000110110001001,
0000110101001110,
0000110100010011,
0000110011011000,
0000110010011101,
0000110001100001,
0000110000100110,
0000101111101010,
0000101110101111,
0000101101110011,
0000101100111000,
0000101011111100,
0000101011000000,
0000101010000100,
0000101001001000,
0000101000001100,
0000100111010000,
0000100110010100,
0000100101011000,
0000100100011100,
0000100011011111,
0000100010100011,
0000100001100110,
0000100000101010,
0000011111101101,
0000011110110001,
0000011101110100,
0000011100111000,
0000011011111011,
0000011010111110,
0000011010000001,
0000011001000101,
0000011000001000,
0000010111001011,
0000010110001110,
0000010101010001,
0000010100010100,
0000010011010111,
0000010010011010,
0000010001011101,
0000010000011111,
0000001111100010,
0000001110100101,
0000001101101000,
0000001100101011,
0000001011101101,
0000001010110000,
0000001001110011,
0000001000110110,
0000000111111000,
0000000110111011,
0000000101111110,
0000000101000000,
0000000100000011,
0000000011000110,
0000000010001000,
0000000001001011,
0000000000001110,
1111111111010000,
1111111110010011,
1111111101010110,
1111111100011000,
1111111011011011,
1111111010011110,
1111111001100000,
1111111000100011,
1111110111100110,
1111110110101000,
1111110101101011,
1111110100101110,
1111110011110000,
1111110010110011,
1111110001110110,
1111110000111001,
1111101111111100,
1111101110111111,
1111101110000001,
1111101101000100,
1111101100000111,
1111101011001010,
1111101010001101,
1111101001010000,
1111101000010011,
1111100111010111,
1111100110011010,
1111100101011101,
1111100100100000,
1111100011100011,
1111100010100111,
1111100001101010,
1111100000101101,
1111011111110001,
1111011110110100,
1111011101111000,
1111011100111100,
1111011011111111,
1111011011000011,
1111011010000111,
1111011001001011,
1111011000001110,
1111010111010010,
1111010110010110,
1111010101011011,
1111010100011111,
1111010011100011,
1111010010100111,
1111010001101100,
1111010000110000,
1111001111110100,
1111001110111001,
1111001101111110,
1111001101000010,
1111001100000111,
1111001011001100,
1111001010010001,
1111001001010110,
1111001000011011,
1111000111100000,
1111000110100110,
1111000101101011,
1111000100110001,
1111000011110110,
1111000010111100,
1111000010000010,
1111000001001000,
1111000000001110,
1110111111010100,
1110111110011010,
1110111101100000,
1110111100100110,
1110111011101101,
1110111010110011,
1110111001111010,
1110111001000001,
1110111000001000,
1110110111001111,
1110110110010110,
1110110101011101,
1110110100100100,
1110110011101100,
1110110010110011,
1110110001111011,
1110110001000011,
1110110000001011,
1110101111010011,
1110101110011011,
1110101101100011,
1110101100101100,
1110101011110100,
1110101010111101,
1110101010000110,
1110101001001111,
1110101000011000,
1110100111100001,
1110100110101011,
1110100101110100,
1110100100111110,
1110100100001000,
1110100011010001,
1110100010011100,
1110100001100110,
1110100000110000,
1110011111111011,
1110011111000101,
1110011110010000,
1110011101011011,
1110011100100110,
1110011011110001,
1110011010111101,
1110011010001000,
1110011001010100,
1110011000100000,
1110010111101100,
1110010110111000,
1110010110000101,
1110010101010001,
1110010100011110,
1110010011101011,
1110010010111000,
1110010010000101,
1110010001010010,
1110010000100000,
1110001111101110,
1110001110111011,
1110001110001001,
1110001101011000,
1110001100100110,
1110001011110101,
1110001011000011,
1110001010010010,
1110001001100010,
1110001000110001,
1110001000000000,
1110000111010000,
1110000110100000,
1110000101110000,
1110000101000000,
1110000100010001,
1110000011100001,
1110000010110010,
1110000010000011,
1110000001010100,
1110000000100110,
1101111111110111,
1101111111001001,
1101111110011011,
1101111101101101,
1101111101000000,
1101111100010010,
1101111011100101,
1101111010111000,
1101111010001011,
1101111001011111,
1101111000110010,
1101111000000110,
1101110111011010,
1101110110101110,
1101110110000011,
1101110101010111,
1101110100101100,
1101110100000001,
1101110011010111,
1101110010101100,
1101110010000010,
1101110001011000,
1101110000101110,
1101110000000101,
1101101111011011,
1101101110110010,
1101101110001001,
1101101101100001,
1101101100111000,
1101101100010000,
1101101011101000,
1101101011000000,
1101101010011000,
1101101001110001,
1101101001001010,
1101101000100011,
1101100111111101,
1101100111010110,
1101100110110000,
1101100110001010,
1101100101100100,
1101100100111111,
1101100100011010,
1101100011110101,
1101100011010000,
1101100010101100,
1101100010000111,
1101100001100011,
1101100001000000,
1101100000011100,
1101011111111001,
1101011111010110,
1101011110110011,
1101011110010000,
1101011101101110,
1101011101001100,
1101011100101010,
1101011100001001,
1101011011101000,
1101011011000111,
1101011010100110,
1101011010000101,
1101011001100101,
1101011001000101,
1101011000100101,
1101011000000110,
1101010111100111,
1101010111001000,
1101010110101001,
1101010110001011,
1101010101101100,
1101010101001111,
1101010100110001,
1101010100010100,
1101010011110110,
1101010011011010,
1101010010111101,
1101010010100001,
1101010010000101,
1101010001101001,
1101010001001101,
1101010000110010,
1101010000010111,
1101001111111100,
1101001111100010,
1101001111001000,
1101001110101110,
1101001110010100,
1101001101111011,
1101001101100010,
1101001101001001,
1101001100110001,
1101001100011000,
1101001100000000,
1101001011101001,
1101001011010001,
1101001010111010,
1101001010100011,
1101001010001101,
1101001001110111,
1101001001100000,
1101001001001011,
1101001000110101,
1101001000100000,
1101001000001011,
1101000111110111,
1101000111100010,
1101000111001110,
1101000110111011,
1101000110100111,
1101000110010100,
1101000110000001,
1101000101101111,
1101000101011100,
1101000101001010,
1101000100111000,
1101000100100111,
1101000100010110,
1101000100000101,
1101000011110100,
1101000011100100,
1101000011010100,
1101000011000100,
1101000010110101,
1101000010100110,
1101000010010111,
1101000010001001,
1101000001111010,
1101000001101100,
1101000001011111,
1101000001010001,
1101000001000100,
1101000000111000,
1101000000101011,
1101000000011111,
1101000000010011,
1101000000000111,
1100111111111100,
1100111111110001,
1100111111100110,
1100111111011100,
1100111111010010,
1100111111001000,
1100111110111111,
1100111110110101,
1100111110101100,
1100111110100100,
1100111110011011,
1100111110010011,
1100111110001100,
1100111110000100,
1100111101111101,
1100111101110110,
1100111101110000,
1100111101101010,
1100111101100100,
1100111101011110,
1100111101011001,
1100111101010100,
1100111101001111,
1100111101001010,
1100111101000110,
1100111101000010,
1100111100111111,
1100111100111100,
1100111100111001,
1100111100110110,
1100111100110100,
1100111100110010,
1100111100110000,
1100111100101111,
1100111100101110,
1100111100101101,
1100111100101100,
1100111100101100,
1100111100101100,
1100111100101100,
1100111100101101,
1100111100101110,
1100111100101111,
1100111100110001,
1100111100110011,
1100111100110101,
1100111100111000,
1100111100111010,
1100111100111101,
1100111101000001,
1100111101000101,
1100111101001001,
1100111101001101,
1100111101010001,
1100111101010110,
1100111101011100,
1100111101100001,
1100111101100111,
1100111101101101,
1100111101110011,
1100111101111010,
1100111110000001,
1100111110001000,
1100111110010000,
1100111110011000,
1100111110100000,
1100111110101001,
1100111110110001,
1100111110111010,
1100111111000100,
1100111111001101,
1100111111010111,
1100111111100010,
1100111111101100,
1100111111110111,
1101000000000010,
1101000000001110,
1101000000011010,
1101000000100110,
1101000000110010,
1101000000111111,
1101000001001100,
1101000001011001,
1101000001100110,
1101000001110100,
1101000010000010,
1101000010010001,
1101000010011111,
1101000010101110,
1101000010111110,
1101000011001101,
1101000011011101,
1101000011101101,
1101000011111110,
1101000100001110,
1101000100011111,
1101000100110001,
1101000101000010,
1101000101010100,
1101000101100110,
1101000101111001,
1101000110001100,
1101000110011111,
1101000110110010,
1101000111000110,
1101000111011001,
1101000111101110,
1101001000000010,
1101001000010111,
1101001000101100,
1101001001000001,
1101001001010111,
1101001001101101,
1101001010000011,
1101001010011001,
1101001010110000,
1101001011000111,
1101001011011110,
1101001011110110,
1101001100001110,
1101001100100110,
1101001100111110,
1101001101010111,
1101001101110000,
1101001110001001,
1101001110100011,
1101001110111100,
1101001111010110,
1101001111110001,
1101010000001011,
1101010000100110,
1101010001000001,
1101010001011101,
1101010001111000,
1101010010010100,
1101010010110000,
1101010011001101,
1101010011101010,
1101010100000111,
1101010100100100,
1101010101000001,
1101010101011111,
1101010101111101,
1101010110011100,
1101010110111010,
1101010111011001,
1101010111111000,
1101011000010111,
1101011000110111,
1101011001010111,
1101011001110111,
1101011010010111,
1101011010111000,
1101011011011001,
1101011011111010,
1101011100011011,
1101011100111101,
1101011101011111,
1101011110000001,
1101011110100100,
1101011111000110,
1101011111101001,
1101100000001100,
1101100000110000,
1101100001010011,
1101100001110111,
1101100010011011,
1101100011000000,
1101100011100100,
1101100100001001,
1101100100101110,
1101100101010100,
1101100101111001,
1101100110011111,
1101100111000101,
1101100111101011,
1101101000010010,
1101101000111001,
1101101001100000,
1101101010000111,
1101101010101110,
1101101011010110,
1101101011111110,
1101101100100110,
1101101101001110,
1101101101110111,
1101101110100000,
1101101111001001,
1101101111110010,
1101110000011100,
1101110001000101,
1101110001101111,
1101110010011010,
1101110011000100,
1101110011101110,
1101110100011001,
1101110101000100,
1101110101110000,
1101110110011011,
1101110111000111,
1101110111110011,
1101111000011111,
1101111001001011,
1101111001110111,
1101111010100100,
1101111011010001,
1101111011111110,
1101111100101011,
1101111101011001,
1101111110000111,
1101111110110101,
1101111111100011,
1110000000010001,
1110000001000000,
1110000001101110,
1110000010011101,
1110000011001100,
1110000011111100,
1110000100101011,
1110000101011011,
1110000110001011,
1110000110111011,
1110000111101011,
1110001000011011,
1110001001001100,
1110001001111101,
1110001010101110,
1110001011011111,
1110001100010000,
1110001101000010,
1110001101110011,
1110001110100101,
1110001111010111,
1110010000001001,
1110010000111100,
1110010001101110,
1110010010100001,
1110010011010100,
1110010100000111,
1110010100111010,
1110010101101110,
1110010110100001,
1110010111010101,
1110011000001001,
1110011000111101,
1110011001110001,
1110011010100110,
1110011011011010,
1110011100001111,
1110011101000100,
1110011101111001,
1110011110101110,
1110011111100011,
1110100000011000,
1110100001001110,
1110100010000100,
1110100010111010,
1110100011110000,
1110100100100110,
1110100101011100,
1110100110010010,
1110100111001001,
1110101000000000,
1110101000110111,
1110101001101110,
1110101010100101,
1110101011011100,
1110101100010011,
1110101101001011,
1110101110000010,
1110101110111010,
1110101111110010,
1110110000101010,
1110110001100010,
1110110010011010,
1110110011010011,
1110110100001011,
1110110101000100,
1110110101111101,
1110110110110101,
1110110111101110,
1110111000100111,
1110111001100001,
1110111010011010,
1110111011010011,
1110111100001101,
1110111101000110,
1110111110000000,
1110111110111010,
1110111111110100,
1111000000101110,
1111000001101000,
1111000010100010,
1111000011011100,
1111000100010111,
1111000101010001,
1111000110001100,
1111000111000110,
1111001000000001,
1111001000111100,
1111001001110111,
1111001010110010,
1111001011101101,
1111001100101000,
1111001101100011,
1111001110011111,
1111001111011010,
1111010000010110,
1111010001010001,
1111010010001101,
1111010011001000,
1111010100000100,
1111010101000000,
1111010101111100,
1111010110111000,
1111010111110100,
1111011000110000,
1111011001101100,
1111011010101000,
1111011011100100,
1111011100100001,
1111011101011101,
1111011110011010,
1111011111010110,
1111100000010011,
1111100001001111,
1111100010001100,
1111100011001000,
1111100100000101,
1111100101000010,
1111100101111111,
1111100110111011,
1111100111111000,
1111101000110101,
1111101001110010,
1111101010101111,
1111101011101100,
1111101100101001,
1111101101100110,
1111101110100011,
1111101111100001,
1111110000011110,
1111110001011011,
1111110010011000,
1111110011010101,
1111110100010011,
1111110101010000,
1111110110001101,
1111110111001010,
1111111000001000,
1111111001000101,
1111111010000010,
1111111011000000,
1111111011111101,
1111111100111010,
1111111101111000,
1111111110110101,
1111111111110010,
0000000000110000,
0000000001101101,
0000000010101010,
0000000011101000,
0000000100100101,
0000000101100010,
0000000110100000,
0000000111011101,
0000001000011010,
0000001001011000,
0000001010010101,
0000001011010010,
0000001100010000,
0000001101001101,
0000001110001010,
0000001111000111,
0000010000000100,
0000010001000001,
0000010001111111,
0000010010111100,
0000010011111001,
0000010100110110,
0000010101110011,
0000010110110000,
0000010111101101,
0000011000101001,
0000011001100110,
0000011010100011,
0000011011100000,
0000011100011101,
0000011101011001,
0000011110010110,
0000011111010011,
0000100000001111,
0000100001001100,
0000100010001000,
0000100011000100,
0000100100000001,
0000100100111101,
0000100101111001,
0000100110110101,
0000100111110010,
0000101000101110,
0000101001101010,
0000101010100101,
0000101011100001,
0000101100011101,
0000101101011001,
0000101110010100,
0000101111010000,
0000110000001100,
0000110001000111,
0000110010000010,
0000110010111110,
0000110011111001,
0000110100110100,
0000110101101111,
0000110110101010,
0000110111100101,
0000111000100000,
0000111001011010,
0000111010010101,
0000111011001111,
0000111100001010,
0000111101000100,
0000111101111110,
0000111110111000,
0000111111110010,
0001000000101100,
0001000001100110,
0001000010100000,
0001000011011010,
0001000100010011,
0001000101001101,
0001000110000110,
0001000110111111,
0001000111111000,
0001001000110001,
0001001001101010,
0001001010100011,
0001001011011100,
0001001100010100,
0001001101001101,
0001001110000101,
0001001110111101,
0001001111110101,
0001010000101101,
0001010001100101,
0001010010011101,
0001010011010100,
0001010100001100,
0001010101000011,
0001010101111010,
0001010110110001,
0001010111101000,
0001011000011111,
0001011001010101,
0001011010001100,
0001011011000010,
0001011011111000,
0001011100101111,
0001011101100100,
0001011110011010,
0001011111010000,
0001100000000101,
0001100000111011,
0001100001110000,
0001100010100101,
0001100011011010,
0001100100001111,
0001100101000011,
0001100101111000,
0001100110101100,
0001100111100000,
0001101000010100,
0001101001001000,
0001101001111011,
0001101010101111,
0001101011100010,
0001101100010101,
0001101101001000,
0001101101111011,
0001101110101110,
0001101111100000,
0001110000010010,
0001110001000101,
0001110001110111,
0001110010101000,
0001110011011010,
0001110100001011,
0001110100111101,
0001110101101110,
0001110110011110,
0001110111001111,
0001111000000000,
0001111000110000,
0001111001100000,
0001111010010000,
0001111011000000,
0001111011101111,
0001111100011111,
0001111101001110,
0001111101111101,
0001111110101100,
0001111111011010,
0010000000001001,
0010000000110111,
0010000001100101,
0010000010010011,
0010000011000000,
0010000011101110,
0010000100011011,
0010000101001000,
0010000101110101,
0010000110100001,
0010000111001110,
0010000111111010,
0010001000100110,
0010001001010010,
0010001001111101,
0010001010101001,
0010001011010100,
0010001011111111,
0010001100101001,
0010001101010100,
0010001101111110,
0010001110101000,
0010001111010010,
0010001111111011,
0010010000100101,
0010010001001110,
0010010001110111,
0010010010011111,
0010010011001000,
0010010011110000,
0010010100011000,
0010010101000000,
0010010101101000,
0010010110001111,
0010010110110110,
0010010111011101,
0010011000000011,
0010011000101010,
0010011001010000,
0010011001110110,
0010011010011100,
0010011011000001,
0010011011100110,
0010011100001011,
0010011100110000,
0010011101010100,
0010011101111001,
0010011110011101,
0010011111000000,
0010011111100100,
0010100000000111,
0010100000101010,
0010100001001101,
0010100001110000,
0010100010010010,
0010100010110100,
0010100011010110,
0010100011110111,
0010100100011000,
0010100100111001,
0010100101011010,
0010100101111011,
0010100110011011,
0010100110111011,
0010100111011011,
0010100111111010,
0010101000011001,
0010101000111000,
0010101001010111,
0010101001110101,
0010101010010100,
0010101010110001,
0010101011001111,
0010101011101100,
0010101100001010,
0010101100100110,
0010101101000011,
0010101101011111,
0010101101111011,
0010101110010111,
0010101110110011,
0010101111001110,
0010101111101001,
0010110000000100,
0010110000011110,
0010110000111000,
0010110001010010,
0010110001101100,
0010110010000101,
0010110010011110,
0010110010110111,
0010110011001111,
0010110011101000,
0010110100000000,
0010110100010111,
0010110100101111,
0010110101000110,
0010110101011101,
0010110101110011,
0010110110001001,
0010110110100000,
0010110110110101,
0010110111001011,
0010110111100000,
0010110111110101,
0010111000001001,
0010111000011110,
0010111000110010,
0010111001000101,
0010111001011001,
0010111001101100,
0010111001111111,
0010111010010001,
0010111010100100,
0010111010110110,
0010111011001000,
0010111011011001,
0010111011101010,
0010111011111011,
0010111100001100,
0010111100011100,
0010111100101100,
0010111100111100,
0010111101001011,
0010111101011010,
0010111101101001,
0010111101110111,
0010111110000110,
0010111110010100,
0010111110100001,
0010111110101111,
0010111110111100,
0010111111001000,
0010111111010101,
0010111111100001,
0010111111101101,
0010111111111001,
0011000000000100,
0011000000001111,
0011000000011010,
0011000000100100,
0011000000101110,
0011000000111000,
0011000001000001,
0011000001001011,
0011000001010100,
0011000001011100,
0011000001100101,
0011000001101101,
0011000001110100,
0011000001111100,
0011000010000011,
0011000010001010,
0011000010010000,
0011000010010110,
0011000010011100,
0011000010100010,
0011000010100111,
0011000010101100,
0011000010110001,
0011000010110110,
0011000010111010,
0011000010111110,
0011000011000001,
0011000011000100,
0011000011000111,
0011000011001010,
0011000011001100,
0011000011001110,
0011000011010000,
0011000011010001,
0011000011010010,
0011000011010011,
0011000011010100,
0011000011010100,
0011000011010100,
0011000011010100,
0011000011010011,
0011000011010010,
0011000011010001,
0011000011001111,
0011000011001101,
0011000011001011,
0011000011001000,
0011000011000110,
0011000011000011,
0011000010111111,
0011000010111011,
0011000010110111,
0011000010110011,
0011000010101111,
0011000010101010,
0011000010100100,
0011000010011111,
0011000010011001,
0011000010010011,
0011000010001101,
0011000010000110,
0011000001111111,
0011000001111000,
0011000001110000,
0011000001101000,
0011000001100000,
0011000001010111,
0011000001001111,
0011000001000110,
0011000000111100,
0011000000110011,
0011000000101001,
0011000000011110,
0011000000010100,
0011000000001001,
0010111111111110,
0010111111110010,
0010111111100110,
0010111111011010,
0010111111001110,
0010111111000001,
0010111110110100,
0010111110100111,
0010111110011010,
0010111110001100,
0010111101111110,
0010111101101111,
0010111101100001,
0010111101010010,
0010111101000010,
0010111100110011,
0010111100100011,
0010111100010011,
0010111100000010,
0010111011110010,
0010111011100001,
0010111011001111,
0010111010111110,
0010111010101100,
0010111010011010,
0010111010000111,
0010111001110100,
0010111001100001,
0010111001001110,
0010111000111010,
0010111000100111,
0010111000010010,
0010110111111110,
0010110111101001,
0010110111010100,
0010110110111111,
0010110110101001,
0010110110010011,
0010110101111101,
0010110101100111,
0010110101010000,
0010110100111001,
0010110100100010,
0010110100001010,
0010110011110010,
0010110011011010,
0010110011000010,
0010110010101001,
0010110010010000,
0010110001110111,
0010110001011101,
0010110001000100,
0010110000101010,
0010110000001111,
0010101111110101,
0010101111011010,
0010101110111111,
0010101110100011,
0010101110001000,
0010101101101100,
0010101101010000,
0010101100110011,
0010101100010110,
0010101011111001,
0010101011011100,
0010101010111111,
0010101010100001,
0010101010000011,
0010101001100100,
0010101001000110,
0010101000100111,
0010101000001000,
0010100111101001,
0010100111001001,
0010100110101001,
0010100110001001,
0010100101101001,
0010100101001000,
0010100100100111,
0010100100000110,
0010100011100101,
0010100011000011,
0010100010100001,
0010100001111111,
0010100001011100,
0010100000111010,
0010100000010111,
0010011111110100,
0010011111010000,
0010011110101101,
0010011110001001,
0010011101100101,
0010011101000000,
0010011100011100,
0010011011110111,
0010011011010010,
0010011010101100,
0010011010000111,
0010011001100001,
0010011000111011,
0010011000010101,
0010010111101110,
0010010111000111,
0010010110100000,
0010010101111001,
0010010101010010,
0010010100101010,
0010010100000010,
0010010011011010,
0010010010110010,
0010010010001001,
0010010001100000,
0010010000110111,
0010010000001110,
0010001111100100,
0010001110111011,
0010001110010001,
0010001101100110,
0010001100111100,
0010001100010010,
0010001011100111,
0010001010111100,
0010001010010000,
0010001001100101,
0010001000111001,
0010001000001101,
0010000111100001,
0010000110110101,
0010000110001001,
0010000101011100,
0010000100101111,
0010000100000010,
0010000011010101,
0010000010100111,
0010000001111001,
0010000001001011,
0010000000011101,
0001111111101111,
0001111111000000,
0001111110010010,
0001111101100011,
0001111100110100,
0001111100000100,
0001111011010101,
0001111010100101,
0001111001110101,
0001111001000101,
0001111000010101,
0001110111100101,
0001110110110100,
0001110110000011,
0001110101010010,
0001110100100001,
0001110011110000,
0001110010111110,
0001110010001101,
0001110001011011,
0001110000101001,
0001101111110111,
0001101111000100,
0001101110010010,
0001101101011111,
0001101100101100,
0001101011111001,
0001101011000110,
0001101010010010,
0001101001011111,
0001101000101011,
0001100111110111,
0001100111000011,
0001100110001111,
0001100101011010,
0001100100100110,
0001100011110001,
0001100010111100,
0001100010000111,
0001100001010010,
0001100000011101,
0001011111101000,
0001011110110010,
0001011101111100,
0001011101000110,
0001011100010000,
0001011011011010,
0001011010100100,
0001011001101110,
0001011000110111,
0001011000000000,
0001010111001001,
0001010110010010,
0001010101011011,
0001010100100100,
0001010011101101,
0001010010110101,
0001010001111110,
0001010001000110,
0001010000001110,
0001001111010110,
0001001110011110,
0001001101100110,
0001001100101101,
0001001011110101,
0001001010111100,
0001001010000011,
0001001001001011,
0001001000010010,
0001000111011001,
0001000110011111,
0001000101100110,
0001000100101101,
0001000011110011,
0001000010111010,
0001000010000000,
0001000001000110,
0001000000001100,
0000111111010010,
0000111110011000,
0000111101011110,
0000111100100100,
0000111011101001,
0000111010101111,
0000111001110100,
0000111000111010,
0000110111111111,
0000110111000100,
0000110110001001,
0000110101001110,
0000110100010011,
0000110011011000,
0000110010011101,
0000110001100001,
0000110000100110,
0000101111101010,
0000101110101111,
0000101101110011,
0000101100111000,
0000101011111100,
0000101011000000,
0000101010000100,
0000101001001000,
0000101000001100,
0000100111010000,
0000100110010100,
0000100101011000,
0000100100011100,
0000100011011111,
0000100010100011,
0000100001100110,
0000100000101010,
0000011111101101,
0000011110110001,
0000011101110100,
0000011100111000,
0000011011111011,
0000011010111110,
0000011010000001,
0000011001000101,
0000011000001000,
0000010111001011,
0000010110001110,
0000010101010001,
0000010100010100,
0000010011010111,
0000010010011010,
0000010001011101,
0000010000011111,
0000001111100010,
0000001110100101,
0000001101101000,
0000001100101011,
0000001011101101,
0000001010110000,
0000001001110011,
0000001000110110,
0000000111111000,
0000000110111011,
0000000101111110,
0000000101000000,
0000000100000011,
0000000011000110,
0000000010001000,
0000000001001011,
0000000000001110,
1111111111010000,
1111111110010011,
1111111101010110,
1111111100011000,
1111111011011011,
1111111010011110,
1111111001100000,
1111111000100011,
1111110111100110,
1111110110101000,
1111110101101011,
1111110100101110,
1111110011110000,
1111110010110011,
1111110001110110,
1111110000111001,
1111101111111100,
1111101110111111,
1111101110000001,
1111101101000100,
1111101100000111,
1111101011001010,
1111101010001101,
1111101001010000,
1111101000010011,
1111100111010111,
1111100110011010,
1111100101011101,
1111100100100000,
1111100011100011,
1111100010100111,
1111100001101010,
1111100000101101,
1111011111110001,
1111011110110100,
1111011101111000,
1111011100111100,
1111011011111111,
1111011011000011,
1111011010000111,
1111011001001011,
1111011000001110,
1111010111010010,
1111010110010110,
1111010101011011,
1111010100011111,
1111010011100011,
1111010010100111,
1111010001101100,
1111010000110000,
1111001111110100,
1111001110111001,
1111001101111110,
1111001101000010,
1111001100000111,
1111001011001100,
1111001010010001,
1111001001010110,
1111001000011011,
1111000111100000,
1111000110100110,
1111000101101011,
1111000100110001,
1111000011110110,
1111000010111100,
1111000010000010,
1111000001001000,
1111000000001110,
1110111111010100,
1110111110011010,
1110111101100000,
1110111100100110,
1110111011101101,
1110111010110011,
1110111001111010,
1110111001000001,
1110111000001000,
1110110111001111,
1110110110010110,
1110110101011101,
1110110100100100,
1110110011101100,
1110110010110011,
1110110001111011,
1110110001000011,
1110110000001011,
1110101111010011,
1110101110011011,
1110101101100011,
1110101100101100,
1110101011110100,
1110101010111101,
1110101010000110,
1110101001001111,
1110101000011000,
1110100111100001,
1110100110101011,
1110100101110100,
1110100100111110,
1110100100001000,
1110100011010001,
1110100010011100,
1110100001100110,
1110100000110000,
1110011111111011,
1110011111000101,
1110011110010000,
1110011101011011,
1110011100100110,
1110011011110001,
1110011010111101,
1110011010001000,
1110011001010100,
1110011000100000,
1110010111101100,
1110010110111000,
1110010110000101,
1110010101010001,
1110010100011110,
1110010011101011,
1110010010111000,
1110010010000101,
1110010001010010,
1110010000100000,
1110001111101110,
1110001110111011,
1110001110001001,
1110001101011000,
1110001100100110,
1110001011110101,
1110001011000011,
1110001010010010,
1110001001100010,
1110001000110001,
1110001000000000,
1110000111010000,
1110000110100000,
1110000101110000,
1110000101000000,
1110000100010001,
1110000011100001,
1110000010110010,
1110000010000011,
1110000001010100,
1110000000100110,
1101111111110111,
1101111111001001,
1101111110011011,
1101111101101101,
1101111101000000,
1101111100010010,
1101111011100101,
1101111010111000,
1101111010001011,
1101111001011111,
1101111000110010,
1101111000000110,
1101110111011010,
1101110110101110,
1101110110000011,
1101110101010111,
1101110100101100,
1101110100000001,
1101110011010111,
1101110010101100,
1101110010000010,
1101110001011000,
1101110000101110,
1101110000000101,
1101101111011011,
1101101110110010,
1101101110001001,
1101101101100001,
1101101100111000,
1101101100010000,
1101101011101000,
1101101011000000,
1101101010011000,
1101101001110001,
1101101001001010,
1101101000100011,
1101100111111101,
1101100111010110,
1101100110110000,
1101100110001010,
1101100101100100,
1101100100111111,
1101100100011010,
1101100011110101,
1101100011010000,
1101100010101100,
1101100010000111,
1101100001100011,
1101100001000000,
1101100000011100,
1101011111111001,
1101011111010110,
1101011110110011,
1101011110010000,
1101011101101110,
1101011101001100,
1101011100101010,
1101011100001001,
1101011011101000,
1101011011000111,
1101011010100110,
1101011010000101,
1101011001100101,
1101011001000101,
1101011000100101,
1101011000000110,
1101010111100111,
1101010111001000,
1101010110101001,
1101010110001011,
1101010101101100,
1101010101001111,
1101010100110001,
1101010100010100,
1101010011110110,
1101010011011010,
1101010010111101,
1101010010100001,
1101010010000101,
1101010001101001,
1101010001001101,
1101010000110010,
1101010000010111,
1101001111111100,
1101001111100010,
1101001111001000,
1101001110101110,
1101001110010100,
1101001101111011,
1101001101100010,
1101001101001001,
1101001100110001,
1101001100011000,
1101001100000000,
1101001011101001,
1101001011010001,
1101001010111010,
1101001010100011,
1101001010001101,
1101001001110111,
1101001001100000,
1101001001001011,
1101001000110101,
1101001000100000,
1101001000001011,
1101000111110111,
1101000111100010,
1101000111001110,
1101000110111011,
1101000110100111,
1101000110010100,
1101000110000001,
1101000101101111,
1101000101011100,
1101000101001010,
1101000100111000,
1101000100100111,
1101000100010110,
1101000100000101,
1101000011110100,
1101000011100100,
1101000011010100,
1101000011000100,
1101000010110101,
1101000010100110,
1101000010010111,
1101000010001001,
1101000001111010,
1101000001101100,
1101000001011111,
1101000001010001,
1101000001000100,
1101000000111000,
1101000000101011,
1101000000011111,
1101000000010011,
1101000000000111,
1100111111111100,
1100111111110001,
1100111111100110,
1100111111011100,
1100111111010010,
1100111111001000,
1100111110111111,
1100111110110101,
1100111110101100,
1100111110100100,
1100111110011011,
1100111110010011,
1100111110001100,
1100111110000100,
1100111101111101,
1100111101110110,
1100111101110000,
1100111101101010,
1100111101100100,
1100111101011110,
1100111101011001,
1100111101010100,
1100111101001111,
1100111101001010,
1100111101000110,
1100111101000010,
1100111100111111,
1100111100111100,
1100111100111001,
1100111100110110,
1100111100110100,
1100111100110010,
1100111100110000,
1100111100101111,
1100111100101110,
1100111100101101,
1100111100101100,
1100111100101100,
1100111100101100,
1100111100101100,
1100111100101101,
1100111100101110,
1100111100101111,
1100111100110001,
1100111100110011,
1100111100110101,
1100111100111000,
1100111100111010,
1100111100111101,
1100111101000001,
1100111101000101,
1100111101001001,
1100111101001101,
1100111101010001,
1100111101010110,
1100111101011100,
1100111101100001,
1100111101100111,
1100111101101101,
1100111101110011,
1100111101111010,
1100111110000001,
1100111110001000,
1100111110010000,
1100111110011000,
1100111110100000,
1100111110101001,
1100111110110001,
1100111110111010,
1100111111000100,
1100111111001101,
1100111111010111,
1100111111100010,
1100111111101100,
1100111111110111,
1101000000000010,
1101000000001110,
1101000000011010,
1101000000100110,
1101000000110010,
1101000000111111,
1101000001001100,
1101000001011001,
1101000001100110,
1101000001110100,
1101000010000010,
1101000010010001,
1101000010011111,
1101000010101110,
1101000010111110,
1101000011001101,
1101000011011101,
1101000011101101,
1101000011111110,
1101000100001110,
1101000100011111,
1101000100110001,
1101000101000010,
1101000101010100,
1101000101100110,
1101000101111001,
1101000110001100,
1101000110011111,
1101000110110010,
1101000111000110,
1101000111011001,
1101000111101110,
1101001000000010,
1101001000010111,
1101001000101100,
1101001001000001,
1101001001010111,
1101001001101101,
1101001010000011,
1101001010011001,
1101001010110000,
1101001011000111,
1101001011011110,
1101001011110110,
1101001100001110,
1101001100100110,
1101001100111110,
1101001101010111,
1101001101110000,
1101001110001001,
1101001110100011,
1101001110111100,
1101001111010110,
1101001111110001,
1101010000001011,
1101010000100110,
1101010001000001,
1101010001011101,
1101010001111000,
1101010010010100,
1101010010110000,
1101010011001101,
1101010011101010,
1101010100000111,
1101010100100100,
1101010101000001,
1101010101011111,
1101010101111101,
1101010110011100,
1101010110111010,
1101010111011001,
1101010111111000,
1101011000010111,
1101011000110111,
1101011001010111,
1101011001110111,
1101011010010111,
1101011010111000,
1101011011011001,
1101011011111010,
1101011100011011,
1101011100111101,
1101011101011111,
1101011110000001,
1101011110100100,
1101011111000110,
1101011111101001,
1101100000001100,
1101100000110000,
1101100001010011,
1101100001110111,
1101100010011011,
1101100011000000,
1101100011100100,
1101100100001001,
1101100100101110,
1101100101010100,
1101100101111001,
1101100110011111,
1101100111000101,
1101100111101011,
1101101000010010,
1101101000111001,
1101101001100000,
1101101010000111,
1101101010101110,
1101101011010110,
1101101011111110,
1101101100100110,
1101101101001110,
1101101101110111,
1101101110100000,
1101101111001001,
1101101111110010,
1101110000011100,
1101110001000101,
1101110001101111,
1101110010011010,
1101110011000100,
1101110011101110,
1101110100011001,
1101110101000100,
1101110101110000,
1101110110011011,
1101110111000111,
1101110111110011,
1101111000011111,
1101111001001011,
1101111001110111,
1101111010100100,
1101111011010001,
1101111011111110,
1101111100101011,
1101111101011001,
1101111110000111,
1101111110110101,
1101111111100011,
1110000000010001,
1110000001000000,
1110000001101110,
1110000010011101,
1110000011001100,
1110000011111100,
1110000100101011,
1110000101011011,
1110000110001011,
1110000110111011,
1110000111101011,
1110001000011011,
1110001001001100,
1110001001111101,
1110001010101110,
1110001011011111,
1110001100010000,
1110001101000010,
1110001101110011,
1110001110100101,
1110001111010111,
1110010000001001,
1110010000111100,
1110010001101110,
1110010010100001,
1110010011010100,
1110010100000111,
1110010100111010,
1110010101101110,
1110010110100001,
1110010111010101,
1110011000001001,
1110011000111101,
1110011001110001,
1110011010100110,
1110011011011010,
1110011100001111,
1110011101000100,
1110011101111001,
1110011110101110,
1110011111100011,
1110100000011000,
1110100001001110,
1110100010000100,
1110100010111010,
1110100011110000,
1110100100100110,
1110100101011100,
1110100110010010,
1110100111001001,
1110101000000000,
1110101000110111,
1110101001101110,
1110101010100101,
1110101011011100,
1110101100010011,
1110101101001011,
1110101110000010,
1110101110111010,
1110101111110010,
1110110000101010,
1110110001100010,
1110110010011010,
1110110011010011,
1110110100001011,
1110110101000100,
1110110101111101,
1110110110110101,
1110110111101110,
1110111000100111,
1110111001100001,
1110111010011010,
1110111011010011,
1110111100001101,
1110111101000110,
1110111110000000,
1110111110111010,
1110111111110100,
1111000000101110,
1111000001101000,
1111000010100010,
1111000011011100,
1111000100010111,
1111000101010001,
1111000110001100,
1111000111000110,
1111001000000001,
1111001000111100,
1111001001110111,
1111001010110010,
1111001011101101,
1111001100101000,
1111001101100011,
1111001110011111,
1111001111011010,
1111010000010110,
1111010001010001,
1111010010001101,
1111010011001000,
1111010100000100,
1111010101000000,
1111010101111100,
1111010110111000,
1111010111110100,
1111011000110000,
1111011001101100,
1111011010101000,
1111011011100100,
1111011100100001,
1111011101011101,
1111011110011010,
1111011111010110,
1111100000010011,
1111100001001111,
1111100010001100,
1111100011001000,
1111100100000101,
1111100101000010,
1111100101111111,
1111100110111011,
1111100111111000,
1111101000110101,
1111101001110010,
1111101010101111,
1111101011101100,
1111101100101001,
1111101101100110,
1111101110100011,
1111101111100001,
1111110000011110,
1111110001011011,
1111110010011000,
1111110011010101,
1111110100010011,
1111110101010000,
1111110110001101,
1111110111001010,
1111111000001000,
1111111001000101,
1111111010000010,
1111111011000000,
1111111011111101,
1111111100111010,
1111111101111000,
1111111110110101,
1111111111110010,
0000000000110000,
0000000001101101,
0000000010101010,
0000000011101000,
0000000100100101,
0000000101100010,
0000000110100000,
0000000111011101,
0000001000011010,
0000001001011000,
0000001010010101,
0000001011010010,
0000001100010000,
0000001101001101,
0000001110001010,
0000001111000111,
0000010000000100,
0000010001000001,
0000010001111111,
0000010010111100,
0000010011111001,
0000010100110110,
0000010101110011,
0000010110110000,
0000010111101101,
0000011000101001,
0000011001100110,
0000011010100011,
0000011011100000,
0000011100011101,
0000011101011001,
0000011110010110,
0000011111010011,
0000100000001111,
0000100001001100,
0000100010001000,
0000100011000100,
0000100100000001,
0000100100111101,
0000100101111001,
0000100110110101,
0000100111110010,
0000101000101110,
0000101001101010,
0000101010100101,
0000101011100001,
0000101100011101,
0000101101011001,
0000101110010100,
0000101111010000,
0000110000001100,
0000110001000111,
0000110010000010,
0000110010111110,
0000110011111001,
0000110100110100,
0000110101101111,
0000110110101010,
0000110111100101,
0000111000100000,
0000111001011010,
0000111010010101,
0000111011001111,
0000111100001010,
0000111101000100,
0000111101111110,
0000111110111000,
0000111111110010,
0001000000101100,
0001000001100110,
0001000010100000,
0001000011011010,
0001000100010011,
0001000101001101,
0001000110000110,
0001000110111111,
0001000111111000,
0001001000110001,
0001001001101010,
0001001010100011,
0001001011011100,
0001001100010100,
0001001101001101,
0001001110000101,
0001001110111101,
0001001111110101,
0001010000101101,
0001010001100101,
0001010010011101,
0001010011010100,
0001010100001100,
0001010101000011,
0001010101111010,
0001010110110001,
0001010111101000,
0001011000011111,
0001011001010101,
0001011010001100,
0001011011000010,
0001011011111000,
0001011100101111,
0001011101100100,
0001011110011010,
0001011111010000,
0001100000000101,
0001100000111011,
0001100001110000,
0001100010100101,
0001100011011010,
0001100100001111,
0001100101000011,
0001100101111000,
0001100110101100,
0001100111100000,
0001101000010100,
0001101001001000,
0001101001111011,
0001101010101111,
0001101011100010,
0001101100010101,
0001101101001000,
0001101101111011,
0001101110101110,
0001101111100000,
0001110000010010,
0001110001000101,
0001110001110111,
0001110010101000,
0001110011011010,
0001110100001011,
0001110100111101,
0001110101101110,
0001110110011110,
0001110111001111,
0001111000000000,
0001111000110000,
0001111001100000,
0001111010010000,
0001111011000000,
0001111011101111,
0001111100011111,
0001111101001110,
0001111101111101,
0001111110101100,
0001111111011010,
0010000000001001,
0010000000110111,
0010000001100101,
0010000010010011,
0010000011000000,
0010000011101110,
0010000100011011,
0010000101001000,
0010000101110101,
0010000110100001,
0010000111001110,
0010000111111010,
0010001000100110,
0010001001010010,
0010001001111101,
0010001010101001,
0010001011010100,
0010001011111111,
0010001100101001,
0010001101010100,
0010001101111110,
0010001110101000,
0010001111010010,
0010001111111011,
0010010000100101,
0010010001001110,
0010010001110111,
0010010010011111,
0010010011001000,
0010010011110000,
0010010100011000,
0010010101000000,
0010010101101000,
0010010110001111,
0010010110110110,
0010010111011101,
0010011000000011,
0010011000101010,
0010011001010000,
0010011001110110,
0010011010011100,
0010011011000001,
0010011011100110,
0010011100001011,
0010011100110000,
0010011101010100,
0010011101111001,
0010011110011101,
0010011111000000,
0010011111100100,
0010100000000111,
0010100000101010,
0010100001001101,
0010100001110000,
0010100010010010,
0010100010110100,
0010100011010110,
0010100011110111,
0010100100011000,
0010100100111001,
0010100101011010,
0010100101111011,
0010100110011011,
0010100110111011,
0010100111011011,
0010100111111010,
0010101000011001,
0010101000111000,
0010101001010111,
0010101001110101,
0010101010010100,
0010101010110001,
0010101011001111,
0010101011101100,
0010101100001010,
0010101100100110,
0010101101000011,
0010101101011111,
0010101101111011,
0010101110010111,
0010101110110011,
0010101111001110,
0010101111101001,
0010110000000100,
0010110000011110,
0010110000111000,
0010110001010010,
0010110001101100,
0010110010000101,
0010110010011110,
0010110010110111,
0010110011001111,
0010110011101000,
0010110100000000,
0010110100010111,
0010110100101111,
0010110101000110,
0010110101011101,
0010110101110011,
0010110110001001,
0010110110100000,
0010110110110101,
0010110111001011,
0010110111100000,
0010110111110101,
0010111000001001,
0010111000011110,
0010111000110010,
0010111001000101,
0010111001011001,
0010111001101100,
0010111001111111,
0010111010010001,
0010111010100100,
0010111010110110,
0010111011001000,
0010111011011001,
0010111011101010,
0010111011111011,
0010111100001100,
0010111100011100,
0010111100101100,
0010111100111100,
0010111101001011,
0010111101011010,
0010111101101001,
0010111101110111,
0010111110000110,
0010111110010100,
0010111110100001,
0010111110101111,
0010111110111100,
0010111111001000,
0010111111010101,
0010111111100001,
0010111111101101,
0010111111111001,
0011000000000100,
0011000000001111,
0011000000011010,
0011000000100100,
0011000000101110,
0011000000111000,
0011000001000001,
0011000001001011,
0011000001010100,
0011000001011100,
0011000001100101,
0011000001101101,
0011000001110100,
0011000001111100,
0011000010000011,
0011000010001010,
0011000010010000,
0011000010010110,
0011000010011100,
0011000010100010,
0011000010100111,
0011000010101100,
0011000010110001,
0011000010110110,
0011000010111010,
0011000010111110,
0011000011000001,
0011000011000100,
0011000011000111,
0011000011001010,
0011000011001100,
0011000011001110,
0011000011010000,
0011000011010001,
0011000011010010,
0011000011010011,
0011000011010100,
0011000011010100,
0011000011010100,
0011000011010100,
0011000011010011,
0011000011010010,
0011000011010001,
0011000011001111,
0011000011001101,
0011000011001011,
0011000011001000,
0011000011000110,
0011000011000011,
0011000010111111,
0011000010111011,
0011000010110111,
0011000010110011,
0011000010101111,
0011000010101010,
0011000010100100,
0011000010011111,
0011000010011001,
0011000010010011,
0011000010001101,
0011000010000110,
0011000001111111,
0011000001111000,
0011000001110000,
0011000001101000,
0011000001100000,
0011000001010111,
0011000001001111,
0011000001000110,
0011000000111100,
0011000000110011,
0011000000101001,
0011000000011110,
0011000000010100,
0011000000001001,
0010111111111110,
0010111111110010,
0010111111100110,
0010111111011010,
0010111111001110,
0010111111000001,
0010111110110100,
0010111110100111,
0010111110011010,
0010111110001100,
0010111101111110,
0010111101101111,
0010111101100001,
0010111101010010,
0010111101000010,
0010111100110011,
0010111100100011,
0010111100010011,
0010111100000010,
0010111011110010,
0010111011100001,
0010111011001111,
0010111010111110,
0010111010101100,
0010111010011010,
0010111010000111,
0010111001110100,
0010111001100001,
0010111001001110,
0010111000111010,
0010111000100111,
0010111000010010,
0010110111111110,
0010110111101001,
0010110111010100,
0010110110111111,
0010110110101001,
0010110110010011,
0010110101111101,
0010110101100111,
0010110101010000,
0010110100111001,
0010110100100010,
0010110100001010,
0010110011110010,
0010110011011010,
0010110011000010,
0010110010101001,
0010110010010000,
0010110001110111,
0010110001011101,
0010110001000100,
0010110000101010,
0010110000001111,
0010101111110101,
0010101111011010,
0010101110111111,
0010101110100011,
0010101110001000,
0010101101101100,
0010101101010000,
0010101100110011,
0010101100010110,
0010101011111001,
0010101011011100,
0010101010111111,
0010101010100001,
0010101010000011,
0010101001100100,
0010101001000110,
0010101000100111,
0010101000001000,
0010100111101001,
0010100111001001,
0010100110101001,
0010100110001001,
0010100101101001,
0010100101001000,
0010100100100111,
0010100100000110,
0010100011100101,
0010100011000011,
0010100010100001,
0010100001111111,
0010100001011100,
0010100000111010,
0010100000010111,
0010011111110100,
0010011111010000,
0010011110101101,
0010011110001001,
0010011101100101,
0010011101000000,
0010011100011100,
0010011011110111,
0010011011010010,
0010011010101100,
0010011010000111,
0010011001100001,
0010011000111011,
0010011000010101,
0010010111101110,
0010010111000111,
0010010110100000,
0010010101111001,
0010010101010010,
0010010100101010,
0010010100000010,
0010010011011010,
0010010010110010,
0010010010001001,
0010010001100000,
0010010000110111,
0010010000001110,
0010001111100100,
0010001110111011,
0010001110010001,
0010001101100110,
0010001100111100,
0010001100010010,
0010001011100111,
0010001010111100,
0010001010010000,
0010001001100101,
0010001000111001,
0010001000001101,
0010000111100001,
0010000110110101,
0010000110001001,
0010000101011100,
0010000100101111,
0010000100000010,
0010000011010101,
0010000010100111,
0010000001111001,
0010000001001011,
0010000000011101,
0001111111101111,
0001111111000000,
0001111110010010,
0001111101100011,
0001111100110100,
0001111100000100,
0001111011010101,
0001111010100101,
0001111001110101,
0001111001000101,
0001111000010101,
0001110111100101,
0001110110110100,
0001110110000011,
0001110101010010,
0001110100100001,
0001110011110000,
0001110010111110,
0001110010001101,
0001110001011011,
0001110000101001,
0001101111110111,
0001101111000100,
0001101110010010,
0001101101011111,
0001101100101100,
0001101011111001,
0001101011000110,
0001101010010010,
0001101001011111,
0001101000101011,
0001100111110111,
0001100111000011,
0001100110001111,
0001100101011010,
0001100100100110,
0001100011110001,
0001100010111100,
0001100010000111,
0001100001010010,
0001100000011101,
0001011111101000,
0001011110110010,
0001011101111100,
0001011101000110,
0001011100010000,
0001011011011010,
0001011010100100,
0001011001101110,
0001011000110111,
0001011000000000,
0001010111001001,
0001010110010010,
0001010101011011,
0001010100100100,
0001010011101101,
0001010010110101,
0001010001111110,
0001010001000110,
0001010000001110,
0001001111010110,
0001001110011110,
0001001101100110,
0001001100101101,
0001001011110101,
0001001010111100,
0001001010000011,
0001001001001011,
0001001000010010,
0001000111011001,
0001000110011111,
0001000101100110,
0001000100101101,
0001000011110011,
0001000010111010,
0001000010000000,
0001000001000110,
0001000000001100,
0000111111010010,
0000111110011000,
0000111101011110,
0000111100100100,
0000111011101001,
0000111010101111,
0000111001110100,
0000111000111010,
0000110111111111,
0000110111000100,
0000110110001001,
0000110101001110,
0000110100010011,
0000110011011000,
0000110010011101,
0000110001100001,
0000110000100110,
0000101111101010,
0000101110101111,
0000101101110011,
0000101100111000,
0000101011111100,
0000101011000000,
0000101010000100,
0000101001001000,
0000101000001100,
0000100111010000,
0000100110010100,
0000100101011000,
0000100100011100,
0000100011011111,
0000100010100011,
0000100001100110,
0000100000101010,
0000011111101101,
0000011110110001,
0000011101110100,
0000011100111000,
0000011011111011,
0000011010111110,
0000011010000001,
0000011001000101,
0000011000001000,
0000010111001011,
0000010110001110,
0000010101010001,
0000010100010100,
0000010011010111,
0000010010011010,
0000010001011101,
0000010000011111,
0000001111100010,
0000001110100101,
0000001101101000,
0000001100101011,
0000001011101101,
0000001010110000,
0000001001110011,
0000001000110110,
0000000111111000,
0000000110111011,
0000000101111110,
0000000101000000,
0000000100000011,
0000000011000110,
0000000010001000,
0000000001001011,
0000000000001110,
1111111111010000,
1111111110010011,
1111111101010110,
1111111100011000,
1111111011011011,
1111111010011110,
1111111001100000,
1111111000100011,
1111110111100110,
1111110110101000,
1111110101101011,
1111110100101110,
1111110011110000,
1111110010110011,
1111110001110110,
1111110000111001,
1111101111111100,
1111101110111111,
1111101110000001,
1111101101000100,
1111101100000111,
1111101011001010,
1111101010001101,
1111101001010000,
1111101000010011,
1111100111010111,
1111100110011010,
1111100101011101,
1111100100100000,
1111100011100011,
1111100010100111,
1111100001101010,
1111100000101101,
1111011111110001,
1111011110110100,
1111011101111000,
1111011100111100,
1111011011111111,
1111011011000011,
1111011010000111,
1111011001001011,
1111011000001110,
1111010111010010,
1111010110010110,
1111010101011011,
1111010100011111,
1111010011100011,
1111010010100111,
1111010001101100,
1111010000110000,
1111001111110100,
1111001110111001,
1111001101111110,
1111001101000010,
1111001100000111,
1111001011001100,
1111001010010001,
1111001001010110,
1111001000011011,
1111000111100000,
1111000110100110,
1111000101101011,
1111000100110001,
1111000011110110,
1111000010111100,
1111000010000010,
1111000001001000,
1111000000001110,
1110111111010100,
1110111110011010,
1110111101100000,
1110111100100110,
1110111011101101,
1110111010110011,
1110111001111010,
1110111001000001,
1110111000001000,
1110110111001111,
1110110110010110,
1110110101011101,
1110110100100100,
1110110011101100,
1110110010110011,
1110110001111011,
1110110001000011,
1110110000001011,
1110101111010011,
1110101110011011,
1110101101100011,
1110101100101100,
1110101011110100,
1110101010111101,
1110101010000110,
1110101001001111,
1110101000011000,
1110100111100001,
1110100110101011,
1110100101110100,
1110100100111110,
1110100100001000,
1110100011010001,
1110100010011100,
1110100001100110,
1110100000110000,
1110011111111011,
1110011111000101,
1110011110010000,
1110011101011011,
1110011100100110,
1110011011110001,
1110011010111101,
1110011010001000,
1110011001010100,
1110011000100000,
1110010111101100,
1110010110111000,
1110010110000101,
1110010101010001,
1110010100011110,
1110010011101011,
1110010010111000,
1110010010000101,
1110010001010010,
1110010000100000,
1110001111101110,
1110001110111011,
1110001110001001,
1110001101011000,
1110001100100110,
1110001011110101,
1110001011000011,
1110001010010010,
1110001001100010,
1110001000110001,
1110001000000000,
1110000111010000,
1110000110100000,
1110000101110000,
1110000101000000,
1110000100010001,
1110000011100001,
1110000010110010,
1110000010000011,
1110000001010100,
1110000000100110,
1101111111110111,
1101111111001001,
1101111110011011,
1101111101101101,
1101111101000000,
1101111100010010,
1101111011100101,
1101111010111000,
1101111010001011,
1101111001011111,
1101111000110010,
1101111000000110,
1101110111011010,
1101110110101110,
1101110110000011,
1101110101010111,
1101110100101100,
1101110100000001,
1101110011010111,
1101110010101100,
1101110010000010,
1101110001011000,
1101110000101110,
1101110000000101,
1101101111011011,
1101101110110010,
1101101110001001,
1101101101100001,
1101101100111000,
1101101100010000,
1101101011101000,
1101101011000000,
1101101010011000,
1101101001110001,
1101101001001010,
1101101000100011,
1101100111111101,
1101100111010110,
1101100110110000,
1101100110001010,
1101100101100100,
1101100100111111,
1101100100011010,
1101100011110101,
1101100011010000,
1101100010101100,
1101100010000111,
1101100001100011,
1101100001000000,
1101100000011100,
1101011111111001,
1101011111010110,
1101011110110011,
1101011110010000,
1101011101101110,
1101011101001100,
1101011100101010,
1101011100001001,
1101011011101000,
1101011011000111,
1101011010100110,
1101011010000101,
1101011001100101,
1101011001000101,
1101011000100101,
1101011000000110,
1101010111100111,
1101010111001000,
1101010110101001,
1101010110001011,
1101010101101100,
1101010101001111,
1101010100110001,
1101010100010100,
1101010011110110,
1101010011011010,
1101010010111101,
1101010010100001,
1101010010000101,
1101010001101001,
1101010001001101,
1101010000110010,
1101010000010111,
1101001111111100,
1101001111100010,
1101001111001000,
1101001110101110,
1101001110010100,
1101001101111011,
1101001101100010,
1101001101001001,
1101001100110001,
1101001100011000,
1101001100000000,
1101001011101001,
1101001011010001,
1101001010111010,
1101001010100011,
1101001010001101,
1101001001110111,
1101001001100000,
1101001001001011,
1101001000110101,
1101001000100000,
1101001000001011,
1101000111110111,
1101000111100010,
1101000111001110,
1101000110111011,
1101000110100111,
1101000110010100,
1101000110000001,
1101000101101111,
1101000101011100,
1101000101001010,
1101000100111000,
1101000100100111,
1101000100010110,
1101000100000101,
1101000011110100,
1101000011100100,
1101000011010100,
1101000011000100,
1101000010110101,
1101000010100110,
1101000010010111,
1101000010001001,
1101000001111010,
1101000001101100,
1101000001011111,
1101000001010001,
1101000001000100,
1101000000111000,
1101000000101011,
1101000000011111,
1101000000010011,
1101000000000111,
1100111111111100,
1100111111110001,
1100111111100110,
1100111111011100,
1100111111010010,
1100111111001000,
1100111110111111,
1100111110110101,
1100111110101100,
1100111110100100,
1100111110011011,
1100111110010011,
1100111110001100,
1100111110000100,
1100111101111101,
1100111101110110,
1100111101110000,
1100111101101010,
1100111101100100,
1100111101011110,
1100111101011001,
1100111101010100,
1100111101001111,
1100111101001010,
1100111101000110,
1100111101000010,
1100111100111111,
1100111100111100,
1100111100111001,
1100111100110110,
1100111100110100,
1100111100110010,
1100111100110000,
1100111100101111,
1100111100101110,
1100111100101101,
1100111100101100,
1100111100101100,
1100111100101100,
1100111100101100,
1100111100101101,
1100111100101110,
1100111100101111,
1100111100110001,
1100111100110011,
1100111100110101,
1100111100111000,
1100111100111010,
1100111100111101,
1100111101000001,
1100111101000101,
1100111101001001,
1100111101001101,
1100111101010001,
1100111101010110,
1100111101011100,
1100111101100001,
1100111101100111,
1100111101101101,
1100111101110011,
1100111101111010,
1100111110000001,
1100111110001000,
1100111110010000,
1100111110011000,
1100111110100000,
1100111110101001,
1100111110110001,
1100111110111010,
1100111111000100,
1100111111001101,
1100111111010111,
1100111111100010,
1100111111101100,
1100111111110111,
1101000000000010,
1101000000001110,
1101000000011010,
1101000000100110,
1101000000110010,
1101000000111111,
1101000001001100,
1101000001011001,
1101000001100110,
1101000001110100,
1101000010000010,
1101000010010001,
1101000010011111,
1101000010101110,
1101000010111110,
1101000011001101,
1101000011011101,
1101000011101101,
1101000011111110,
1101000100001110,
1101000100011111,
1101000100110001,
1101000101000010,
1101000101010100,
1101000101100110,
1101000101111001,
1101000110001100,
1101000110011111,
1101000110110010,
1101000111000110,
1101000111011001,
1101000111101110,
1101001000000010,
1101001000010111,
1101001000101100,
1101001001000001,
1101001001010111,
1101001001101101,
1101001010000011,
1101001010011001,
1101001010110000,
1101001011000111,
1101001011011110,
1101001011110110,
1101001100001110,
1101001100100110,
1101001100111110,
1101001101010111,
1101001101110000,
1101001110001001,
1101001110100011,
1101001110111100,
1101001111010110,
1101001111110001,
1101010000001011,
1101010000100110,
1101010001000001,
1101010001011101,
1101010001111000,
1101010010010100,
1101010010110000,
1101010011001101,
1101010011101010,
1101010100000111,
1101010100100100,
1101010101000001,
1101010101011111,
1101010101111101,
1101010110011100,
1101010110111010,
1101010111011001,
1101010111111000,
1101011000010111,
1101011000110111,
1101011001010111,
1101011001110111,
1101011010010111,
1101011010111000,
1101011011011001,
1101011011111010,
1101011100011011,
1101011100111101,
1101011101011111,
1101011110000001,
1101011110100100,
1101011111000110,
1101011111101001,
1101100000001100,
1101100000110000,
1101100001010011,
1101100001110111,
1101100010011011,
1101100011000000,
1101100011100100,
1101100100001001,
1101100100101110,
1101100101010100,
1101100101111001,
1101100110011111,
1101100111000101,
1101100111101011,
1101101000010010,
1101101000111001,
1101101001100000,
1101101010000111,
1101101010101110,
1101101011010110,
1101101011111110,
1101101100100110,
1101101101001110,
1101101101110111,
1101101110100000,
1101101111001001,
1101101111110010,
1101110000011100,
1101110001000101,
1101110001101111,
1101110010011010,
1101110011000100,
1101110011101110,
1101110100011001,
1101110101000100,
1101110101110000,
1101110110011011,
1101110111000111,
1101110111110011,
1101111000011111,
1101111001001011,
1101111001110111,
1101111010100100,
1101111011010001,
1101111011111110,
1101111100101011,
1101111101011001,
1101111110000111,
1101111110110101,
1101111111100011,
1110000000010001,
1110000001000000,
1110000001101110,
1110000010011101,
1110000011001100,
1110000011111100,
1110000100101011,
1110000101011011,
1110000110001011,
1110000110111011,
1110000111101011,
1110001000011011,
1110001001001100,
1110001001111101,
1110001010101110,
1110001011011111,
1110001100010000,
1110001101000010,
1110001101110011,
1110001110100101,
1110001111010111,
1110010000001001,
1110010000111100,
1110010001101110,
1110010010100001,
1110010011010100,
1110010100000111,
1110010100111010,
1110010101101110,
1110010110100001,
1110010111010101,
1110011000001001,
1110011000111101,
1110011001110001,
1110011010100110,
1110011011011010,
1110011100001111,
1110011101000100,
1110011101111001,
1110011110101110,
1110011111100011,
1110100000011000,
1110100001001110,
1110100010000100,
1110100010111010,
1110100011110000,
1110100100100110,
1110100101011100,
1110100110010010,
1110100111001001,
1110101000000000,
1110101000110111,
1110101001101110,
1110101010100101,
1110101011011100,
1110101100010011,
1110101101001011,
1110101110000010,
1110101110111010,
1110101111110010,
1110110000101010,
1110110001100010,
1110110010011010,
1110110011010011,
1110110100001011,
1110110101000100,
1110110101111101,
1110110110110101,
1110110111101110,
1110111000100111,
1110111001100001,
1110111010011010,
1110111011010011,
1110111100001101,
1110111101000110,
1110111110000000,
1110111110111010,
1110111111110100,
1111000000101110,
1111000001101000,
1111000010100010,
1111000011011100,
1111000100010111,
1111000101010001,
1111000110001100,
1111000111000110,
1111001000000001,
1111001000111100,
1111001001110111,
1111001010110010,
1111001011101101,
1111001100101000,
1111001101100011,
1111001110011111,
1111001111011010,
1111010000010110,
1111010001010001,
1111010010001101,
1111010011001000,
1111010100000100,
1111010101000000,
1111010101111100,
1111010110111000,
1111010111110100,
1111011000110000,
1111011001101100,
1111011010101000,
1111011011100100,
1111011100100001,
1111011101011101,
1111011110011010,
1111011111010110,
1111100000010011,
1111100001001111,
1111100010001100,
1111100011001000,
1111100100000101,
1111100101000010,
1111100101111111,
1111100110111011,
1111100111111000,
1111101000110101,
1111101001110010,
1111101010101111,
1111101011101100,
1111101100101001,
1111101101100110,
1111101110100011,
1111101111100001,
1111110000011110,
1111110001011011,
1111110010011000,
1111110011010101,
1111110100010011,
1111110101010000,
1111110110001101,
1111110111001010,
1111111000001000,
1111111001000101,
1111111010000010,
1111111011000000,
1111111011111101,
1111111100111010,
1111111101111000,
1111111110110101,
1111111111110010,
0000000000110000,
0000000001101101,
0000000010101010,
0000000011101000,
0000000100100101,
0000000101100010,
0000000110100000,
0000000111011101,
0000001000011010,
0000001001011000,
0000001010010101,
0000001011010010,
0000001100010000,
0000001101001101,
0000001110001010,
0000001111000111,
0000010000000100,
0000010001000001,
0000010001111111,
0000010010111100,
0000010011111001,
0000010100110110,
0000010101110011,
0000010110110000,
0000010111101101,
0000011000101001,
0000011001100110,
0000011010100011,
0000011011100000,
0000011100011101,
0000011101011001,
0000011110010110,
0000011111010011,
0000100000001111,
0000100001001100,
0000100010001000,
0000100011000100,
0000100100000001,
0000100100111101,
0000100101111001,
0000100110110101,
0000100111110010,
0000101000101110,
0000101001101010,
0000101010100101,
0000101011100001,
0000101100011101,
0000101101011001,
0000101110010100,
0000101111010000,
0000110000001100,
0000110001000111,
0000110010000010,
0000110010111110,
0000110011111001,
0000110100110100,
0000110101101111,
0000110110101010,
0000110111100101,
0000111000100000,
0000111001011010,
0000111010010101,
0000111011001111,
0000111100001010,
0000111101000100,
0000111101111110,
0000111110111000,
0000111111110010,
0001000000101100,
0001000001100110,
0001000010100000,
0001000011011010,
0001000100010011,
0001000101001101,
0001000110000110,
0001000110111111,
0001000111111000,
0001001000110001,
0001001001101010,
0001001010100011,
0001001011011100,
0001001100010100,
0001001101001101,
0001001110000101,
0001001110111101,
0001001111110101,
0001010000101101,
0001010001100101,
0001010010011101,
0001010011010100,
0001010100001100,
0001010101000011,
0001010101111010,
0001010110110001,
0001010111101000,
0001011000011111,
0001011001010101,
0001011010001100,
0001011011000010,
0001011011111000,
0001011100101111,
0001011101100100,
0001011110011010,
0001011111010000,
0001100000000101,
0001100000111011,
0001100001110000,
0001100010100101,
0001100011011010,
0001100100001111,
0001100101000011,
0001100101111000,
0001100110101100,
0001100111100000,
0001101000010100,
0001101001001000,
0001101001111011,
0001101010101111,
0001101011100010,
0001101100010101,
0001101101001000,
0001101101111011,
0001101110101110,
0001101111100000,
0001110000010010,
0001110001000101,
0001110001110111,
0001110010101000,
0001110011011010,
0001110100001011,
0001110100111101,
0001110101101110,
0001110110011110,
0001110111001111,
0001111000000000,
0001111000110000,
0001111001100000,
0001111010010000,
0001111011000000,
0001111011101111,
0001111100011111,
0001111101001110,
0001111101111101,
0001111110101100,
0001111111011010,
0010000000001001,
0010000000110111,
0010000001100101,
0010000010010011,
0010000011000000,
0010000011101110,
0010000100011011,
0010000101001000,
0010000101110101,
0010000110100001,
0010000111001110,
0010000111111010,
0010001000100110,
0010001001010010,
0010001001111101,
0010001010101001,
0010001011010100,
0010001011111111,
0010001100101001,
0010001101010100,
0010001101111110,
0010001110101000,
0010001111010010,
0010001111111011,
0010010000100101,
0010010001001110,
0010010001110111,
0010010010011111,
0010010011001000,
0010010011110000,
0010010100011000,
0010010101000000,
0010010101101000,
0010010110001111,
0010010110110110,
0010010111011101,
0010011000000011,
0010011000101010,
0010011001010000,
0010011001110110,
0010011010011100,
0010011011000001,
0010011011100110,
0010011100001011,
0010011100110000,
0010011101010100,
0010011101111001,
0010011110011101,
0010011111000000,
0010011111100100,
0010100000000111,
0010100000101010,
0010100001001101,
0010100001110000,
0010100010010010,
0010100010110100,
0010100011010110,
0010100011110111,
0010100100011000,
0010100100111001,
0010100101011010,
0010100101111011,
0010100110011011,
0010100110111011,
0010100111011011,
0010100111111010,
0010101000011001,
0010101000111000,
0010101001010111,
0010101001110101,
0010101010010100,
0010101010110001,
0010101011001111,
0010101011101100,
0010101100001010,
0010101100100110,
0010101101000011,
0010101101011111,
0010101101111011,
0010101110010111,
0010101110110011,
0010101111001110,
0010101111101001,
0010110000000100,
0010110000011110,
0010110000111000,
0010110001010010,
0010110001101100,
0010110010000101,
0010110010011110,
0010110010110111,
0010110011001111,
0010110011101000,
0010110100000000,
0010110100010111,
0010110100101111,
0010110101000110,
0010110101011101,
0010110101110011,
0010110110001001,
0010110110100000,
0010110110110101,
0010110111001011,
0010110111100000,
0010110111110101,
0010111000001001,
0010111000011110,
0010111000110010,
0010111001000101,
0010111001011001,
0010111001101100,
0010111001111111,
0010111010010001,
0010111010100100,
0010111010110110,
0010111011001000,
0010111011011001,
0010111011101010,
0010111011111011,
0010111100001100,
0010111100011100,
0010111100101100,
0010111100111100,
0010111101001011,
0010111101011010,
0010111101101001,
0010111101110111,
0010111110000110,
0010111110010100,
0010111110100001,
0010111110101111,
0010111110111100,
0010111111001000,
0010111111010101,
0010111111100001,
0010111111101101,
0010111111111001,
0011000000000100,
0011000000001111,
0011000000011010,
0011000000100100,
0011000000101110,
0011000000111000,
0011000001000001,
0011000001001011,
0011000001010100,
0011000001011100,
0011000001100101,
0011000001101101,
0011000001110100,
0011000001111100,
0011000010000011,
0011000010001010,
0011000010010000,
0011000010010110,
0011000010011100,
0011000010100010,
0011000010100111,
0011000010101100,
0011000010110001,
0011000010110110,
0011000010111010,
0011000010111110,
0011000011000001,
0011000011000100,
0011000011000111,
0011000011001010,
0011000011001100,
0011000011001110,
0011000011010000,
0011000011010001,
0011000011010010,
0011000011010011,
0011000011010100,
0011000011010100,
0011000011010100,
0011000011010100,
0011000011010011,
0011000011010010,
0011000011010001,
0011000011001111,
0011000011001101,
0011000011001011,
0011000011001000,
0011000011000110,
0011000011000011,
0011000010111111,
0011000010111011,
0011000010110111,
0011000010110011,
0011000010101111,
0011000010101010,
0011000010100100,
0011000010011111,
0011000010011001,
0011000010010011,
0011000010001101,
0011000010000110,
0011000001111111,
0011000001111000,
0011000001110000,
0011000001101000,
0011000001100000,
0011000001010111,
0011000001001111,
0011000001000110,
0011000000111100,
0011000000110011,
0011000000101001,
0011000000011110,
0011000000010100,
0011000000001001,
0010111111111110,
0010111111110010,
0010111111100110,
0010111111011010,
0010111111001110,
0010111111000001,
0010111110110100,
0010111110100111,
0010111110011010,
0010111110001100,
0010111101111110,
0010111101101111,
0010111101100001,
0010111101010010,
0010111101000010,
0010111100110011,
0010111100100011,
0010111100010011,
0010111100000010,
0010111011110010,
0010111011100001,
0010111011001111,
0010111010111110,
0010111010101100,
0010111010011010,
0010111010000111,
0010111001110100,
0010111001100001,
0010111001001110,
0010111000111010,
0010111000100111,
0010111000010010,
0010110111111110,
0010110111101001,
0010110111010100,
0010110110111111,
0010110110101001,
0010110110010011,
0010110101111101,
0010110101100111,
0010110101010000,
0010110100111001,
0010110100100010,
0010110100001010,
0010110011110010,
0010110011011010,
0010110011000010,
0010110010101001,
0010110010010000,
0010110001110111,
0010110001011101,
0010110001000100,
0010110000101010,
0010110000001111,
0010101111110101,
0010101111011010,
0010101110111111,
0010101110100011,
0010101110001000,
0010101101101100,
0010101101010000,
0010101100110011,
0010101100010110,
0010101011111001,
0010101011011100,
0010101010111111,
0010101010100001,
0010101010000011,
0010101001100100,
0010101001000110,
0010101000100111,
0010101000001000,
0010100111101001,
0010100111001001,
0010100110101001,
0010100110001001,
0010100101101001,
0010100101001000,
0010100100100111,
0010100100000110,
0010100011100101,
0010100011000011,
0010100010100001,
0010100001111111,
0010100001011100,
0010100000111010,
0010100000010111,
0010011111110100,
0010011111010000,
0010011110101101,
0010011110001001,
0010011101100101,
0010011101000000,
0010011100011100,
0010011011110111,
0010011011010010,
0010011010101100,
0010011010000111,
0010011001100001,
0010011000111011,
0010011000010101,
0010010111101110,
0010010111000111,
0010010110100000,
0010010101111001,
0010010101010010,
0010010100101010,
0010010100000010,
0010010011011010,
0010010010110010,
0010010010001001,
0010010001100000,
0010010000110111,
0010010000001110,
0010001111100100,
0010001110111011,
0010001110010001,
0010001101100110,
0010001100111100,
0010001100010010,
0010001011100111,
0010001010111100,
0010001010010000,
0010001001100101,
0010001000111001,
0010001000001101,
0010000111100001,
0010000110110101,
0010000110001001,
0010000101011100,
0010000100101111,
0010000100000010,
0010000011010101,
0010000010100111,
0010000001111001,
0010000001001011,
0010000000011101,
0001111111101111,
0001111111000000,
0001111110010010,
0001111101100011,
0001111100110100,
0001111100000100,
0001111011010101,
0001111010100101,
0001111001110101,
0001111001000101,
0001111000010101,
0001110111100101,
0001110110110100,
0001110110000011,
0001110101010010,
0001110100100001,
0001110011110000,
0001110010111110,
0001110010001101,
0001110001011011,
0001110000101001,
0001101111110111,
0001101111000100,
0001101110010010,
0001101101011111,
0001101100101100,
0001101011111001,
0001101011000110,
0001101010010010,
0001101001011111,
0001101000101011,
0001100111110111,
0001100111000011,
0001100110001111,
0001100101011010,
0001100100100110,
0001100011110001,
0001100010111100,
0001100010000111,
0001100001010010,
0001100000011101,
0001011111101000,
0001011110110010,
0001011101111100,
0001011101000110,
0001011100010000,
0001011011011010,
0001011010100100,
0001011001101110,
0001011000110111,
0001011000000000,
0001010111001001,
0001010110010010,
0001010101011011,
0001010100100100,
0001010011101101,
0001010010110101,
0001010001111110,
0001010001000110,
0001010000001110,
0001001111010110,
0001001110011110,
0001001101100110,
0001001100101101,
0001001011110101,
0001001010111100,
0001001010000011,
0001001001001011,
0001001000010010,
0001000111011001,
0001000110011111,
0001000101100110,
0001000100101101,
0001000011110011,
0001000010111010,
0001000010000000,
0001000001000110,
0001000000001100,
0000111111010010,
0000111110011000,
0000111101011110,
0000111100100100,
0000111011101001,
0000111010101111,
0000111001110100,
0000111000111010,
0000110111111111,
0000110111000100,
0000110110001001,
0000110101001110,
0000110100010011,
0000110011011000,
0000110010011101,
0000110001100001,
0000110000100110,
0000101111101010,
0000101110101111,
0000101101110011,
0000101100111000,
0000101011111100,
0000101011000000,
0000101010000100,
0000101001001000,
0000101000001100,
0000100111010000,
0000100110010100,
0000100101011000,
0000100100011100,
0000100011011111,
0000100010100011,
0000100001100110,
0000100000101010,
0000011111101101,
0000011110110001,
0000011101110100,
0000011100111000,
0000011011111011,
0000011010111110,
0000011010000001,
0000011001000101,
0000011000001000,
0000010111001011,
0000010110001110,
0000010101010001,
0000010100010100,
0000010011010111,
0000010010011010,
0000010001011101,
0000010000011111,
0000001111100010,
0000001110100101,
0000001101101000,
0000001100101011,
0000001011101101,
0000001010110000,
0000001001110011,
0000001000110110,
0000000111111000,
0000000110111011,
0000000101111110,
0000000101000000,
0000000100000011,
0000000011000110,
0000000010001000,
0000000001001011,
0000000000001110,
1111111111010000,
1111111110010011,
1111111101010110,
1111111100011000,
1111111011011011,
1111111010011110,
1111111001100000,
1111111000100011,
1111110111100110,
1111110110101000,
1111110101101011,
1111110100101110,
1111110011110000,
1111110010110011,
1111110001110110,
1111110000111001,
1111101111111100,
1111101110111111,
1111101110000001,
1111101101000100,
1111101100000111,
1111101011001010,
1111101010001101,
1111101001010000,
1111101000010011,
1111100111010111,
1111100110011010,
1111100101011101,
1111100100100000,
1111100011100011,
1111100010100111,
1111100001101010,
1111100000101101,
1111011111110001,
1111011110110100,
1111011101111000,
1111011100111100,
1111011011111111,
1111011011000011,
1111011010000111,
1111011001001011,
1111011000001110,
1111010111010010,
1111010110010110,
1111010101011011,
1111010100011111,
1111010011100011,
1111010010100111,
1111010001101100,
1111010000110000,
1111001111110100,
1111001110111001,
1111001101111110,
1111001101000010,
1111001100000111,
1111001011001100,
1111001010010001,
1111001001010110,
1111001000011011,
1111000111100000,
1111000110100110,
1111000101101011,
1111000100110001,
1111000011110110,
1111000010111100,
1111000010000010,
1111000001001000,
1111000000001110,
1110111111010100,
1110111110011010,
1110111101100000,
1110111100100110,
1110111011101101,
1110111010110011,
1110111001111010,
1110111001000001,
1110111000001000,
1110110111001111,
1110110110010110,
1110110101011101,
1110110100100100,
1110110011101100,
1110110010110011,
1110110001111011,
1110110001000011,
1110110000001011,
1110101111010011,
1110101110011011,
1110101101100011,
1110101100101100,
1110101011110100,
1110101010111101,
1110101010000110,
1110101001001111,
1110101000011000,
1110100111100001,
1110100110101011,
1110100101110100,
1110100100111110,
1110100100001000,
1110100011010001,
1110100010011100,
1110100001100110,
1110100000110000,
1110011111111011,
1110011111000101,
1110011110010000,
1110011101011011,
1110011100100110,
1110011011110001,
1110011010111101,
1110011010001000,
1110011001010100,
1110011000100000,
1110010111101100,
1110010110111000,
1110010110000101,
1110010101010001,
1110010100011110,
1110010011101011,
1110010010111000,
1110010010000101,
1110010001010010,
1110010000100000,
1110001111101110,
1110001110111011,
1110001110001001,
1110001101011000,
1110001100100110,
1110001011110101,
1110001011000011,
1110001010010010,
1110001001100010,
1110001000110001,
1110001000000000,
1110000111010000,
1110000110100000,
1110000101110000,
1110000101000000,
1110000100010001,
1110000011100001,
1110000010110010,
1110000010000011,
1110000001010100,
1110000000100110,
1101111111110111,
1101111111001001,
1101111110011011,
1101111101101101,
1101111101000000,
1101111100010010,
1101111011100101,
1101111010111000,
1101111010001011,
1101111001011111,
1101111000110010,
1101111000000110,
1101110111011010,
1101110110101110,
1101110110000011,
1101110101010111,
1101110100101100,
1101110100000001,
1101110011010111,
1101110010101100,
1101110010000010,
1101110001011000,
1101110000101110,
1101110000000101,
1101101111011011,
1101101110110010,
1101101110001001,
1101101101100001,
1101101100111000,
1101101100010000,
1101101011101000,
1101101011000000,
1101101010011000,
1101101001110001,
1101101001001010,
1101101000100011,
1101100111111101,
1101100111010110,
1101100110110000,
1101100110001010,
1101100101100100,
1101100100111111,
1101100100011010,
1101100011110101,
1101100011010000,
1101100010101100,
1101100010000111,
1101100001100011,
1101100001000000,
1101100000011100,
1101011111111001,
1101011111010110,
1101011110110011,
1101011110010000,
1101011101101110,
1101011101001100,
1101011100101010,
1101011100001001,
1101011011101000,
1101011011000111,
1101011010100110,
1101011010000101,
1101011001100101,
1101011001000101,
1101011000100101,
1101011000000110,
1101010111100111,
1101010111001000,
1101010110101001,
1101010110001011,
1101010101101100,
1101010101001111,
1101010100110001,
1101010100010100,
1101010011110110,
1101010011011010,
1101010010111101,
1101010010100001,
1101010010000101,
1101010001101001,
1101010001001101,
1101010000110010,
1101010000010111,
1101001111111100,
1101001111100010,
1101001111001000,
1101001110101110,
1101001110010100,
1101001101111011,
1101001101100010,
1101001101001001,
1101001100110001,
1101001100011000,
1101001100000000,
1101001011101001,
1101001011010001,
1101001010111010,
1101001010100011,
1101001010001101,
1101001001110111,
1101001001100000,
1101001001001011,
1101001000110101,
1101001000100000,
1101001000001011,
1101000111110111,
1101000111100010,
1101000111001110,
1101000110111011,
1101000110100111,
1101000110010100,
1101000110000001,
1101000101101111,
1101000101011100,
1101000101001010,
1101000100111000,
1101000100100111,
1101000100010110,
1101000100000101,
1101000011110100,
1101000011100100,
1101000011010100,
1101000011000100,
1101000010110101,
1101000010100110,
1101000010010111,
1101000010001001,
1101000001111010,
1101000001101100,
1101000001011111,
1101000001010001,
1101000001000100,
1101000000111000,
1101000000101011,
1101000000011111,
1101000000010011,
1101000000000111,
1100111111111100,
1100111111110001,
1100111111100110,
1100111111011100,
1100111111010010,
1100111111001000,
1100111110111111,
1100111110110101,
1100111110101100,
1100111110100100,
1100111110011011,
1100111110010011,
1100111110001100,
1100111110000100,
1100111101111101,
1100111101110110,
1100111101110000,
1100111101101010,
1100111101100100,
1100111101011110,
1100111101011001,
1100111101010100,
1100111101001111,
1100111101001010,
1100111101000110,
1100111101000010,
1100111100111111,
1100111100111100,
1100111100111001,
1100111100110110,
1100111100110100,
1100111100110010,
1100111100110000,
1100111100101111,
1100111100101110,
1100111100101101,
1100111100101100,
1100111100101100,
1100111100101100,
1100111100101100,
1100111100101101,
1100111100101110,
1100111100101111,
1100111100110001,
1100111100110011,
1100111100110101,
1100111100111000,
1100111100111010,
1100111100111101,
1100111101000001,
1100111101000101,
1100111101001001,
1100111101001101,
1100111101010001,
1100111101010110,
1100111101011100,
1100111101100001,
1100111101100111,
1100111101101101,
1100111101110011,
1100111101111010,
1100111110000001,
1100111110001000,
1100111110010000,
1100111110011000,
1100111110100000,
1100111110101001,
1100111110110001,
1100111110111010,
1100111111000100,
1100111111001101,
1100111111010111,
1100111111100010,
1100111111101100,
1100111111110111,
1101000000000010,
1101000000001110,
1101000000011010,
1101000000100110,
1101000000110010,
1101000000111111,
1101000001001100,
1101000001011001,
1101000001100110,
1101000001110100,
1101000010000010,
1101000010010001,
1101000010011111,
1101000010101110,
1101000010111110,
1101000011001101,
1101000011011101,
1101000011101101,
1101000011111110,
1101000100001110,
1101000100011111,
1101000100110001,
1101000101000010,
1101000101010100,
1101000101100110,
1101000101111001,
1101000110001100,
1101000110011111,
1101000110110010,
1101000111000110,
1101000111011001,
1101000111101110,
1101001000000010,
1101001000010111,
1101001000101100,
1101001001000001,
1101001001010111,
1101001001101101,
1101001010000011,
1101001010011001,
1101001010110000,
1101001011000111,
1101001011011110,
1101001011110110,
1101001100001110,
1101001100100110,
1101001100111110,
1101001101010111,
1101001101110000,
1101001110001001,
1101001110100011,
1101001110111100,
1101001111010110,
1101001111110001,
1101010000001011,
1101010000100110,
1101010001000001,
1101010001011101,
1101010001111000,
1101010010010100,
1101010010110000,
1101010011001101,
1101010011101010,
1101010100000111,
1101010100100100,
1101010101000001,
1101010101011111,
1101010101111101,
1101010110011100,
1101010110111010,
1101010111011001,
1101010111111000,
1101011000010111,
1101011000110111,
1101011001010111,
1101011001110111,
1101011010010111,
1101011010111000,
1101011011011001,
1101011011111010,
1101011100011011,
1101011100111101,
1101011101011111,
1101011110000001,
1101011110100100,
1101011111000110,
1101011111101001,
1101100000001100,
1101100000110000,
1101100001010011,
1101100001110111,
1101100010011011,
1101100011000000,
1101100011100100,
1101100100001001,
1101100100101110,
1101100101010100,
1101100101111001,
1101100110011111,
1101100111000101,
1101100111101011,
1101101000010010,
1101101000111001,
1101101001100000,
1101101010000111,
1101101010101110,
1101101011010110,
1101101011111110,
1101101100100110,
1101101101001110,
1101101101110111,
1101101110100000,
1101101111001001,
1101101111110010,
1101110000011100,
1101110001000101,
1101110001101111,
1101110010011010,
1101110011000100,
1101110011101110,
1101110100011001,
1101110101000100,
1101110101110000,
1101110110011011,
1101110111000111,
1101110111110011,
1101111000011111,
1101111001001011,
1101111001110111,
1101111010100100,
1101111011010001,
1101111011111110,
1101111100101011,
1101111101011001,
1101111110000111,
1101111110110101,
1101111111100011,
1110000000010001,
1110000001000000,
1110000001101110,
1110000010011101,
1110000011001100,
1110000011111100,
1110000100101011,
1110000101011011,
1110000110001011,
1110000110111011,
1110000111101011,
1110001000011011,
1110001001001100,
1110001001111101,
1110001010101110,
1110001011011111,
1110001100010000,
1110001101000010,
1110001101110011,
1110001110100101,
1110001111010111,
1110010000001001,
1110010000111100,
1110010001101110,
1110010010100001,
1110010011010100,
1110010100000111,
1110010100111010,
1110010101101110,
1110010110100001,
1110010111010101,
1110011000001001,
1110011000111101,
1110011001110001,
1110011010100110,
1110011011011010,
1110011100001111,
1110011101000100,
1110011101111001,
1110011110101110,
1110011111100011,
1110100000011000,
1110100001001110,
1110100010000100,
1110100010111010,
1110100011110000,
1110100100100110,
1110100101011100,
1110100110010010,
1110100111001001,
1110101000000000,
1110101000110111,
1110101001101110,
1110101010100101,
1110101011011100,
1110101100010011,
1110101101001011,
1110101110000010,
1110101110111010,
1110101111110010,
1110110000101010,
1110110001100010,
1110110010011010,
1110110011010011,
1110110100001011,
1110110101000100,
1110110101111101,
1110110110110101,
1110110111101110,
1110111000100111,
1110111001100001,
1110111010011010,
1110111011010011,
1110111100001101,
1110111101000110,
1110111110000000,
1110111110111010,
1110111111110100,
1111000000101110,
1111000001101000,
1111000010100010,
1111000011011100,
1111000100010111,
1111000101010001,
1111000110001100,
1111000111000110,
1111001000000001,
1111001000111100,
1111001001110111,
1111001010110010,
1111001011101101,
1111001100101000,
1111001101100011,
1111001110011111,
1111001111011010,
1111010000010110,
1111010001010001,
1111010010001101,
1111010011001000,
1111010100000100,
1111010101000000,
1111010101111100,
1111010110111000,
1111010111110100,
1111011000110000,
1111011001101100,
1111011010101000,
1111011011100100,
1111011100100001,
1111011101011101,
1111011110011010,
1111011111010110,
1111100000010011,
1111100001001111,
1111100010001100,
1111100011001000,
1111100100000101,
1111100101000010,
1111100101111111,
1111100110111011,
1111100111111000,
1111101000110101,
1111101001110010,
1111101010101111,
1111101011101100,
1111101100101001,
1111101101100110,
1111101110100011,
1111101111100001,
1111110000011110,
1111110001011011,
1111110010011000,
1111110011010101,
1111110100010011,
1111110101010000,
1111110110001101,
1111110111001010,
1111111000001000,
1111111001000101,
1111111010000010,
1111111011000000,
1111111011111101,
1111111100111010,
1111111101111000,
1111111110110101,
1111111111110010,
0000000000110000,
0000000001101101,
0000000010101010,
0000000011101000,
0000000100100101,
0000000101100010,
0000000110100000,
0000000111011101,
0000001000011010,
0000001001011000,
0000001010010101,
0000001011010010,
0000001100010000,
0000001101001101,
0000001110001010,
0000001111000111,
0000010000000100,
0000010001000001,
0000010001111111,
0000010010111100,
0000010011111001,
0000010100110110,
0000010101110011,
0000010110110000,
0000010111101101,
0000011000101001,
0000011001100110,
0000011010100011,
0000011011100000,
0000011100011101,
0000011101011001,
0000011110010110,
0000011111010011,
0000100000001111,
0000100001001100,
0000100010001000,
0000100011000100,
0000100100000001,
0000100100111101,
0000100101111001,
0000100110110101,
0000100111110010,
0000101000101110,
0000101001101010,
0000101010100101,
0000101011100001,
0000101100011101,
0000101101011001,
0000101110010100,
0000101111010000,
0000110000001100,
0000110001000111,
0000110010000010,
0000110010111110,
0000110011111001,
0000110100110100,
0000110101101111,
0000110110101010,
0000110111100101,
0000111000100000,
0000111001011010,
0000111010010101,
0000111011001111,
0000111100001010,
0000111101000100,
0000111101111110,
0000111110111000,
0000111111110010,
0001000000101100,
0001000001100110,
0001000010100000,
0001000011011010,
0001000100010011,
0001000101001101,
0001000110000110,
0001000110111111,
0001000111111000,
0001001000110001,
0001001001101010,
0001001010100011,
0001001011011100,
0001001100010100,
0001001101001101,
0001001110000101,
0001001110111101,
0001001111110101,
0001010000101101,
0001010001100101,
0001010010011101,
0001010011010100,
0001010100001100,
0001010101000011,
0001010101111010,
0001010110110001,
0001010111101000,
0001011000011111,
0001011001010101,
0001011010001100,
0001011011000010,
0001011011111000,
0001011100101111,
0001011101100100,
0001011110011010,
0001011111010000,
0001100000000101,
0001100000111011,
0001100001110000,
0001100010100101,
0001100011011010,
0001100100001111,
0001100101000011,
0001100101111000,
0001100110101100,
0001100111100000,
0001101000010100,
0001101001001000,
0001101001111011,
0001101010101111,
0001101011100010,
0001101100010101,
0001101101001000,
0001101101111011,
0001101110101110,
0001101111100000,
0001110000010010,
0001110001000101,
0001110001110111,
0001110010101000,
0001110011011010,
0001110100001011,
0001110100111101,
0001110101101110,
0001110110011110,
0001110111001111,
0001111000000000,
0001111000110000,
0001111001100000,
0001111010010000,
0001111011000000,
0001111011101111,
0001111100011111,
0001111101001110,
0001111101111101,
0001111110101100,
0001111111011010,
0010000000001001,
0010000000110111,
0010000001100101,
0010000010010011,
0010000011000000,
0010000011101110,
0010000100011011,
0010000101001000,
0010000101110101,
0010000110100001,
0010000111001110,
0010000111111010,
0010001000100110,
0010001001010010,
0010001001111101,
0010001010101001,
0010001011010100,
0010001011111111,
0010001100101001,
0010001101010100,
0010001101111110,
0010001110101000,
0010001111010010,
0010001111111011,
0010010000100101,
0010010001001110,
0010010001110111,
0010010010011111,
0010010011001000,
0010010011110000,
0010010100011000,
0010010101000000,
0010010101101000,
0010010110001111,
0010010110110110,
0010010111011101,
0010011000000011,
0010011000101010,
0010011001010000,
0010011001110110,
0010011010011100,
0010011011000001,
0010011011100110,
0010011100001011,
0010011100110000,
0010011101010100,
0010011101111001,
0010011110011101,
0010011111000000,
0010011111100100,
0010100000000111,
0010100000101010,
0010100001001101,
0010100001110000,
0010100010010010,
0010100010110100,
0010100011010110,
0010100011110111,
0010100100011000,
0010100100111001,
0010100101011010,
0010100101111011,
0010100110011011,
0010100110111011,
0010100111011011,
0010100111111010,
0010101000011001,
0010101000111000,
0010101001010111,
0010101001110101,
0010101010010100,
0010101010110001,
0010101011001111,
0010101011101100,
0010101100001010,
0010101100100110,
0010101101000011,
0010101101011111,
0010101101111011,
0010101110010111,
0010101110110011,
0010101111001110,
0010101111101001,
0010110000000100,
0010110000011110,
0010110000111000,
0010110001010010,
0010110001101100,
0010110010000101,
0010110010011110,
0010110010110111,
0010110011001111,
0010110011101000,
0010110100000000,
0010110100010111,
0010110100101111,
0010110101000110,
0010110101011101,
0010110101110011,
0010110110001001,
0010110110100000,
0010110110110101,
0010110111001011,
0010110111100000,
0010110111110101,
0010111000001001,
0010111000011110,
0010111000110010,
0010111001000101,
0010111001011001,
0010111001101100,
0010111001111111,
0010111010010001,
0010111010100100,
0010111010110110,
0010111011001000,
0010111011011001,
0010111011101010,
0010111011111011,
0010111100001100,
0010111100011100,
0010111100101100,
0010111100111100,
0010111101001011,
0010111101011010,
0010111101101001,
0010111101110111,
0010111110000110,
0010111110010100,
0010111110100001,
0010111110101111,
0010111110111100,
0010111111001000,
0010111111010101,
0010111111100001,
0010111111101101,
0010111111111001,
0011000000000100,
0011000000001111,
0011000000011010,
0011000000100100,
0011000000101110,
0011000000111000,
0011000001000001,
0011000001001011,
0011000001010100,
0011000001011100,
0011000001100101,
0011000001101101,
0011000001110100,
0011000001111100,
0011000010000011,
0011000010001010,
0011000010010000,
0011000010010110,
0011000010011100,
0011000010100010,
0011000010100111,
0011000010101100,
0011000010110001,
0011000010110110,
0011000010111010,
0011000010111110,
0011000011000001,
0011000011000100,
0011000011000111,
0011000011001010,
0011000011001100,
0011000011001110,
0011000011010000,
0011000011010001,
0011000011010010,
0011000011010011,
0011000011010100,
0011000011010100,
0011000011010100,
0011000011010100,
0011000011010011,
0011000011010010,
0011000011010001,
0011000011001111,
0011000011001101,
0011000011001011,
0011000011001000,
0011000011000110,
0011000011000011,
0011000010111111,
0011000010111011,
0011000010110111,
0011000010110011,
0011000010101111,
0011000010101010,
0011000010100100,
0011000010011111,
0011000010011001,
0011000010010011,
0011000010001101,
0011000010000110,
0011000001111111,
0011000001111000,
0011000001110000,
0011000001101000,
0011000001100000,
0011000001010111,
0011000001001111,
0011000001000110,
0011000000111100,
0011000000110011,
0011000000101001,
0011000000011110,
0011000000010100,
0011000000001001,
0010111111111110,
0010111111110010,
0010111111100110,
0010111111011010,
0010111111001110,
0010111111000001,
0010111110110100,
0010111110100111,
0010111110011010,
0010111110001100,
0010111101111110,
0010111101101111,
0010111101100001,
0010111101010010,
0010111101000010,
0010111100110011,
0010111100100011,
0010111100010011,
0010111100000010,
0010111011110010,
0010111011100001,
0010111011001111,
0010111010111110,
0010111010101100,
0010111010011010,
0010111010000111,
0010111001110100,
0010111001100001,
0010111001001110,
0010111000111010,
0010111000100111,
0010111000010010,
0010110111111110,
0010110111101001,
0010110111010100,
0010110110111111,
0010110110101001,
0010110110010011,
0010110101111101,
0010110101100111,
0010110101010000,
0010110100111001,
0010110100100010,
0010110100001010,
0010110011110010,
0010110011011010,
0010110011000010,
0010110010101001,
0010110010010000,
0010110001110111,
0010110001011101,
0010110001000100,
0010110000101010,
0010110000001111,
0010101111110101,
0010101111011010,
0010101110111111,
0010101110100011,
0010101110001000,
0010101101101100,
0010101101010000,
0010101100110011,
0010101100010110,
0010101011111001,
0010101011011100,
0010101010111111,
0010101010100001,
0010101010000011,
0010101001100100,
0010101001000110,
0010101000100111,
0010101000001000,
0010100111101001,
0010100111001001,
0010100110101001,
0010100110001001,
0010100101101001,
0010100101001000,
0010100100100111,
0010100100000110,
0010100011100101,
0010100011000011,
0010100010100001,
0010100001111111,
0010100001011100,
0010100000111010,
0010100000010111,
0010011111110100,
0010011111010000,
0010011110101101,
0010011110001001,
0010011101100101,
0010011101000000,
0010011100011100,
0010011011110111,
0010011011010010,
0010011010101100,
0010011010000111,
0010011001100001,
0010011000111011,
0010011000010101,
0010010111101110,
0010010111000111,
0010010110100000,
0010010101111001,
0010010101010010,
0010010100101010,
0010010100000010,
0010010011011010,
0010010010110010,
0010010010001001,
0010010001100000,
0010010000110111,
0010010000001110,
0010001111100100,
0010001110111011,
0010001110010001,
0010001101100110,
0010001100111100,
0010001100010010,
0010001011100111,
0010001010111100,
0010001010010000,
0010001001100101,
0010001000111001,
0010001000001101,
0010000111100001,
0010000110110101,
0010000110001001,
0010000101011100,
0010000100101111,
0010000100000010,
0010000011010101,
0010000010100111,
0010000001111001,
0010000001001011,
0010000000011101,
0001111111101111,
0001111111000000,
0001111110010010,
0001111101100011,
0001111100110100,
0001111100000100,
0001111011010101,
0001111010100101,
0001111001110101,
0001111001000101,
0001111000010101,
0001110111100101,
0001110110110100,
0001110110000011,
0001110101010010,
0001110100100001,
0001110011110000,
0001110010111110,
0001110010001101,
0001110001011011,
0001110000101001,
0001101111110111,
0001101111000100,
0001101110010010,
0001101101011111,
0001101100101100,
0001101011111001,
0001101011000110,
0001101010010010,
0001101001011111,
0001101000101011,
0001100111110111,
0001100111000011,
0001100110001111,
0001100101011010,
0001100100100110,
0001100011110001,
0001100010111100,
0001100010000111,
0001100001010010,
0001100000011101,
0001011111101000,
0001011110110010,
0001011101111100,
0001011101000110,
0001011100010000,
0001011011011010,
0001011010100100,
0001011001101110,
0001011000110111,
0001011000000000,
0001010111001001,
0001010110010010,
0001010101011011,
0001010100100100,
0001010011101101,
0001010010110101,
0001010001111110,
0001010001000110,
0001010000001110,
0001001111010110,
0001001110011110,
0001001101100110,
0001001100101101,
0001001011110101,
0001001010111100,
0001001010000011,
0001001001001011,
0001001000010010,
0001000111011001,
0001000110011111,
0001000101100110,
0001000100101101,
0001000011110011,
0001000010111010,
0001000010000000,
0001000001000110,
0001000000001100,
0000111111010010,
0000111110011000,
0000111101011110,
0000111100100100,
0000111011101001,
0000111010101111,
0000111001110100,
0000111000111010,
0000110111111111,
0000110111000100,
0000110110001001,
0000110101001110,
0000110100010011,
0000110011011000,
0000110010011101,
0000110001100001,
0000110000100110,
0000101111101010,
0000101110101111,
0000101101110011,
0000101100111000,
0000101011111100,
0000101011000000,
0000101010000100,
0000101001001000,
0000101000001100,
0000100111010000,
0000100110010100,
0000100101011000,
0000100100011100,
0000100011011111,
0000100010100011,
0000100001100110,
0000100000101010,
0000011111101101,
0000011110110001,
0000011101110100,
0000011100111000,
0000011011111011,
0000011010111110,
0000011010000001,
0000011001000101,
0000011000001000,
0000010111001011,
0000010110001110,
0000010101010001,
0000010100010100,
0000010011010111,
0000010010011010,
0000010001011101,
0000010000011111,
0000001111100010,
0000001110100101,
0000001101101000,
0000001100101011,
0000001011101101,
0000001010110000,
0000001001110011,
0000001000110110,
0000000111111000,
0000000110111011,
0000000101111110,
0000000101000000,
0000000100000011,
0000000011000110,
0000000010001000,
0000000001001011,
0000000000001110,
1111111111010000,
1111111110010011,
1111111101010110,
1111111100011000,
1111111011011011,
1111111010011110,
1111111001100000,
1111111000100011,
1111110111100110,
1111110110101000,
1111110101101011,
1111110100101110,
1111110011110000,
1111110010110011,
1111110001110110,
1111110000111001,
1111101111111100,
1111101110111111,
1111101110000001,
1111101101000100,
1111101100000111,
1111101011001010,
1111101010001101,
1111101001010000,
1111101000010011,
1111100111010111,
1111100110011010,
1111100101011101,
1111100100100000,
1111100011100011,
1111100010100111,
1111100001101010,
1111100000101101,
1111011111110001,
1111011110110100,
1111011101111000,
1111011100111100,
1111011011111111,
1111011011000011,
1111011010000111,
1111011001001011,
1111011000001110,
1111010111010010,
1111010110010110,
1111010101011011,
1111010100011111,
1111010011100011,
1111010010100111,
1111010001101100,
1111010000110000,
1111001111110100,
1111001110111001,
1111001101111110,
1111001101000010,
1111001100000111,
1111001011001100,
1111001010010001,
1111001001010110,
1111001000011011,
1111000111100000,
1111000110100110,
1111000101101011,
1111000100110001,
1111000011110110,
1111000010111100,
1111000010000010,
1111000001001000,
1111000000001110,
1110111111010100,
1110111110011010,
1110111101100000,
1110111100100110,
1110111011101101,
1110111010110011,
1110111001111010,
1110111001000001,
1110111000001000,
1110110111001111,
1110110110010110,
1110110101011101,
1110110100100100,
1110110011101100,
1110110010110011,
1110110001111011,
1110110001000011,
1110110000001011,
1110101111010011,
1110101110011011,
1110101101100011,
1110101100101100,
1110101011110100,
1110101010111101,
1110101010000110,
1110101001001111,
1110101000011000,
1110100111100001,
1110100110101011,
1110100101110100,
1110100100111110,
1110100100001000,
1110100011010001,
1110100010011100,
1110100001100110,
1110100000110000,
1110011111111011,
1110011111000101,
1110011110010000,
1110011101011011,
1110011100100110,
1110011011110001,
1110011010111101,
1110011010001000,
1110011001010100,
1110011000100000,
1110010111101100,
1110010110111000,
1110010110000101,
1110010101010001,
1110010100011110,
1110010011101011,
1110010010111000,
1110010010000101,
1110010001010010,
1110010000100000,
1110001111101110,
1110001110111011,
1110001110001001,
1110001101011000,
1110001100100110,
1110001011110101,
1110001011000011,
1110001010010010,
1110001001100010,
1110001000110001,
1110001000000000,
1110000111010000,
1110000110100000,
1110000101110000,
1110000101000000,
1110000100010001,
1110000011100001,
1110000010110010,
1110000010000011,
1110000001010100,
1110000000100110,
1101111111110111,
1101111111001001,
1101111110011011,
1101111101101101,
1101111101000000,
1101111100010010,
1101111011100101,
1101111010111000,
1101111010001011,
1101111001011111,
1101111000110010,
1101111000000110,
1101110111011010,
1101110110101110,
1101110110000011,
1101110101010111,
1101110100101100,
1101110100000001,
1101110011010111,
1101110010101100,
1101110010000010,
1101110001011000,
1101110000101110,
1101110000000101,
1101101111011011,
1101101110110010,
1101101110001001,
1101101101100001,
1101101100111000,
1101101100010000,
1101101011101000,
1101101011000000,
1101101010011000,
1101101001110001,
1101101001001010,
1101101000100011,
1101100111111101,
1101100111010110,
1101100110110000,
1101100110001010,
1101100101100100,
1101100100111111,
1101100100011010,
1101100011110101,
1101100011010000,
1101100010101100,
1101100010000111,
1101100001100011,
1101100001000000,
1101100000011100,
1101011111111001,
1101011111010110,
1101011110110011,
1101011110010000,
1101011101101110,
1101011101001100,
1101011100101010,
1101011100001001,
1101011011101000,
1101011011000111,
1101011010100110,
1101011010000101,
1101011001100101,
1101011001000101,
1101011000100101,
1101011000000110,
1101010111100111,
1101010111001000,
1101010110101001,
1101010110001011,
1101010101101100,
1101010101001111,
1101010100110001,
1101010100010100,
1101010011110110,
1101010011011010,
1101010010111101,
1101010010100001,
1101010010000101,
1101010001101001,
1101010001001101,
1101010000110010,
1101010000010111,
1101001111111100,
1101001111100010,
1101001111001000,
1101001110101110,
1101001110010100,
1101001101111011,
1101001101100010,
1101001101001001,
1101001100110001,
1101001100011000,
1101001100000000,
1101001011101001,
1101001011010001,
1101001010111010,
1101001010100011,
1101001010001101,
1101001001110111,
1101001001100000,
1101001001001011,
1101001000110101,
1101001000100000,
1101001000001011,
1101000111110111,
1101000111100010,
1101000111001110,
1101000110111011,
1101000110100111,
1101000110010100,
1101000110000001,
1101000101101111,
1101000101011100,
1101000101001010,
1101000100111000,
1101000100100111,
1101000100010110,
1101000100000101,
1101000011110100,
1101000011100100,
1101000011010100,
1101000011000100,
1101000010110101,
1101000010100110,
1101000010010111,
1101000010001001,
1101000001111010,
1101000001101100,
1101000001011111,
1101000001010001,
1101000001000100,
1101000000111000,
1101000000101011,
1101000000011111,
1101000000010011,
1101000000000111,
1100111111111100,
1100111111110001,
1100111111100110,
1100111111011100,
1100111111010010,
1100111111001000,
1100111110111111,
1100111110110101,
1100111110101100,
1100111110100100,
1100111110011011,
1100111110010011,
1100111110001100,
1100111110000100,
1100111101111101,
1100111101110110,
1100111101110000,
1100111101101010,
1100111101100100,
1100111101011110,
1100111101011001,
1100111101010100,
1100111101001111,
1100111101001010,
1100111101000110,
1100111101000010,
1100111100111111,
1100111100111100,
1100111100111001,
1100111100110110,
1100111100110100,
1100111100110010,
1100111100110000,
1100111100101111,
1100111100101110,
1100111100101101,
1100111100101100,
1100111100101100,
1100111100101100,
1100111100101100,
1100111100101101,
1100111100101110,
1100111100101111,
1100111100110001,
1100111100110011,
1100111100110101,
1100111100111000,
1100111100111010,
1100111100111101,
1100111101000001,
1100111101000101,
1100111101001001,
1100111101001101,
1100111101010001,
1100111101010110,
1100111101011100,
1100111101100001,
1100111101100111,
1100111101101101,
1100111101110011,
1100111101111010,
1100111110000001,
1100111110001000,
1100111110010000,
1100111110011000,
1100111110100000,
1100111110101001,
1100111110110001,
1100111110111010,
1100111111000100,
1100111111001101,
1100111111010111,
1100111111100010,
1100111111101100,
1100111111110111,
1101000000000010,
1101000000001110,
1101000000011010,
1101000000100110,
1101000000110010,
1101000000111111,
1101000001001100,
1101000001011001,
1101000001100110,
1101000001110100,
1101000010000010,
1101000010010001,
1101000010011111,
1101000010101110,
1101000010111110,
1101000011001101,
1101000011011101,
1101000011101101,
1101000011111110,
1101000100001110,
1101000100011111,
1101000100110001,
1101000101000010,
1101000101010100,
1101000101100110,
1101000101111001,
1101000110001100,
1101000110011111,
1101000110110010,
1101000111000110,
1101000111011001,
1101000111101110,
1101001000000010,
1101001000010111,
1101001000101100,
1101001001000001,
1101001001010111,
1101001001101101,
1101001010000011,
1101001010011001,
1101001010110000,
1101001011000111,
1101001011011110,
1101001011110110,
1101001100001110,
1101001100100110,
1101001100111110,
1101001101010111,
1101001101110000,
1101001110001001,
1101001110100011,
1101001110111100,
1101001111010110,
1101001111110001,
1101010000001011,
1101010000100110,
1101010001000001,
1101010001011101,
1101010001111000,
1101010010010100,
1101010010110000,
1101010011001101,
1101010011101010,
1101010100000111,
1101010100100100,
1101010101000001,
1101010101011111,
1101010101111101,
1101010110011100,
1101010110111010,
1101010111011001,
1101010111111000,
1101011000010111,
1101011000110111,
1101011001010111,
1101011001110111,
1101011010010111,
1101011010111000,
1101011011011001,
1101011011111010,
1101011100011011,
1101011100111101,
1101011101011111,
1101011110000001,
1101011110100100,
1101011111000110,
1101011111101001,
1101100000001100,
1101100000110000,
1101100001010011,
1101100001110111,
1101100010011011,
1101100011000000,
1101100011100100,
1101100100001001,
1101100100101110,
1101100101010100,
1101100101111001,
1101100110011111,
1101100111000101,
1101100111101011,
1101101000010010,
1101101000111001,
1101101001100000,
1101101010000111,
1101101010101110,
1101101011010110,
1101101011111110,
1101101100100110,
1101101101001110,
1101101101110111,
1101101110100000,
1101101111001001,
1101101111110010,
1101110000011100,
1101110001000101,
1101110001101111,
1101110010011010,
1101110011000100,
1101110011101110,
1101110100011001,
1101110101000100,
1101110101110000,
1101110110011011,
1101110111000111,
1101110111110011,
1101111000011111,
1101111001001011,
1101111001110111,
1101111010100100,
1101111011010001,
1101111011111110,
1101111100101011,
1101111101011001,
1101111110000111,
1101111110110101,
1101111111100011,
1110000000010001,
1110000001000000,
1110000001101110,
1110000010011101,
1110000011001100,
1110000011111100,
1110000100101011,
1110000101011011,
1110000110001011,
1110000110111011,
1110000111101011,
1110001000011011,
1110001001001100,
1110001001111101,
1110001010101110,
1110001011011111,
1110001100010000,
1110001101000010,
1110001101110011,
1110001110100101,
1110001111010111,
1110010000001001,
1110010000111100,
1110010001101110,
1110010010100001,
1110010011010100,
1110010100000111,
1110010100111010,
1110010101101110,
1110010110100001,
1110010111010101,
1110011000001001,
1110011000111101,
1110011001110001,
1110011010100110,
1110011011011010,
1110011100001111,
1110011101000100,
1110011101111001,
1110011110101110,
1110011111100011,
1110100000011000,
1110100001001110,
1110100010000100,
1110100010111010,
1110100011110000,
1110100100100110,
1110100101011100,
1110100110010010,
1110100111001001,
1110101000000000,
1110101000110111,
1110101001101110,
1110101010100101,
1110101011011100,
1110101100010011,
1110101101001011,
1110101110000010,
1110101110111010,
1110101111110010,
1110110000101010,
1110110001100010,
1110110010011010,
1110110011010011,
1110110100001011,
1110110101000100,
1110110101111101,
1110110110110101,
1110110111101110,
1110111000100111,
1110111001100001,
1110111010011010,
1110111011010011,
1110111100001101,
1110111101000110,
1110111110000000,
1110111110111010,
1110111111110100,
1111000000101110,
1111000001101000,
1111000010100010,
1111000011011100,
1111000100010111,
1111000101010001,
1111000110001100,
1111000111000110,
1111001000000001,
1111001000111100,
1111001001110111,
1111001010110010,
1111001011101101,
1111001100101000,
1111001101100011,
1111001110011111,
1111001111011010,
1111010000010110,
1111010001010001,
1111010010001101,
1111010011001000,
1111010100000100,
1111010101000000,
1111010101111100,
1111010110111000,
1111010111110100,
1111011000110000,
1111011001101100,
1111011010101000,
1111011011100100,
1111011100100001,
1111011101011101,
1111011110011010,
1111011111010110,
1111100000010011,
1111100001001111,
1111100010001100,
1111100011001000,
1111100100000101,
1111100101000010,
1111100101111111,
1111100110111011,
1111100111111000,
1111101000110101,
1111101001110010,
1111101010101111,
1111101011101100,
1111101100101001,
1111101101100110,
1111101110100011,
1111101111100001,
1111110000011110,
1111110001011011,
1111110010011000,
1111110011010101,
1111110100010011,
1111110101010000,
1111110110001101,
1111110111001010,
1111111000001000,
1111111001000101,
1111111010000010,
1111111011000000,
1111111011111101,
1111111100111010,
1111111101111000,
1111111110110101,
1111111111110010,
0000000000110000,
0000000001101101,
0000000010101010,
0000000011101000,
0000000100100101,
0000000101100010,
0000000110100000,
0000000111011101,
0000001000011010,
0000001001011000,
0000001010010101,
0000001011010010,
0000001100010000,
0000001101001101,
0000001110001010,
0000001111000111,
0000010000000100,
0000010001000001,
0000010001111111,
0000010010111100,
0000010011111001,
0000010100110110,
0000010101110011,
0000010110110000,
0000010111101101,
0000011000101001,
0000011001100110,
0000011010100011,
0000011011100000,
0000011100011101,
0000011101011001,
0000011110010110,
0000011111010011,
0000100000001111,
0000100001001100,
0000100010001000,
0000100011000100,
0000100100000001,
0000100100111101,
0000100101111001,
0000100110110101,
0000100111110010,
0000101000101110,
0000101001101010,
0000101010100101,
0000101011100001,
0000101100011101,
0000101101011001,
0000101110010100,
0000101111010000,
0000110000001100,
0000110001000111,
0000110010000010,
0000110010111110,
0000110011111001,
0000110100110100,
0000110101101111,
0000110110101010,
0000110111100101,
0000111000100000,
0000111001011010,
0000111010010101,
0000111011001111,
0000111100001010,
0000111101000100,
0000111101111110,
0000111110111000,
0000111111110010,
0001000000101100,
0001000001100110,
0001000010100000,
0001000011011010,
0001000100010011,
0001000101001101,
0001000110000110,
0001000110111111,
0001000111111000,
0001001000110001,
0001001001101010,
0001001010100011,
0001001011011100,
0001001100010100,
0001001101001101,
0001001110000101,
0001001110111101,
0001001111110101,
0001010000101101,
0001010001100101,
0001010010011101,
0001010011010100,
0001010100001100,
0001010101000011,
0001010101111010,
0001010110110001,
0001010111101000,
0001011000011111,
0001011001010101,
0001011010001100,
0001011011000010,
0001011011111000,
0001011100101111,
0001011101100100,
0001011110011010,
0001011111010000,
0001100000000101,
0001100000111011,
0001100001110000,
0001100010100101,
0001100011011010,
0001100100001111,
0001100101000011,
0001100101111000,
0001100110101100,
0001100111100000,
0001101000010100,
0001101001001000,
0001101001111011,
0001101010101111,
0001101011100010,
0001101100010101,
0001101101001000,
0001101101111011,
0001101110101110,
0001101111100000,
0001110000010010,
0001110001000101,
0001110001110111,
0001110010101000,
0001110011011010,
0001110100001011,
0001110100111101,
0001110101101110,
0001110110011110,
0001110111001111,
0001111000000000,
0001111000110000,
0001111001100000,
0001111010010000,
0001111011000000,
0001111011101111,
0001111100011111,
0001111101001110,
0001111101111101,
0001111110101100,
0001111111011010,
0010000000001001,
0010000000110111,
0010000001100101,
0010000010010011,
0010000011000000,
0010000011101110,
0010000100011011,
0010000101001000,
0010000101110101,
0010000110100001,
0010000111001110,
0010000111111010,
0010001000100110,
0010001001010010,
0010001001111101,
0010001010101001,
0010001011010100,
0010001011111111,
0010001100101001,
0010001101010100,
0010001101111110,
0010001110101000,
0010001111010010,
0010001111111011,
0010010000100101,
0010010001001110,
0010010001110111,
0010010010011111,
0010010011001000,
0010010011110000,
0010010100011000,
0010010101000000,
0010010101101000,
0010010110001111,
0010010110110110,
0010010111011101,
0010011000000011,
0010011000101010,
0010011001010000,
0010011001110110,
0010011010011100,
0010011011000001,
0010011011100110,
0010011100001011,
0010011100110000,
0010011101010100,
0010011101111001,
0010011110011101,
0010011111000000,
0010011111100100,
0010100000000111,
0010100000101010,
0010100001001101,
0010100001110000,
0010100010010010,
0010100010110100,
0010100011010110,
0010100011110111,
0010100100011000,
0010100100111001,
0010100101011010,
0010100101111011,
0010100110011011,
0010100110111011,
0010100111011011,
0010100111111010,
0010101000011001,
0010101000111000,
0010101001010111,
0010101001110101,
0010101010010100,
0010101010110001,
0010101011001111,
0010101011101100,
0010101100001010,
0010101100100110,
0010101101000011,
0010101101011111,
0010101101111011,
0010101110010111,
0010101110110011,
0010101111001110,
0010101111101001,
0010110000000100,
0010110000011110,
0010110000111000,
0010110001010010,
0010110001101100,
0010110010000101,
0010110010011110,
0010110010110111,
0010110011001111,
0010110011101000,
0010110100000000,
0010110100010111,
0010110100101111,
0010110101000110,
0010110101011101,
0010110101110011,
0010110110001001,
0010110110100000,
0010110110110101,
0010110111001011,
0010110111100000,
0010110111110101,
0010111000001001,
0010111000011110,
0010111000110010,
0010111001000101,
0010111001011001,
0010111001101100,
0010111001111111,
0010111010010001,
0010111010100100,
0010111010110110,
0010111011001000,
0010111011011001,
0010111011101010,
0010111011111011,
0010111100001100,
0010111100011100,
0010111100101100,
0010111100111100,
0010111101001011,
0010111101011010,
0010111101101001,
0010111101110111,
0010111110000110,
0010111110010100,
0010111110100001,
0010111110101111,
0010111110111100,
0010111111001000,
0010111111010101,
0010111111100001,
0010111111101101,
0010111111111001,
0011000000000100,
0011000000001111,
0011000000011010,
0011000000100100,
0011000000101110,
0011000000111000,
0011000001000001,
0011000001001011,
0011000001010100,
0011000001011100,
0011000001100101,
0011000001101101,
0011000001110100,
0011000001111100,
0011000010000011,
0011000010001010,
0011000010010000,
0011000010010110,
0011000010011100,
0011000010100010,
0011000010100111,
0011000010101100,
0011000010110001,
0011000010110110,
0011000010111010,
0011000010111110,
0011000011000001,
0011000011000100,
0011000011000111,
0011000011001010,
0011000011001100,
0011000011001110,
0011000011010000,
0011000011010001,
0011000011010010,
0011000011010011,
0011000011010100,
0011000011010100,
0011000011010100,
0011000011010100,
0011000011010011,
0011000011010010,
0011000011010001,
0011000011001111,
0011000011001101,
0011000011001011,
0011000011001000,
0011000011000110,
0011000011000011,
0011000010111111,
0011000010111011,
0011000010110111,
0011000010110011,
0011000010101111,
0011000010101010,
0011000010100100,
0011000010011111,
0011000010011001,
0011000010010011,
0011000010001101,
0011000010000110,
0011000001111111,
0011000001111000,
0011000001110000,
0011000001101000,
0011000001100000,
0011000001010111,
0011000001001111,
0011000001000110,
0011000000111100,
0011000000110011,
0011000000101001,
0011000000011110,
0011000000010100,
0011000000001001,
0010111111111110,
0010111111110010,
0010111111100110,
0010111111011010,
0010111111001110,
0010111111000001,
0010111110110100,
0010111110100111,
0010111110011010,
0010111110001100,
0010111101111110,
0010111101101111,
0010111101100001,
0010111101010010,
0010111101000010,
0010111100110011,
0010111100100011,
0010111100010011,
0010111100000010,
0010111011110010,
0010111011100001,
0010111011001111,
0010111010111110,
0010111010101100,
0010111010011010,
0010111010000111,
0010111001110100,
0010111001100001,
0010111001001110,
0010111000111010,
0010111000100111,
0010111000010010,
0010110111111110,
0010110111101001,
0010110111010100,
0010110110111111,
0010110110101001,
0010110110010011,
0010110101111101,
0010110101100111,
0010110101010000,
0010110100111001,
0010110100100010,
0010110100001010,
0010110011110010,
0010110011011010,
0010110011000010,
0010110010101001,
0010110010010000,
0010110001110111,
0010110001011101,
0010110001000100,
0010110000101010,
0010110000001111,
0010101111110101,
0010101111011010,
0010101110111111,
0010101110100011,
0010101110001000,
0010101101101100,
0010101101010000,
0010101100110011,
0010101100010110,
0010101011111001,
0010101011011100,
0010101010111111,
0010101010100001,
0010101010000011,
0010101001100100,
0010101001000110,
0010101000100111,
0010101000001000,
0010100111101001,
0010100111001001,
0010100110101001,
0010100110001001,
0010100101101001,
0010100101001000,
0010100100100111,
0010100100000110,
0010100011100101,
0010100011000011,
0010100010100001,
0010100001111111,
0010100001011100,
0010100000111010,
0010100000010111,
0010011111110100,
0010011111010000,
0010011110101101,
0010011110001001,
0010011101100101,
0010011101000000,
0010011100011100,
0010011011110111,
0010011011010010,
0010011010101100,
0010011010000111,
0010011001100001,
0010011000111011,
0010011000010101,
0010010111101110,
0010010111000111,
0010010110100000,
0010010101111001,
0010010101010010,
0010010100101010,
0010010100000010,
0010010011011010,
0010010010110010,
0010010010001001,
0010010001100000,
0010010000110111,
0010010000001110,
0010001111100100,
0010001110111011,
0010001110010001,
0010001101100110,
0010001100111100,
0010001100010010,
0010001011100111,
0010001010111100,
0010001010010000,
0010001001100101,
0010001000111001,
0010001000001101,
0010000111100001,
0010000110110101,
0010000110001001,
0010000101011100,
0010000100101111,
0010000100000010,
0010000011010101,
0010000010100111,
0010000001111001,
0010000001001011,
0010000000011101,
0001111111101111,
0001111111000000,
0001111110010010,
0001111101100011,
0001111100110100,
0001111100000100,
0001111011010101,
0001111010100101,
0001111001110101,
0001111001000101,
0001111000010101,
0001110111100101,
0001110110110100,
0001110110000011,
0001110101010010,
0001110100100001,
0001110011110000,
0001110010111110,
0001110010001101,
0001110001011011,
0001110000101001,
0001101111110111,
0001101111000100,
0001101110010010,
0001101101011111,
0001101100101100,
0001101011111001,
0001101011000110,
0001101010010010,
0001101001011111,
0001101000101011,
0001100111110111,
0001100111000011,
0001100110001111,
0001100101011010,
0001100100100110,
0001100011110001,
0001100010111100,
0001100010000111,
0001100001010010,
0001100000011101,
0001011111101000,
0001011110110010,
0001011101111100,
0001011101000110,
0001011100010000,
0001011011011010,
0001011010100100,
0001011001101110,
0001011000110111,
0001011000000000,
0001010111001001,
0001010110010010,
0001010101011011,
0001010100100100,
0001010011101101,
0001010010110101,
0001010001111110,
0001010001000110,
0001010000001110,
0001001111010110,
0001001110011110,
0001001101100110,
0001001100101101,
0001001011110101,
0001001010111100,
0001001010000011,
0001001001001011,
0001001000010010,
0001000111011001,
0001000110011111,
0001000101100110,
0001000100101101,
0001000011110011,
0001000010111010,
0001000010000000,
0001000001000110,
0001000000001100,
0000111111010010,
0000111110011000,
0000111101011110,
0000111100100100,
0000111011101001,
0000111010101111,
0000111001110100,
0000111000111010,
0000110111111111,
0000110111000100,
0000110110001001,
0000110101001110,
0000110100010011,
0000110011011000,
0000110010011101,
0000110001100001,
0000110000100110,
0000101111101010,
0000101110101111,
0000101101110011,
0000101100111000,
0000101011111100,
0000101011000000,
0000101010000100,
0000101001001000,
0000101000001100,
0000100111010000,
0000100110010100,
0000100101011000,
0000100100011100,
0000100011011111,
0000100010100011,
0000100001100110,
0000100000101010,
0000011111101101,
0000011110110001,
0000011101110100,
0000011100111000,
0000011011111011,
0000011010111110,
0000011010000001,
0000011001000101,
0000011000001000,
0000010111001011,
0000010110001110,
0000010101010001,
0000010100010100,
0000010011010111,
0000010010011010,
0000010001011101,
0000010000011111,
0000001111100010,
0000001110100101,
0000001101101000,
0000001100101011,
0000001011101101,
0000001010110000,
0000001001110011,
0000001000110110,
0000000111111000,
0000000110111011,
0000000101111110,
0000000101000000,
0000000100000011,
0000000011000110,
0000000010001000,
0000000001001011,
0000000000001110,
1111111111010000,
1111111110010011,
1111111101010110,
1111111100011000,
1111111011011011,
1111111010011110,
1111111001100000,
1111111000100011,
1111110111100110,
1111110110101000,
1111110101101011,
1111110100101110,
1111110011110000,
1111110010110011,
1111110001110110,
1111110000111001,
1111101111111100,
1111101110111111,
1111101110000001,
1111101101000100,
1111101100000111,
1111101011001010,
1111101010001101,
1111101001010000,
1111101000010011,
1111100111010111,
1111100110011010,
1111100101011101,
1111100100100000,
1111100011100011,
1111100010100111,
1111100001101010,
1111100000101101,
1111011111110001,
1111011110110100,
1111011101111000,
1111011100111100,
1111011011111111,
1111011011000011,
1111011010000111,
1111011001001011,
1111011000001110,
1111010111010010,
1111010110010110,
1111010101011011,
1111010100011111,
1111010011100011,
1111010010100111,
1111010001101100,
1111010000110000,
1111001111110100,
1111001110111001,
1111001101111110,
1111001101000010,
1111001100000111,
1111001011001100,
1111001010010001,
1111001001010110,
1111001000011011,
1111000111100000,
1111000110100110,
1111000101101011,
1111000100110001,
1111000011110110,
1111000010111100,
1111000010000010,
1111000001001000,
1111000000001110,
1110111111010100,
1110111110011010,
1110111101100000,
1110111100100110,
1110111011101101,
1110111010110011,
1110111001111010,
1110111001000001,
1110111000001000,
1110110111001111,
1110110110010110,
1110110101011101,
1110110100100100,
1110110011101100,
1110110010110011,
1110110001111011,
1110110001000011,
1110110000001011,
1110101111010011,
1110101110011011,
1110101101100011,
1110101100101100,
1110101011110100,
1110101010111101,
1110101010000110,
1110101001001111,
1110101000011000,
1110100111100001,
1110100110101011,
1110100101110100,
1110100100111110,
1110100100001000,
1110100011010001,
1110100010011100,
1110100001100110,
1110100000110000,
1110011111111011,
1110011111000101,
1110011110010000,
1110011101011011,
1110011100100110,
1110011011110001,
1110011010111101,
1110011010001000,
1110011001010100,
1110011000100000,
1110010111101100,
1110010110111000,
1110010110000101,
1110010101010001,
1110010100011110,
1110010011101011,
1110010010111000,
1110010010000101,
1110010001010010,
1110010000100000,
1110001111101110,
1110001110111011,
1110001110001001,
1110001101011000,
1110001100100110,
1110001011110101,
1110001011000011,
1110001010010010,
1110001001100010,
1110001000110001,
1110001000000000,
1110000111010000,
1110000110100000,
1110000101110000,
1110000101000000,
1110000100010001,
1110000011100001,
1110000010110010,
1110000010000011,
1110000001010100,
1110000000100110,
1101111111110111,
1101111111001001,
1101111110011011,
1101111101101101,
1101111101000000,
1101111100010010,
1101111011100101,
1101111010111000,
1101111010001011,
1101111001011111,
1101111000110010,
1101111000000110,
1101110111011010,
1101110110101110,
1101110110000011,
1101110101010111,
1101110100101100,
1101110100000001,
1101110011010111,
1101110010101100,
1101110010000010,
1101110001011000,
1101110000101110,
1101110000000101,
1101101111011011,
1101101110110010,
1101101110001001,
1101101101100001,
1101101100111000,
1101101100010000,
1101101011101000,
1101101011000000,
1101101010011000,
1101101001110001,
1101101001001010,
1101101000100011,
1101100111111101,
1101100111010110,
1101100110110000,
1101100110001010,
1101100101100100,
1101100100111111,
1101100100011010,
1101100011110101,
1101100011010000,
1101100010101100,
1101100010000111,
1101100001100011,
1101100001000000,
1101100000011100,
1101011111111001,
1101011111010110,
1101011110110011,
1101011110010000,
1101011101101110,
1101011101001100,
1101011100101010,
1101011100001001,
1101011011101000,
1101011011000111,
1101011010100110,
1101011010000101,
1101011001100101,
1101011001000101,
1101011000100101,
1101011000000110,
1101010111100111,
1101010111001000,
1101010110101001,
1101010110001011,
1101010101101100,
1101010101001111,
1101010100110001,
1101010100010100,
1101010011110110,
1101010011011010,
1101010010111101,
1101010010100001,
1101010010000101,
1101010001101001,
1101010001001101,
1101010000110010,
1101010000010111,
1101001111111100,
1101001111100010,
1101001111001000,
1101001110101110,
1101001110010100,
1101001101111011,
1101001101100010,
1101001101001001,
1101001100110001,
1101001100011000,
1101001100000000,
1101001011101001,
1101001011010001,
1101001010111010,
1101001010100011,
1101001010001101,
1101001001110111,
1101001001100000,
1101001001001011,
1101001000110101,
1101001000100000,
1101001000001011,
1101000111110111,
1101000111100010,
1101000111001110,
1101000110111011,
1101000110100111,
1101000110010100,
1101000110000001,
1101000101101111,
1101000101011100,
1101000101001010,
1101000100111000,
1101000100100111,
1101000100010110,
1101000100000101,
1101000011110100,
1101000011100100,
1101000011010100,
1101000011000100,
1101000010110101,
1101000010100110,
1101000010010111,
1101000010001001,
1101000001111010,
1101000001101100,
1101000001011111,
1101000001010001,
1101000001000100,
1101000000111000,
1101000000101011,
1101000000011111,
1101000000010011,
1101000000000111,
1100111111111100,
1100111111110001,
1100111111100110,
1100111111011100,
1100111111010010,
1100111111001000,
1100111110111111,
1100111110110101,
1100111110101100,
1100111110100100,
1100111110011011,
1100111110010011,
1100111110001100,
1100111110000100,
1100111101111101,
1100111101110110,
1100111101110000,
1100111101101010,
1100111101100100,
1100111101011110,
1100111101011001,
1100111101010100,
1100111101001111,
1100111101001010,
1100111101000110,
1100111101000010,
1100111100111111,
1100111100111100,
1100111100111001,
1100111100110110,
1100111100110100,
1100111100110010,
1100111100110000,
1100111100101111,
1100111100101110,
1100111100101101,
1100111100101100,
1100111100101100,
1100111100101100,
1100111100101100,
1100111100101101,
1100111100101110,
1100111100101111,
1100111100110001,
1100111100110011,
1100111100110101,
1100111100111000,
1100111100111010,
1100111100111101,
1100111101000001,
1100111101000101,
1100111101001001,
1100111101001101,
1100111101010001,
1100111101010110,
1100111101011100,
1100111101100001,
1100111101100111,
1100111101101101,
1100111101110011,
1100111101111010,
1100111110000001,
1100111110001000,
1100111110010000,
1100111110011000,
1100111110100000,
1100111110101001,
1100111110110001,
1100111110111010,
1100111111000100,
1100111111001101,
1100111111010111,
1100111111100010,
1100111111101100,
1100111111110111,
1101000000000010,
1101000000001110,
1101000000011010,
1101000000100110,
1101000000110010,
1101000000111111,
1101000001001100,
1101000001011001,
1101000001100110,
1101000001110100,
1101000010000010,
1101000010010001,
1101000010011111,
1101000010101110,
1101000010111110,
1101000011001101,
1101000011011101,
1101000011101101,
1101000011111110,
1101000100001110,
1101000100011111,
1101000100110001,
1101000101000010,
1101000101010100,
1101000101100110,
1101000101111001,
1101000110001100,
1101000110011111,
1101000110110010,
1101000111000110,
1101000111011001,
1101000111101110,
1101001000000010,
1101001000010111,
1101001000101100,
1101001001000001,
1101001001010111,
1101001001101101,
1101001010000011,
1101001010011001,
1101001010110000,
1101001011000111,
1101001011011110,
1101001011110110,
1101001100001110,
1101001100100110,
1101001100111110,
1101001101010111,
1101001101110000,
1101001110001001,
1101001110100011,
1101001110111100,
1101001111010110,
1101001111110001,
1101010000001011,
1101010000100110,
1101010001000001,
1101010001011101,
1101010001111000,
1101010010010100,
1101010010110000,
1101010011001101,
1101010011101010,
1101010100000111,
1101010100100100,
1101010101000001,
1101010101011111,
1101010101111101,
1101010110011100,
1101010110111010,
1101010111011001,
1101010111111000,
1101011000010111,
1101011000110111,
1101011001010111,
1101011001110111,
1101011010010111,
1101011010111000,
1101011011011001,
1101011011111010,
1101011100011011,
1101011100111101,
1101011101011111,
1101011110000001,
1101011110100100,
1101011111000110,
1101011111101001,
1101100000001100,
1101100000110000,
1101100001010011,
1101100001110111,
1101100010011011,
1101100011000000,
1101100011100100,
1101100100001001,
1101100100101110,
1101100101010100,
1101100101111001,
1101100110011111,
1101100111000101,
1101100111101011,
1101101000010010,
1101101000111001,
1101101001100000,
1101101010000111,
1101101010101110,
1101101011010110,
1101101011111110,
1101101100100110,
1101101101001110,
1101101101110111,
1101101110100000,
1101101111001001,
1101101111110010,
1101110000011100,
1101110001000101,
1101110001101111,
1101110010011010,
1101110011000100,
1101110011101110,
1101110100011001,
1101110101000100,
1101110101110000,
1101110110011011,
1101110111000111,
1101110111110011,
1101111000011111,
1101111001001011,
1101111001110111,
1101111010100100,
1101111011010001,
1101111011111110,
1101111100101011,
1101111101011001,
1101111110000111,
1101111110110101,
1101111111100011,
1110000000010001,
1110000001000000,
1110000001101110,
1110000010011101,
1110000011001100,
1110000011111100,
1110000100101011,
1110000101011011,
1110000110001011,
1110000110111011,
1110000111101011,
1110001000011011,
1110001001001100,
1110001001111101,
1110001010101110,
1110001011011111,
1110001100010000,
1110001101000010,
1110001101110011,
1110001110100101,
1110001111010111,
1110010000001001,
1110010000111100,
1110010001101110,
1110010010100001,
1110010011010100,
1110010100000111,
1110010100111010,
1110010101101110,
1110010110100001,
1110010111010101,
1110011000001001,
1110011000111101,
1110011001110001,
1110011010100110,
1110011011011010,
1110011100001111,
1110011101000100,
1110011101111001,
1110011110101110,
1110011111100011,
1110100000011000,
1110100001001110,
1110100010000100,
1110100010111010,
1110100011110000,
1110100100100110,
1110100101011100,
1110100110010010,
1110100111001001,
1110101000000000,
1110101000110111,
1110101001101110,
1110101010100101,
1110101011011100,
1110101100010011,
1110101101001011,
1110101110000010,
1110101110111010,
1110101111110010,
1110110000101010,
1110110001100010,
1110110010011010,
1110110011010011,
1110110100001011,
1110110101000100,
1110110101111101,
1110110110110101,
1110110111101110,
1110111000100111,
1110111001100001,
1110111010011010,
1110111011010011,
1110111100001101,
1110111101000110,
1110111110000000,
1110111110111010,
1110111111110100,
1111000000101110,
1111000001101000,
1111000010100010,
1111000011011100,
1111000100010111,
1111000101010001,
1111000110001100,
1111000111000110,
1111001000000001,
1111001000111100,
1111001001110111,
1111001010110010,
1111001011101101,
1111001100101000,
1111001101100011,
1111001110011111,
1111001111011010,
1111010000010110,
1111010001010001,
1111010010001101,
1111010011001000,
1111010100000100,
1111010101000000,
1111010101111100,
1111010110111000,
1111010111110100,
1111011000110000,
1111011001101100,
1111011010101000,
1111011011100100,
1111011100100001,
1111011101011101,
1111011110011010,
1111011111010110,
1111100000010011,
1111100001001111,
1111100010001100,
1111100011001000,
1111100100000101,
1111100101000010,
1111100101111111,
1111100110111011,
1111100111111000,
1111101000110101,
1111101001110010,
1111101010101111,
1111101011101100,
1111101100101001,
1111101101100110,
1111101110100011,
1111101111100001,
1111110000011110,
1111110001011011,
1111110010011000,
1111110011010101,
1111110100010011,
1111110101010000,
1111110110001101,
1111110111001010,
1111111000001000,
1111111001000101,
1111111010000010,
1111111011000000,
1111111011111101,
1111111100111010,
1111111101111000,
1111111110110101,
1111111111110010,
0000000000110000,
0000000001101101,
0000000010101010,
0000000011101000,
0000000100100101,
0000000101100010,
0000000110100000,
0000000111011101,
0000001000011010,
0000001001011000,
0000001010010101,
0000001011010010,
0000001100010000,
0000001101001101,
0000001110001010,
0000001111000111,
0000010000000100,
0000010001000001,
0000010001111111,
0000010010111100,
0000010011111001,
0000010100110110,
0000010101110011,
0000010110110000,
0000010111101101,
0000011000101001,
0000011001100110,
0000011010100011,
0000011011100000,
0000011100011101,
0000011101011001,
0000011110010110,
0000011111010011,
0000100000001111,
0000100001001100,
0000100010001000,
0000100011000100,
0000100100000001,
0000100100111101,
0000100101111001,
0000100110110101,
0000100111110010,
0000101000101110,
0000101001101010,
0000101010100101,
0000101011100001,
0000101100011101,
0000101101011001,
0000101110010100,
0000101111010000,
0000110000001100,
0000110001000111,
0000110010000010,
0000110010111110,
0000110011111001,
0000110100110100,
0000110101101111,
0000110110101010,
0000110111100101,
0000111000100000,
0000111001011010,
0000111010010101,
0000111011001111,
0000111100001010,
0000111101000100,
0000111101111110,
0000111110111000,
0000111111110010,
0001000000101100,
0001000001100110,
0001000010100000,
0001000011011010,
0001000100010011,
0001000101001101,
0001000110000110,
0001000110111111,
0001000111111000,
0001001000110001,
0001001001101010,
0001001010100011,
0001001011011100,
0001001100010100,
0001001101001101,
0001001110000101,
0001001110111101,
0001001111110101,
0001010000101101,
0001010001100101,
0001010010011101,
0001010011010100,
0001010100001100,
0001010101000011,
0001010101111010,
0001010110110001,
0001010111101000,
0001011000011111,
0001011001010101,
0001011010001100,
0001011011000010,
0001011011111000,
0001011100101111,
0001011101100100,
0001011110011010,
0001011111010000,
0001100000000101,
0001100000111011,
0001100001110000,
0001100010100101,
0001100011011010,
0001100100001111,
0001100101000011,
0001100101111000,
0001100110101100,
0001100111100000,
0001101000010100,
0001101001001000,
0001101001111011,
0001101010101111,
0001101011100010,
0001101100010101,
0001101101001000,
0001101101111011,
0001101110101110,
0001101111100000,
0001110000010010,
0001110001000101,
0001110001110111,
0001110010101000,
0001110011011010,
0001110100001011,
0001110100111101,
0001110101101110,
0001110110011110,
0001110111001111,
0001111000000000,
0001111000110000,
0001111001100000,
0001111010010000,
0001111011000000,
0001111011101111,
0001111100011111,
0001111101001110,
0001111101111101,
0001111110101100,
0001111111011010,
0010000000001001,
0010000000110111,
0010000001100101,
0010000010010011,
0010000011000000,
0010000011101110,
0010000100011011,
0010000101001000,
0010000101110101,
0010000110100001,
0010000111001110,
0010000111111010,
0010001000100110,
0010001001010010,
0010001001111101,
0010001010101001,
0010001011010100,
0010001011111111,
0010001100101001,
0010001101010100,
0010001101111110,
0010001110101000,
0010001111010010,
0010001111111011,
0010010000100101,
0010010001001110,
0010010001110111,
0010010010011111,
0010010011001000,
0010010011110000,
0010010100011000,
0010010101000000,
0010010101101000,
0010010110001111,
0010010110110110,
0010010111011101,
0010011000000011,
0010011000101010,
0010011001010000,
0010011001110110,
0010011010011100,
0010011011000001,
0010011011100110,
0010011100001011,
0010011100110000,
0010011101010100,
0010011101111001,
0010011110011101,
0010011111000000,
0010011111100100,
0010100000000111,
0010100000101010,
0010100001001101,
0010100001110000,
0010100010010010,
0010100010110100,
0010100011010110,
0010100011110111,
0010100100011000,
0010100100111001,
0010100101011010,
0010100101111011,
0010100110011011,
0010100110111011,
0010100111011011,
0010100111111010,
0010101000011001,
0010101000111000,
0010101001010111,
0010101001110101,
0010101010010100,
0010101010110001,
0010101011001111,
0010101011101100,
0010101100001010,
0010101100100110,
0010101101000011,
0010101101011111,
0010101101111011,
0010101110010111,
0010101110110011,
0010101111001110,
0010101111101001,
0010110000000100,
0010110000011110,
0010110000111000,
0010110001010010,
0010110001101100,
0010110010000101,
0010110010011110,
0010110010110111,
0010110011001111,
0010110011101000,
0010110100000000,
0010110100010111,
0010110100101111,
0010110101000110,
0010110101011101,
0010110101110011,
0010110110001001,
0010110110100000,
0010110110110101,
0010110111001011,
0010110111100000,
0010110111110101,
0010111000001001,
0010111000011110,
0010111000110010,
0010111001000101,
0010111001011001,
0010111001101100,
0010111001111111,
0010111010010001,
0010111010100100,
0010111010110110,
0010111011001000,
0010111011011001,
0010111011101010,
0010111011111011,
0010111100001100,
0010111100011100,
0010111100101100,
0010111100111100,
0010111101001011,
0010111101011010,
0010111101101001,
0010111101110111,
0010111110000110,
0010111110010100,
0010111110100001,
0010111110101111,
0010111110111100,
0010111111001000,
0010111111010101,
0010111111100001,
0010111111101101,
0010111111111001,
0011000000000100,
0011000000001111,
0011000000011010,
0011000000100100,
0011000000101110,
0011000000111000,
0011000001000001,
0011000001001011,
0011000001010100,
0011000001011100,
0011000001100101,
0011000001101101,
0011000001110100,
0011000001111100,
0011000010000011,
0011000010001010,
0011000010010000,
0011000010010110,
0011000010011100,
0011000010100010,
0011000010100111,
0011000010101100,
0011000010110001,
0011000010110110,
0011000010111010,
0011000010111110,
0011000011000001,
0011000011000100,
0011000011000111,
0011000011001010,
0011000011001100,
0011000011001110,
0011000011010000,
0011000011010001,
0011000011010010,
0011000011010011,
0011000011010100,
0011000011010100,
0011000011010100,
0011000011010100,
0011000011010011,
0011000011010010,
0011000011010001,
0011000011001111,
0011000011001101,
0011000011001011,
0011000011001000,
0011000011000110,
0011000011000011,
0011000010111111,
0011000010111011,
0011000010110111,
0011000010110011,
0011000010101111,
0011000010101010,
0011000010100100,
0011000010011111,
0011000010011001,
0011000010010011,
0011000010001101,
0011000010000110,
0011000001111111,
0011000001111000,
0011000001110000,
0011000001101000,
0011000001100000,
0011000001010111,
0011000001001111,
0011000001000110,
0011000000111100,
0011000000110011,
0011000000101001,
0011000000011110,
0011000000010100,
0011000000001001,
0010111111111110,
0010111111110010,
0010111111100110,
0010111111011010,
0010111111001110,
0010111111000001,
0010111110110100,
0010111110100111,
0010111110011010,
0010111110001100,
0010111101111110,
0010111101101111,
0010111101100001,
0010111101010010,
0010111101000010,
0010111100110011,
0010111100100011,
0010111100010011,
0010111100000010,
0010111011110010,
0010111011100001,
0010111011001111,
0010111010111110,
0010111010101100,
0010111010011010,
0010111010000111,
0010111001110100,
0010111001100001,
0010111001001110,
0010111000111010,
0010111000100111,
0010111000010010,
0010110111111110,
0010110111101001,
0010110111010100,
0010110110111111,
0010110110101001,
0010110110010011,
0010110101111101,
0010110101100111,
0010110101010000,
0010110100111001,
0010110100100010,
0010110100001010,
0010110011110010,
0010110011011010,
0010110011000010,
0010110010101001,
0010110010010000,
0010110001110111,
0010110001011101,
0010110001000100,
0010110000101010,
0010110000001111,
0010101111110101,
0010101111011010,
0010101110111111,
0010101110100011,
0010101110001000,
0010101101101100,
0010101101010000,
0010101100110011,
0010101100010110,
0010101011111001,
0010101011011100,
0010101010111111,
0010101010100001,
0010101010000011,
0010101001100100,
0010101001000110,
0010101000100111,
0010101000001000,
0010100111101001,
0010100111001001,
0010100110101001,
0010100110001001,
0010100101101001,
0010100101001000,
0010100100100111,
0010100100000110,
0010100011100101,
0010100011000011,
0010100010100001,
0010100001111111,
0010100001011100,
0010100000111010,
0010100000010111,
0010011111110100,
0010011111010000,
0010011110101101,
0010011110001001,
0010011101100101,
0010011101000000,
0010011100011100,
0010011011110111,
0010011011010010,
0010011010101100,
0010011010000111,
0010011001100001,
0010011000111011,
0010011000010101,
0010010111101110,
0010010111000111,
0010010110100000,
0010010101111001,
0010010101010010,
0010010100101010,
0010010100000010,
0010010011011010,
0010010010110010,
0010010010001001,
0010010001100000,
0010010000110111,
0010010000001110,
0010001111100100,
0010001110111011,
0010001110010001,
0010001101100110,
0010001100111100,
0010001100010010,
0010001011100111,
0010001010111100,
0010001010010000,
0010001001100101,
0010001000111001,
0010001000001101,
0010000111100001,
0010000110110101,
0010000110001001,
0010000101011100,
0010000100101111,
0010000100000010,
0010000011010101,
0010000010100111,
0010000001111001,
0010000001001011,
0010000000011101,
0001111111101111,
0001111111000000,
0001111110010010,
0001111101100011,
0001111100110100,
0001111100000100,
0001111011010101,
0001111010100101,
0001111001110101,
0001111001000101,
0001111000010101,
0001110111100101,
0001110110110100,
0001110110000011,
0001110101010010,
0001110100100001,
0001110011110000,
0001110010111110,
0001110010001101,
0001110001011011,
0001110000101001,
0001101111110111,
0001101111000100,
0001101110010010,
0001101101011111,
0001101100101100,
0001101011111001,
0001101011000110,
0001101010010010,
0001101001011111,
0001101000101011,
0001100111110111,
0001100111000011,
0001100110001111,
0001100101011010,
0001100100100110,
0001100011110001,
0001100010111100,
0001100010000111,
0001100001010010,
0001100000011101,
0001011111101000,
0001011110110010,
0001011101111100,
0001011101000110,
0001011100010000,
0001011011011010,
0001011010100100,
0001011001101110,
0001011000110111,
0001011000000000,
0001010111001001,
0001010110010010,
0001010101011011,
0001010100100100,
0001010011101101,
0001010010110101,
0001010001111110,
0001010001000110,
0001010000001110,
0001001111010110,
0001001110011110,
0001001101100110,
0001001100101101,
0001001011110101,
0001001010111100,
0001001010000011,
0001001001001011,
0001001000010010,
0001000111011001,
0001000110011111,
0001000101100110,
0001000100101101,
0001000011110011,
0001000010111010,
0001000010000000,
0001000001000110,
0001000000001100,
0000111111010010,
0000111110011000,
0000111101011110,
0000111100100100,
0000111011101001,
0000111010101111,
0000111001110100,
0000111000111010,
0000110111111111,
0000110111000100,
0000110110001001,
0000110101001110,
0000110100010011,
0000110011011000,
0000110010011101,
0000110001100001,
0000110000100110,
0000101111101010,
0000101110101111,
0000101101110011,
0000101100111000,
0000101011111100,
0000101011000000,
0000101010000100,
0000101001001000,
0000101000001100,
0000100111010000,
0000100110010100,
0000100101011000,
0000100100011100,
0000100011011111,
0000100010100011,
0000100001100110,
0000100000101010,
0000011111101101,
0000011110110001,
0000011101110100,
0000011100111000,
0000011011111011,
0000011010111110,
0000011010000001,
0000011001000101,
0000011000001000,
0000010111001011,
0000010110001110,
0000010101010001,
0000010100010100,
0000010011010111,
0000010010011010,
0000010001011101,
0000010000011111,
0000001111100010,
0000001110100101,
0000001101101000,
0000001100101011,
0000001011101101,
0000001010110000,
0000001001110011,
0000001000110110,
0000000111111000,
0000000110111011,
0000000101111110,
0000000101000000,
0000000100000011,
0000000011000110,
0000000010001000,
0000000001001011,
0000000000001110,
1111111111010000,
1111111110010011,
1111111101010110,
1111111100011000,
1111111011011011,
1111111010011110,
1111111001100000,
1111111000100011,
1111110111100110,
1111110110101000,
1111110101101011,
1111110100101110,
1111110011110000,
1111110010110011,
1111110001110110,
1111110000111001,
1111101111111100,
1111101110111111,
1111101110000001,
1111101101000100,
1111101100000111,
1111101011001010,
1111101010001101,
1111101001010000,
1111101000010011,
1111100111010111,
1111100110011010,
1111100101011101,
1111100100100000,
1111100011100011,
1111100010100111,
1111100001101010,
1111100000101101,
1111011111110001,
1111011110110100,
1111011101111000,
1111011100111100,
1111011011111111,
1111011011000011,
1111011010000111,
1111011001001011,
1111011000001110,
1111010111010010,
1111010110010110,
1111010101011011,
1111010100011111,
1111010011100011,
1111010010100111,
1111010001101100,
1111010000110000,
1111001111110100,
1111001110111001,
1111001101111110,
1111001101000010,
1111001100000111,
1111001011001100,
1111001010010001,
1111001001010110,
1111001000011011,
1111000111100000,
1111000110100110,
1111000101101011,
1111000100110001,
1111000011110110,
1111000010111100,
1111000010000010,
1111000001001000,
1111000000001110,
1110111111010100,
1110111110011010,
1110111101100000,
1110111100100110,
1110111011101101,
1110111010110011,
1110111001111010,
1110111001000001,
1110111000001000,
1110110111001111,
1110110110010110,
1110110101011101,
1110110100100100,
1110110011101100,
1110110010110011,
1110110001111011,
1110110001000011,
1110110000001011,
1110101111010011,
1110101110011011,
1110101101100011,
1110101100101100,
1110101011110100,
1110101010111101,
1110101010000110,
1110101001001111,
1110101000011000,
1110100111100001,
1110100110101011,
1110100101110100,
1110100100111110,
1110100100001000,
1110100011010001,
1110100010011100,
1110100001100110,
1110100000110000,
1110011111111011,
1110011111000101,
1110011110010000,
1110011101011011,
1110011100100110,
1110011011110001,
1110011010111101,
1110011010001000,
1110011001010100,
1110011000100000,
1110010111101100,
1110010110111000,
1110010110000101,
1110010101010001,
1110010100011110,
1110010011101011,
1110010010111000,
1110010010000101,
1110010001010010,
1110010000100000,
1110001111101110,
1110001110111011,
1110001110001001,
1110001101011000,
1110001100100110,
1110001011110101,
1110001011000011,
1110001010010010,
1110001001100010,
1110001000110001,
1110001000000000,
1110000111010000,
1110000110100000,
1110000101110000,
1110000101000000,
1110000100010001,
1110000011100001,
1110000010110010,
1110000010000011,
1110000001010100,
1110000000100110,
1101111111110111,
1101111111001001,
1101111110011011,
1101111101101101,
1101111101000000,
1101111100010010,
1101111011100101,
1101111010111000,
1101111010001011,
1101111001011111,
1101111000110010,
1101111000000110,
1101110111011010,
1101110110101110,
1101110110000011,
1101110101010111,
1101110100101100,
1101110100000001,
1101110011010111,
1101110010101100,
1101110010000010,
1101110001011000,
1101110000101110,
1101110000000101,
1101101111011011,
1101101110110010,
1101101110001001,
1101101101100001,
1101101100111000,
1101101100010000,
1101101011101000,
1101101011000000,
1101101010011000,
1101101001110001,
1101101001001010,
1101101000100011,
1101100111111101,
1101100111010110,
1101100110110000,
1101100110001010,
1101100101100100,
1101100100111111,
1101100100011010,
1101100011110101,
1101100011010000,
1101100010101100,
1101100010000111,
1101100001100011,
1101100001000000,
1101100000011100,
1101011111111001,
1101011111010110,
1101011110110011,
1101011110010000,
1101011101101110,
1101011101001100,
1101011100101010,
1101011100001001,
1101011011101000,
1101011011000111,
1101011010100110,
1101011010000101,
1101011001100101,
1101011001000101,
1101011000100101,
1101011000000110,
1101010111100111,
1101010111001000,
1101010110101001,
1101010110001011,
1101010101101100,
1101010101001111,
1101010100110001,
1101010100010100,
1101010011110110,
1101010011011010,
1101010010111101,
1101010010100001,
1101010010000101,
1101010001101001,
1101010001001101,
1101010000110010,
1101010000010111,
1101001111111100,
1101001111100010,
1101001111001000,
1101001110101110,
1101001110010100,
1101001101111011,
1101001101100010,
1101001101001001,
1101001100110001,
1101001100011000,
1101001100000000,
1101001011101001,
1101001011010001,
1101001010111010,
1101001010100011,
1101001010001101,
1101001001110111,
1101001001100000,
1101001001001011,
1101001000110101,
1101001000100000,
1101001000001011,
1101000111110111,
1101000111100010,
1101000111001110,
1101000110111011,
1101000110100111,
1101000110010100,
1101000110000001,
1101000101101111,
1101000101011100,
1101000101001010,
1101000100111000,
1101000100100111,
1101000100010110,
1101000100000101,
1101000011110100,
1101000011100100,
1101000011010100,
1101000011000100,
1101000010110101,
1101000010100110,
1101000010010111,
1101000010001001,
1101000001111010,
1101000001101100,
1101000001011111,
1101000001010001,
1101000001000100,
1101000000111000,
1101000000101011,
1101000000011111,
1101000000010011,
1101000000000111,
1100111111111100,
1100111111110001,
1100111111100110,
1100111111011100,
1100111111010010,
1100111111001000,
1100111110111111,
1100111110110101,
1100111110101100,
1100111110100100,
1100111110011011,
1100111110010011,
1100111110001100,
1100111110000100,
1100111101111101,
1100111101110110,
1100111101110000,
1100111101101010,
1100111101100100,
1100111101011110,
1100111101011001,
1100111101010100,
1100111101001111,
1100111101001010,
1100111101000110,
1100111101000010,
1100111100111111,
1100111100111100,
1100111100111001,
1100111100110110,
1100111100110100,
1100111100110010,
1100111100110000,
1100111100101111,
1100111100101110,
1100111100101101,
1100111100101100,
1100111100101100,
1100111100101100,
1100111100101100,
1100111100101101,
1100111100101110,
1100111100101111,
1100111100110001,
1100111100110011,
1100111100110101,
1100111100111000,
1100111100111010,
1100111100111101,
1100111101000001,
1100111101000101,
1100111101001001,
1100111101001101,
1100111101010001,
1100111101010110,
1100111101011100,
1100111101100001,
1100111101100111,
1100111101101101,
1100111101110011,
1100111101111010,
1100111110000001,
1100111110001000,
1100111110010000,
1100111110011000,
1100111110100000,
1100111110101001,
1100111110110001,
1100111110111010,
1100111111000100,
1100111111001101,
1100111111010111,
1100111111100010,
1100111111101100,
1100111111110111,
1101000000000010,
1101000000001110,
1101000000011010,
1101000000100110,
1101000000110010,
1101000000111111,
1101000001001100,
1101000001011001,
1101000001100110,
1101000001110100,
1101000010000010,
1101000010010001,
1101000010011111,
1101000010101110,
1101000010111110,
1101000011001101,
1101000011011101,
1101000011101101,
1101000011111110,
1101000100001110,
1101000100011111,
1101000100110001,
1101000101000010,
1101000101010100,
1101000101100110,
1101000101111001,
1101000110001100,
1101000110011111,
1101000110110010,
1101000111000110,
1101000111011001,
1101000111101110,
1101001000000010,
1101001000010111,
1101001000101100,
1101001001000001,
1101001001010111,
1101001001101101,
1101001010000011,
1101001010011001,
1101001010110000,
1101001011000111,
1101001011011110,
1101001011110110,
1101001100001110,
1101001100100110,
1101001100111110,
1101001101010111,
1101001101110000,
1101001110001001,
1101001110100011,
1101001110111100,
1101001111010110,
1101001111110001,
1101010000001011,
1101010000100110,
1101010001000001,
1101010001011101,
1101010001111000,
1101010010010100,
1101010010110000,
1101010011001101,
1101010011101010,
1101010100000111,
1101010100100100,
1101010101000001,
1101010101011111,
1101010101111101,
1101010110011100,
1101010110111010,
1101010111011001,
1101010111111000,
1101011000010111,
1101011000110111,
1101011001010111,
1101011001110111,
1101011010010111,
1101011010111000,
1101011011011001,
1101011011111010,
1101011100011011,
1101011100111101,
1101011101011111,
1101011110000001,
1101011110100100,
1101011111000110,
1101011111101001,
1101100000001100,
1101100000110000,
1101100001010011,
1101100001110111,
1101100010011011,
1101100011000000,
1101100011100100,
1101100100001001,
1101100100101110,
1101100101010100,
1101100101111001,
1101100110011111,
1101100111000101,
1101100111101011,
1101101000010010,
1101101000111001,
1101101001100000,
1101101010000111,
1101101010101110,
1101101011010110,
1101101011111110,
1101101100100110,
1101101101001110,
1101101101110111,
1101101110100000,
1101101111001001,
1101101111110010,
1101110000011100,
1101110001000101,
1101110001101111,
1101110010011010,
1101110011000100,
1101110011101110,
1101110100011001,
1101110101000100,
1101110101110000,
1101110110011011,
1101110111000111,
1101110111110011,
1101111000011111,
1101111001001011,
1101111001110111,
1101111010100100,
1101111011010001,
1101111011111110,
1101111100101011,
1101111101011001,
1101111110000111,
1101111110110101,
1101111111100011,
1110000000010001,
1110000001000000,
1110000001101110,
1110000010011101,
1110000011001100,
1110000011111100,
1110000100101011,
1110000101011011,
1110000110001011,
1110000110111011,
1110000111101011,
1110001000011011,
1110001001001100,
1110001001111101,
1110001010101110,
1110001011011111,
1110001100010000,
1110001101000010,
1110001101110011,
1110001110100101,
1110001111010111,
1110010000001001,
1110010000111100,
1110010001101110,
1110010010100001,
1110010011010100,
1110010100000111,
1110010100111010,
1110010101101110,
1110010110100001,
1110010111010101,
1110011000001001,
1110011000111101,
1110011001110001,
1110011010100110,
1110011011011010,
1110011100001111,
1110011101000100,
1110011101111001,
1110011110101110,
1110011111100011,
1110100000011000,
1110100001001110,
1110100010000100,
1110100010111010,
1110100011110000,
1110100100100110,
1110100101011100,
1110100110010010,
1110100111001001,
1110101000000000,
1110101000110111,
1110101001101110,
1110101010100101,
1110101011011100,
1110101100010011,
1110101101001011,
1110101110000010,
1110101110111010,
1110101111110010,
1110110000101010,
1110110001100010,
1110110010011010,
1110110011010011,
1110110100001011,
1110110101000100,
1110110101111101,
1110110110110101,
1110110111101110,
1110111000100111,
1110111001100001,
1110111010011010,
1110111011010011,
1110111100001101,
1110111101000110,
1110111110000000,
1110111110111010,
1110111111110100,
1111000000101110,
1111000001101000,
1111000010100010,
1111000011011100,
1111000100010111,
1111000101010001,
1111000110001100,
1111000111000110,
1111001000000001,
1111001000111100,
1111001001110111,
1111001010110010,
1111001011101101,
1111001100101000,
1111001101100011,
1111001110011111,
1111001111011010,
1111010000010110,
1111010001010001,
1111010010001101,
1111010011001000,
1111010100000100,
1111010101000000,
1111010101111100,
1111010110111000,
1111010111110100,
1111011000110000,
1111011001101100,
1111011010101000,
1111011011100100,
1111011100100001,
1111011101011101,
1111011110011010,
1111011111010110,
1111100000010011,
1111100001001111,
1111100010001100,
1111100011001000,
1111100100000101,
1111100101000010,
1111100101111111,
1111100110111011,
1111100111111000,
1111101000110101,
1111101001110010,
1111101010101111,
1111101011101100,
1111101100101001,
1111101101100110,
1111101110100011,
1111101111100001,
1111110000011110,
1111110001011011,
1111110010011000,
1111110011010101,
1111110100010011,
1111110101010000,
1111110110001101,
1111110111001010,
1111111000001000,
1111111001000101,
1111111010000010,
1111111011000000,
1111111011111101,
1111111100111010,
1111111101111000,
1111111110110101,
1111111111110010,
0000000000110000,
0000000001101101,
0000000010101010,
0000000011101000,
0000000100100101,
0000000101100010,
0000000110100000,
0000000111011101,
0000001000011010,
0000001001011000,
0000001010010101,
0000001011010010,
0000001100010000,
0000001101001101,
0000001110001010,
0000001111000111,
0000010000000100,
0000010001000001,
0000010001111111,
0000010010111100,
0000010011111001,
0000010100110110,
0000010101110011,
0000010110110000,
0000010111101101,
0000011000101001,
0000011001100110,
0000011010100011,
0000011011100000,
0000011100011101,
0000011101011001,
0000011110010110,
0000011111010011,
0000100000001111,
0000100001001100,
0000100010001000,
0000100011000100,
0000100100000001,
0000100100111101,
0000100101111001,
0000100110110101,
0000100111110010,
0000101000101110,
0000101001101010,
0000101010100101,
0000101011100001,
0000101100011101,
0000101101011001,
0000101110010100,
0000101111010000,
0000110000001100,
0000110001000111,
0000110010000010,
0000110010111110,
0000110011111001,
0000110100110100,
0000110101101111,
0000110110101010,
0000110111100101,
0000111000100000,
0000111001011010,
0000111010010101,
0000111011001111,
0000111100001010,
0000111101000100,
0000111101111110,
0000111110111000,
0000111111110010,
0001000000101100,
0001000001100110,
0001000010100000,
0001000011011010,
0001000100010011,
0001000101001101,
0001000110000110,
0001000110111111,
0001000111111000,
0001001000110001,
0001001001101010,
0001001010100011,
0001001011011100,
0001001100010100,
0001001101001101,
0001001110000101,
0001001110111101,
0001001111110101,
0001010000101101,
0001010001100101,
0001010010011101,
0001010011010100,
0001010100001100,
0001010101000011,
0001010101111010,
0001010110110001,
0001010111101000,
0001011000011111,
0001011001010101,
0001011010001100,
0001011011000010,
0001011011111000,
0001011100101111,
0001011101100100,
0001011110011010,
0001011111010000,
0001100000000101,
0001100000111011,
0001100001110000,
0001100010100101,
0001100011011010,
0001100100001111,
0001100101000011,
0001100101111000,
0001100110101100,
0001100111100000,
0001101000010100,
0001101001001000,
0001101001111011,
0001101010101111,
0001101011100010,
0001101100010101,
0001101101001000,
0001101101111011,
0001101110101110,
0001101111100000,
0001110000010010,
0001110001000101,
0001110001110111,
0001110010101000,
0001110011011010,
0001110100001011,
0001110100111101,
0001110101101110,
0001110110011110,
0001110111001111,
0001111000000000,
0001111000110000,
0001111001100000,
0001111010010000,
0001111011000000,
0001111011101111,
0001111100011111,
0001111101001110,
0001111101111101,
0001111110101100,
0001111111011010,
0010000000001001,
0010000000110111,
0010000001100101,
0010000010010011,
0010000011000000,
0010000011101110,
0010000100011011,
0010000101001000,
0010000101110101,
0010000110100001,
0010000111001110,
0010000111111010,
0010001000100110,
0010001001010010,
0010001001111101,
0010001010101001,
0010001011010100,
0010001011111111,
0010001100101001,
0010001101010100,
0010001101111110,
0010001110101000,
0010001111010010,
0010001111111011,
0010010000100101,
0010010001001110,
0010010001110111,
0010010010011111,
0010010011001000,
0010010011110000,
0010010100011000,
0010010101000000,
0010010101101000,
0010010110001111,
0010010110110110,
0010010111011101,
0010011000000011,
0010011000101010,
0010011001010000,
0010011001110110,
0010011010011100,
0010011011000001,
0010011011100110,
0010011100001011,
0010011100110000,
0010011101010100,
0010011101111001,
0010011110011101,
0010011111000000,
0010011111100100,
0010100000000111,
0010100000101010,
0010100001001101,
0010100001110000,
0010100010010010,
0010100010110100,
0010100011010110,
0010100011110111,
0010100100011000,
0010100100111001,
0010100101011010,
0010100101111011,
0010100110011011,
0010100110111011,
0010100111011011,
0010100111111010,
0010101000011001,
0010101000111000,
0010101001010111,
0010101001110101,
0010101010010100,
0010101010110001,
0010101011001111,
0010101011101100,
0010101100001010,
0010101100100110,
0010101101000011,
0010101101011111,
0010101101111011,
0010101110010111,
0010101110110011,
0010101111001110,
0010101111101001,
0010110000000100,
0010110000011110,
0010110000111000,
0010110001010010,
0010110001101100,
0010110010000101,
0010110010011110,
0010110010110111,
0010110011001111,
0010110011101000,
0010110100000000,
0010110100010111,
0010110100101111,
0010110101000110,
0010110101011101,
0010110101110011,
0010110110001001,
0010110110100000,
0010110110110101,
0010110111001011,
0010110111100000,
0010110111110101,
0010111000001001,
0010111000011110,
0010111000110010,
0010111001000101,
0010111001011001,
0010111001101100,
0010111001111111,
0010111010010001,
0010111010100100,
0010111010110110,
0010111011001000,
0010111011011001,
0010111011101010,
0010111011111011,
0010111100001100,
0010111100011100,
0010111100101100,
0010111100111100,
0010111101001011,
0010111101011010,
0010111101101001,
0010111101110111,
0010111110000110,
0010111110010100,
0010111110100001,
0010111110101111,
0010111110111100,
0010111111001000,
0010111111010101,
0010111111100001,
0010111111101101,
0010111111111001,
0011000000000100,
0011000000001111,
0011000000011010,
0011000000100100,
0011000000101110,
0011000000111000,
0011000001000001,
0011000001001011,
0011000001010100,
0011000001011100,
0011000001100101,
0011000001101101,
0011000001110100,
0011000001111100,
0011000010000011,
0011000010001010,
0011000010010000,
0011000010010110,
0011000010011100,
0011000010100010,
0011000010100111,
0011000010101100,
0011000010110001,
0011000010110110,
0011000010111010,
0011000010111110,
0011000011000001,
0011000011000100,
0011000011000111,
0011000011001010,
0011000011001100,
0011000011001110,
0011000011010000,
0011000011010001,
0011000011010010,
0011000011010011,
0011000011010100,
0011000011010100,
0011000011010100,
0011000011010100,
0011000011010011,
0011000011010010,
0011000011010001,
0011000011001111,
0011000011001101,
0011000011001011,
0011000011001000,
0011000011000110,
0011000011000011,
0011000010111111,
0011000010111011,
0011000010110111,
0011000010110011,
0011000010101111,
0011000010101010,
0011000010100100,
0011000010011111,
0011000010011001,
0011000010010011,
0011000010001101,
0011000010000110,
0011000001111111,
0011000001111000,
0011000001110000,
0011000001101000,
0011000001100000,
0011000001010111,
0011000001001111,
0011000001000110,
0011000000111100,
0011000000110011,
0011000000101001,
0011000000011110,
0011000000010100,
0011000000001001,
0010111111111110,
0010111111110010,
0010111111100110,
0010111111011010,
0010111111001110,
0010111111000001,
0010111110110100,
0010111110100111,
0010111110011010,
0010111110001100,
0010111101111110,
0010111101101111,
0010111101100001,
0010111101010010,
0010111101000010,
0010111100110011,
0010111100100011,
0010111100010011,
0010111100000010,
0010111011110010,
0010111011100001,
0010111011001111,
0010111010111110,
0010111010101100,
0010111010011010,
0010111010000111,
0010111001110100,
0010111001100001,
0010111001001110,
0010111000111010,
0010111000100111,
0010111000010010,
0010110111111110,
0010110111101001,
0010110111010100,
0010110110111111,
0010110110101001,
0010110110010011,
0010110101111101,
0010110101100111,
0010110101010000,
0010110100111001,
0010110100100010,
0010110100001010,
0010110011110010,
0010110011011010,
0010110011000010,
0010110010101001,
0010110010010000,
0010110001110111,
0010110001011101,
0010110001000100,
0010110000101010,
0010110000001111,
0010101111110101,
0010101111011010,
0010101110111111,
0010101110100011,
0010101110001000,
0010101101101100,
0010101101010000,
0010101100110011,
0010101100010110,
0010101011111001,
0010101011011100,
0010101010111111,
0010101010100001,
0010101010000011,
0010101001100100,
0010101001000110,
0010101000100111,
0010101000001000,
0010100111101001,
0010100111001001,
0010100110101001,
0010100110001001,
0010100101101001,
0010100101001000,
0010100100100111,
0010100100000110,
0010100011100101,
0010100011000011,
0010100010100001,
0010100001111111,
0010100001011100,
0010100000111010,
0010100000010111,
0010011111110100,
0010011111010000,
0010011110101101,
0010011110001001,
0010011101100101,
0010011101000000,
0010011100011100,
0010011011110111,
0010011011010010,
0010011010101100,
0010011010000111,
0010011001100001,
0010011000111011,
0010011000010101,
0010010111101110,
0010010111000111,
0010010110100000,
0010010101111001,
0010010101010010,
0010010100101010,
0010010100000010,
0010010011011010,
0010010010110010,
0010010010001001,
0010010001100000,
0010010000110111,
0010010000001110,
0010001111100100,
0010001110111011,
0010001110010001,
0010001101100110,
0010001100111100,
0010001100010010,
0010001011100111,
0010001010111100,
0010001010010000,
0010001001100101,
0010001000111001,
0010001000001101,
0010000111100001,
0010000110110101,
0010000110001001,
0010000101011100,
0010000100101111,
0010000100000010,
0010000011010101,
0010000010100111,
0010000001111001,
0010000001001011,
0010000000011101,
0001111111101111,
0001111111000000,
0001111110010010,
0001111101100011,
0001111100110100,
0001111100000100,
0001111011010101,
0001111010100101,
0001111001110101,
0001111001000101,
0001111000010101,
0001110111100101,
0001110110110100,
0001110110000011,
0001110101010010,
0001110100100001,
0001110011110000,
0001110010111110,
0001110010001101,
0001110001011011,
0001110000101001,
0001101111110111,
0001101111000100,
0001101110010010,
0001101101011111,
0001101100101100,
0001101011111001,
0001101011000110,
0001101010010010,
0001101001011111,
0001101000101011,
0001100111110111,
0001100111000011,
0001100110001111,
0001100101011010,
0001100100100110,
0001100011110001,
0001100010111100,
0001100010000111,
0001100001010010,
0001100000011101,
0001011111101000,
0001011110110010,
0001011101111100,
0001011101000110,
0001011100010000,
0001011011011010,
0001011010100100,
0001011001101110,
0001011000110111,
0001011000000000,
0001010111001001,
0001010110010010,
0001010101011011,
0001010100100100,
0001010011101101,
0001010010110101,
0001010001111110,
0001010001000110,
0001010000001110,
0001001111010110,
0001001110011110,
0001001101100110,
0001001100101101,
0001001011110101,
0001001010111100,
0001001010000011,
0001001001001011,
0001001000010010,
0001000111011001,
0001000110011111,
0001000101100110,
0001000100101101,
0001000011110011,
0001000010111010,
0001000010000000,
0001000001000110,
0001000000001100,
0000111111010010,
0000111110011000,
0000111101011110,
0000111100100100,
0000111011101001,
0000111010101111,
0000111001110100,
0000111000111010,
0000110111111111,
0000110111000100,
0000110110001001,
0000110101001110,
0000110100010011,
0000110011011000,
0000110010011101,
0000110001100001,
0000110000100110,
0000101111101010,
0000101110101111,
0000101101110011,
0000101100111000,
0000101011111100,
0000101011000000,
0000101010000100,
0000101001001000,
0000101000001100,
0000100111010000,
0000100110010100,
0000100101011000,
0000100100011100,
0000100011011111,
0000100010100011,
0000100001100110,
0000100000101010,
0000011111101101,
0000011110110001,
0000011101110100,
0000011100111000,
0000011011111011,
0000011010111110,
0000011010000001,
0000011001000101,
0000011000001000,
0000010111001011,
0000010110001110,
0000010101010001,
0000010100010100,
0000010011010111,
0000010010011010,
0000010001011101,
0000010000011111,
0000001111100010,
0000001110100101,
0000001101101000,
0000001100101011,
0000001011101101,
0000001010110000,
0000001001110011,
0000001000110110,
0000000111111000,
0000000110111011,
0000000101111110,
0000000101000000,
0000000100000011,
0000000011000110,
0000000010001000,
0000000001001011,
0000000000001110,
1111111111010000,
1111111110010011,
1111111101010110,
1111111100011000,
1111111011011011,
1111111010011110,
1111111001100000,
1111111000100011,
1111110111100110,
1111110110101000,
1111110101101011,
1111110100101110,
1111110011110000,
1111110010110011,
1111110001110110,
1111110000111001,
1111101111111100,
1111101110111111,
1111101110000001,
1111101101000100,
1111101100000111,
1111101011001010,
1111101010001101,
1111101001010000,
1111101000010011,
1111100111010111,
1111100110011010,
1111100101011101,
1111100100100000,
1111100011100011,
1111100010100111,
1111100001101010,
1111100000101101,
1111011111110001,
1111011110110100,
1111011101111000,
1111011100111100,
1111011011111111,
1111011011000011,
1111011010000111,
1111011001001011,
1111011000001110,
1111010111010010,
1111010110010110,
1111010101011011,
1111010100011111,
1111010011100011,
1111010010100111,
1111010001101100,
1111010000110000,
1111001111110100,
1111001110111001,
1111001101111110,
1111001101000010,
1111001100000111,
1111001011001100,
1111001010010001,
1111001001010110,
1111001000011011,
1111000111100000,
1111000110100110,
1111000101101011,
1111000100110001,
1111000011110110,
1111000010111100,
1111000010000010,
1111000001001000,
1111000000001110,
1110111111010100,
1110111110011010,
1110111101100000,
1110111100100110,
1110111011101101,
1110111010110011,
1110111001111010,
1110111001000001,
1110111000001000,
1110110111001111,
1110110110010110,
1110110101011101,
1110110100100100,
1110110011101100,
1110110010110011,
1110110001111011,
1110110001000011,
1110110000001011,
1110101111010011,
1110101110011011,
1110101101100011,
1110101100101100,
1110101011110100,
1110101010111101,
1110101010000110,
1110101001001111,
1110101000011000,
1110100111100001,
1110100110101011,
1110100101110100,
1110100100111110,
1110100100001000,
1110100011010001,
1110100010011100,
1110100001100110,
1110100000110000,
1110011111111011,
1110011111000101,
1110011110010000,
1110011101011011,
1110011100100110,
1110011011110001,
1110011010111101,
1110011010001000,
1110011001010100,
1110011000100000,
1110010111101100,
1110010110111000,
1110010110000101,
1110010101010001,
1110010100011110,
1110010011101011,
1110010010111000,
1110010010000101,
1110010001010010,
1110010000100000,
1110001111101110,
1110001110111011,
1110001110001001,
1110001101011000,
1110001100100110,
1110001011110101,
1110001011000011,
1110001010010010,
1110001001100010,
1110001000110001,
1110001000000000,
1110000111010000,
1110000110100000,
1110000101110000,
1110000101000000,
1110000100010001,
1110000011100001,
1110000010110010,
1110000010000011,
1110000001010100,
1110000000100110,
1101111111110111,
1101111111001001,
1101111110011011,
1101111101101101,
1101111101000000,
1101111100010010,
1101111011100101,
1101111010111000,
1101111010001011,
1101111001011111,
1101111000110010,
1101111000000110,
1101110111011010,
1101110110101110,
1101110110000011,
1101110101010111,
1101110100101100,
1101110100000001,
1101110011010111,
1101110010101100,
1101110010000010,
1101110001011000,
1101110000101110,
1101110000000101,
1101101111011011,
1101101110110010,
1101101110001001,
1101101101100001,
1101101100111000,
1101101100010000,
1101101011101000,
1101101011000000,
1101101010011000,
1101101001110001,
1101101001001010,
1101101000100011,
1101100111111101,
1101100111010110,
1101100110110000,
1101100110001010,
1101100101100100,
1101100100111111,
1101100100011010,
1101100011110101,
1101100011010000,
1101100010101100,
1101100010000111,
1101100001100011,
1101100001000000,
1101100000011100,
1101011111111001,
1101011111010110,
1101011110110011,
1101011110010000,
1101011101101110,
1101011101001100,
1101011100101010,
1101011100001001,
1101011011101000,
1101011011000111,
1101011010100110,
1101011010000101,
1101011001100101,
1101011001000101,
1101011000100101,
1101011000000110,
1101010111100111,
1101010111001000,
1101010110101001,
1101010110001011,
1101010101101100,
1101010101001111,
1101010100110001,
1101010100010100,
1101010011110110,
1101010011011010,
1101010010111101,
1101010010100001,
1101010010000101,
1101010001101001,
1101010001001101,
1101010000110010,
1101010000010111,
1101001111111100,
1101001111100010,
1101001111001000,
1101001110101110,
1101001110010100,
1101001101111011,
1101001101100010,
1101001101001001,
1101001100110001,
1101001100011000,
1101001100000000,
1101001011101001,
1101001011010001,
1101001010111010,
1101001010100011,
1101001010001101,
1101001001110111,
1101001001100000,
1101001001001011,
1101001000110101,
1101001000100000,
1101001000001011,
1101000111110111,
1101000111100010,
1101000111001110,
1101000110111011,
1101000110100111,
1101000110010100,
1101000110000001,
1101000101101111,
1101000101011100,
1101000101001010,
1101000100111000,
1101000100100111,
1101000100010110,
1101000100000101,
1101000011110100,
1101000011100100,
1101000011010100,
1101000011000100,
1101000010110101,
1101000010100110,
1101000010010111,
1101000010001001,
1101000001111010,
1101000001101100,
1101000001011111,
1101000001010001,
1101000001000100,
1101000000111000,
1101000000101011,
1101000000011111,
1101000000010011,
1101000000000111,
1100111111111100,
1100111111110001,
1100111111100110,
1100111111011100,
1100111111010010,
1100111111001000,
1100111110111111,
1100111110110101,
1100111110101100,
1100111110100100,
1100111110011011,
1100111110010011,
1100111110001100,
1100111110000100,
1100111101111101,
1100111101110110,
1100111101110000,
1100111101101010,
1100111101100100,
1100111101011110,
1100111101011001,
1100111101010100,
1100111101001111,
1100111101001010,
1100111101000110,
1100111101000010,
1100111100111111,
1100111100111100,
1100111100111001,
1100111100110110,
1100111100110100,
1100111100110010,
1100111100110000,
1100111100101111,
1100111100101110,
1100111100101101,
1100111100101100,
1100111100101100,
1100111100101100,
1100111100101100,
1100111100101101,
1100111100101110,
1100111100101111,
1100111100110001,
1100111100110011,
1100111100110101,
1100111100111000,
1100111100111010,
1100111100111101,
1100111101000001,
1100111101000101,
1100111101001001,
1100111101001101,
1100111101010001,
1100111101010110,
1100111101011100,
1100111101100001,
1100111101100111,
1100111101101101,
1100111101110011,
1100111101111010,
1100111110000001,
1100111110001000,
1100111110010000,
1100111110011000,
1100111110100000,
1100111110101001,
1100111110110001,
1100111110111010,
1100111111000100,
1100111111001101,
1100111111010111,
1100111111100010,
1100111111101100,
1100111111110111,
1101000000000010,
1101000000001110,
1101000000011010,
1101000000100110,
1101000000110010,
1101000000111111,
1101000001001100,
1101000001011001,
1101000001100110,
1101000001110100,
1101000010000010,
1101000010010001,
1101000010011111,
1101000010101110,
1101000010111110,
1101000011001101,
1101000011011101,
1101000011101101,
1101000011111110,
1101000100001110,
1101000100011111,
1101000100110001,
1101000101000010,
1101000101010100,
1101000101100110,
1101000101111001,
1101000110001100,
1101000110011111,
1101000110110010,
1101000111000110,
1101000111011001,
1101000111101110,
1101001000000010,
1101001000010111,
1101001000101100,
1101001001000001,
1101001001010111,
1101001001101101,
1101001010000011,
1101001010011001,
1101001010110000,
1101001011000111,
1101001011011110,
1101001011110110,
1101001100001110,
1101001100100110,
1101001100111110,
1101001101010111,
1101001101110000,
1101001110001001,
1101001110100011,
1101001110111100,
1101001111010110,
1101001111110001,
1101010000001011,
1101010000100110,
1101010001000001,
1101010001011101,
1101010001111000,
1101010010010100,
1101010010110000,
1101010011001101,
1101010011101010,
1101010100000111,
1101010100100100,
1101010101000001,
1101010101011111,
1101010101111101,
1101010110011100,
1101010110111010,
1101010111011001,
1101010111111000,
1101011000010111,
1101011000110111,
1101011001010111,
1101011001110111,
1101011010010111,
1101011010111000,
1101011011011001,
1101011011111010,
1101011100011011,
1101011100111101,
1101011101011111,
1101011110000001,
1101011110100100,
1101011111000110,
1101011111101001,
1101100000001100,
1101100000110000,
1101100001010011,
1101100001110111,
1101100010011011,
1101100011000000,
1101100011100100,
1101100100001001,
1101100100101110,
1101100101010100,
1101100101111001,
1101100110011111,
1101100111000101,
1101100111101011,
1101101000010010,
1101101000111001,
1101101001100000,
1101101010000111,
1101101010101110,
1101101011010110,
1101101011111110,
1101101100100110,
1101101101001110,
1101101101110111,
1101101110100000,
1101101111001001,
1101101111110010,
1101110000011100,
1101110001000101,
1101110001101111,
1101110010011010,
1101110011000100,
1101110011101110,
1101110100011001,
1101110101000100,
1101110101110000,
1101110110011011,
1101110111000111,
1101110111110011,
1101111000011111,
1101111001001011,
1101111001110111,
1101111010100100,
1101111011010001,
1101111011111110,
1101111100101011,
1101111101011001,
1101111110000111,
1101111110110101,
1101111111100011,
1110000000010001,
1110000001000000,
1110000001101110,
1110000010011101,
1110000011001100,
1110000011111100,
1110000100101011,
1110000101011011,
1110000110001011,
1110000110111011,
1110000111101011,
1110001000011011,
1110001001001100,
1110001001111101,
1110001010101110,
1110001011011111,
1110001100010000,
1110001101000010,
1110001101110011,
1110001110100101,
1110001111010111,
1110010000001001,
1110010000111100,
1110010001101110,
1110010010100001,
1110010011010100,
1110010100000111,
1110010100111010,
1110010101101110,
1110010110100001,
1110010111010101,
1110011000001001,
1110011000111101,
1110011001110001,
1110011010100110,
1110011011011010,
1110011100001111,
1110011101000100,
1110011101111001,
1110011110101110,
1110011111100011,
1110100000011000,
1110100001001110,
1110100010000100,
1110100010111010,
1110100011110000,
1110100100100110,
1110100101011100,
1110100110010010,
1110100111001001,
1110101000000000,
1110101000110111,
1110101001101110,
1110101010100101,
1110101011011100,
1110101100010011,
1110101101001011,
1110101110000010,
1110101110111010,
1110101111110010,
1110110000101010,
1110110001100010,
1110110010011010,
1110110011010011,
1110110100001011,
1110110101000100,
1110110101111101,
1110110110110101,
1110110111101110,
1110111000100111,
1110111001100001,
1110111010011010,
1110111011010011,
1110111100001101,
1110111101000110,
1110111110000000,
1110111110111010,
1110111111110100,
1111000000101110,
1111000001101000,
1111000010100010,
1111000011011100,
1111000100010111,
1111000101010001,
1111000110001100,
1111000111000110,
1111001000000001,
1111001000111100,
1111001001110111,
1111001010110010,
1111001011101101,
1111001100101000,
1111001101100011,
1111001110011111,
1111001111011010,
1111010000010110,
1111010001010001,
1111010010001101,
1111010011001000,
1111010100000100,
1111010101000000,
1111010101111100,
1111010110111000,
1111010111110100,
1111011000110000,
1111011001101100,
1111011010101000,
1111011011100100,
1111011100100001,
1111011101011101,
1111011110011010,
1111011111010110,
1111100000010011,
1111100001001111,
1111100010001100,
1111100011001000,
1111100100000101,
1111100101000010,
1111100101111111,
1111100110111011,
1111100111111000,
1111101000110101,
1111101001110010,
1111101010101111,
1111101011101100,
1111101100101001,
1111101101100110,
1111101110100011,
1111101111100001,
1111110000011110,
1111110001011011,
1111110010011000,
1111110011010101,
1111110100010011,
1111110101010000,
1111110110001101,
1111110111001010,
1111111000001000,
1111111001000101,
1111111010000010,
1111111011000000,
1111111011111101,
1111111100111010,
1111111101111000,
1111111110110101,
1111111111110010,
0000000000110000,
0000000001101101,
0000000010101010,
0000000011101000,
0000000100100101,
0000000101100010,
0000000110100000,
0000000111011101,
0000001000011010,
0000001001011000,
0000001010010101,
0000001011010010,
0000001100010000,
0000001101001101,
0000001110001010,
0000001111000111,
0000010000000100,
0000010001000001,
0000010001111111,
0000010010111100,
0000010011111001,
0000010100110110,
0000010101110011,
0000010110110000,
0000010111101101,
0000011000101001,
0000011001100110,
0000011010100011,
0000011011100000,
0000011100011101,
0000011101011001,
0000011110010110,
0000011111010011,
0000100000001111,
0000100001001100,
0000100010001000,
0000100011000100,
0000100100000001,
0000100100111101,
0000100101111001,
0000100110110101,
0000100111110010,
0000101000101110,
0000101001101010,
0000101010100101,
0000101011100001,
0000101100011101,
0000101101011001,
0000101110010100,
0000101111010000,
0000110000001100,
0000110001000111,
0000110010000010,
0000110010111110,
0000110011111001,
0000110100110100,
0000110101101111,
0000110110101010,
0000110111100101,
0000111000100000,
0000111001011010,
0000111010010101,
0000111011001111,
0000111100001010,
0000111101000100,
0000111101111110,
0000111110111000,
0000111111110010,
0001000000101100,
0001000001100110,
0001000010100000,
0001000011011010,
0001000100010011,
0001000101001101,
0001000110000110,
0001000110111111,
0001000111111000,
0001001000110001,
0001001001101010,
0001001010100011,
0001001011011100,
0001001100010100,
0001001101001101,
0001001110000101,
0001001110111101,
0001001111110101,
0001010000101101,
0001010001100101,
0001010010011101,
0001010011010100,
0001010100001100,
0001010101000011,
0001010101111010,
0001010110110001,
0001010111101000,
0001011000011111,
0001011001010101,
0001011010001100,
0001011011000010,
0001011011111000,
0001011100101111,
0001011101100100,
0001011110011010,
0001011111010000,
0001100000000101,
0001100000111011,
0001100001110000,
0001100010100101,
0001100011011010,
0001100100001111,
0001100101000011,
0001100101111000,
0001100110101100,
0001100111100000,
0001101000010100,
0001101001001000,
0001101001111011,
0001101010101111,
0001101011100010,
0001101100010101,
0001101101001000,
0001101101111011,
0001101110101110,
0001101111100000,
0001110000010010,
0001110001000101,
0001110001110111,
0001110010101000,
0001110011011010,
0001110100001011,
0001110100111101,
0001110101101110,
0001110110011110,
0001110111001111,
0001111000000000,
0001111000110000,
0001111001100000,
0001111010010000,
0001111011000000,
0001111011101111,
0001111100011111,
0001111101001110,
0001111101111101,
0001111110101100,
0001111111011010,
0010000000001001,
0010000000110111,
0010000001100101,
0010000010010011,
0010000011000000,
0010000011101110,
0010000100011011,
0010000101001000,
0010000101110101,
0010000110100001,
0010000111001110,
0010000111111010,
0010001000100110,
0010001001010010,
0010001001111101,
0010001010101001,
0010001011010100,
0010001011111111,
0010001100101001,
0010001101010100,
0010001101111110,
0010001110101000,
0010001111010010,
0010001111111011,
0010010000100101,
0010010001001110,
0010010001110111,
0010010010011111,
0010010011001000,
0010010011110000,
0010010100011000,
0010010101000000,
0010010101101000,
0010010110001111,
0010010110110110,
0010010111011101,
0010011000000011,
0010011000101010,
0010011001010000,
0010011001110110,
0010011010011100,
0010011011000001,
0010011011100110,
0010011100001011,
0010011100110000,
0010011101010100,
0010011101111001,
0010011110011101,
0010011111000000,
0010011111100100,
0010100000000111,
0010100000101010,
0010100001001101,
0010100001110000,
0010100010010010,
0010100010110100,
0010100011010110,
0010100011110111,
0010100100011000,
0010100100111001,
0010100101011010,
0010100101111011,
0010100110011011,
0010100110111011,
0010100111011011,
0010100111111010,
0010101000011001,
0010101000111000,
0010101001010111,
0010101001110101,
0010101010010100,
0010101010110001,
0010101011001111,
0010101011101100,
0010101100001010,
0010101100100110,
0010101101000011,
0010101101011111,
0010101101111011,
0010101110010111,
0010101110110011,
0010101111001110,
0010101111101001,
0010110000000100,
0010110000011110,
0010110000111000,
0010110001010010,
0010110001101100,
0010110010000101,
0010110010011110,
0010110010110111,
0010110011001111,
0010110011101000,
0010110100000000,
0010110100010111,
0010110100101111,
0010110101000110,
0010110101011101,
0010110101110011,
0010110110001001,
0010110110100000,
0010110110110101,
0010110111001011,
0010110111100000,
0010110111110101,
0010111000001001,
0010111000011110,
0010111000110010,
0010111001000101,
0010111001011001,
0010111001101100,
0010111001111111,
0010111010010001,
0010111010100100,
0010111010110110,
0010111011001000,
0010111011011001,
0010111011101010,
0010111011111011,
0010111100001100,
0010111100011100,
0010111100101100,
0010111100111100,
0010111101001011,
0010111101011010,
0010111101101001,
0010111101110111,
0010111110000110,
0010111110010100,
0010111110100001,
0010111110101111,
0010111110111100,
0010111111001000,
0010111111010101,
0010111111100001,
0010111111101101,
0010111111111001,
0011000000000100,
0011000000001111,
0011000000011010,
0011000000100100,
0011000000101110,
0011000000111000,
0011000001000001,
0011000001001011,
0011000001010100,
0011000001011100,
0011000001100101,
0011000001101101,
0011000001110100,
0011000001111100,
0011000010000011,
0011000010001010,
0011000010010000,
0011000010010110,
0011000010011100,
0011000010100010,
0011000010100111,
0011000010101100,
0011000010110001,
0011000010110110,
0011000010111010,
0011000010111110,
0011000011000001,
0011000011000100,
0011000011000111,
0011000011001010,
0011000011001100,
0011000011001110,
0011000011010000,
0011000011010001,
0011000011010010,
0011000011010011,
0011000011010100,
0011000011010100,
0011000011010100,
0011000011010100,
0011000011010011,
0011000011010010,
0011000011010001,
0011000011001111,
0011000011001101,
0011000011001011,
0011000011001000,
0011000011000110,
0011000011000011,
0011000010111111,
0011000010111011,
0011000010110111,
0011000010110011,
0011000010101111,
0011000010101010,
0011000010100100,
0011000010011111,
0011000010011001,
0011000010010011,
0011000010001101,
0011000010000110,
0011000001111111,
0011000001111000,
0011000001110000,
0011000001101000,
0011000001100000,
0011000001010111,
0011000001001111,
0011000001000110,
0011000000111100,
0011000000110011,
0011000000101001,
0011000000011110,
0011000000010100,
0011000000001001,
0010111111111110,
0010111111110010,
0010111111100110,
0010111111011010,
0010111111001110,
0010111111000001,
0010111110110100,
0010111110100111,
0010111110011010,
0010111110001100,
0010111101111110,
0010111101101111,
0010111101100001,
0010111101010010,
0010111101000010,
0010111100110011,
0010111100100011,
0010111100010011,
0010111100000010,
0010111011110010,
0010111011100001,
0010111011001111,
0010111010111110,
0010111010101100,
0010111010011010,
0010111010000111,
0010111001110100,
0010111001100001,
0010111001001110,
0010111000111010,
0010111000100111,
0010111000010010,
0010110111111110,
0010110111101001,
0010110111010100,
0010110110111111,
0010110110101001,
0010110110010011,
0010110101111101,
0010110101100111,
0010110101010000,
0010110100111001,
0010110100100010,
0010110100001010,
0010110011110010,
0010110011011010,
0010110011000010,
0010110010101001,
0010110010010000,
0010110001110111,
0010110001011101,
0010110001000100,
0010110000101010,
0010110000001111,
0010101111110101,
0010101111011010,
0010101110111111,
0010101110100011,
0010101110001000,
0010101101101100,
0010101101010000,
0010101100110011,
0010101100010110,
0010101011111001,
0010101011011100,
0010101010111111,
0010101010100001,
0010101010000011,
0010101001100100,
0010101001000110,
0010101000100111,
0010101000001000,
0010100111101001,
0010100111001001,
0010100110101001,
0010100110001001,
0010100101101001,
0010100101001000,
0010100100100111,
0010100100000110,
0010100011100101,
0010100011000011,
0010100010100001,
0010100001111111,
0010100001011100,
0010100000111010,
0010100000010111,
0010011111110100,
0010011111010000,
0010011110101101,
0010011110001001,
0010011101100101,
0010011101000000,
0010011100011100,
0010011011110111,
0010011011010010,
0010011010101100,
0010011010000111,
0010011001100001,
0010011000111011,
0010011000010101,
0010010111101110,
0010010111000111,
0010010110100000,
0010010101111001,
0010010101010010,
0010010100101010,
0010010100000010,
0010010011011010,
0010010010110010,
0010010010001001,
0010010001100000,
0010010000110111,
0010010000001110,
0010001111100100,
0010001110111011,
0010001110010001,
0010001101100110,
0010001100111100,
0010001100010010,
0010001011100111,
0010001010111100,
0010001010010000,
0010001001100101,
0010001000111001,
0010001000001101,
0010000111100001,
0010000110110101,
0010000110001001,
0010000101011100,
0010000100101111,
0010000100000010,
0010000011010101,
0010000010100111,
0010000001111001,
0010000001001011,
0010000000011101,
0001111111101111,
0001111111000000,
0001111110010010,
0001111101100011,
0001111100110100,
0001111100000100,
0001111011010101,
0001111010100101,
0001111001110101,
0001111001000101,
0001111000010101,
0001110111100101,
0001110110110100,
0001110110000011,
0001110101010010,
0001110100100001,
0001110011110000,
0001110010111110,
0001110010001101,
0001110001011011,
0001110000101001,
0001101111110111,
0001101111000100,
0001101110010010,
0001101101011111,
0001101100101100,
0001101011111001,
0001101011000110,
0001101010010010,
0001101001011111,
0001101000101011,
0001100111110111,
0001100111000011,
0001100110001111,
0001100101011010,
0001100100100110,
0001100011110001,
0001100010111100,
0001100010000111,
0001100001010010,
0001100000011101,
0001011111101000,
0001011110110010,
0001011101111100,
0001011101000110,
0001011100010000,
0001011011011010,
0001011010100100,
0001011001101110,
0001011000110111,
0001011000000000,
0001010111001001,
0001010110010010,
0001010101011011,
0001010100100100,
0001010011101101,
0001010010110101,
0001010001111110,
0001010001000110,
0001010000001110,
0001001111010110,
0001001110011110,
0001001101100110,
0001001100101101,
0001001011110101,
0001001010111100,
0001001010000011,
0001001001001011,
0001001000010010,
0001000111011001,
0001000110011111,
0001000101100110,
0001000100101101,
0001000011110011,
0001000010111010,
0001000010000000,
0001000001000110,
0001000000001100,
0000111111010010,
0000111110011000,
0000111101011110,
0000111100100100,
0000111011101001,
0000111010101111,
0000111001110100,
0000111000111010,
0000110111111111,
0000110111000100,
0000110110001001,
0000110101001110,
0000110100010011,
0000110011011000,
0000110010011101,
0000110001100001,
0000110000100110,
0000101111101010,
0000101110101111,
0000101101110011,
0000101100111000,
0000101011111100,
0000101011000000,
0000101010000100,
0000101001001000,
0000101000001100,
0000100111010000,
0000100110010100,
0000100101011000,
0000100100011100,
0000100011011111,
0000100010100011,
0000100001100110,
0000100000101010,
0000011111101101,
0000011110110001,
0000011101110100,
0000011100111000,
0000011011111011,
0000011010111110,
0000011010000001,
0000011001000101,
0000011000001000,
0000010111001011,
0000010110001110,
0000010101010001,
0000010100010100,
0000010011010111,
0000010010011010,
0000010001011101,
0000010000011111,
0000001111100010,
0000001110100101,
0000001101101000,
0000001100101011,
0000001011101101,
0000001010110000,
0000001001110011,
0000001000110110,
0000000111111000,
0000000110111011,
0000000101111110,
0000000101000000,
0000000100000011,
0000000011000110,
0000000010001000,
0000000001001011,
0000000000001110,
1111111111010000,
1111111110010011,
1111111101010110,
1111111100011000,
1111111011011011,
1111111010011110,
1111111001100000,
1111111000100011,
1111110111100110,
1111110110101000,
1111110101101011,
1111110100101110,
1111110011110000,
1111110010110011,
1111110001110110,
1111110000111001,
1111101111111100,
1111101110111111,
1111101110000001,
1111101101000100,
1111101100000111,
1111101011001010,
1111101010001101,
1111101001010000,
1111101000010011,
1111100111010111,
1111100110011010,
1111100101011101,
1111100100100000,
1111100011100011,
1111100010100111,
1111100001101010,
1111100000101101,
1111011111110001,
1111011110110100,
1111011101111000,
1111011100111100,
1111011011111111,
1111011011000011,
1111011010000111,
1111011001001011,
1111011000001110,
1111010111010010,
1111010110010110,
1111010101011011,
1111010100011111,
1111010011100011,
1111010010100111,
1111010001101100,
1111010000110000,
1111001111110100,
1111001110111001,
1111001101111110,
1111001101000010,
1111001100000111,
1111001011001100,
1111001010010001,
1111001001010110,
1111001000011011,
1111000111100000,
1111000110100110,
1111000101101011,
1111000100110001,
1111000011110110,
1111000010111100,
1111000010000010,
1111000001001000,
1111000000001110,
1110111111010100,
1110111110011010,
1110111101100000,
1110111100100110,
1110111011101101,
1110111010110011,
1110111001111010,
1110111001000001,
1110111000001000,
1110110111001111,
1110110110010110,
1110110101011101,
1110110100100100,
1110110011101100,
1110110010110011,
1110110001111011,
1110110001000011,
1110110000001011,
1110101111010011,
1110101110011011,
1110101101100011,
1110101100101100,
1110101011110100,
1110101010111101,
1110101010000110,
1110101001001111,
1110101000011000,
1110100111100001,
1110100110101011,
1110100101110100,
1110100100111110,
1110100100001000,
1110100011010001,
1110100010011100,
1110100001100110,
1110100000110000,
1110011111111011,
1110011111000101,
1110011110010000,
1110011101011011,
1110011100100110,
1110011011110001,
1110011010111101,
1110011010001000,
1110011001010100,
1110011000100000,
1110010111101100,
1110010110111000,
1110010110000101,
1110010101010001,
1110010100011110,
1110010011101011,
1110010010111000,
1110010010000101,
1110010001010010,
1110010000100000,
1110001111101110,
1110001110111011,
1110001110001001,
1110001101011000,
1110001100100110,
1110001011110101,
1110001011000011,
1110001010010010,
1110001001100010,
1110001000110001,
1110001000000000,
1110000111010000,
1110000110100000,
1110000101110000,
1110000101000000,
1110000100010001,
1110000011100001,
1110000010110010,
1110000010000011,
1110000001010100,
1110000000100110,
1101111111110111,
1101111111001001,
1101111110011011,
1101111101101101,
1101111101000000,
1101111100010010,
1101111011100101,
1101111010111000,
1101111010001011,
1101111001011111,
1101111000110010,
1101111000000110,
1101110111011010,
1101110110101110,
1101110110000011,
1101110101010111,
1101110100101100,
1101110100000001,
1101110011010111,
1101110010101100,
1101110010000010,
1101110001011000,
1101110000101110,
1101110000000101,
1101101111011011,
1101101110110010,
1101101110001001,
1101101101100001,
1101101100111000,
1101101100010000,
1101101011101000,
1101101011000000,
1101101010011000,
1101101001110001,
1101101001001010,
1101101000100011,
1101100111111101,
1101100111010110,
1101100110110000,
1101100110001010,
1101100101100100,
1101100100111111,
1101100100011010,
1101100011110101,
1101100011010000,
1101100010101100,
1101100010000111,
1101100001100011,
1101100001000000,
1101100000011100,
1101011111111001,
1101011111010110,
1101011110110011,
1101011110010000,
1101011101101110,
1101011101001100,
1101011100101010,
1101011100001001,
1101011011101000,
1101011011000111,
1101011010100110,
1101011010000101,
1101011001100101,
1101011001000101,
1101011000100101,
1101011000000110,
1101010111100111,
1101010111001000,
1101010110101001,
1101010110001011,
1101010101101100,
1101010101001111,
1101010100110001,
1101010100010100,
1101010011110110,
1101010011011010,
1101010010111101,
1101010010100001,
1101010010000101,
1101010001101001,
1101010001001101,
1101010000110010,
1101010000010111,
1101001111111100,
1101001111100010,
1101001111001000,
1101001110101110,
1101001110010100,
1101001101111011,
1101001101100010,
1101001101001001,
1101001100110001,
1101001100011000,
1101001100000000,
1101001011101001,
1101001011010001,
1101001010111010,
1101001010100011,
1101001010001101,
1101001001110111,
1101001001100000,
1101001001001011,
1101001000110101,
1101001000100000,
1101001000001011,
1101000111110111,
1101000111100010,
1101000111001110,
1101000110111011,
1101000110100111,
1101000110010100,
1101000110000001,
1101000101101111,
1101000101011100,
1101000101001010,
1101000100111000,
1101000100100111,
1101000100010110,
1101000100000101,
1101000011110100,
1101000011100100,
1101000011010100,
1101000011000100,
1101000010110101,
1101000010100110,
1101000010010111,
1101000010001001,
1101000001111010,
1101000001101100,
1101000001011111,
1101000001010001,
1101000001000100,
1101000000111000,
1101000000101011,
1101000000011111,
1101000000010011,
1101000000000111,
1100111111111100,
1100111111110001,
1100111111100110,
1100111111011100,
1100111111010010,
1100111111001000,
1100111110111111,
1100111110110101,
1100111110101100,
1100111110100100,
1100111110011011,
1100111110010011,
1100111110001100,
1100111110000100,
1100111101111101,
1100111101110110,
1100111101110000,
1100111101101010,
1100111101100100,
1100111101011110,
1100111101011001,
1100111101010100,
1100111101001111,
1100111101001010,
1100111101000110,
1100111101000010,
1100111100111111,
1100111100111100,
1100111100111001,
1100111100110110,
1100111100110100,
1100111100110010,
1100111100110000,
1100111100101111,
1100111100101110,
1100111100101101,
1100111100101100,
1100111100101100,
1100111100101100,
1100111100101100,
1100111100101101,
1100111100101110,
1100111100101111,
1100111100110001,
1100111100110011,
1100111100110101,
1100111100111000,
1100111100111010,
1100111100111101,
1100111101000001,
1100111101000101,
1100111101001001,
1100111101001101,
1100111101010001,
1100111101010110,
1100111101011100,
1100111101100001,
1100111101100111,
1100111101101101,
1100111101110011,
1100111101111010,
1100111110000001,
1100111110001000,
1100111110010000,
1100111110011000,
1100111110100000,
1100111110101001,
1100111110110001,
1100111110111010,
1100111111000100,
1100111111001101,
1100111111010111,
1100111111100010,
1100111111101100,
1100111111110111,
1101000000000010,
1101000000001110,
1101000000011010,
1101000000100110,
1101000000110010,
1101000000111111,
1101000001001100,
1101000001011001,
1101000001100110,
1101000001110100,
1101000010000010,
1101000010010001,
1101000010011111,
1101000010101110,
1101000010111110,
1101000011001101,
1101000011011101,
1101000011101101,
1101000011111110,
1101000100001110,
1101000100011111,
1101000100110001,
1101000101000010,
1101000101010100,
1101000101100110,
1101000101111001,
1101000110001100,
1101000110011111,
1101000110110010,
1101000111000110,
1101000111011001,
1101000111101110,
1101001000000010,
1101001000010111,
1101001000101100,
1101001001000001,
1101001001010111,
1101001001101101,
1101001010000011,
1101001010011001,
1101001010110000,
1101001011000111,
1101001011011110,
1101001011110110,
1101001100001110,
1101001100100110,
1101001100111110,
1101001101010111,
1101001101110000,
1101001110001001,
1101001110100011,
1101001110111100,
1101001111010110,
1101001111110001,
1101010000001011,
1101010000100110,
1101010001000001,
1101010001011101,
1101010001111000,
1101010010010100,
1101010010110000,
1101010011001101,
1101010011101010,
1101010100000111,
1101010100100100,
1101010101000001,
1101010101011111,
1101010101111101,
1101010110011100,
1101010110111010,
1101010111011001,
1101010111111000,
1101011000010111,
1101011000110111,
1101011001010111,
1101011001110111,
1101011010010111,
1101011010111000,
1101011011011001,
1101011011111010,
1101011100011011,
1101011100111101,
1101011101011111,
1101011110000001,
1101011110100100,
1101011111000110,
1101011111101001,
1101100000001100,
1101100000110000,
1101100001010011,
1101100001110111,
1101100010011011,
1101100011000000,
1101100011100100,
1101100100001001,
1101100100101110,
1101100101010100,
1101100101111001,
1101100110011111,
1101100111000101,
1101100111101011,
1101101000010010,
1101101000111001,
1101101001100000,
1101101010000111,
1101101010101110,
1101101011010110,
1101101011111110,
1101101100100110,
1101101101001110,
1101101101110111,
1101101110100000,
1101101111001001,
1101101111110010,
1101110000011100,
1101110001000101,
1101110001101111,
1101110010011010,
1101110011000100,
1101110011101110,
1101110100011001,
1101110101000100,
1101110101110000,
1101110110011011,
1101110111000111,
1101110111110011,
1101111000011111,
1101111001001011,
1101111001110111,
1101111010100100,
1101111011010001,
1101111011111110,
1101111100101011,
1101111101011001,
1101111110000111,
1101111110110101,
1101111111100011,
1110000000010001,
1110000001000000,
1110000001101110,
1110000010011101,
1110000011001100,
1110000011111100,
1110000100101011,
1110000101011011,
1110000110001011,
1110000110111011,
1110000111101011,
1110001000011011,
1110001001001100,
1110001001111101,
1110001010101110,
1110001011011111,
1110001100010000,
1110001101000010,
1110001101110011,
1110001110100101,
1110001111010111,
1110010000001001,
1110010000111100,
1110010001101110,
1110010010100001,
1110010011010100,
1110010100000111,
1110010100111010,
1110010101101110,
1110010110100001,
1110010111010101,
1110011000001001,
1110011000111101,
1110011001110001,
1110011010100110,
1110011011011010,
1110011100001111,
1110011101000100,
1110011101111001,
1110011110101110,
1110011111100011,
1110100000011000,
1110100001001110,
1110100010000100,
1110100010111010,
1110100011110000,
1110100100100110,
1110100101011100,
1110100110010010,
1110100111001001,
1110101000000000,
1110101000110111,
1110101001101110,
1110101010100101,
1110101011011100,
1110101100010011,
1110101101001011,
1110101110000010,
1110101110111010,
1110101111110010,
1110110000101010,
1110110001100010,
1110110010011010,
1110110011010011,
1110110100001011,
1110110101000100,
1110110101111101,
1110110110110101,
1110110111101110,
1110111000100111,
1110111001100001,
1110111010011010,
1110111011010011,
1110111100001101,
1110111101000110,
1110111110000000,
1110111110111010,
1110111111110100,
1111000000101110,
1111000001101000,
1111000010100010,
1111000011011100,
1111000100010111,
1111000101010001,
1111000110001100,
1111000111000110,
1111001000000001,
1111001000111100,
1111001001110111,
1111001010110010,
1111001011101101,
1111001100101000,
1111001101100011,
1111001110011111,
1111001111011010,
1111010000010110,
1111010001010001,
1111010010001101,
1111010011001000,
1111010100000100,
1111010101000000,
1111010101111100,
1111010110111000,
1111010111110100,
1111011000110000,
1111011001101100,
1111011010101000,
1111011011100100,
1111011100100001,
1111011101011101,
1111011110011010,
1111011111010110,
1111100000010011,
1111100001001111,
1111100010001100,
1111100011001000,
1111100100000101,
1111100101000010,
1111100101111111,
1111100110111011,
1111100111111000,
1111101000110101,
1111101001110010,
1111101010101111,
1111101011101100,
1111101100101001,
1111101101100110,
1111101110100011,
1111101111100001,
1111110000011110,
1111110001011011,
1111110010011000,
1111110011010101,
1111110100010011,
1111110101010000,
1111110110001101,
1111110111001010,
1111111000001000,
1111111001000101,
1111111010000010,
1111111011000000,
1111111011111101,
1111111100111010,
1111111101111000,
1111111110110101,
1111111111110010,
0000000000110000,
0000000001101101,
0000000010101010,
0000000011101000,
0000000100100101,
0000000101100010,
0000000110100000,
0000000111011101,
0000001000011010,
0000001001011000,
0000001010010101,
0000001011010010,
0000001100010000,
0000001101001101,
0000001110001010,
0000001111000111,
0000010000000100,
0000010001000001,
0000010001111111,
0000010010111100,
0000010011111001,
0000010100110110,
0000010101110011,
0000010110110000,
0000010111101101,
0000011000101001,
0000011001100110,
0000011010100011,
0000011011100000,
0000011100011101,
0000011101011001,
0000011110010110,
0000011111010011,
0000100000001111,
0000100001001100,
0000100010001000,
0000100011000100,
0000100100000001,
0000100100111101,
0000100101111001,
0000100110110101,
0000100111110010,
0000101000101110,
0000101001101010,
0000101010100101,
0000101011100001,
0000101100011101,
0000101101011001,
0000101110010100,
0000101111010000,
0000110000001100,
0000110001000111,
0000110010000010,
0000110010111110,
0000110011111001,
0000110100110100,
0000110101101111,
0000110110101010,
0000110111100101,
0000111000100000,
0000111001011010,
0000111010010101,
0000111011001111,
0000111100001010,
0000111101000100,
0000111101111110,
0000111110111000,
0000111111110010,
0001000000101100,
0001000001100110,
0001000010100000,
0001000011011010,
0001000100010011,
0001000101001101,
0001000110000110,
0001000110111111,
0001000111111000,
0001001000110001,
0001001001101010,
0001001010100011,
0001001011011100,
0001001100010100,
0001001101001101,
0001001110000101,
0001001110111101,
0001001111110101,
0001010000101101,
0001010001100101,
0001010010011101,
0001010011010100,
0001010100001100,
0001010101000011,
0001010101111010,
0001010110110001,
0001010111101000,
0001011000011111,
0001011001010101,
0001011010001100,
0001011011000010,
0001011011111000,
0001011100101111,
0001011101100100,
0001011110011010,
0001011111010000,
0001100000000101,
0001100000111011,
0001100001110000,
0001100010100101,
0001100011011010,
0001100100001111,
0001100101000011,
0001100101111000,
0001100110101100,
0001100111100000,
0001101000010100,
0001101001001000,
0001101001111011,
0001101010101111,
0001101011100010,
0001101100010101,
0001101101001000,
0001101101111011,
0001101110101110,
0001101111100000,
0001110000010010,
0001110001000101,
0001110001110111,
0001110010101000,
0001110011011010,
0001110100001011,
0001110100111101,
0001110101101110,
0001110110011110,
0001110111001111,
0001111000000000,
0001111000110000,
0001111001100000,
0001111010010000,
0001111011000000,
0001111011101111,
0001111100011111,
0001111101001110,
0001111101111101,
0001111110101100,
0001111111011010,
0010000000001001,
0010000000110111,
0010000001100101,
0010000010010011,
0010000011000000,
0010000011101110,
0010000100011011,
0010000101001000,
0010000101110101,
0010000110100001,
0010000111001110,
0010000111111010,
0010001000100110,
0010001001010010,
0010001001111101,
0010001010101001,
0010001011010100,
0010001011111111,
0010001100101001,
0010001101010100,
0010001101111110,
0010001110101000,
0010001111010010,
0010001111111011,
0010010000100101,
0010010001001110,
0010010001110111,
0010010010011111,
0010010011001000,
0010010011110000,
0010010100011000,
0010010101000000,
0010010101101000,
0010010110001111,
0010010110110110,
0010010111011101,
0010011000000011,
0010011000101010,
0010011001010000,
0010011001110110,
0010011010011100,
0010011011000001,
0010011011100110,
0010011100001011,
0010011100110000,
0010011101010100,
0010011101111001,
0010011110011101,
0010011111000000,
0010011111100100,
0010100000000111,
0010100000101010,
0010100001001101,
0010100001110000,
0010100010010010,
0010100010110100,
0010100011010110,
0010100011110111,
0010100100011000,
0010100100111001,
0010100101011010,
0010100101111011,
0010100110011011,
0010100110111011,
0010100111011011,
0010100111111010,
0010101000011001,
0010101000111000,
0010101001010111,
0010101001110101,
0010101010010100,
0010101010110001,
0010101011001111,
0010101011101100,
0010101100001010,
0010101100100110,
0010101101000011,
0010101101011111,
0010101101111011,
0010101110010111,
0010101110110011,
0010101111001110,
0010101111101001,
0010110000000100,
0010110000011110,
0010110000111000,
0010110001010010,
0010110001101100,
0010110010000101,
0010110010011110,
0010110010110111,
0010110011001111,
0010110011101000,
0010110100000000,
0010110100010111,
0010110100101111,
0010110101000110,
0010110101011101,
0010110101110011,
0010110110001001,
0010110110100000,
0010110110110101,
0010110111001011,
0010110111100000,
0010110111110101,
0010111000001001,
0010111000011110,
0010111000110010,
0010111001000101,
0010111001011001,
0010111001101100,
0010111001111111,
0010111010010001,
0010111010100100,
0010111010110110,
0010111011001000,
0010111011011001,
0010111011101010,
0010111011111011,
0010111100001100,
0010111100011100,
0010111100101100,
0010111100111100,
0010111101001011,
0010111101011010,
0010111101101001,
0010111101110111,
0010111110000110,
0010111110010100,
0010111110100001,
0010111110101111,
0010111110111100,
0010111111001000,
0010111111010101,
0010111111100001,
0010111111101101,
0010111111111001,
0011000000000100,
0011000000001111,
0011000000011010,
0011000000100100,
0011000000101110,
0011000000111000,
0011000001000001,
0011000001001011,
0011000001010100,
0011000001011100,
0011000001100101,
0011000001101101,
0011000001110100,
0011000001111100,
0011000010000011,
0011000010001010,
0011000010010000,
0011000010010110,
0011000010011100,
0011000010100010,
0011000010100111,
0011000010101100,
0011000010110001,
0011000010110110,
0011000010111010,
0011000010111110,
0011000011000001,
0011000011000100,
0011000011000111,
0011000011001010,
0011000011001100,
0011000011001110,
0011000011010000,
0011000011010001,
0011000011010010,
0011000011010011,
0011000011010100,
0011000011010100,
0011000011010100,
0011000011010100,
0011000011010011,
0011000011010010,
0011000011010001,
0011000011001111,
0011000011001101,
0011000011001011,
0011000011001000,
0011000011000110,
0011000011000011,
0011000010111111,
0011000010111011,
0011000010110111,
0011000010110011,
0011000010101111,
0011000010101010,
0011000010100100,
0011000010011111,
0011000010011001,
0011000010010011,
0011000010001101,
0011000010000110,
0011000001111111,
0011000001111000,
0011000001110000,
0011000001101000,
0011000001100000,
0011000001010111,
0011000001001111,
0011000001000110,
0011000000111100,
0011000000110011,
0011000000101001,
0011000000011110,
0011000000010100,
0011000000001001,
0010111111111110,
0010111111110010,
0010111111100110,
0010111111011010,
0010111111001110,
0010111111000001,
0010111110110100,
0010111110100111,
0010111110011010,
0010111110001100,
0010111101111110,
0010111101101111,
0010111101100001,
0010111101010010,
0010111101000010,
0010111100110011,
0010111100100011,
0010111100010011,
0010111100000010,
0010111011110010,
0010111011100001,
0010111011001111,
0010111010111110,
0010111010101100,
0010111010011010,
0010111010000111,
0010111001110100,
0010111001100001,
0010111001001110,
0010111000111010,
0010111000100111,
0010111000010010,
0010110111111110,
0010110111101001,
0010110111010100,
0010110110111111,
0010110110101001,
0010110110010011,
0010110101111101,
0010110101100111,
0010110101010000,
0010110100111001,
0010110100100010,
0010110100001010,
0010110011110010,
0010110011011010,
0010110011000010,
0010110010101001,
0010110010010000,
0010110001110111,
0010110001011101,
0010110001000100,
0010110000101010,
0010110000001111,
0010101111110101,
0010101111011010,
0010101110111111,
0010101110100011,
0010101110001000,
0010101101101100,
0010101101010000,
0010101100110011,
0010101100010110,
0010101011111001,
0010101011011100,
0010101010111111,
0010101010100001,
0010101010000011,
0010101001100100,
0010101001000110,
0010101000100111,
0010101000001000,
0010100111101001,
0010100111001001,
0010100110101001,
0010100110001001,
0010100101101001,
0010100101001000,
0010100100100111,
0010100100000110,
0010100011100101,
0010100011000011,
0010100010100001,
0010100001111111,
0010100001011100,
0010100000111010,
0010100000010111,
0010011111110100,
0010011111010000,
0010011110101101,
0010011110001001,
0010011101100101,
0010011101000000,
0010011100011100,
0010011011110111,
0010011011010010,
0010011010101100,
0010011010000111,
0010011001100001,
0010011000111011,
0010011000010101,
0010010111101110,
0010010111000111,
0010010110100000,
0010010101111001,
0010010101010010,
0010010100101010,
0010010100000010,
0010010011011010,
0010010010110010,
0010010010001001,
0010010001100000,
0010010000110111,
0010010000001110,
0010001111100100,
0010001110111011,
0010001110010001,
0010001101100110,
0010001100111100,
0010001100010010,
0010001011100111,
0010001010111100,
0010001010010000,
0010001001100101,
0010001000111001,
0010001000001101,
0010000111100001,
0010000110110101,
0010000110001001,
0010000101011100,
0010000100101111,
0010000100000010,
0010000011010101,
0010000010100111,
0010000001111001,
0010000001001011,
0010000000011101,
0001111111101111,
0001111111000000,
0001111110010010,
0001111101100011,
0001111100110100,
0001111100000100,
0001111011010101,
0001111010100101,
0001111001110101,
0001111001000101,
0001111000010101,
0001110111100101,
0001110110110100,
0001110110000011,
0001110101010010,
0001110100100001,
0001110011110000,
0001110010111110,
0001110010001101,
0001110001011011,
0001110000101001,
0001101111110111,
0001101111000100,
0001101110010010,
0001101101011111,
0001101100101100,
0001101011111001,
0001101011000110,
0001101010010010,
0001101001011111,
0001101000101011,
0001100111110111,
0001100111000011,
0001100110001111,
0001100101011010,
0001100100100110,
0001100011110001,
0001100010111100,
0001100010000111,
0001100001010010,
0001100000011101,
0001011111101000,
0001011110110010,
0001011101111100,
0001011101000110,
0001011100010000,
0001011011011010,
0001011010100100,
0001011001101110,
0001011000110111,
0001011000000000,
0001010111001001,
0001010110010010,
0001010101011011,
0001010100100100,
0001010011101101,
0001010010110101,
0001010001111110,
0001010001000110,
0001010000001110,
0001001111010110,
0001001110011110,
0001001101100110,
0001001100101101,
0001001011110101,
0001001010111100,
0001001010000011,
0001001001001011,
0001001000010010,
0001000111011001,
0001000110011111,
0001000101100110,
0001000100101101,
0001000011110011,
0001000010111010,
0001000010000000,
0001000001000110,
0001000000001100,
0000111111010010,
0000111110011000,
0000111101011110,
0000111100100100,
0000111011101001,
0000111010101111,
0000111001110100,
0000111000111010,
0000110111111111,
0000110111000100,
0000110110001001,
0000110101001110,
0000110100010011,
0000110011011000,
0000110010011101,
0000110001100001,
0000110000100110,
0000101111101010,
0000101110101111,
0000101101110011,
0000101100111000,
0000101011111100,
0000101011000000,
0000101010000100,
0000101001001000,
0000101000001100,
0000100111010000,
0000100110010100,
0000100101011000,
0000100100011100,
0000100011011111,
0000100010100011,
0000100001100110,
0000100000101010,
0000011111101101,
0000011110110001,
0000011101110100,
0000011100111000,
0000011011111011,
0000011010111110,
0000011010000001,
0000011001000101,
0000011000001000,
0000010111001011,
0000010110001110,
0000010101010001,
0000010100010100,
0000010011010111,
0000010010011010,
0000010001011101,
0000010000011111,
0000001111100010,
0000001110100101,
0000001101101000,
0000001100101011,
0000001011101101,
0000001010110000,
0000001001110011,
0000001000110110,
0000000111111000,
0000000110111011,
0000000101111110,
0000000101000000,
0000000100000011,
0000000011000110,
0000000010001000,
0000000001001011,
0000000000001110,
1111111111010000,
1111111110010011,
1111111101010110,
1111111100011000,
1111111011011011,
1111111010011110,
1111111001100000,
1111111000100011,
1111110111100110,
1111110110101000,
1111110101101011,
1111110100101110,
1111110011110000,
1111110010110011,
1111110001110110,
1111110000111001,
1111101111111100,
1111101110111111,
1111101110000001,
1111101101000100,
1111101100000111,
1111101011001010,
1111101010001101,
1111101001010000,
1111101000010011,
1111100111010111,
1111100110011010,
1111100101011101,
1111100100100000,
1111100011100011,
1111100010100111,
1111100001101010,
1111100000101101,
1111011111110001,
1111011110110100,
1111011101111000,
1111011100111100,
1111011011111111,
1111011011000011,
1111011010000111,
1111011001001011,
1111011000001110,
1111010111010010,
1111010110010110,
1111010101011011,
1111010100011111,
1111010011100011,
1111010010100111,
1111010001101100,
1111010000110000,
1111001111110100,
1111001110111001,
1111001101111110,
1111001101000010,
1111001100000111,
1111001011001100,
1111001010010001,
1111001001010110,
1111001000011011,
1111000111100000,
1111000110100110,
1111000101101011,
1111000100110001,
1111000011110110,
1111000010111100,
1111000010000010,
1111000001001000,
1111000000001110,
1110111111010100,
1110111110011010,
1110111101100000,
1110111100100110,
1110111011101101,
1110111010110011,
1110111001111010,
1110111001000001,
1110111000001000,
1110110111001111,
1110110110010110,
1110110101011101,
1110110100100100,
1110110011101100,
1110110010110011,
1110110001111011,
1110110001000011,
1110110000001011,
1110101111010011,
1110101110011011,
1110101101100011,
1110101100101100,
1110101011110100,
1110101010111101,
1110101010000110,
1110101001001111,
1110101000011000,
1110100111100001,
1110100110101011,
1110100101110100,
1110100100111110,
1110100100001000,
1110100011010001,
1110100010011100,
1110100001100110,
1110100000110000,
1110011111111011,
1110011111000101,
1110011110010000,
1110011101011011,
1110011100100110,
1110011011110001,
1110011010111101,
1110011010001000,
1110011001010100,
1110011000100000,
1110010111101100,
1110010110111000,
1110010110000101,
1110010101010001,
1110010100011110,
1110010011101011,
1110010010111000,
1110010010000101,
1110010001010010,
1110010000100000,
1110001111101110,
1110001110111011,
1110001110001001,
1110001101011000,
1110001100100110,
1110001011110101,
1110001011000011,
1110001010010010,
1110001001100010,
1110001000110001,
1110001000000000,
1110000111010000,
1110000110100000,
1110000101110000,
1110000101000000,
1110000100010001,
1110000011100001,
1110000010110010,
1110000010000011,
1110000001010100,
1110000000100110,
1101111111110111,
1101111111001001,
1101111110011011,
1101111101101101,
1101111101000000,
1101111100010010,
1101111011100101,
1101111010111000,
1101111010001011,
1101111001011111,
1101111000110010,
1101111000000110,
1101110111011010,
1101110110101110,
1101110110000011,
1101110101010111,
1101110100101100,
1101110100000001,
1101110011010111,
1101110010101100,
1101110010000010,
1101110001011000,
1101110000101110,
1101110000000101,
1101101111011011,
1101101110110010,
1101101110001001,
1101101101100001,
1101101100111000,
1101101100010000,
1101101011101000,
1101101011000000,
1101101010011000,
1101101001110001,
1101101001001010,
1101101000100011,
1101100111111101,
1101100111010110,
1101100110110000,
1101100110001010,
1101100101100100,
1101100100111111,
1101100100011010,
1101100011110101,
1101100011010000,
1101100010101100,
1101100010000111,
1101100001100011,
1101100001000000,
1101100000011100,
1101011111111001,
1101011111010110,
1101011110110011,
1101011110010000,
1101011101101110,
1101011101001100,
1101011100101010,
1101011100001001,
1101011011101000,
1101011011000111,
1101011010100110,
1101011010000101,
1101011001100101,
1101011001000101,
1101011000100101,
1101011000000110,
1101010111100111,
1101010111001000,
1101010110101001,
1101010110001011,
1101010101101100,
1101010101001111,
1101010100110001,
1101010100010100,
1101010011110110,
1101010011011010,
1101010010111101,
1101010010100001,
1101010010000101,
1101010001101001,
1101010001001101,
1101010000110010,
1101010000010111,
1101001111111100,
1101001111100010,
1101001111001000,
1101001110101110,
1101001110010100,
1101001101111011,
1101001101100010,
1101001101001001,
1101001100110001,
1101001100011000,
1101001100000000,
1101001011101001,
1101001011010001,
1101001010111010,
1101001010100011,
1101001010001101,
1101001001110111,
1101001001100000,
1101001001001011,
1101001000110101,
1101001000100000,
1101001000001011,
1101000111110111,
1101000111100010,
1101000111001110,
1101000110111011,
1101000110100111,
1101000110010100,
1101000110000001,
1101000101101111,
1101000101011100,
1101000101001010,
1101000100111000,
1101000100100111,
1101000100010110,
1101000100000101,
1101000011110100,
1101000011100100,
1101000011010100,
1101000011000100,
1101000010110101,
1101000010100110,
1101000010010111,
1101000010001001,
1101000001111010,
1101000001101100,
1101000001011111,
1101000001010001,
1101000001000100,
1101000000111000,
1101000000101011,
1101000000011111,
1101000000010011,
1101000000000111,
1100111111111100,
1100111111110001,
1100111111100110,
1100111111011100,
1100111111010010,
1100111111001000,
1100111110111111,
1100111110110101,
1100111110101100,
1100111110100100,
1100111110011011,
1100111110010011,
1100111110001100,
1100111110000100,
1100111101111101,
1100111101110110,
1100111101110000,
1100111101101010,
1100111101100100,
1100111101011110,
1100111101011001,
1100111101010100,
1100111101001111,
1100111101001010,
1100111101000110,
1100111101000010,
1100111100111111,
1100111100111100,
1100111100111001,
1100111100110110,
1100111100110100,
1100111100110010,
1100111100110000,
1100111100101111,
1100111100101110,
1100111100101101,
1100111100101100,
1100111100101100,
1100111100101100,
1100111100101100,
1100111100101101,
1100111100101110,
1100111100101111,
1100111100110001,
1100111100110011,
1100111100110101,
1100111100111000,
1100111100111010,
1100111100111101,
1100111101000001,
1100111101000101,
1100111101001001,
1100111101001101,
1100111101010001,
1100111101010110,
1100111101011100,
1100111101100001,
1100111101100111,
1100111101101101,
1100111101110011,
1100111101111010,
1100111110000001,
1100111110001000,
1100111110010000,
1100111110011000,
1100111110100000,
1100111110101001,
1100111110110001,
1100111110111010,
1100111111000100,
1100111111001101,
1100111111010111,
1100111111100010,
1100111111101100,
1100111111110111,
1101000000000010,
1101000000001110,
1101000000011010,
1101000000100110,
1101000000110010,
1101000000111111,
1101000001001100,
1101000001011001,
1101000001100110,
1101000001110100,
1101000010000010,
1101000010010001,
1101000010011111,
1101000010101110,
1101000010111110,
1101000011001101,
1101000011011101,
1101000011101101,
1101000011111110,
1101000100001110,
1101000100011111,
1101000100110001,
1101000101000010,
1101000101010100,
1101000101100110,
1101000101111001,
1101000110001100,
1101000110011111,
1101000110110010,
1101000111000110,
1101000111011001,
1101000111101110,
1101001000000010,
1101001000010111,
1101001000101100,
1101001001000001,
1101001001010111,
1101001001101101,
1101001010000011,
1101001010011001,
1101001010110000,
1101001011000111,
1101001011011110,
1101001011110110,
1101001100001110,
1101001100100110,
1101001100111110,
1101001101010111,
1101001101110000,
1101001110001001,
1101001110100011,
1101001110111100,
1101001111010110,
1101001111110001,
1101010000001011,
1101010000100110,
1101010001000001,
1101010001011101,
1101010001111000,
1101010010010100,
1101010010110000,
1101010011001101,
1101010011101010,
1101010100000111,
1101010100100100,
1101010101000001,
1101010101011111,
1101010101111101,
1101010110011100,
1101010110111010,
1101010111011001,
1101010111111000,
1101011000010111,
1101011000110111,
1101011001010111,
1101011001110111,
1101011010010111,
1101011010111000,
1101011011011001,
1101011011111010,
1101011100011011,
1101011100111101,
1101011101011111,
1101011110000001,
1101011110100100,
1101011111000110,
1101011111101001,
1101100000001100,
1101100000110000,
1101100001010011,
1101100001110111,
1101100010011011,
1101100011000000,
1101100011100100,
1101100100001001,
1101100100101110,
1101100101010100,
1101100101111001,
1101100110011111,
1101100111000101,
1101100111101011,
1101101000010010,
1101101000111001,
1101101001100000,
1101101010000111,
1101101010101110,
1101101011010110,
1101101011111110,
1101101100100110,
1101101101001110,
1101101101110111,
1101101110100000,
1101101111001001,
1101101111110010,
1101110000011100,
1101110001000101,
1101110001101111,
1101110010011010,
1101110011000100,
1101110011101110,
1101110100011001,
1101110101000100,
1101110101110000,
1101110110011011,
1101110111000111,
1101110111110011,
1101111000011111,
1101111001001011,
1101111001110111,
1101111010100100,
1101111011010001,
1101111011111110,
1101111100101011,
1101111101011001,
1101111110000111,
1101111110110101,
1101111111100011,
1110000000010001,
1110000001000000,
1110000001101110,
1110000010011101,
1110000011001100,
1110000011111100,
1110000100101011,
1110000101011011,
1110000110001011,
1110000110111011,
1110000111101011,
1110001000011011,
1110001001001100,
1110001001111101,
1110001010101110,
1110001011011111,
1110001100010000,
1110001101000010,
1110001101110011,
1110001110100101,
1110001111010111,
1110010000001001,
1110010000111100,
1110010001101110,
1110010010100001,
1110010011010100,
1110010100000111,
1110010100111010,
1110010101101110,
1110010110100001,
1110010111010101,
1110011000001001,
1110011000111101,
1110011001110001,
1110011010100110,
1110011011011010,
1110011100001111,
1110011101000100,
1110011101111001,
1110011110101110,
1110011111100011,
1110100000011000,
1110100001001110,
1110100010000100,
1110100010111010,
1110100011110000,
1110100100100110,
1110100101011100,
1110100110010010,
1110100111001001,
1110101000000000,
1110101000110111,
1110101001101110,
1110101010100101,
1110101011011100,
1110101100010011,
1110101101001011,
1110101110000010,
1110101110111010,
1110101111110010,
1110110000101010,
1110110001100010,
1110110010011010,
1110110011010011,
1110110100001011,
1110110101000100,
1110110101111101,
1110110110110101,
1110110111101110,
1110111000100111,
1110111001100001,
1110111010011010,
1110111011010011,
1110111100001101,
1110111101000110,
1110111110000000,
1110111110111010,
1110111111110100,
1111000000101110,
1111000001101000,
1111000010100010,
1111000011011100,
1111000100010111,
1111000101010001,
1111000110001100,
1111000111000110,
1111001000000001,
1111001000111100,
1111001001110111,
1111001010110010,
1111001011101101,
1111001100101000,
1111001101100011,
1111001110011111,
1111001111011010,
1111010000010110,
1111010001010001,
1111010010001101,
1111010011001000,
1111010100000100,
1111010101000000,
1111010101111100,
1111010110111000,
1111010111110100,
1111011000110000,
1111011001101100,
1111011010101000,
1111011011100100,
1111011100100001,
1111011101011101,
1111011110011010,
1111011111010110,
1111100000010011,
1111100001001111,
1111100010001100,
1111100011001000,
1111100100000101,
1111100101000010,
1111100101111111,
1111100110111011,
1111100111111000,
1111101000110101,
1111101001110010,
1111101010101111,
1111101011101100,
1111101100101001,
1111101101100110,
1111101110100011,
1111101111100001,
1111110000011110,
1111110001011011,
1111110010011000,
1111110011010101,
1111110100010011,
1111110101010000,
1111110110001101,
1111110111001010,
1111111000001000,
1111111001000101,
1111111010000010,
1111111011000000,
1111111011111101,
1111111100111010,
1111111101111000,
1111111110110101,
1111111111110010,
0000000000110000,
0000000001101101,
0000000010101010,
0000000011101000,
0000000100100101,
0000000101100010,
0000000110100000,
0000000111011101,
0000001000011010,
0000001001011000,
0000001010010101,
0000001011010010,
0000001100010000,
0000001101001101,
0000001110001010,
0000001111000111,
0000010000000100,
0000010001000001,
0000010001111111,
0000010010111100,
0000010011111001,
0000010100110110,
0000010101110011,
0000010110110000,
0000010111101101,
0000011000101001,
0000011001100110,
0000011010100011,
0000011011100000,
0000011100011101,
0000011101011001,
0000011110010110,
0000011111010011,
0000100000001111,
0000100001001100,
0000100010001000,
0000100011000100,
0000100100000001,
0000100100111101,
0000100101111001,
0000100110110101,
0000100111110010,
0000101000101110,
0000101001101010,
0000101010100101,
0000101011100001,
0000101100011101,
0000101101011001,
0000101110010100,
0000101111010000,
0000110000001100,
0000110001000111,
0000110010000010,
0000110010111110,
0000110011111001,
0000110100110100,
0000110101101111,
0000110110101010,
0000110111100101,
0000111000100000,
0000111001011010,
0000111010010101,
0000111011001111,
0000111100001010,
0000111101000100,
0000111101111110,
0000111110111000,
0000111111110010,
0001000000101100,
0001000001100110,
0001000010100000,
0001000011011010,
0001000100010011,
0001000101001101,
0001000110000110,
0001000110111111,
0001000111111000,
0001001000110001,
0001001001101010,
0001001010100011,
0001001011011100,
0001001100010100,
0001001101001101,
0001001110000101,
0001001110111101,
0001001111110101,
0001010000101101,
0001010001100101,
0001010010011101,
0001010011010100,
0001010100001100,
0001010101000011,
0001010101111010,
0001010110110001,
0001010111101000,
0001011000011111,
0001011001010101,
0001011010001100,
0001011011000010,
0001011011111000,
0001011100101111,
0001011101100100,
0001011110011010,
0001011111010000,
0001100000000101,
0001100000111011,
0001100001110000,
0001100010100101,
0001100011011010,
0001100100001111,
0001100101000011,
0001100101111000,
0001100110101100,
0001100111100000,
0001101000010100,
0001101001001000,
0001101001111011,
0001101010101111,
0001101011100010,
0001101100010101,
0001101101001000,
0001101101111011,
0001101110101110,
0001101111100000,
0001110000010010,
0001110001000101,
0001110001110111,
0001110010101000,
0001110011011010,
0001110100001011,
0001110100111101,
0001110101101110,
0001110110011110,
0001110111001111,
0001111000000000,
0001111000110000,
0001111001100000,
0001111010010000,
0001111011000000,
0001111011101111,
0001111100011111,
0001111101001110,
0001111101111101,
0001111110101100,
0001111111011010,
0010000000001001,
0010000000110111,
0010000001100101,
0010000010010011,
0010000011000000,
0010000011101110,
0010000100011011,
0010000101001000,
0010000101110101,
0010000110100001,
0010000111001110,
0010000111111010,
0010001000100110,
0010001001010010,
0010001001111101,
0010001010101001,
0010001011010100,
0010001011111111,
0010001100101001,
0010001101010100,
0010001101111110,
0010001110101000,
0010001111010010,
0010001111111011,
0010010000100101,
0010010001001110,
0010010001110111,
0010010010011111,
0010010011001000,
0010010011110000,
0010010100011000,
0010010101000000,
0010010101101000,
0010010110001111,
0010010110110110,
0010010111011101,
0010011000000011,
0010011000101010,
0010011001010000,
0010011001110110,
0010011010011100,
0010011011000001,
0010011011100110,
0010011100001011,
0010011100110000,
0010011101010100,
0010011101111001,
0010011110011101,
0010011111000000,
0010011111100100,
0010100000000111,
0010100000101010,
0010100001001101,
0010100001110000,
0010100010010010,
0010100010110100,
0010100011010110,
0010100011110111,
0010100100011000,
0010100100111001,
0010100101011010,
0010100101111011,
0010100110011011,
0010100110111011,
0010100111011011,
0010100111111010,
0010101000011001,
0010101000111000,
0010101001010111,
0010101001110101,
0010101010010100,
0010101010110001,
0010101011001111,
0010101011101100,
0010101100001010,
0010101100100110,
0010101101000011,
0010101101011111,
0010101101111011,
0010101110010111,
0010101110110011,
0010101111001110,
0010101111101001,
0010110000000100,
0010110000011110,
0010110000111000,
0010110001010010,
0010110001101100,
0010110010000101,
0010110010011110,
0010110010110111,
0010110011001111,
0010110011101000,
0010110100000000,
0010110100010111,
0010110100101111,
0010110101000110,
0010110101011101,
0010110101110011,
0010110110001001,
0010110110100000,
0010110110110101,
0010110111001011,
0010110111100000,
0010110111110101,
0010111000001001,
0010111000011110,
0010111000110010,
0010111001000101,
0010111001011001,
0010111001101100,
0010111001111111,
0010111010010001,
0010111010100100,
0010111010110110,
0010111011001000,
0010111011011001,
0010111011101010,
0010111011111011,
0010111100001100,
0010111100011100,
0010111100101100,
0010111100111100,
0010111101001011,
0010111101011010,
0010111101101001,
0010111101110111,
0010111110000110,
0010111110010100,
0010111110100001,
0010111110101111,
0010111110111100,
0010111111001000,
0010111111010101,
0010111111100001,
0010111111101101,
0010111111111001,
0011000000000100,
0011000000001111,
0011000000011010,
0011000000100100,
0011000000101110,
0011000000111000,
0011000001000001,
0011000001001011,
0011000001010100,
0011000001011100,
0011000001100101,
0011000001101101,
0011000001110100,
0011000001111100,
0011000010000011,
0011000010001010,
0011000010010000,
0011000010010110,
0011000010011100,
0011000010100010,
0011000010100111,
0011000010101100,
0011000010110001,
0011000010110110,
0011000010111010,
0011000010111110,
0011000011000001,
0011000011000100,
0011000011000111,
0011000011001010,
0011000011001100,
0011000011001110,
0011000011010000,
0011000011010001,
0011000011010010,
0011000011010011,
0011000011010100,
0011000011010100,
0011000011010100,
0011000011010100,
0011000011010011,
0011000011010010,
0011000011010001,
0011000011001111,
0011000011001101,
0011000011001011,
0011000011001000,
0011000011000110,
0011000011000011,
0011000010111111,
0011000010111011,
0011000010110111,
0011000010110011,
0011000010101111,
0011000010101010,
0011000010100100,
0011000010011111,
0011000010011001,
0011000010010011,
0011000010001101,
0011000010000110,
0011000001111111,
0011000001111000,
0011000001110000,
0011000001101000,
0011000001100000,
0011000001010111,
0011000001001111,
0011000001000110,
0011000000111100,
0011000000110011,
0011000000101001,
0011000000011110,
0011000000010100,
0011000000001001,
0010111111111110,
0010111111110010,
0010111111100110,
0010111111011010,
0010111111001110,
0010111111000001,
0010111110110100,
0010111110100111,
0010111110011010,
0010111110001100,
0010111101111110,
0010111101101111,
0010111101100001,
0010111101010010,
0010111101000010,
0010111100110011,
0010111100100011,
0010111100010011,
0010111100000010,
0010111011110010,
0010111011100001,
0010111011001111,
0010111010111110,
0010111010101100,
0010111010011010,
0010111010000111,
0010111001110100,
0010111001100001,
0010111001001110,
0010111000111010,
0010111000100111,
0010111000010010,
0010110111111110,
0010110111101001,
0010110111010100,
0010110110111111,
0010110110101001,
0010110110010011,
0010110101111101,
0010110101100111,
0010110101010000,
0010110100111001,
0010110100100010,
0010110100001010,
0010110011110010,
0010110011011010,
0010110011000010,
0010110010101001,
0010110010010000,
0010110001110111,
0010110001011101,
0010110001000100,
0010110000101010,
0010110000001111,
0010101111110101,
0010101111011010,
0010101110111111,
0010101110100011,
0010101110001000,
0010101101101100,
0010101101010000,
0010101100110011,
0010101100010110,
0010101011111001,
0010101011011100,
0010101010111111,
0010101010100001,
0010101010000011,
0010101001100100,
0010101001000110,
0010101000100111,
0010101000001000,
0010100111101001,
0010100111001001,
0010100110101001,
0010100110001001,
0010100101101001,
0010100101001000,
0010100100100111,
0010100100000110,
0010100011100101,
0010100011000011,
0010100010100001,
0010100001111111,
0010100001011100,
0010100000111010,
0010100000010111,
0010011111110100,
0010011111010000,
0010011110101101,
0010011110001001,
0010011101100101,
0010011101000000,
0010011100011100,
0010011011110111,
0010011011010010,
0010011010101100,
0010011010000111,
0010011001100001,
0010011000111011,
0010011000010101,
0010010111101110,
0010010111000111,
0010010110100000,
0010010101111001,
0010010101010010,
0010010100101010,
0010010100000010,
0010010011011010,
0010010010110010,
0010010010001001,
0010010001100000,
0010010000110111,
0010010000001110,
0010001111100100,
0010001110111011,
0010001110010001,
0010001101100110,
0010001100111100,
0010001100010010,
0010001011100111,
0010001010111100,
0010001010010000,
0010001001100101,
0010001000111001,
0010001000001101,
0010000111100001,
0010000110110101,
0010000110001001,
0010000101011100,
0010000100101111,
0010000100000010,
0010000011010101,
0010000010100111,
0010000001111001,
0010000001001011,
0010000000011101,
0001111111101111,
0001111111000000,
0001111110010010,
0001111101100011,
0001111100110100,
0001111100000100,
0001111011010101,
0001111010100101,
0001111001110101,
0001111001000101,
0001111000010101,
0001110111100101,
0001110110110100,
0001110110000011,
0001110101010010,
0001110100100001,
0001110011110000,
0001110010111110,
0001110010001101,
0001110001011011,
0001110000101001,
0001101111110111,
0001101111000100,
0001101110010010,
0001101101011111,
0001101100101100,
0001101011111001,
0001101011000110,
0001101010010010,
0001101001011111,
0001101000101011,
0001100111110111,
0001100111000011,
0001100110001111,
0001100101011010,
0001100100100110,
0001100011110001,
0001100010111100,
0001100010000111,
0001100001010010,
0001100000011101,
0001011111101000,
0001011110110010,
0001011101111100,
0001011101000110,
0001011100010000,
0001011011011010,
0001011010100100,
0001011001101110,
0001011000110111,
0001011000000000,
0001010111001001,
0001010110010010,
0001010101011011,
0001010100100100,
0001010011101101,
0001010010110101,
0001010001111110,
0001010001000110,
0001010000001110,
0001001111010110,
0001001110011110,
0001001101100110,
0001001100101101,
0001001011110101,
0001001010111100,
0001001010000011,
0001001001001011,
0001001000010010,
0001000111011001,
0001000110011111,
0001000101100110,
0001000100101101,
0001000011110011,
0001000010111010,
0001000010000000,
0001000001000110,
0001000000001100,
0000111111010010,
0000111110011000,
0000111101011110,
0000111100100100,
0000111011101001,
0000111010101111,
0000111001110100,
0000111000111010,
0000110111111111,
0000110111000100,
0000110110001001,
0000110101001110,
0000110100010011,
0000110011011000,
0000110010011101,
0000110001100001,
0000110000100110,
0000101111101010,
0000101110101111,
0000101101110011,
0000101100111000,
0000101011111100,
0000101011000000,
0000101010000100,
0000101001001000,
0000101000001100,
0000100111010000,
0000100110010100,
0000100101011000,
0000100100011100,
0000100011011111,
0000100010100011,
0000100001100110,
0000100000101010,
0000011111101101,
0000011110110001,
0000011101110100,
0000011100111000,
0000011011111011,
0000011010111110,
0000011010000001,
0000011001000101,
0000011000001000,
0000010111001011,
0000010110001110,
0000010101010001,
0000010100010100,
0000010011010111,
0000010010011010,
0000010001011101,
0000010000011111,
0000001111100010,
0000001110100101,
0000001101101000,
0000001100101011,
0000001011101101,
0000001010110000,
0000001001110011,
0000001000110110,
0000000111111000,
0000000110111011,
0000000101111110,
0000000101000000,
0000000100000011,
0000000011000110,
0000000010001000,
0000000001001011,
0000000000001110,
1111111111010000,
1111111110010011,
1111111101010110,
1111111100011000,
1111111011011011,
1111111010011110,
1111111001100000,
1111111000100011,
1111110111100110,
1111110110101000,
1111110101101011,
1111110100101110,
1111110011110000,
1111110010110011,
1111110001110110,
1111110000111001,
1111101111111100,
1111101110111111,
1111101110000001,
1111101101000100,
1111101100000111,
1111101011001010,
1111101010001101,
1111101001010000,
1111101000010011,
1111100111010111,
1111100110011010,
1111100101011101,
1111100100100000,
1111100011100011,
1111100010100111,
1111100001101010,
1111100000101101,
1111011111110001,
1111011110110100,
1111011101111000,
1111011100111100,
1111011011111111,
1111011011000011,
1111011010000111,
1111011001001011,
1111011000001110,
1111010111010010,
1111010110010110,
1111010101011011,
1111010100011111,
1111010011100011,
1111010010100111,
1111010001101100,
1111010000110000,
1111001111110100,
1111001110111001,
1111001101111110,
1111001101000010,
1111001100000111,
1111001011001100,
1111001010010001,
1111001001010110,
1111001000011011,
1111000111100000,
1111000110100110,
1111000101101011,
1111000100110001,
1111000011110110,
1111000010111100,
1111000010000010,
1111000001001000,
1111000000001110,
1110111111010100,
1110111110011010,
1110111101100000,
1110111100100110,
1110111011101101,
1110111010110011,
1110111001111010,
1110111001000001,
1110111000001000,
1110110111001111,
1110110110010110,
1110110101011101,
1110110100100100,
1110110011101100,
1110110010110011,
1110110001111011,
1110110001000011,
1110110000001011,
1110101111010011,
1110101110011011,
1110101101100011,
1110101100101100,
1110101011110100,
1110101010111101,
1110101010000110,
1110101001001111,
1110101000011000,
1110100111100001,
1110100110101011,
1110100101110100,
1110100100111110,
1110100100001000,
1110100011010001,
1110100010011100,
1110100001100110,
1110100000110000,
1110011111111011,
1110011111000101,
1110011110010000,
1110011101011011,
1110011100100110,
1110011011110001,
1110011010111101,
1110011010001000,
1110011001010100,
1110011000100000,
1110010111101100,
1110010110111000,
1110010110000101,
1110010101010001,
1110010100011110,
1110010011101011,
1110010010111000,
1110010010000101,
1110010001010010,
1110010000100000,
1110001111101110,
1110001110111011,
1110001110001001,
1110001101011000,
1110001100100110,
1110001011110101,
1110001011000011,
1110001010010010,
1110001001100010,
1110001000110001,
1110001000000000,
1110000111010000,
1110000110100000,
1110000101110000,
1110000101000000,
1110000100010001,
1110000011100001,
1110000010110010,
1110000010000011,
1110000001010100,
1110000000100110,
1101111111110111,
1101111111001001,
1101111110011011,
1101111101101101,
1101111101000000,
1101111100010010,
1101111011100101,
1101111010111000,
1101111010001011,
1101111001011111,
1101111000110010,
1101111000000110,
1101110111011010,
1101110110101110,
1101110110000011,
1101110101010111,
1101110100101100,
1101110100000001,
1101110011010111,
1101110010101100,
1101110010000010,
1101110001011000,
1101110000101110,
1101110000000101,
1101101111011011,
1101101110110010,
1101101110001001,
1101101101100001,
1101101100111000,
1101101100010000,
1101101011101000,
1101101011000000,
1101101010011000,
1101101001110001,
1101101001001010,
1101101000100011,
1101100111111101,
1101100111010110,
1101100110110000,
1101100110001010,
1101100101100100,
1101100100111111,
1101100100011010,
1101100011110101,
1101100011010000,
1101100010101100,
1101100010000111,
1101100001100011,
1101100001000000,
1101100000011100,
1101011111111001,
1101011111010110,
1101011110110011,
1101011110010000,
1101011101101110,
1101011101001100,
1101011100101010,
1101011100001001,
1101011011101000,
1101011011000111,
1101011010100110,
1101011010000101,
1101011001100101,
1101011001000101,
1101011000100101,
1101011000000110,
1101010111100111,
1101010111001000,
1101010110101001,
1101010110001011,
1101010101101100,
1101010101001111,
1101010100110001,
1101010100010100,
1101010011110110,
1101010011011010,
1101010010111101,
1101010010100001,
1101010010000101,
1101010001101001,
1101010001001101,
1101010000110010,
1101010000010111,
1101001111111100,
1101001111100010,
1101001111001000,
1101001110101110,
1101001110010100,
1101001101111011,
1101001101100010,
1101001101001001,
1101001100110001,
1101001100011000,
1101001100000000,
1101001011101001,
1101001011010001,
1101001010111010,
1101001010100011,
1101001010001101,
1101001001110111,
1101001001100000,
1101001001001011,
1101001000110101,
1101001000100000,
1101001000001011,
1101000111110111,
1101000111100010,
1101000111001110,
1101000110111011,
1101000110100111,
1101000110010100,
1101000110000001,
1101000101101111,
1101000101011100,
1101000101001010,
1101000100111000,
1101000100100111,
1101000100010110,
1101000100000101,
1101000011110100,
1101000011100100,
1101000011010100,
1101000011000100,
1101000010110101,
1101000010100110,
1101000010010111,
1101000010001001,
1101000001111010,
1101000001101100,
1101000001011111,
1101000001010001,
1101000001000100,
1101000000111000,
1101000000101011,
1101000000011111,
1101000000010011,
1101000000000111,
1100111111111100,
1100111111110001,
1100111111100110,
1100111111011100,
1100111111010010,
1100111111001000,
1100111110111111,
1100111110110101,
1100111110101100,
1100111110100100,
1100111110011011,
1100111110010011,
1100111110001100,
1100111110000100,
1100111101111101,
1100111101110110,
1100111101110000,
1100111101101010,
1100111101100100,
1100111101011110,
1100111101011001,
1100111101010100,
1100111101001111,
1100111101001010,
1100111101000110,
1100111101000010,
1100111100111111,
1100111100111100,
1100111100111001,
1100111100110110,
1100111100110100,
1100111100110010,
1100111100110000,
1100111100101111,
1100111100101110,
1100111100101101,
1100111100101100,
1100111100101100,
1100111100101100,
1100111100101100,
1100111100101101,
1100111100101110,
1100111100101111,
1100111100110001,
1100111100110011,
1100111100110101,
1100111100111000,
1100111100111010,
1100111100111101,
1100111101000001,
1100111101000101,
1100111101001001,
1100111101001101,
1100111101010001,
1100111101010110,
1100111101011100,
1100111101100001,
1100111101100111,
1100111101101101,
1100111101110011,
1100111101111010,
1100111110000001,
1100111110001000,
1100111110010000,
1100111110011000,
1100111110100000,
1100111110101001,
1100111110110001,
1100111110111010,
1100111111000100,
1100111111001101,
1100111111010111,
1100111111100010,
1100111111101100,
1100111111110111,
1101000000000010,
1101000000001110,
1101000000011010,
1101000000100110,
1101000000110010,
1101000000111111,
1101000001001100,
1101000001011001,
1101000001100110,
1101000001110100,
1101000010000010,
1101000010010001,
1101000010011111,
1101000010101110,
1101000010111110,
1101000011001101,
1101000011011101,
1101000011101101,
1101000011111110,
1101000100001110,
1101000100011111,
1101000100110001,
1101000101000010,
1101000101010100,
1101000101100110,
1101000101111001,
1101000110001100,
1101000110011111,
1101000110110010,
1101000111000110,
1101000111011001,
1101000111101110,
1101001000000010,
1101001000010111,
1101001000101100,
1101001001000001,
1101001001010111,
1101001001101101,
1101001010000011,
1101001010011001,
1101001010110000,
1101001011000111,
1101001011011110,
1101001011110110,
1101001100001110,
1101001100100110,
1101001100111110,
1101001101010111,
1101001101110000,
1101001110001001,
1101001110100011,
1101001110111100,
1101001111010110,
1101001111110001,
1101010000001011,
1101010000100110,
1101010001000001,
1101010001011101,
1101010001111000,
1101010010010100,
1101010010110000,
1101010011001101,
1101010011101010,
1101010100000111,
1101010100100100,
1101010101000001,
1101010101011111,
1101010101111101,
1101010110011100,
1101010110111010,
1101010111011001,
1101010111111000,
1101011000010111,
1101011000110111,
1101011001010111,
1101011001110111,
1101011010010111,
1101011010111000,
1101011011011001,
1101011011111010,
1101011100011011,
1101011100111101,
1101011101011111,
1101011110000001,
1101011110100100,
1101011111000110,
1101011111101001,
1101100000001100,
1101100000110000,
1101100001010011,
1101100001110111,
1101100010011011,
1101100011000000,
1101100011100100,
1101100100001001,
1101100100101110,
1101100101010100,
1101100101111001,
1101100110011111,
1101100111000101,
1101100111101011,
1101101000010010,
1101101000111001,
1101101001100000,
1101101010000111,
1101101010101110,
1101101011010110,
1101101011111110,
1101101100100110,
1101101101001110,
1101101101110111,
1101101110100000,
1101101111001001,
1101101111110010,
1101110000011100,
1101110001000101,
1101110001101111,
1101110010011010,
1101110011000100,
1101110011101110,
1101110100011001,
1101110101000100,
1101110101110000,
1101110110011011,
1101110111000111,
1101110111110011,
1101111000011111,
1101111001001011,
1101111001110111,
1101111010100100,
1101111011010001,
1101111011111110,
1101111100101011,
1101111101011001,
1101111110000111,
1101111110110101,
1101111111100011,
1110000000010001,
1110000001000000,
1110000001101110,
1110000010011101,
1110000011001100,
1110000011111100,
1110000100101011,
1110000101011011,
1110000110001011,
1110000110111011,
1110000111101011,
1110001000011011,
1110001001001100,
1110001001111101,
1110001010101110,
1110001011011111,
1110001100010000,
1110001101000010,
1110001101110011,
1110001110100101,
1110001111010111,
1110010000001001,
1110010000111100,
1110010001101110,
1110010010100001,
1110010011010100,
1110010100000111,
1110010100111010,
1110010101101110,
1110010110100001,
1110010111010101,
1110011000001001,
1110011000111101,
1110011001110001,
1110011010100110,
1110011011011010,
1110011100001111,
1110011101000100,
1110011101111001,
1110011110101110,
1110011111100011,
1110100000011000,
1110100001001110,
1110100010000100,
1110100010111010,
1110100011110000,
1110100100100110,
1110100101011100,
1110100110010010,
1110100111001001,
1110101000000000,
1110101000110111,
1110101001101110,
1110101010100101,
1110101011011100,
1110101100010011,
1110101101001011,
1110101110000010,
1110101110111010,
1110101111110010,
1110110000101010,
1110110001100010,
1110110010011010,
1110110011010011,
1110110100001011,
1110110101000100,
1110110101111101,
1110110110110101,
1110110111101110,
1110111000100111,
1110111001100001,
1110111010011010,
1110111011010011,
1110111100001101,
1110111101000110,
1110111110000000,
1110111110111010,
1110111111110100,
1111000000101110,
1111000001101000,
1111000010100010,
1111000011011100,
1111000100010111,
1111000101010001,
1111000110001100,
1111000111000110,
1111001000000001,
1111001000111100,
1111001001110111,
1111001010110010,
1111001011101101,
1111001100101000,
1111001101100011,
1111001110011111,
1111001111011010,
1111010000010110,
1111010001010001,
1111010010001101,
1111010011001000,
1111010100000100,
1111010101000000,
1111010101111100,
1111010110111000,
1111010111110100,
1111011000110000,
1111011001101100,
1111011010101000,
1111011011100100,
1111011100100001,
1111011101011101,
1111011110011010,
1111011111010110,
1111100000010011,
1111100001001111,
1111100010001100,
1111100011001000,
1111100100000101,
1111100101000010,
1111100101111111,
1111100110111011,
1111100111111000,
1111101000110101,
1111101001110010,
1111101010101111,
1111101011101100,
1111101100101001,
1111101101100110,
1111101110100011,
1111101111100001,
1111110000011110,
1111110001011011,
1111110010011000,
1111110011010101,
1111110100010011,
1111110101010000,
1111110110001101,
1111110111001010,
1111111000001000,
1111111001000101,
1111111010000010,
1111111011000000,
1111111011111101,
1111111100111010,
1111111101111000,
1111111110110101,
1111111111110010,
0000000000110000,
0000000001101101,
0000000010101010,
0000000011101000,
0000000100100101,
0000000101100010,
0000000110100000,
0000000111011101,
0000001000011010,
0000001001011000,
0000001010010101,
0000001011010010,
0000001100010000,
0000001101001101,
0000001110001010,
0000001111000111,
0000010000000100,
0000010001000001,
0000010001111111,
0000010010111100,
0000010011111001,
0000010100110110,
0000010101110011,
0000010110110000,
0000010111101101,
0000011000101001,
0000011001100110,
0000011010100011,
0000011011100000,
0000011100011101,
0000011101011001,
0000011110010110,
0000011111010011,
0000100000001111,
0000100001001100,
0000100010001000,
0000100011000100,
0000100100000001,
0000100100111101,
0000100101111001,
0000100110110101,
0000100111110010,
0000101000101110,
0000101001101010,
0000101010100101,
0000101011100001,
0000101100011101,
0000101101011001,
0000101110010100,
0000101111010000,
0000110000001100,
0000110001000111,
0000110010000010,
0000110010111110,
0000110011111001,
0000110100110100,
0000110101101111,
0000110110101010,
0000110111100101,
0000111000100000,
0000111001011010,
0000111010010101,
0000111011001111,
0000111100001010,
0000111101000100,
0000111101111110,
0000111110111000,
0000111111110010,
0001000000101100,
0001000001100110,
0001000010100000,
0001000011011010,
0001000100010011,
0001000101001101,
0001000110000110,
0001000110111111,
0001000111111000,
0001001000110001,
0001001001101010,
0001001010100011,
0001001011011100,
0001001100010100,
0001001101001101,
0001001110000101,
0001001110111101,
0001001111110101,
0001010000101101,
0001010001100101,
0001010010011101,
0001010011010100,
0001010100001100,
0001010101000011,
0001010101111010,
0001010110110001,
0001010111101000,
0001011000011111,
0001011001010101,
0001011010001100,
0001011011000010,
0001011011111000,
0001011100101111,
0001011101100100,
0001011110011010,
0001011111010000,
0001100000000101,
0001100000111011,
0001100001110000,
0001100010100101,
0001100011011010,
0001100100001111,
0001100101000011,
0001100101111000,
0001100110101100,
0001100111100000,
0001101000010100,
0001101001001000,
0001101001111011,
0001101010101111,
0001101011100010,
0001101100010101,
0001101101001000,
0001101101111011,
0001101110101110,
0001101111100000,
0001110000010010,
0001110001000101,
0001110001110111,
0001110010101000,
0001110011011010,
0001110100001011,
0001110100111101,
0001110101101110,
0001110110011110,
0001110111001111,
0001111000000000,
0001111000110000,
0001111001100000,
0001111010010000,
0001111011000000,
0001111011101111,
0001111100011111,
0001111101001110,
0001111101111101,
0001111110101100,
0001111111011010,
0010000000001001,
0010000000110111,
0010000001100101,
0010000010010011,
0010000011000000,
0010000011101110,
0010000100011011,
0010000101001000,
0010000101110101,
0010000110100001,
0010000111001110,
0010000111111010,
0010001000100110,
0010001001010010,
0010001001111101,
0010001010101001,
0010001011010100,
0010001011111111,
0010001100101001,
0010001101010100,
0010001101111110,
0010001110101000,
0010001111010010,
0010001111111011,
0010010000100101,
0010010001001110,
0010010001110111,
0010010010011111,
0010010011001000,
0010010011110000,
0010010100011000,
0010010101000000,
0010010101101000,
0010010110001111,
0010010110110110,
0010010111011101,
0010011000000011,
0010011000101010,
0010011001010000,
0010011001110110,
0010011010011100,
0010011011000001,
0010011011100110,
0010011100001011,
0010011100110000,
0010011101010100,
0010011101111001,
0010011110011101,
0010011111000000,
0010011111100100,
0010100000000111,
0010100000101010,
0010100001001101,
0010100001110000,
0010100010010010,
0010100010110100,
0010100011010110,
0010100011110111,
0010100100011000,
0010100100111001,
0010100101011010,
0010100101111011,
0010100110011011,
0010100110111011,
0010100111011011,
0010100111111010,
0010101000011001,
0010101000111000,
0010101001010111,
0010101001110101,
0010101010010100,
0010101010110001,
0010101011001111,
0010101011101100,
0010101100001010,
0010101100100110,
0010101101000011,
0010101101011111,
0010101101111011,
0010101110010111,
0010101110110011,
0010101111001110,
0010101111101001,
0010110000000100,
0010110000011110,
0010110000111000,
0010110001010010,
0010110001101100,
0010110010000101,
0010110010011110,
0010110010110111,
0010110011001111,
0010110011101000,
0010110100000000,
0010110100010111,
0010110100101111,
0010110101000110,
0010110101011101,
0010110101110011,
0010110110001001,
0010110110100000,
0010110110110101,
0010110111001011,
0010110111100000,
0010110111110101,
0010111000001001,
0010111000011110,
0010111000110010,
0010111001000101,
0010111001011001,
0010111001101100,
0010111001111111,
0010111010010001,
0010111010100100,
0010111010110110,
0010111011001000,
0010111011011001,
0010111011101010,
0010111011111011,
0010111100001100,
0010111100011100,
0010111100101100,
0010111100111100,
0010111101001011,
0010111101011010,
0010111101101001,
0010111101110111,
0010111110000110,
0010111110010100,
0010111110100001,
0010111110101111,
0010111110111100,
0010111111001000,
0010111111010101,
0010111111100001,
0010111111101101,
0010111111111001,
0011000000000100,
0011000000001111,
0011000000011010,
0011000000100100,
0011000000101110,
0011000000111000,
0011000001000001,
0011000001001011,
0011000001010100,
0011000001011100,
0011000001100101,
0011000001101101,
0011000001110100,
0011000001111100,
0011000010000011,
0011000010001010,
0011000010010000,
0011000010010110,
0011000010011100,
0011000010100010,
0011000010100111,
0011000010101100,
0011000010110001,
0011000010110110,
0011000010111010,
0011000010111110,
0011000011000001,
0011000011000100,
0011000011000111,
0011000011001010,
0011000011001100,
0011000011001110,
0011000011010000,
0011000011010001,
0011000011010010,
0011000011010011,
0011000011010100,
0011000011010100,
0011000011010100,
0011000011010100,
0011000011010011,
0011000011010010,
0011000011010001,
0011000011001111,
0011000011001101,
0011000011001011,
0011000011001000,
0011000011000110,
0011000011000011,
0011000010111111,
0011000010111011,
0011000010110111,
0011000010110011,
0011000010101111,
0011000010101010,
0011000010100100,
0011000010011111,
0011000010011001,
0011000010010011,
0011000010001101,
0011000010000110,
0011000001111111,
0011000001111000,
0011000001110000,
0011000001101000,
0011000001100000,
0011000001010111,
0011000001001111,
0011000001000110,
0011000000111100,
0011000000110011,
0011000000101001,
0011000000011110,
0011000000010100,
0011000000001001,
0010111111111110,
0010111111110010,
0010111111100110,
0010111111011010,
0010111111001110,
0010111111000001,
0010111110110100,
0010111110100111,
0010111110011010,
0010111110001100,
0010111101111110,
0010111101101111,
0010111101100001,
0010111101010010,
0010111101000010,
0010111100110011,
0010111100100011,
0010111100010011,
0010111100000010,
0010111011110010,
0010111011100001,
0010111011001111,
0010111010111110,
0010111010101100,
0010111010011010,
0010111010000111,
0010111001110100,
0010111001100001,
0010111001001110,
0010111000111010,
0010111000100111,
0010111000010010,
0010110111111110,
0010110111101001,
0010110111010100,
0010110110111111,
0010110110101001,
0010110110010011,
0010110101111101,
0010110101100111,
0010110101010000,
0010110100111001,
0010110100100010,
0010110100001010,
0010110011110010,
0010110011011010,
0010110011000010,
0010110010101001,
0010110010010000,
0010110001110111,
0010110001011101,
0010110001000100,
0010110000101010,
0010110000001111,
0010101111110101,
0010101111011010,
0010101110111111,
0010101110100011,
0010101110001000,
0010101101101100,
0010101101010000,
0010101100110011,
0010101100010110,
0010101011111001,
0010101011011100,
0010101010111111,
0010101010100001,
0010101010000011,
0010101001100100,
0010101001000110,
0010101000100111,
0010101000001000,
0010100111101001,
0010100111001001,
0010100110101001,
0010100110001001,
0010100101101001,
0010100101001000,
0010100100100111,
0010100100000110,
0010100011100101,
0010100011000011,
0010100010100001,
0010100001111111,
0010100001011100,
0010100000111010,
0010100000010111,
0010011111110100,
0010011111010000,
0010011110101101,
0010011110001001,
0010011101100101,
0010011101000000,
0010011100011100,
0010011011110111,
0010011011010010,
0010011010101100,
0010011010000111,
0010011001100001,
0010011000111011,
0010011000010101,
0010010111101110,
0010010111000111,
0010010110100000,
0010010101111001,
0010010101010010,
0010010100101010,
0010010100000010,
0010010011011010,
0010010010110010,
0010010010001001,
0010010001100000,
0010010000110111,
0010010000001110,
0010001111100100,
0010001110111011,
0010001110010001,
0010001101100110,
0010001100111100,
0010001100010010,
0010001011100111,
0010001010111100,
0010001010010000,
0010001001100101,
0010001000111001,
0010001000001101,
0010000111100001,
0010000110110101,
0010000110001001,
0010000101011100,
0010000100101111,
0010000100000010,
0010000011010101,
0010000010100111,
0010000001111001,
0010000001001011,
0010000000011101,
0001111111101111,
0001111111000000,
0001111110010010,
0001111101100011,
0001111100110100,
0001111100000100,
0001111011010101,
0001111010100101,
0001111001110101,
0001111001000101,
0001111000010101,
0001110111100101,
0001110110110100,
0001110110000011,
0001110101010010,
0001110100100001,
0001110011110000,
0001110010111110,
0001110010001101,
0001110001011011,
0001110000101001,
0001101111110111,
0001101111000100,
0001101110010010,
0001101101011111,
0001101100101100,
0001101011111001,
0001101011000110,
0001101010010010,
0001101001011111,
0001101000101011,
0001100111110111,
0001100111000011,
0001100110001111,
0001100101011010,
0001100100100110,
0001100011110001,
0001100010111100,
0001100010000111,
0001100001010010,
0001100000011101,
0001011111101000,
0001011110110010,
0001011101111100,
0001011101000110,
0001011100010000,
0001011011011010,
0001011010100100,
0001011001101110,
0001011000110111,
0001011000000000,
0001010111001001,
0001010110010010,
0001010101011011,
0001010100100100,
0001010011101101,
0001010010110101,
0001010001111110,
0001010001000110,
0001010000001110,
0001001111010110,
0001001110011110,
0001001101100110,
0001001100101101,
0001001011110101,
0001001010111100,
0001001010000011,
0001001001001011,
0001001000010010,
0001000111011001,
0001000110011111,
0001000101100110,
0001000100101101,
0001000011110011,
0001000010111010,
0001000010000000,
0001000001000110,
0001000000001100,
0000111111010010,
0000111110011000,
0000111101011110,
0000111100100100,
0000111011101001,
0000111010101111,
0000111001110100,
0000111000111010,
0000110111111111,
0000110111000100,
0000110110001001,
0000110101001110,
0000110100010011,
0000110011011000,
0000110010011101,
0000110001100001,
0000110000100110,
0000101111101010,
0000101110101111,
0000101101110011,
0000101100111000,
0000101011111100,
0000101011000000,
0000101010000100,
0000101001001000,
0000101000001100,
0000100111010000,
0000100110010100,
0000100101011000,
0000100100011100,
0000100011011111,
0000100010100011,
0000100001100110,
0000100000101010,
0000011111101101,
0000011110110001,
0000011101110100,
0000011100111000,
0000011011111011,
0000011010111110,
0000011010000001,
0000011001000101,
0000011000001000,
0000010111001011,
0000010110001110,
0000010101010001,
0000010100010100,
0000010011010111,
0000010010011010,
0000010001011101,
0000010000011111,
0000001111100010,
0000001110100101,
0000001101101000,
0000001100101011,
0000001011101101,
0000001010110000,
0000001001110011,
0000001000110110,
0000000111111000,
0000000110111011,
0000000101111110,
0000000101000000,
0000000100000011,
0000000011000110,
0000000010001000,
0000000001001011,
0000000000001110,
1111111111010000,
1111111110010011,
1111111101010110,
1111111100011000,
1111111011011011,
1111111010011110,
1111111001100000,
1111111000100011,
1111110111100110,
1111110110101000,
1111110101101011,
1111110100101110,
1111110011110000,
1111110010110011,
1111110001110110,
1111110000111001,
1111101111111100,
1111101110111111,
1111101110000001,
1111101101000100,
1111101100000111,
1111101011001010,
1111101010001101,
1111101001010000,
1111101000010011,
1111100111010111,
1111100110011010,
1111100101011101,
1111100100100000,
1111100011100011,
1111100010100111,
1111100001101010,
1111100000101101,
1111011111110001,
1111011110110100,
1111011101111000,
1111011100111100,
1111011011111111,
1111011011000011,
1111011010000111,
1111011001001011,
1111011000001110,
1111010111010010,
1111010110010110,
1111010101011011,
1111010100011111,
1111010011100011,
1111010010100111,
1111010001101100,
1111010000110000,
1111001111110100,
1111001110111001,
1111001101111110,
1111001101000010,
1111001100000111,
1111001011001100,
1111001010010001,
1111001001010110,
1111001000011011,
1111000111100000,
1111000110100110,
1111000101101011,
1111000100110001,
1111000011110110,
1111000010111100,
1111000010000010,
1111000001001000,
1111000000001110,
1110111111010100,
1110111110011010,
1110111101100000,
1110111100100110,
1110111011101101,
1110111010110011,
1110111001111010,
1110111001000001,
1110111000001000,
1110110111001111,
1110110110010110,
1110110101011101,
1110110100100100,
1110110011101100,
1110110010110011,
1110110001111011,
1110110001000011,
1110110000001011,
1110101111010011,
1110101110011011,
1110101101100011,
1110101100101100,
1110101011110100,
1110101010111101,
1110101010000110,
1110101001001111,
1110101000011000,
1110100111100001,
1110100110101011,
1110100101110100,
1110100100111110,
1110100100001000,
1110100011010001,
1110100010011100,
1110100001100110,
1110100000110000,
1110011111111011,
1110011111000101,
1110011110010000,
1110011101011011,
1110011100100110,
1110011011110001,
1110011010111101,
1110011010001000,
1110011001010100,
1110011000100000,
1110010111101100,
1110010110111000,
1110010110000101,
1110010101010001,
1110010100011110,
1110010011101011,
1110010010111000,
1110010010000101,
1110010001010010,
1110010000100000,
1110001111101110,
1110001110111011,
1110001110001001,
1110001101011000,
1110001100100110,
1110001011110101,
1110001011000011,
1110001010010010,
1110001001100010,
1110001000110001,
1110001000000000,
1110000111010000,
1110000110100000,
1110000101110000,
1110000101000000,
1110000100010001,
1110000011100001,
1110000010110010,
1110000010000011,
1110000001010100,
1110000000100110,
1101111111110111,
1101111111001001,
1101111110011011,
1101111101101101,
1101111101000000,
1101111100010010,
1101111011100101,
1101111010111000,
1101111010001011,
1101111001011111,
1101111000110010,
1101111000000110,
1101110111011010,
1101110110101110,
1101110110000011,
1101110101010111,
1101110100101100,
1101110100000001,
1101110011010111,
1101110010101100,
1101110010000010,
1101110001011000,
1101110000101110,
1101110000000101,
1101101111011011,
1101101110110010,
1101101110001001,
1101101101100001,
1101101100111000,
1101101100010000,
1101101011101000,
1101101011000000,
1101101010011000,
1101101001110001,
1101101001001010,
1101101000100011,
1101100111111101,
1101100111010110,
1101100110110000,
1101100110001010,
1101100101100100,
1101100100111111,
1101100100011010,
1101100011110101,
1101100011010000,
1101100010101100,
1101100010000111,
1101100001100011,
1101100001000000,
1101100000011100,
1101011111111001,
1101011111010110,
1101011110110011,
1101011110010000,
1101011101101110,
1101011101001100,
1101011100101010,
1101011100001001,
1101011011101000,
1101011011000111,
1101011010100110,
1101011010000101,
1101011001100101,
1101011001000101,
1101011000100101,
1101011000000110,
1101010111100111,
1101010111001000,
1101010110101001,
1101010110001011,
1101010101101100,
1101010101001111,
1101010100110001,
1101010100010100,
1101010011110110,
1101010011011010,
1101010010111101,
1101010010100001,
1101010010000101,
1101010001101001,
1101010001001101,
1101010000110010,
1101010000010111,
1101001111111100,
1101001111100010,
1101001111001000,
1101001110101110,
1101001110010100,
1101001101111011,
1101001101100010,
1101001101001001,
1101001100110001,
1101001100011000,
1101001100000000,
1101001011101001,
1101001011010001,
1101001010111010,
1101001010100011,
1101001010001101,
1101001001110111,
1101001001100000,
1101001001001011,
1101001000110101,
1101001000100000,
1101001000001011,
1101000111110111,
1101000111100010,
1101000111001110,
1101000110111011,
1101000110100111,
1101000110010100,
1101000110000001,
1101000101101111,
1101000101011100,
1101000101001010,
1101000100111000,
1101000100100111,
1101000100010110,
1101000100000101,
1101000011110100,
1101000011100100,
1101000011010100,
1101000011000100,
1101000010110101,
1101000010100110,
1101000010010111,
1101000010001001,
1101000001111010,
1101000001101100,
1101000001011111,
1101000001010001,
1101000001000100,
1101000000111000,
1101000000101011,
1101000000011111,
1101000000010011,
1101000000000111,
1100111111111100,
1100111111110001,
1100111111100110,
1100111111011100,
1100111111010010,
1100111111001000,
1100111110111111,
1100111110110101,
1100111110101100,
1100111110100100,
1100111110011011,
1100111110010011,
1100111110001100,
1100111110000100,
1100111101111101,
1100111101110110,
1100111101110000,
1100111101101010,
1100111101100100,
1100111101011110,
1100111101011001,
1100111101010100,
1100111101001111,
1100111101001010,
1100111101000110,
1100111101000010,
1100111100111111,
1100111100111100,
1100111100111001,
1100111100110110,
1100111100110100,
1100111100110010,
1100111100110000,
1100111100101111,
1100111100101110,
1100111100101101,
1100111100101100,
1100111100101100,
1100111100101100,
1100111100101100,
1100111100101101,
1100111100101110,
1100111100101111,
1100111100110001,
1100111100110011,
1100111100110101,
1100111100111000,
1100111100111010,
1100111100111101,
1100111101000001,
1100111101000101,
1100111101001001,
1100111101001101,
1100111101010001,
1100111101010110,
1100111101011100,
1100111101100001,
1100111101100111,
1100111101101101,
1100111101110011,
1100111101111010,
1100111110000001,
1100111110001000,
1100111110010000,
1100111110011000,
1100111110100000,
1100111110101001,
1100111110110001,
1100111110111010,
1100111111000100,
1100111111001101,
1100111111010111,
1100111111100010,
1100111111101100,
1100111111110111,
1101000000000010,
1101000000001110,
1101000000011010,
1101000000100110,
1101000000110010,
1101000000111111,
1101000001001100,
1101000001011001,
1101000001100110,
1101000001110100,
1101000010000010,
1101000010010001,
1101000010011111,
1101000010101110,
1101000010111110,
1101000011001101,
1101000011011101,
1101000011101101,
1101000011111110,
1101000100001110,
1101000100011111,
1101000100110001,
1101000101000010,
1101000101010100,
1101000101100110,
1101000101111001,
1101000110001100,
1101000110011111,
1101000110110010,
1101000111000110,
1101000111011001,
1101000111101110,
1101001000000010,
1101001000010111,
1101001000101100,
1101001001000001,
1101001001010111,
1101001001101101,
1101001010000011,
1101001010011001,
1101001010110000,
1101001011000111,
1101001011011110,
1101001011110110,
1101001100001110,
1101001100100110,
1101001100111110,
1101001101010111,
1101001101110000,
1101001110001001,
1101001110100011,
1101001110111100,
1101001111010110,
1101001111110001,
1101010000001011,
1101010000100110,
1101010001000001,
1101010001011101,
1101010001111000,
1101010010010100,
1101010010110000,
1101010011001101,
1101010011101010,
1101010100000111,
1101010100100100,
1101010101000001,
1101010101011111,
1101010101111101,
1101010110011100,
1101010110111010,
1101010111011001,
1101010111111000,
1101011000010111,
1101011000110111,
1101011001010111,
1101011001110111,
1101011010010111,
1101011010111000,
1101011011011001,
1101011011111010,
1101011100011011,
1101011100111101,
1101011101011111,
1101011110000001,
1101011110100100,
1101011111000110,
1101011111101001,
1101100000001100,
1101100000110000,
1101100001010011,
1101100001110111,
1101100010011011,
1101100011000000,
1101100011100100,
1101100100001001,
1101100100101110,
1101100101010100,
1101100101111001,
1101100110011111,
1101100111000101,
1101100111101011,
1101101000010010,
1101101000111001,
1101101001100000,
1101101010000111,
1101101010101110,
1101101011010110,
1101101011111110,
1101101100100110,
1101101101001110,
1101101101110111,
1101101110100000,
1101101111001001,
1101101111110010,
1101110000011100,
1101110001000101,
1101110001101111,
1101110010011010,
1101110011000100,
1101110011101110,
1101110100011001,
1101110101000100,
1101110101110000,
1101110110011011,
1101110111000111,
1101110111110011,
1101111000011111,
1101111001001011,
1101111001110111,
1101111010100100,
1101111011010001,
1101111011111110,
1101111100101011,
1101111101011001,
1101111110000111,
1101111110110101,
1101111111100011,
1110000000010001,
1110000001000000,
1110000001101110,
1110000010011101,
1110000011001100,
1110000011111100,
1110000100101011,
1110000101011011,
1110000110001011,
1110000110111011,
1110000111101011,
1110001000011011,
1110001001001100,
1110001001111101,
1110001010101110,
1110001011011111,
1110001100010000,
1110001101000010,
1110001101110011,
1110001110100101,
1110001111010111,
1110010000001001,
1110010000111100,
1110010001101110,
1110010010100001,
1110010011010100,
1110010100000111,
1110010100111010,
1110010101101110,
1110010110100001,
1110010111010101,
1110011000001001,
1110011000111101,
1110011001110001,
1110011010100110,
1110011011011010,
1110011100001111,
1110011101000100,
1110011101111001,
1110011110101110,
1110011111100011,
1110100000011000,
1110100001001110,
1110100010000100,
1110100010111010,
1110100011110000,
1110100100100110,
1110100101011100,
1110100110010010,
1110100111001001,
1110101000000000,
1110101000110111,
1110101001101110,
1110101010100101,
1110101011011100,
1110101100010011,
1110101101001011,
1110101110000010,
1110101110111010,
1110101111110010,
1110110000101010,
1110110001100010,
1110110010011010,
1110110011010011,
1110110100001011,
1110110101000100,
1110110101111101,
1110110110110101,
1110110111101110,
1110111000100111,
1110111001100001,
1110111010011010,
1110111011010011,
1110111100001101,
1110111101000110,
1110111110000000,
1110111110111010,
1110111111110100,
1111000000101110,
1111000001101000,
1111000010100010,
1111000011011100,
1111000100010111,
1111000101010001,
1111000110001100,
1111000111000110,
1111001000000001,
1111001000111100,
1111001001110111,
1111001010110010,
1111001011101101,
1111001100101000,
1111001101100011,
1111001110011111,
1111001111011010,
1111010000010110,
1111010001010001,
1111010010001101,
1111010011001000,
1111010100000100,
1111010101000000,
1111010101111100,
1111010110111000,
1111010111110100,
1111011000110000,
1111011001101100,
1111011010101000,
1111011011100100,
1111011100100001,
1111011101011101,
1111011110011010,
1111011111010110,
1111100000010011,
1111100001001111,
1111100010001100,
1111100011001000,
1111100100000101,
1111100101000010,
1111100101111111,
1111100110111011,
1111100111111000,
1111101000110101,
1111101001110010,
1111101010101111,
1111101011101100,
1111101100101001,
1111101101100110,
1111101110100011,
1111101111100001,
1111110000011110,
1111110001011011,
1111110010011000,
1111110011010101,
1111110100010011,
1111110101010000,
1111110110001101,
1111110111001010,
1111111000001000,
1111111001000101,
1111111010000010,
1111111011000000,
1111111011111101,
1111111100111010,
1111111101111000,
1111111110110101,
1111111111110010,
0000000000110000,
0000000001101101,
0000000010101010,
0000000011101000,
0000000100100101,
0000000101100010,
0000000110100000,
0000000111011101,
0000001000011010,
0000001001011000,
0000001010010101,
0000001011010010,
0000001100010000,
0000001101001101,
0000001110001010,
0000001111000111,
0000010000000100,
0000010001000001,
0000010001111111,
0000010010111100,
0000010011111001,
0000010100110110,
0000010101110011,
0000010110110000,
0000010111101101,
0000011000101001,
0000011001100110,
0000011010100011,
0000011011100000,
0000011100011101,
0000011101011001,
0000011110010110,
0000011111010011,
0000100000001111,
0000100001001100,
0000100010001000,
0000100011000100,
0000100100000001,
0000100100111101,
0000100101111001,
0000100110110101,
0000100111110010,
0000101000101110,
0000101001101010,
0000101010100101,
0000101011100001,
0000101100011101,
0000101101011001,
0000101110010100,
0000101111010000,
0000110000001100,
0000110001000111,
0000110010000010,
0000110010111110,
0000110011111001,
0000110100110100,
0000110101101111,
0000110110101010,
0000110111100101,
0000111000100000,
0000111001011010,
0000111010010101,
0000111011001111,
0000111100001010,
0000111101000100,
0000111101111110,
0000111110111000,
0000111111110010,
0001000000101100,
0001000001100110,
0001000010100000,
0001000011011010,
0001000100010011,
0001000101001101,
0001000110000110,
0001000110111111,
0001000111111000,
0001001000110001,
0001001001101010,
0001001010100011,
0001001011011100,
0001001100010100,
0001001101001101,
0001001110000101,
0001001110111101,
0001001111110101,
0001010000101101,
0001010001100101,
0001010010011101,
0001010011010100,
0001010100001100,
0001010101000011,
0001010101111010,
0001010110110001,
0001010111101000,
0001011000011111,
0001011001010101,
0001011010001100,
0001011011000010,
0001011011111000,
0001011100101111,
0001011101100100,
0001011110011010,
0001011111010000,
0001100000000101,
0001100000111011,
0001100001110000,
0001100010100101,
0001100011011010,
0001100100001111,
0001100101000011,
0001100101111000,
0001100110101100,
0001100111100000,
0001101000010100,
0001101001001000,
0001101001111011,
0001101010101111,
0001101011100010,
0001101100010101,
0001101101001000,
0001101101111011,
0001101110101110,
0001101111100000,
0001110000010010,
0001110001000101,
0001110001110111,
0001110010101000,
0001110011011010,
0001110100001011,
0001110100111101,
0001110101101110,
0001110110011110,
0001110111001111,
0001111000000000,
0001111000110000,
0001111001100000,
0001111010010000,
0001111011000000,
0001111011101111,
0001111100011111,
0001111101001110,
0001111101111101,
0001111110101100,
0001111111011010,
0010000000001001,
0010000000110111,
0010000001100101,
0010000010010011,
0010000011000000,
0010000011101110,
0010000100011011,
0010000101001000,
0010000101110101,
0010000110100001,
0010000111001110,
0010000111111010,
0010001000100110,
0010001001010010,
0010001001111101,
0010001010101001,
0010001011010100,
0010001011111111,
0010001100101001,
0010001101010100,
0010001101111110,
0010001110101000,
0010001111010010,
0010001111111011,
0010010000100101,
0010010001001110,
0010010001110111,
0010010010011111,
0010010011001000,
0010010011110000,
0010010100011000,
0010010101000000,
0010010101101000,
0010010110001111,
0010010110110110,
0010010111011101,
0010011000000011,
0010011000101010,
0010011001010000,
0010011001110110,
0010011010011100,
0010011011000001,
0010011011100110,
0010011100001011,
0010011100110000,
0010011101010100,
0010011101111001,
0010011110011101,
0010011111000000,
0010011111100100,
0010100000000111,
0010100000101010,
0010100001001101,
0010100001110000,
0010100010010010,
0010100010110100,
0010100011010110,
0010100011110111,
0010100100011000,
0010100100111001,
0010100101011010,
0010100101111011,
0010100110011011,
0010100110111011,
0010100111011011,
0010100111111010,
0010101000011001,
0010101000111000,
0010101001010111,
0010101001110101,
0010101010010100,
0010101010110001,
0010101011001111,
0010101011101100,
0010101100001010,
0010101100100110,
0010101101000011,
0010101101011111,
0010101101111011,
0010101110010111,
0010101110110011,
0010101111001110,
0010101111101001,
0010110000000100,
0010110000011110,
0010110000111000,
0010110001010010,
0010110001101100,
0010110010000101,
0010110010011110,
0010110010110111,
0010110011001111,
0010110011101000,
0010110100000000,
0010110100010111,
0010110100101111,
0010110101000110,
0010110101011101,
0010110101110011,
0010110110001001,
0010110110100000,
0010110110110101,
0010110111001011,
0010110111100000,
0010110111110101,
0010111000001001,
0010111000011110,
0010111000110010,
0010111001000101,
0010111001011001,
0010111001101100,
0010111001111111,
0010111010010001,
0010111010100100,
0010111010110110,
0010111011001000,
0010111011011001,
0010111011101010,
0010111011111011,
0010111100001100,
0010111100011100,
0010111100101100,
0010111100111100,
0010111101001011,
0010111101011010,
0010111101101001,
0010111101110111,
0010111110000110,
0010111110010100,
0010111110100001,
0010111110101111,
0010111110111100,
0010111111001000,
0010111111010101,
0010111111100001,
0010111111101101,
0010111111111001,
0011000000000100,
0011000000001111,
0011000000011010,
0011000000100100,
0011000000101110,
0011000000111000,
0011000001000001,
0011000001001011,
0011000001010100,
0011000001011100,
0011000001100101,
0011000001101101,
0011000001110100,
0011000001111100,
0011000010000011,
0011000010001010,
0011000010010000,
0011000010010110,
0011000010011100,
0011000010100010,
0011000010100111,
0011000010101100,
0011000010110001,
0011000010110110,
0011000010111010,
0011000010111110,
0011000011000001,
0011000011000100,
0011000011000111,
0011000011001010,
0011000011001100,
0011000011001110,
0011000011010000,
0011000011010001,
0011000011010010,
0011000011010011,
0011000011010100,
0011000011010100,
0011000011010100,
0011000011010100,
0011000011010011,
0011000011010010,
0011000011010001,
0011000011001111,
0011000011001101,
0011000011001011,
0011000011001000,
0011000011000110,
0011000011000011,
0011000010111111,
0011000010111011,
0011000010110111,
0011000010110011,
0011000010101111,
0011000010101010,
0011000010100100,
0011000010011111,
0011000010011001,
0011000010010011,
0011000010001101,
0011000010000110,
0011000001111111,
0011000001111000,
0011000001110000,
0011000001101000,
0011000001100000,
0011000001010111,
0011000001001111,
0011000001000110,
0011000000111100,
0011000000110011,
0011000000101001,
0011000000011110,
0011000000010100,
0011000000001001,
0010111111111110,
0010111111110010,
0010111111100110,
0010111111011010,
0010111111001110,
0010111111000001,
0010111110110100,
0010111110100111,
0010111110011010,
0010111110001100,
0010111101111110,
0010111101101111,
0010111101100001,
0010111101010010,
0010111101000010,
0010111100110011,
0010111100100011,
0010111100010011,
0010111100000010,
0010111011110010,
0010111011100001,
0010111011001111,
0010111010111110,
0010111010101100,
0010111010011010,
0010111010000111,
0010111001110100,
0010111001100001,
0010111001001110,
0010111000111010,
0010111000100111,
0010111000010010,
0010110111111110,
0010110111101001,
0010110111010100,
0010110110111111,
0010110110101001,
0010110110010011,
0010110101111101,
0010110101100111,
0010110101010000,
0010110100111001,
0010110100100010,
0010110100001010,
0010110011110010,
0010110011011010,
0010110011000010,
0010110010101001,
0010110010010000,
0010110001110111,
0010110001011101,
0010110001000100,
0010110000101010,
0010110000001111,
0010101111110101,
0010101111011010,
0010101110111111,
0010101110100011,
0010101110001000,
0010101101101100,
0010101101010000,
0010101100110011,
0010101100010110,
0010101011111001,
0010101011011100,
0010101010111111,
0010101010100001,
0010101010000011,
0010101001100100,
0010101001000110,
0010101000100111,
0010101000001000,
0010100111101001,
0010100111001001,
0010100110101001,
0010100110001001,
0010100101101001,
0010100101001000,
0010100100100111,
0010100100000110,
0010100011100101,
0010100011000011,
0010100010100001,
0010100001111111,
0010100001011100,
0010100000111010,
0010100000010111,
0010011111110100,
0010011111010000,
0010011110101101,
0010011110001001,
0010011101100101,
0010011101000000,
0010011100011100,
0010011011110111,
0010011011010010,
0010011010101100,
0010011010000111,
0010011001100001,
0010011000111011,
0010011000010101,
0010010111101110,
0010010111000111,
0010010110100000,
0010010101111001,
0010010101010010,
0010010100101010,
0010010100000010,
0010010011011010,
0010010010110010,
0010010010001001,
0010010001100000,
0010010000110111,
0010010000001110,
0010001111100100,
0010001110111011,
0010001110010001,
0010001101100110,
0010001100111100,
0010001100010010,
0010001011100111,
0010001010111100,
0010001010010000,
0010001001100101,
0010001000111001,
0010001000001101,
0010000111100001,
0010000110110101,
0010000110001001,
0010000101011100,
0010000100101111,
0010000100000010,
0010000011010101,
0010000010100111,
0010000001111001,
0010000001001011,
0010000000011101,
0001111111101111,
0001111111000000,
0001111110010010,
0001111101100011,
0001111100110100,
0001111100000100,
0001111011010101,
0001111010100101,
0001111001110101,
0001111001000101,
0001111000010101,
0001110111100101,
0001110110110100,
0001110110000011,
0001110101010010,
0001110100100001,
0001110011110000,
0001110010111110,
0001110010001101,
0001110001011011,
0001110000101001,
0001101111110111,
0001101111000100,
0001101110010010,
0001101101011111,
0001101100101100,
0001101011111001,
0001101011000110,
0001101010010010,
0001101001011111,
0001101000101011,
0001100111110111,
0001100111000011,
0001100110001111,
0001100101011010,
0001100100100110,
0001100011110001,
0001100010111100,
0001100010000111,
0001100001010010,
0001100000011101,
0001011111101000,
0001011110110010,
0001011101111100,
0001011101000110,
0001011100010000,
0001011011011010,
0001011010100100,
0001011001101110,
0001011000110111,
0001011000000000,
0001010111001001,
0001010110010010,
0001010101011011,
0001010100100100,
0001010011101101,
0001010010110101,
0001010001111110,
0001010001000110,
0001010000001110,
0001001111010110,
0001001110011110,
0001001101100110,
0001001100101101,
0001001011110101,
0001001010111100,
0001001010000011,
0001001001001011,
0001001000010010,
0001000111011001,
0001000110011111,
0001000101100110,
0001000100101101,
0001000011110011,
0001000010111010,
0001000010000000,
0001000001000110,
0001000000001100,
0000111111010010,
0000111110011000,
0000111101011110,
0000111100100100,
0000111011101001,
0000111010101111,
0000111001110100,
0000111000111010,
0000110111111111,
0000110111000100,
0000110110001001,
0000110101001110,
0000110100010011,
0000110011011000,
0000110010011101,
0000110001100001,
0000110000100110,
0000101111101010,
0000101110101111,
0000101101110011,
0000101100111000,
0000101011111100,
0000101011000000,
0000101010000100,
0000101001001000,
0000101000001100,
0000100111010000,
0000100110010100,
0000100101011000,
0000100100011100,
0000100011011111,
0000100010100011,
0000100001100110,
0000100000101010,
0000011111101101,
0000011110110001,
0000011101110100,
0000011100111000,
0000011011111011,
0000011010111110,
0000011010000001,
0000011001000101,
0000011000001000,
0000010111001011,
0000010110001110,
0000010101010001,
0000010100010100,
0000010011010111,
0000010010011010,
0000010001011101,
0000010000011111,
0000001111100010,
0000001110100101,
0000001101101000,
0000001100101011,
0000001011101101,
0000001010110000,
0000001001110011,
0000001000110110,
0000000111111000,
0000000110111011,
0000000101111110,
0000000101000000,
0000000100000011,
0000000011000110,
0000000010001000,
0000000001001011,
0000000000001110,
1111111111010000,
1111111110010011,
1111111101010110,
1111111100011000,
1111111011011011,
1111111010011110,
1111111001100000,
1111111000100011,
1111110111100110,
1111110110101000,
1111110101101011,
1111110100101110,
1111110011110000,
1111110010110011,
1111110001110110,
1111110000111001,
1111101111111100,
1111101110111111,
1111101110000001,
1111101101000100,
1111101100000111,
1111101011001010,
1111101010001101,
1111101001010000,
1111101000010011,
1111100111010111,
1111100110011010,
1111100101011101,
1111100100100000,
1111100011100011,
1111100010100111,
1111100001101010,
1111100000101101,
1111011111110001,
1111011110110100,
1111011101111000,
1111011100111100,
1111011011111111,
1111011011000011,
1111011010000111,
1111011001001011,
1111011000001110,
1111010111010010,
1111010110010110,
1111010101011011,
1111010100011111,
1111010011100011,
1111010010100111,
1111010001101100,
1111010000110000,
1111001111110100,
1111001110111001,
1111001101111110,
1111001101000010,
1111001100000111,
1111001011001100,
1111001010010001,
1111001001010110,
1111001000011011,
1111000111100000,
1111000110100110,
1111000101101011,
1111000100110001,
1111000011110110,
1111000010111100,
1111000010000010,
1111000001001000,
1111000000001110,
1110111111010100,
1110111110011010,
1110111101100000,
1110111100100110,
1110111011101101,
1110111010110011,
1110111001111010,
1110111001000001,
1110111000001000,
1110110111001111,
1110110110010110,
1110110101011101,
1110110100100100,
1110110011101100,
1110110010110011,
1110110001111011,
1110110001000011,
1110110000001011,
1110101111010011,
1110101110011011,
1110101101100011,
1110101100101100,
1110101011110100,
1110101010111101,
1110101010000110,
1110101001001111,
1110101000011000,
1110100111100001,
1110100110101011,
1110100101110100,
1110100100111110,
1110100100001000,
1110100011010001,
1110100010011100,
1110100001100110,
1110100000110000,
1110011111111011,
1110011111000101,
1110011110010000,
1110011101011011,
1110011100100110,
1110011011110001,
1110011010111101,
1110011010001000,
1110011001010100,
1110011000100000,
1110010111101100,
1110010110111000,
1110010110000101,
1110010101010001,
1110010100011110,
1110010011101011,
1110010010111000,
1110010010000101,
1110010001010010,
1110010000100000,
1110001111101110,
1110001110111011,
1110001110001001,
1110001101011000,
1110001100100110,
1110001011110101,
1110001011000011,
1110001010010010,
1110001001100010,
1110001000110001,
1110001000000000,
1110000111010000,
1110000110100000,
1110000101110000,
1110000101000000,
1110000100010001,
1110000011100001,
1110000010110010,
1110000010000011,
1110000001010100,
1110000000100110,
1101111111110111,
1101111111001001,
1101111110011011,
1101111101101101,
1101111101000000,
1101111100010010,
1101111011100101,
1101111010111000,
1101111010001011,
1101111001011111,
1101111000110010,
1101111000000110,
1101110111011010,
1101110110101110,
1101110110000011,
1101110101010111,
1101110100101100,
1101110100000001,
1101110011010111,
1101110010101100,
1101110010000010,
1101110001011000,
1101110000101110,
1101110000000101,
1101101111011011,
1101101110110010,
1101101110001001,
1101101101100001,
1101101100111000,
1101101100010000,
1101101011101000,
1101101011000000,
1101101010011000,
1101101001110001,
1101101001001010,
1101101000100011,
1101100111111101,
1101100111010110,
1101100110110000,
1101100110001010,
1101100101100100,
1101100100111111,
1101100100011010,
1101100011110101,
1101100011010000,
1101100010101100,
1101100010000111,
1101100001100011,
1101100001000000,
1101100000011100,
1101011111111001,
1101011111010110,
1101011110110011,
1101011110010000,
1101011101101110,
1101011101001100,
1101011100101010,
1101011100001001,
1101011011101000,
1101011011000111,
1101011010100110,
1101011010000101,
1101011001100101,
1101011001000101,
1101011000100101,
1101011000000110,
1101010111100111,
1101010111001000,
1101010110101001,
1101010110001011,
1101010101101100,
1101010101001111,
1101010100110001,
1101010100010100,
1101010011110110,
1101010011011010,
1101010010111101,
1101010010100001,
1101010010000101,
1101010001101001,
1101010001001101,
1101010000110010,
1101010000010111,
1101001111111100,
1101001111100010,
1101001111001000,
1101001110101110,
1101001110010100,
1101001101111011,
1101001101100010,
1101001101001001,
1101001100110001,
1101001100011000,
1101001100000000,
1101001011101001,
1101001011010001,
1101001010111010,
1101001010100011,
1101001010001101,
1101001001110111,
1101001001100000,
1101001001001011,
1101001000110101,
1101001000100000,
1101001000001011,
1101000111110111,
1101000111100010,
1101000111001110,
1101000110111011,
1101000110100111,
1101000110010100,
1101000110000001,
1101000101101111,
1101000101011100,
1101000101001010,
1101000100111000,
1101000100100111,
1101000100010110,
1101000100000101,
1101000011110100,
1101000011100100,
1101000011010100,
1101000011000100,
1101000010110101,
1101000010100110,
1101000010010111,
1101000010001001,
1101000001111010,
1101000001101100,
1101000001011111,
1101000001010001,
1101000001000100,
1101000000111000,
1101000000101011,
1101000000011111,
1101000000010011,
1101000000000111,
1100111111111100,
1100111111110001,
1100111111100110,
1100111111011100,
1100111111010010,
1100111111001000,
1100111110111111,
1100111110110101,
1100111110101100,
1100111110100100,
1100111110011011,
1100111110010011,
1100111110001100,
1100111110000100,
1100111101111101,
1100111101110110,
1100111101110000,
1100111101101010,
1100111101100100,
1100111101011110,
1100111101011001,
1100111101010100,
1100111101001111,
1100111101001010,
1100111101000110,
1100111101000010,
1100111100111111,
1100111100111100,
1100111100111001,
1100111100110110,
1100111100110100,
1100111100110010,
1100111100110000,
1100111100101111,
1100111100101110,
1100111100101101,
1100111100101100,
1100111100101100,
1100111100101100,
1100111100101100,
1100111100101101,
1100111100101110,
1100111100101111,
1100111100110001,
1100111100110011,
1100111100110101,
1100111100111000,
1100111100111010,
1100111100111101,
1100111101000001,
1100111101000101,
1100111101001001,
1100111101001101,
1100111101010001,
1100111101010110,
1100111101011100,
1100111101100001,
1100111101100111,
1100111101101101,
1100111101110011,
1100111101111010,
1100111110000001,
1100111110001000,
1100111110010000,
1100111110011000,
1100111110100000,
1100111110101001,
1100111110110001,
1100111110111010,
1100111111000100,
1100111111001101,
1100111111010111,
1100111111100010,
1100111111101100,
1100111111110111,
1101000000000010,
1101000000001110,
1101000000011010,
1101000000100110,
1101000000110010,
1101000000111111,
1101000001001100,
1101000001011001,
1101000001100110,
1101000001110100,
1101000010000010,
1101000010010001,
1101000010011111,
1101000010101110,
1101000010111110,
1101000011001101,
1101000011011101,
1101000011101101,
1101000011111110,
1101000100001110,
1101000100011111,
1101000100110001,
1101000101000010,
1101000101010100,
1101000101100110,
1101000101111001,
1101000110001100,
1101000110011111,
1101000110110010,
1101000111000110,
1101000111011001,
1101000111101110,
1101001000000010,
1101001000010111,
1101001000101100,
1101001001000001,
1101001001010111,
1101001001101101,
1101001010000011,
1101001010011001,
1101001010110000,
1101001011000111,
1101001011011110,
1101001011110110,
1101001100001110,
1101001100100110,
1101001100111110,
1101001101010111,
1101001101110000,
1101001110001001,
1101001110100011,
1101001110111100,
1101001111010110,
1101001111110001,
1101010000001011,
1101010000100110,
1101010001000001,
1101010001011101,
1101010001111000,
1101010010010100,
1101010010110000,
1101010011001101,
1101010011101010,
1101010100000111,
1101010100100100,
1101010101000001,
1101010101011111,
1101010101111101,
1101010110011100,
1101010110111010,
1101010111011001,
1101010111111000,
1101011000010111,
1101011000110111,
1101011001010111,
1101011001110111,
1101011010010111,
1101011010111000,
1101011011011001,
1101011011111010,
1101011100011011,
1101011100111101,
1101011101011111,
1101011110000001,
1101011110100100,
1101011111000110,
1101011111101001,
1101100000001100,
1101100000110000,
1101100001010011,
1101100001110111,
1101100010011011,
1101100011000000,
1101100011100100,
1101100100001001,
1101100100101110,
1101100101010100,
1101100101111001,
1101100110011111,
1101100111000101,
1101100111101011,
1101101000010010,
1101101000111001,
1101101001100000,
1101101010000111,
1101101010101110,
1101101011010110,
1101101011111110,
1101101100100110,
1101101101001110,
1101101101110111,
1101101110100000,
1101101111001001,
1101101111110010,
1101110000011100,
1101110001000101,
1101110001101111,
1101110010011010,
1101110011000100,
1101110011101110,
1101110100011001,
1101110101000100,
1101110101110000,
1101110110011011,
1101110111000111,
1101110111110011,
1101111000011111,
1101111001001011,
1101111001110111,
1101111010100100,
1101111011010001,
1101111011111110,
1101111100101011,
1101111101011001,
1101111110000111,
1101111110110101,
1101111111100011,
1110000000010001,
1110000001000000,
1110000001101110,
1110000010011101,
1110000011001100,
1110000011111100,
1110000100101011,
1110000101011011,
1110000110001011,
1110000110111011,
1110000111101011,
1110001000011011,
1110001001001100,
1110001001111101,
1110001010101110,
1110001011011111,
1110001100010000,
1110001101000010,
1110001101110011,
1110001110100101,
1110001111010111,
1110010000001001,
1110010000111100,
1110010001101110,
1110010010100001,
1110010011010100,
1110010100000111,
1110010100111010,
1110010101101110,
1110010110100001,
1110010111010101,
1110011000001001,
1110011000111101,
1110011001110001,
1110011010100110,
1110011011011010,
1110011100001111,
1110011101000100,
1110011101111001,
1110011110101110,
1110011111100011,
1110100000011000,
1110100001001110,
1110100010000100,
1110100010111010,
1110100011110000,
1110100100100110,
1110100101011100,
1110100110010010,
1110100111001001,
1110101000000000,
1110101000110111,
1110101001101110,
1110101010100101,
1110101011011100,
1110101100010011,
1110101101001011,
1110101110000010,
1110101110111010,
1110101111110010,
1110110000101010,
1110110001100010,
1110110010011010,
1110110011010011,
1110110100001011,
1110110101000100,
1110110101111101,
1110110110110101,
1110110111101110,
1110111000100111,
1110111001100001,
1110111010011010,
1110111011010011,
1110111100001101,
1110111101000110,
1110111110000000,
1110111110111010,
1110111111110100,
1111000000101110,
1111000001101000,
1111000010100010,
1111000011011100,
1111000100010111,
1111000101010001,
1111000110001100,
1111000111000110,
1111001000000001,
1111001000111100,
1111001001110111,
1111001010110010,
1111001011101101,
1111001100101000,
1111001101100011,
1111001110011111,
1111001111011010,
1111010000010110,
1111010001010001,
1111010010001101,
1111010011001000,
1111010100000100,
1111010101000000,
1111010101111100,
1111010110111000,
1111010111110100,
1111011000110000,
1111011001101100,
1111011010101000,
1111011011100100,
1111011100100001,
1111011101011101,
1111011110011010,
1111011111010110,
1111100000010011,
1111100001001111,
1111100010001100,
1111100011001000,
1111100100000101,
1111100101000010,
1111100101111111,
1111100110111011,
1111100111111000,
1111101000110101,
1111101001110010,
1111101010101111,
1111101011101100,
1111101100101001,
1111101101100110,
1111101110100011,
1111101111100001,
1111110000011110,
1111110001011011,
1111110010011000,
1111110011010101,
1111110100010011,
1111110101010000,
1111110110001101,
1111110111001010,
1111111000001000,
1111111001000101,
1111111010000010,
1111111011000000,
1111111011111101,
1111111100111010,
1111111101111000,
1111111110110101,
1111111111110010,
0000000000110000,
0000000001101101,
0000000010101010,
0000000011101000,
0000000100100101,
0000000101100010,
0000000110100000,
0000000111011101,
0000001000011010,
0000001001011000,
0000001010010101,
0000001011010010,
0000001100010000,
0000001101001101,
0000001110001010,
0000001111000111,
0000010000000100,
0000010001000001,
0000010001111111,
0000010010111100,
0000010011111001,
0000010100110110,
0000010101110011,
0000010110110000,
0000010111101101,
0000011000101001,
0000011001100110,
0000011010100011,
0000011011100000,
0000011100011101,
0000011101011001,
0000011110010110,
0000011111010011,
0000100000001111,
0000100001001100,
0000100010001000,
0000100011000100,
0000100100000001,
0000100100111101,
0000100101111001,
0000100110110101,
0000100111110010,
0000101000101110,
0000101001101010,
0000101010100101,
0000101011100001,
0000101100011101,
0000101101011001,
0000101110010100,
0000101111010000,
0000110000001100,
0000110001000111,
0000110010000010,
0000110010111110,
0000110011111001,
0000110100110100,
0000110101101111,
0000110110101010,
0000110111100101,
0000111000100000,
0000111001011010,
0000111010010101,
0000111011001111,
0000111100001010,
0000111101000100,
0000111101111110,
0000111110111000,
0000111111110010,
0001000000101100,
0001000001100110,
0001000010100000,
0001000011011010,
0001000100010011,
0001000101001101,
0001000110000110,
0001000110111111,
0001000111111000,
0001001000110001,
0001001001101010,
0001001010100011,
0001001011011100,
0001001100010100,
0001001101001101,
0001001110000101,
0001001110111101,
0001001111110101,
0001010000101101,
0001010001100101,
0001010010011101,
0001010011010100,
0001010100001100,
0001010101000011,
0001010101111010,
0001010110110001,
0001010111101000,
0001011000011111,
0001011001010101,
0001011010001100,
0001011011000010,
0001011011111000,
0001011100101111,
0001011101100100,
0001011110011010,
0001011111010000,
0001100000000101,
0001100000111011,
0001100001110000,
0001100010100101,
0001100011011010,
0001100100001111,
0001100101000011,
0001100101111000,
0001100110101100,
0001100111100000,
0001101000010100,
0001101001001000,
0001101001111011,
0001101010101111,
0001101011100010,
0001101100010101,
0001101101001000,
0001101101111011,
0001101110101110,
0001101111100000,
0001110000010010,
0001110001000101,
0001110001110111,
0001110010101000,
0001110011011010,
0001110100001011,
0001110100111101,
0001110101101110,
0001110110011110,
0001110111001111,
0001111000000000,
0001111000110000,
0001111001100000,
0001111010010000,
0001111011000000,
0001111011101111,
0001111100011111,
0001111101001110,
0001111101111101,
0001111110101100,
0001111111011010,
0010000000001001,
0010000000110111,
0010000001100101,
0010000010010011,
0010000011000000,
0010000011101110,
0010000100011011,
0010000101001000,
0010000101110101,
0010000110100001,
0010000111001110,
0010000111111010,
0010001000100110,
0010001001010010,
0010001001111101,
0010001010101001,
0010001011010100,
0010001011111111,
0010001100101001,
0010001101010100,
0010001101111110,
0010001110101000,
0010001111010010,
0010001111111011,
0010010000100101,
0010010001001110,
0010010001110111,
0010010010011111,
0010010011001000,
0010010011110000,
0010010100011000,
0010010101000000,
0010010101101000,
0010010110001111,
0010010110110110,
0010010111011101,
0010011000000011,
0010011000101010,
0010011001010000,
0010011001110110,
0010011010011100,
0010011011000001,
0010011011100110,
0010011100001011,
0010011100110000,
0010011101010100,
0010011101111001,
0010011110011101,
0010011111000000,
0010011111100100,
0010100000000111,
0010100000101010,
0010100001001101,
0010100001110000,
0010100010010010,
0010100010110100,
0010100011010110,
0010100011110111,
0010100100011000,
0010100100111001,
0010100101011010,
0010100101111011,
0010100110011011,
0010100110111011,
0010100111011011,
0010100111111010,
0010101000011001,
0010101000111000,
0010101001010111,
0010101001110101,
0010101010010100,
0010101010110001,
0010101011001111,
0010101011101100,
0010101100001010,
0010101100100110,
0010101101000011,
0010101101011111,
0010101101111011,
0010101110010111,
0010101110110011,
0010101111001110,
0010101111101001,
0010110000000100,
0010110000011110,
0010110000111000,
0010110001010010,
0010110001101100,
0010110010000101,
0010110010011110,
0010110010110111,
0010110011001111,
0010110011101000,
0010110100000000,
0010110100010111,
0010110100101111,
0010110101000110,
0010110101011101,
0010110101110011,
0010110110001001,
0010110110100000,
0010110110110101,
0010110111001011,
0010110111100000,
0010110111110101,
0010111000001001,
0010111000011110,
0010111000110010,
0010111001000101,
0010111001011001,
0010111001101100,
0010111001111111,
0010111010010001,
0010111010100100,
0010111010110110,
0010111011001000,
0010111011011001,
0010111011101010,
0010111011111011,
0010111100001100,
0010111100011100,
0010111100101100,
0010111100111100,
0010111101001011,
0010111101011010,
0010111101101001,
0010111101110111,
0010111110000110,
0010111110010100,
0010111110100001,
0010111110101111,
0010111110111100,
0010111111001000,
0010111111010101,
0010111111100001,
0010111111101101,
0010111111111001,
0011000000000100,
0011000000001111,
0011000000011010,
0011000000100100,
0011000000101110,
0011000000111000,
0011000001000001,
0011000001001011,
0011000001010100,
0011000001011100,
0011000001100101,
0011000001101101,
0011000001110100,
0011000001111100,
0011000010000011,
0011000010001010,
0011000010010000,
0011000010010110,
0011000010011100,
0011000010100010,
0011000010100111,
0011000010101100,
0011000010110001,
0011000010110110,
0011000010111010,
0011000010111110,
0011000011000001,
0011000011000100,
0011000011000111,
0011000011001010,
0011000011001100,
0011000011001110,
0011000011010000,
0011000011010001,
0011000011010010,
0011000011010011,
0011000011010100,
0011000011010100,
0011000011010100,
0011000011010100,
0011000011010011,
0011000011010010,
0011000011010001,
0011000011001111,
0011000011001101,
0011000011001011,
0011000011001000,
0011000011000110,
0011000011000011,
0011000010111111,
0011000010111011,
0011000010110111,
0011000010110011,
0011000010101111,
0011000010101010,
0011000010100100,
0011000010011111,
0011000010011001,
0011000010010011,
0011000010001101,
0011000010000110,
0011000001111111,
0011000001111000,
0011000001110000,
0011000001101000,
0011000001100000,
0011000001010111,
0011000001001111,
0011000001000110,
0011000000111100,
0011000000110011,
0011000000101001,
0011000000011110,
0011000000010100,
0011000000001001,
0010111111111110,
0010111111110010,
0010111111100110,
0010111111011010,
0010111111001110,
0010111111000001,
0010111110110100,
0010111110100111,
0010111110011010,
0010111110001100,
0010111101111110,
0010111101101111,
0010111101100001,
0010111101010010,
0010111101000010,
0010111100110011,
0010111100100011,
0010111100010011,
0010111100000010,
0010111011110010,
0010111011100001,
0010111011001111,
0010111010111110,
0010111010101100,
0010111010011010,
0010111010000111,
0010111001110100,
0010111001100001,
0010111001001110,
0010111000111010,
0010111000100111,
0010111000010010,
0010110111111110,
0010110111101001,
0010110111010100,
0010110110111111,
0010110110101001,
0010110110010011,
0010110101111101,
0010110101100111,
0010110101010000,
0010110100111001,
0010110100100010,
0010110100001010,
0010110011110010,
0010110011011010,
0010110011000010,
0010110010101001,
0010110010010000,
0010110001110111,
0010110001011101,
0010110001000100,
0010110000101010,
0010110000001111,
0010101111110101,
0010101111011010,
0010101110111111,
0010101110100011,
0010101110001000,
0010101101101100,
0010101101010000,
0010101100110011,
0010101100010110,
0010101011111001,
0010101011011100,
0010101010111111,
0010101010100001,
0010101010000011,
0010101001100100,
0010101001000110,
0010101000100111,
0010101000001000,
0010100111101001,
0010100111001001,
0010100110101001,
0010100110001001,
0010100101101001,
0010100101001000,
0010100100100111,
0010100100000110,
0010100011100101,
0010100011000011,
0010100010100001,
0010100001111111,
0010100001011100,
0010100000111010,
0010100000010111,
0010011111110100,
0010011111010000,
0010011110101101,
0010011110001001,
0010011101100101,
0010011101000000,
0010011100011100,
0010011011110111,
0010011011010010,
0010011010101100,
0010011010000111,
0010011001100001,
0010011000111011,
0010011000010101,
0010010111101110,
0010010111000111,
0010010110100000,
0010010101111001,
0010010101010010,
0010010100101010,
0010010100000010,
0010010011011010,
0010010010110010,
0010010010001001,
0010010001100000,
0010010000110111,
0010010000001110,
0010001111100100,
0010001110111011,
0010001110010001,
0010001101100110,
0010001100111100,
0010001100010010,
0010001011100111,
0010001010111100,
0010001010010000,
0010001001100101,
0010001000111001,
0010001000001101,
0010000111100001,
0010000110110101,
0010000110001001,
0010000101011100,
0010000100101111,
0010000100000010,
0010000011010101,
0010000010100111,
0010000001111001,
0010000001001011,
0010000000011101,
0001111111101111,
0001111111000000,
0001111110010010,
0001111101100011,
0001111100110100,
0001111100000100,
0001111011010101,
0001111010100101,
0001111001110101,
0001111001000101,
0001111000010101,
0001110111100101,
0001110110110100,
0001110110000011,
0001110101010010,
0001110100100001,
0001110011110000,
0001110010111110,
0001110010001101,
0001110001011011,
0001110000101001,
0001101111110111,
0001101111000100,
0001101110010010,
0001101101011111,
0001101100101100,
0001101011111001,
0001101011000110,
0001101010010010,
0001101001011111,
0001101000101011,
0001100111110111,
0001100111000011,
0001100110001111,
0001100101011010,
0001100100100110,
0001100011110001,
0001100010111100,
0001100010000111,
0001100001010010,
0001100000011101,
0001011111101000,
0001011110110010,
0001011101111100,
0001011101000110,
0001011100010000,
0001011011011010,
0001011010100100,
0001011001101110,
0001011000110111,
0001011000000000,
0001010111001001,
0001010110010010,
0001010101011011,
0001010100100100,
0001010011101101,
0001010010110101,
0001010001111110,
0001010001000110,
0001010000001110,
0001001111010110,
0001001110011110,
0001001101100110,
0001001100101101,
0001001011110101,
0001001010111100,
0001001010000011,
0001001001001011,
0001001000010010,
0001000111011001,
0001000110011111,
0001000101100110,
0001000100101101,
0001000011110011,
0001000010111010,
0001000010000000,
0001000001000110,
0001000000001100,
0000111111010010,
0000111110011000,
0000111101011110,
0000111100100100,
0000111011101001,
0000111010101111,
0000111001110100,
0000111000111010,
0000110111111111,
0000110111000100,
0000110110001001,
0000110101001110,
0000110100010011,
0000110011011000,
0000110010011101,
0000110001100001,
0000110000100110,
0000101111101010,
0000101110101111,
0000101101110011,
0000101100111000,
0000101011111100,
0000101011000000,
0000101010000100,
0000101001001000,
0000101000001100,
0000100111010000,
0000100110010100,
0000100101011000,
0000100100011100,
0000100011011111,
0000100010100011,
0000100001100110,
0000100000101010,
0000011111101101,
0000011110110001,
0000011101110100,
0000011100111000,
0000011011111011,
0000011010111110,
0000011010000001,
0000011001000101,
0000011000001000,
0000010111001011,
0000010110001110,
0000010101010001,
0000010100010100,
0000010011010111,
0000010010011010,
0000010001011101,
0000010000011111,
0000001111100010,
0000001110100101,
0000001101101000,
0000001100101011,
0000001011101101,
0000001010110000,
0000001001110011,
0000001000110110,
0000000111111000,
0000000110111011,
0000000101111110,
0000000101000000,
0000000100000011,
0000000011000110,
0000000010001000,
0000000001001011,
0000000000001110,
1111111111010000,
1111111110010011,
1111111101010110,
1111111100011000,
1111111011011011,
1111111010011110,
1111111001100000,
1111111000100011,
1111110111100110,
1111110110101000,
1111110101101011,
1111110100101110,
1111110011110000,
1111110010110011,
1111110001110110,
1111110000111001,
1111101111111100,
1111101110111111,
1111101110000001,
1111101101000100,
1111101100000111,
1111101011001010,
1111101010001101,
1111101001010000,
1111101000010011,
1111100111010111,
1111100110011010,
1111100101011101,
1111100100100000,
1111100011100011,
1111100010100111,
1111100001101010,
1111100000101101,
1111011111110001,
1111011110110100,
1111011101111000,
1111011100111100,
1111011011111111,
1111011011000011,
1111011010000111,
1111011001001011,
1111011000001110,
1111010111010010,
1111010110010110,
1111010101011011,
1111010100011111,
1111010011100011,
1111010010100111,
1111010001101100,
1111010000110000,
1111001111110100,
1111001110111001,
1111001101111110,
1111001101000010,
1111001100000111,
1111001011001100,
1111001010010001,
1111001001010110,
1111001000011011,
1111000111100000,
1111000110100110,
1111000101101011,
1111000100110001,
1111000011110110,
1111000010111100,
1111000010000010,
1111000001001000,
1111000000001110,
1110111111010100,
1110111110011010,
1110111101100000,
1110111100100110,
1110111011101101,
1110111010110011,
1110111001111010,
1110111001000001,
1110111000001000,
1110110111001111,
1110110110010110,
1110110101011101,
1110110100100100,
1110110011101100,
1110110010110011,
1110110001111011,
1110110001000011,
1110110000001011,
1110101111010011,
1110101110011011,
1110101101100011,
1110101100101100,
1110101011110100,
1110101010111101,
1110101010000110,
1110101001001111,
1110101000011000,
1110100111100001,
1110100110101011,
1110100101110100,
1110100100111110,
1110100100001000,
1110100011010001,
1110100010011100,
1110100001100110,
1110100000110000,
1110011111111011,
1110011111000101,
1110011110010000,
1110011101011011,
1110011100100110,
1110011011110001,
1110011010111101,
1110011010001000,
1110011001010100,
1110011000100000,
1110010111101100,
1110010110111000,
1110010110000101,
1110010101010001,
1110010100011110,
1110010011101011,
1110010010111000,
1110010010000101,
1110010001010010,
1110010000100000,
1110001111101110,
1110001110111011,
1110001110001001,
1110001101011000,
1110001100100110,
1110001011110101,
1110001011000011,
1110001010010010,
1110001001100010,
1110001000110001,
1110001000000000,
1110000111010000,
1110000110100000,
1110000101110000,
1110000101000000,
1110000100010001,
1110000011100001,
1110000010110010,
1110000010000011,
1110000001010100,
1110000000100110,
1101111111110111,
1101111111001001,
1101111110011011,
1101111101101101,
1101111101000000,
1101111100010010,
1101111011100101,
1101111010111000,
1101111010001011,
1101111001011111,
1101111000110010,
1101111000000110,
1101110111011010,
1101110110101110,
1101110110000011,
1101110101010111,
1101110100101100,
1101110100000001,
1101110011010111,
1101110010101100,
1101110010000010,
1101110001011000,
1101110000101110,
1101110000000101,
1101101111011011,
1101101110110010,
1101101110001001,
1101101101100001,
1101101100111000,
1101101100010000,
1101101011101000,
1101101011000000,
1101101010011000,
1101101001110001,
1101101001001010,
1101101000100011,
1101100111111101,
1101100111010110,
1101100110110000,
1101100110001010,
1101100101100100,
1101100100111111,
1101100100011010,
1101100011110101,
1101100011010000,
1101100010101100,
1101100010000111,
1101100001100011,
1101100001000000,
1101100000011100,
1101011111111001,
1101011111010110,
1101011110110011,
1101011110010000,
1101011101101110,
1101011101001100,
1101011100101010,
1101011100001001,
1101011011101000,
1101011011000111,
1101011010100110,
1101011010000101,
1101011001100101,
1101011001000101,
1101011000100101,
1101011000000110,
1101010111100111,
1101010111001000,
1101010110101001,
1101010110001011,
1101010101101100,
1101010101001111,
1101010100110001,
1101010100010100,
1101010011110110,
1101010011011010,
1101010010111101,
1101010010100001,
1101010010000101,
1101010001101001,
1101010001001101,
1101010000110010,
1101010000010111,
1101001111111100,
1101001111100010,
1101001111001000,
1101001110101110,
1101001110010100,
1101001101111011,
1101001101100010,
1101001101001001,
1101001100110001,
1101001100011000,
1101001100000000,
1101001011101001,
1101001011010001,
1101001010111010,
1101001010100011,
1101001010001101,
1101001001110111,
1101001001100000,
1101001001001011,
1101001000110101,
1101001000100000,
1101001000001011,
1101000111110111,
1101000111100010,
1101000111001110,
1101000110111011,
1101000110100111,
1101000110010100,
1101000110000001,
1101000101101111,
1101000101011100,
1101000101001010,
1101000100111000,
1101000100100111,
1101000100010110,
1101000100000101,
1101000011110100,
1101000011100100,
1101000011010100,
1101000011000100,
1101000010110101,
1101000010100110,
1101000010010111,
1101000010001001,
1101000001111010,
1101000001101100,
1101000001011111,
1101000001010001,
1101000001000100,
1101000000111000,
1101000000101011,
1101000000011111,
1101000000010011,
1101000000000111,
1100111111111100,
1100111111110001,
1100111111100110,
1100111111011100,
1100111111010010,
1100111111001000,
1100111110111111,
1100111110110101,
1100111110101100,
1100111110100100,
1100111110011011,
1100111110010011,
1100111110001100,
1100111110000100,
1100111101111101,
1100111101110110,
1100111101110000,
1100111101101010,
1100111101100100,
1100111101011110,
1100111101011001,
1100111101010100,
1100111101001111,
1100111101001010,
1100111101000110,
1100111101000010,
1100111100111111,
1100111100111100,
1100111100111001,
1100111100110110,
1100111100110100,
1100111100110010,
1100111100110000,
1100111100101111,
1100111100101110,
1100111100101101,
1100111100101100,
1100111100101100,
1100111100101100,
1100111100101100,
1100111100101101,
1100111100101110,
1100111100101111,
1100111100110001,
1100111100110011,
1100111100110101,
1100111100111000,
1100111100111010,
1100111100111101,
1100111101000001,
1100111101000101,
1100111101001001,
1100111101001101,
1100111101010001,
1100111101010110,
1100111101011100,
1100111101100001,
1100111101100111,
1100111101101101,
1100111101110011,
1100111101111010,
1100111110000001,
1100111110001000,
1100111110010000,
1100111110011000,
1100111110100000,
1100111110101001,
1100111110110001,
1100111110111010,
1100111111000100,
1100111111001101,
1100111111010111,
1100111111100010,
1100111111101100,
1100111111110111,
1101000000000010,
1101000000001110,
1101000000011010,
1101000000100110,
1101000000110010,
1101000000111111,
1101000001001100,
1101000001011001,
1101000001100110,
1101000001110100,
1101000010000010,
1101000010010001,
1101000010011111,
1101000010101110,
1101000010111110,
1101000011001101,
1101000011011101,
1101000011101101,
1101000011111110,
1101000100001110,
1101000100011111,
1101000100110001,
1101000101000010,
1101000101010100,
1101000101100110,
1101000101111001,
1101000110001100,
1101000110011111,
1101000110110010,
1101000111000110,
1101000111011001,
1101000111101110,
1101001000000010,
1101001000010111,
1101001000101100,
1101001001000001,
1101001001010111,
1101001001101101,
1101001010000011,
1101001010011001,
1101001010110000,
1101001011000111,
1101001011011110,
1101001011110110,
1101001100001110,
1101001100100110,
1101001100111110,
1101001101010111,
1101001101110000,
1101001110001001,
1101001110100011,
1101001110111100,
1101001111010110,
1101001111110001,
1101010000001011,
1101010000100110,
1101010001000001,
1101010001011101,
1101010001111000,
1101010010010100,
1101010010110000,
1101010011001101,
1101010011101010,
1101010100000111,
1101010100100100,
1101010101000001,
1101010101011111,
1101010101111101,
1101010110011100,
1101010110111010,
1101010111011001,
1101010111111000,
1101011000010111,
1101011000110111,
1101011001010111,
1101011001110111,
1101011010010111,
1101011010111000,
1101011011011001,
1101011011111010,
1101011100011011,
1101011100111101,
1101011101011111,
1101011110000001,
1101011110100100,
1101011111000110,
1101011111101001,
1101100000001100,
1101100000110000,
1101100001010011,
1101100001110111,
1101100010011011,
1101100011000000,
1101100011100100,
1101100100001001,
1101100100101110,
1101100101010100,
1101100101111001,
1101100110011111,
1101100111000101,
1101100111101011,
1101101000010010,
1101101000111001,
1101101001100000,
1101101010000111,
1101101010101110,
1101101011010110,
1101101011111110,
1101101100100110,
1101101101001110,
1101101101110111,
1101101110100000,
1101101111001001,
1101101111110010,
1101110000011100,
1101110001000101,
1101110001101111,
1101110010011010,
1101110011000100,
1101110011101110,
1101110100011001,
1101110101000100,
1101110101110000,
1101110110011011,
1101110111000111,
1101110111110011,
1101111000011111,
1101111001001011,
1101111001110111,
1101111010100100,
1101111011010001,
1101111011111110,
1101111100101011,
1101111101011001,
1101111110000111,
1101111110110101,
1101111111100011,
1110000000010001,
1110000001000000,
1110000001101110,
1110000010011101,
1110000011001100,
1110000011111100,
1110000100101011,
1110000101011011,
1110000110001011,
1110000110111011,
1110000111101011,
1110001000011011,
1110001001001100,
1110001001111101,
1110001010101110,
1110001011011111,
1110001100010000,
1110001101000010,
1110001101110011,
1110001110100101,
1110001111010111,
1110010000001001,
1110010000111100,
1110010001101110,
1110010010100001,
1110010011010100,
1110010100000111,
1110010100111010,
1110010101101110,
1110010110100001,
1110010111010101,
1110011000001001,
1110011000111101,
1110011001110001,
1110011010100110,
1110011011011010,
1110011100001111,
1110011101000100,
1110011101111001,
1110011110101110,
1110011111100011,
1110100000011000,
1110100001001110,
1110100010000100,
1110100010111010,
1110100011110000,
1110100100100110,
1110100101011100,
1110100110010010,
1110100111001001,
1110101000000000,
1110101000110111,
1110101001101110,
1110101010100101,
1110101011011100,
1110101100010011,
1110101101001011,
1110101110000010,
1110101110111010,
1110101111110010,
1110110000101010,
1110110001100010,
1110110010011010,
1110110011010011,
1110110100001011,
1110110101000100,
1110110101111101,
1110110110110101,
1110110111101110,
1110111000100111,
1110111001100001,
1110111010011010,
1110111011010011,
1110111100001101,
1110111101000110,
1110111110000000,
1110111110111010,
1110111111110100,
1111000000101110,
1111000001101000,
1111000010100010,
1111000011011100,
1111000100010111,
1111000101010001,
1111000110001100,
1111000111000110,
1111001000000001,
1111001000111100,
1111001001110111,
1111001010110010,
1111001011101101,
1111001100101000,
1111001101100011,
1111001110011111,
1111001111011010,
1111010000010110,
1111010001010001,
1111010010001101,
1111010011001000,
1111010100000100,
1111010101000000,
1111010101111100,
1111010110111000,
1111010111110100,
1111011000110000,
1111011001101100,
1111011010101000,
1111011011100100,
1111011100100001,
1111011101011101,
1111011110011010,
1111011111010110,
1111100000010011,
1111100001001111,
1111100010001100,
1111100011001000,
1111100100000101,
1111100101000010,
1111100101111111,
1111100110111011,
1111100111111000,
1111101000110101,
1111101001110010,
1111101010101111,
1111101011101100,
1111101100101001,
1111101101100110,
1111101110100011,
1111101111100001,
1111110000011110,
1111110001011011,
1111110010011000,
1111110011010101,
1111110100010011,
1111110101010000,
1111110110001101,
1111110111001010,
1111111000001000,
1111111001000101,
1111111010000010,
1111111011000000,
1111111011111101,
1111111100111010,
1111111101111000,
1111111110110101,
1111111111110010,
0000000000110000,
0000000001101101,
0000000010101010,
0000000011101000,
0000000100100101,
0000000101100010,
0000000110100000,
0000000111011101,
0000001000011010,
0000001001011000,
0000001010010101,
0000001011010010,
0000001100010000,
0000001101001101,
0000001110001010,
0000001111000111,
0000010000000100,
0000010001000001,
0000010001111111,
0000010010111100,
0000010011111001,
0000010100110110,
0000010101110011,
0000010110110000,
0000010111101101,
0000011000101001,
0000011001100110,
0000011010100011,
0000011011100000,
0000011100011101,
0000011101011001,
0000011110010110,
0000011111010011,
0000100000001111,
0000100001001100,
0000100010001000,
0000100011000100,
0000100100000001,
0000100100111101,
0000100101111001,
0000100110110101,
0000100111110010,
0000101000101110,
0000101001101010,
0000101010100101,
0000101011100001,
0000101100011101,
0000101101011001,
0000101110010100,
0000101111010000,
0000110000001100,
0000110001000111,
0000110010000010,
0000110010111110,
0000110011111001,
0000110100110100,
0000110101101111,
0000110110101010,
0000110111100101,
0000111000100000,
0000111001011010,
0000111010010101,
0000111011001111,
0000111100001010,
0000111101000100,
0000111101111110,
0000111110111000,
0000111111110010,
0001000000101100,
0001000001100110,
0001000010100000,
0001000011011010,
0001000100010011,
0001000101001101,
0001000110000110,
0001000110111111,
0001000111111000,
0001001000110001,
0001001001101010,
0001001010100011,
0001001011011100,
0001001100010100,
0001001101001101,
0001001110000101,
0001001110111101,
0001001111110101,
0001010000101101,
0001010001100101,
0001010010011101,
0001010011010100,
0001010100001100,
0001010101000011,
0001010101111010,
0001010110110001,
0001010111101000,
0001011000011111,
0001011001010101,
0001011010001100,
0001011011000010,
0001011011111000,
0001011100101111,
0001011101100100,
0001011110011010,
0001011111010000,
0001100000000101,
0001100000111011,
0001100001110000,
0001100010100101,
0001100011011010,
0001100100001111,
0001100101000011,
0001100101111000,
0001100110101100,
0001100111100000,
0001101000010100,
0001101001001000,
0001101001111011,
0001101010101111,
0001101011100010,
0001101100010101,
0001101101001000,
0001101101111011,
0001101110101110,
0001101111100000,
0001110000010010,
0001110001000101,
0001110001110111,
0001110010101000,
0001110011011010,
0001110100001011,
0001110100111101,
0001110101101110,
0001110110011110,
0001110111001111,
0001111000000000,
0001111000110000,
0001111001100000,
0001111010010000,
0001111011000000,
0001111011101111,
0001111100011111,
0001111101001110,
0001111101111101,
0001111110101100,
0001111111011010,
0010000000001001,
0010000000110111,
0010000001100101,
0010000010010011,
0010000011000000,
0010000011101110,
0010000100011011,
0010000101001000,
0010000101110101,
0010000110100001,
0010000111001110,
0010000111111010,
0010001000100110,
0010001001010010,
0010001001111101,
0010001010101001,
0010001011010100,
0010001011111111,
0010001100101001,
0010001101010100,
0010001101111110,
0010001110101000,
0010001111010010,
0010001111111011,
0010010000100101,
0010010001001110,
0010010001110111,
0010010010011111,
0010010011001000,
0010010011110000,
0010010100011000,
0010010101000000,
0010010101101000,
0010010110001111,
0010010110110110,
0010010111011101,
0010011000000011,
0010011000101010,
0010011001010000,
0010011001110110,
0010011010011100,
0010011011000001,
0010011011100110,
0010011100001011,
0010011100110000,
0010011101010100,
0010011101111001,
0010011110011101,
0010011111000000,
0010011111100100,
0010100000000111,
0010100000101010,
0010100001001101,
0010100001110000,
0010100010010010,
0010100010110100,
0010100011010110,
0010100011110111,
0010100100011000,
0010100100111001,
0010100101011010,
0010100101111011,
0010100110011011,
0010100110111011,
0010100111011011,
0010100111111010,
0010101000011001,
0010101000111000,
0010101001010111,
0010101001110101,
0010101010010100,
0010101010110001,
0010101011001111,
0010101011101100,
0010101100001010,
0010101100100110,
0010101101000011,
0010101101011111,
0010101101111011,
0010101110010111,
0010101110110011,
0010101111001110,
0010101111101001,
0010110000000100,
0010110000011110,
0010110000111000,
0010110001010010,
0010110001101100,
0010110010000101,
0010110010011110,
0010110010110111,
0010110011001111,
0010110011101000,
0010110100000000,
0010110100010111,
0010110100101111,
0010110101000110,
0010110101011101,
0010110101110011,
0010110110001001,
0010110110100000,
0010110110110101,
0010110111001011,
0010110111100000,
0010110111110101,
0010111000001001,
0010111000011110,
0010111000110010,
0010111001000101,
0010111001011001,
0010111001101100,
0010111001111111,
0010111010010001,
0010111010100100,
0010111010110110,
0010111011001000,
0010111011011001,
0010111011101010,
0010111011111011,
0010111100001100,
0010111100011100,
0010111100101100,
0010111100111100,
0010111101001011,
0010111101011010,
0010111101101001,
0010111101110111,
0010111110000110,
0010111110010100,
0010111110100001,
0010111110101111,
0010111110111100,
0010111111001000,
0010111111010101,
0010111111100001,
0010111111101101,
0010111111111001,
0011000000000100,
0011000000001111,
0011000000011010,
0011000000100100,
0011000000101110,
0011000000111000,
0011000001000001,
0011000001001011,
0011000001010100,
0011000001011100,
0011000001100101,
0011000001101101,
0011000001110100,
0011000001111100,
0011000010000011,
0011000010001010,
0011000010010000,
0011000010010110,
0011000010011100,
0011000010100010,
0011000010100111,
0011000010101100,
0011000010110001,
0011000010110110,
0011000010111010,
0011000010111110,
0011000011000001,
0011000011000100,
0011000011000111,
0011000011001010,
0011000011001100,
0011000011001110,
0011000011010000,
0011000011010001,
0011000011010010,
0011000011010011,
0011000011010100,
0011000011010100,
0011000011010100,
0011000011010100,
0011000011010011,
0011000011010010,
0011000011010001,
0011000011001111,
0011000011001101,
0011000011001011,
0011000011001000,
0011000011000110,
0011000011000011,
0011000010111111,
0011000010111011,
0011000010110111,
0011000010110011,
0011000010101111,
0011000010101010,
0011000010100100,
0011000010011111,
0011000010011001,
0011000010010011,
0011000010001101,
0011000010000110,
0011000001111111,
0011000001111000,
0011000001110000,
0011000001101000,
0011000001100000,
0011000001010111,
0011000001001111,
0011000001000110,
0011000000111100,
0011000000110011,
0011000000101001,
0011000000011110,
0011000000010100,
0011000000001001,
0010111111111110,
0010111111110010,
0010111111100110,
0010111111011010,
0010111111001110,
0010111111000001,
0010111110110100,
0010111110100111,
0010111110011010,
0010111110001100,
0010111101111110,
0010111101101111,
0010111101100001,
0010111101010010,
0010111101000010,
0010111100110011,
0010111100100011,
0010111100010011,
0010111100000010,
0010111011110010,
0010111011100001,
0010111011001111,
0010111010111110,
0010111010101100,
0010111010011010,
0010111010000111,
0010111001110100,
0010111001100001,
0010111001001110,
0010111000111010,
0010111000100111,
0010111000010010,
0010110111111110,
0010110111101001,
0010110111010100,
0010110110111111,
0010110110101001,
0010110110010011,
0010110101111101,
0010110101100111,
0010110101010000,
0010110100111001,
0010110100100010,
0010110100001010,
0010110011110010,
0010110011011010,
0010110011000010,
0010110010101001,
0010110010010000,
0010110001110111,
0010110001011101,
0010110001000100,
0010110000101010,
0010110000001111,
0010101111110101,
0010101111011010,
0010101110111111,
0010101110100011,
0010101110001000,
0010101101101100,
0010101101010000,
0010101100110011,
0010101100010110,
0010101011111001,
0010101011011100,
0010101010111111,
0010101010100001,
0010101010000011,
0010101001100100,
0010101001000110,
0010101000100111,
0010101000001000,
0010100111101001,
0010100111001001,
0010100110101001,
0010100110001001,
0010100101101001,
0010100101001000,
0010100100100111,
0010100100000110,
0010100011100101,
0010100011000011,
0010100010100001,
0010100001111111,
0010100001011100,
0010100000111010,
0010100000010111,
0010011111110100,
0010011111010000,
0010011110101101,
0010011110001001,
0010011101100101,
0010011101000000,
0010011100011100,
0010011011110111,
0010011011010010,
0010011010101100,
0010011010000111,
0010011001100001,
0010011000111011,
0010011000010101,
0010010111101110,
0010010111000111,
0010010110100000,
0010010101111001,
0010010101010010,
0010010100101010,
0010010100000010,
0010010011011010,
0010010010110010,
0010010010001001,
0010010001100000,
0010010000110111,
0010010000001110,
0010001111100100,
0010001110111011,
0010001110010001,
0010001101100110,
0010001100111100,
0010001100010010,
0010001011100111,
0010001010111100,
0010001010010000,
0010001001100101,
0010001000111001,
0010001000001101,
0010000111100001,
0010000110110101,
0010000110001001,
0010000101011100,
0010000100101111,
0010000100000010,
0010000011010101,
0010000010100111,
0010000001111001,
0010000001001011,
0010000000011101,
0001111111101111,
0001111111000000,
0001111110010010,
0001111101100011,
0001111100110100,
0001111100000100,
0001111011010101,
0001111010100101,
0001111001110101,
0001111001000101,
0001111000010101,
0001110111100101,
0001110110110100,
0001110110000011,
0001110101010010,
0001110100100001,
0001110011110000,
0001110010111110,
0001110010001101,
0001110001011011,
0001110000101001,
0001101111110111,
0001101111000100,
0001101110010010,
0001101101011111,
0001101100101100,
0001101011111001,
0001101011000110,
0001101010010010,
0001101001011111,
0001101000101011,
0001100111110111,
0001100111000011,
0001100110001111,
0001100101011010,
0001100100100110,
0001100011110001,
0001100010111100,
0001100010000111,
0001100001010010,
0001100000011101,
0001011111101000,
0001011110110010,
0001011101111100,
0001011101000110,
0001011100010000,
0001011011011010,
0001011010100100,
0001011001101110,
0001011000110111,
0001011000000000,
0001010111001001,
0001010110010010,
0001010101011011,
0001010100100100,
0001010011101101,
0001010010110101,
0001010001111110,
0001010001000110,
0001010000001110,
0001001111010110,
0001001110011110,
0001001101100110,
0001001100101101,
0001001011110101,
0001001010111100,
0001001010000011,
0001001001001011,
0001001000010010,
0001000111011001,
0001000110011111,
0001000101100110,
0001000100101101,
0001000011110011,
0001000010111010,
0001000010000000,
0001000001000110,
0001000000001100,
0000111111010010,
0000111110011000,
0000111101011110,
0000111100100100,
0000111011101001,
0000111010101111,
0000111001110100,
0000111000111010,
0000110111111111,
0000110111000100,
0000110110001001,
0000110101001110,
0000110100010011,
0000110011011000,
0000110010011101,
0000110001100001,
0000110000100110,
0000101111101010,
0000101110101111,
0000101101110011,
0000101100111000,
0000101011111100,
0000101011000000,
0000101010000100,
0000101001001000,
0000101000001100,
0000100111010000,
0000100110010100,
0000100101011000,
0000100100011100,
0000100011011111,
0000100010100011,
0000100001100110,
0000100000101010,
0000011111101101,
0000011110110001,
0000011101110100,
0000011100111000,
0000011011111011,
0000011010111110,
0000011010000001,
0000011001000101,
0000011000001000,
0000010111001011,
0000010110001110,
0000010101010001,
0000010100010100,
0000010011010111,
0000010010011010,
0000010001011101,
0000010000011111,
0000001111100010,
0000001110100101,
0000001101101000,
0000001100101011,
0000001011101101,
0000001010110000,
0000001001110011,
0000001000110110,
0000000111111000,
0000000110111011,
0000000101111110,
0000000101000000,
0000000100000011,
0000000011000110,
0000000010001000,
0000000001001011,
0000000000001110,
1111111111010000,
1111111110010011,
1111111101010110,
1111111100011000,
1111111011011011,
1111111010011110,
1111111001100000,
1111111000100011,
1111110111100110,
1111110110101000,
1111110101101011,
1111110100101110,
1111110011110000,
1111110010110011,
1111110001110110,
1111110000111001,
1111101111111100,
1111101110111111,
1111101110000001,
1111101101000100,
1111101100000111,
1111101011001010,
1111101010001101,
1111101001010000,
1111101000010011,
1111100111010111,
1111100110011010,
1111100101011101,
1111100100100000,
1111100011100011,
1111100010100111,
1111100001101010,
1111100000101101,
1111011111110001,
1111011110110100,
1111011101111000,
1111011100111100,
1111011011111111,
1111011011000011,
1111011010000111,
1111011001001011,
1111011000001110,
1111010111010010,
1111010110010110,
1111010101011011,
1111010100011111,
1111010011100011,
1111010010100111,
1111010001101100,
1111010000110000,
1111001111110100,
1111001110111001,
1111001101111110,
1111001101000010,
1111001100000111,
1111001011001100,
1111001010010001,
1111001001010110,
1111001000011011,
1111000111100000,
1111000110100110,
1111000101101011,
1111000100110001,
1111000011110110,
1111000010111100,
1111000010000010,
1111000001001000,
1111000000001110,
1110111111010100,
1110111110011010,
1110111101100000,
1110111100100110,
1110111011101101,
1110111010110011,
1110111001111010,
1110111001000001,
1110111000001000,
1110110111001111,
1110110110010110,
1110110101011101,
1110110100100100,
1110110011101100,
1110110010110011,
1110110001111011,
1110110001000011,
1110110000001011,
1110101111010011,
1110101110011011,
1110101101100011,
1110101100101100,
1110101011110100,
1110101010111101,
1110101010000110,
1110101001001111,
1110101000011000,
1110100111100001,
1110100110101011,
1110100101110100,
1110100100111110,
1110100100001000,
1110100011010001,
1110100010011100,
1110100001100110,
1110100000110000,
1110011111111011,
1110011111000101,
1110011110010000,
1110011101011011,
1110011100100110,
1110011011110001,
1110011010111101,
1110011010001000,
1110011001010100,
1110011000100000,
1110010111101100,
1110010110111000,
1110010110000101,
1110010101010001,
1110010100011110,
1110010011101011,
1110010010111000,
1110010010000101,
1110010001010010,
1110010000100000,
1110001111101110,
1110001110111011,
1110001110001001,
1110001101011000,
1110001100100110,
1110001011110101,
1110001011000011,
1110001010010010,
1110001001100010,
1110001000110001,
1110001000000000,
1110000111010000,
1110000110100000,
1110000101110000,
1110000101000000,
1110000100010001,
1110000011100001,
1110000010110010,
1110000010000011,
1110000001010100,
1110000000100110,
1101111111110111,
1101111111001001,
1101111110011011,
1101111101101101,
1101111101000000,
1101111100010010,
1101111011100101,
1101111010111000,
1101111010001011,
1101111001011111,
1101111000110010,
1101111000000110,
1101110111011010,
1101110110101110,
1101110110000011,
1101110101010111,
1101110100101100,
1101110100000001,
1101110011010111,
1101110010101100,
1101110010000010,
1101110001011000,
1101110000101110,
1101110000000101,
1101101111011011,
1101101110110010,
1101101110001001,
1101101101100001,
1101101100111000,
1101101100010000,
1101101011101000,
1101101011000000,
1101101010011000,
1101101001110001,
1101101001001010,
1101101000100011,
1101100111111101,
1101100111010110,
1101100110110000,
1101100110001010,
1101100101100100,
1101100100111111,
1101100100011010,
1101100011110101,
1101100011010000,
1101100010101100,
1101100010000111,
1101100001100011,
1101100001000000,
1101100000011100,
1101011111111001,
1101011111010110,
1101011110110011,
1101011110010000,
1101011101101110,
1101011101001100,
1101011100101010,
1101011100001001,
1101011011101000,
1101011011000111,
1101011010100110,
1101011010000101,
1101011001100101,
1101011001000101,
1101011000100101,
1101011000000110,
1101010111100111,
1101010111001000,
1101010110101001,
1101010110001011,
1101010101101100,
1101010101001111,
1101010100110001,
1101010100010100,
1101010011110110,
1101010011011010,
1101010010111101,
1101010010100001,
1101010010000101,
1101010001101001,
1101010001001101,
1101010000110010,
1101010000010111,
1101001111111100,
1101001111100010,
1101001111001000,
1101001110101110,
1101001110010100,
1101001101111011,
1101001101100010,
1101001101001001,
1101001100110001,
1101001100011000,
1101001100000000,
1101001011101001,
1101001011010001,
1101001010111010,
1101001010100011,
1101001010001101,
1101001001110111,
1101001001100000,
1101001001001011,
1101001000110101,
1101001000100000,
1101001000001011,
1101000111110111,
1101000111100010,
1101000111001110,
1101000110111011,
1101000110100111,
1101000110010100,
1101000110000001,
1101000101101111,
1101000101011100,
1101000101001010,
1101000100111000,
1101000100100111,
1101000100010110,
1101000100000101,
1101000011110100,
1101000011100100,
1101000011010100,
1101000011000100,
1101000010110101,
1101000010100110,
1101000010010111,
1101000010001001,
1101000001111010,
1101000001101100,
1101000001011111,
1101000001010001,
1101000001000100,
1101000000111000,
1101000000101011,
1101000000011111,
1101000000010011,
1101000000000111,
1100111111111100,
1100111111110001,
1100111111100110,
1100111111011100,
1100111111010010,
1100111111001000,
1100111110111111,
1100111110110101,
1100111110101100,
1100111110100100,
1100111110011011,
1100111110010011,
1100111110001100,
1100111110000100,
1100111101111101,
1100111101110110,
1100111101110000,
1100111101101010,
1100111101100100,
1100111101011110,
1100111101011001,
1100111101010100,
1100111101001111,
1100111101001010,
1100111101000110,
1100111101000010,
1100111100111111,
1100111100111100,
1100111100111001,
1100111100110110,
1100111100110100,
1100111100110010,
1100111100110000,
1100111100101111,
1100111100101110,
1100111100101101,
1100111100101100,
1100111100101100,
1100111100101100,
1100111100101100,
1100111100101101,
1100111100101110,
1100111100101111,
1100111100110001,
1100111100110011,
1100111100110101,
1100111100111000,
1100111100111010,
1100111100111101,
1100111101000001,
1100111101000101,
1100111101001001,
1100111101001101,
1100111101010001,
1100111101010110,
1100111101011100,
1100111101100001,
1100111101100111,
1100111101101101,
1100111101110011,
1100111101111010,
1100111110000001,
1100111110001000,
1100111110010000,
1100111110011000,
1100111110100000,
1100111110101001,
1100111110110001,
1100111110111010,
1100111111000100,
1100111111001101,
1100111111010111,
1100111111100010,
1100111111101100,
1100111111110111,
1101000000000010,
1101000000001110,
1101000000011010,
1101000000100110,
1101000000110010,
1101000000111111,
1101000001001100,
1101000001011001,
1101000001100110,
1101000001110100,
1101000010000010,
1101000010010001,
1101000010011111,
1101000010101110,
1101000010111110,
1101000011001101,
1101000011011101,
1101000011101101,
1101000011111110,
1101000100001110,
1101000100011111,
1101000100110001,
1101000101000010,
1101000101010100,
1101000101100110,
1101000101111001,
1101000110001100,
1101000110011111,
1101000110110010,
1101000111000110,
1101000111011001,
1101000111101110,
1101001000000010,
1101001000010111,
1101001000101100,
1101001001000001,
1101001001010111,
1101001001101101,
1101001010000011,
1101001010011001,
1101001010110000,
1101001011000111,
1101001011011110,
1101001011110110,
1101001100001110,
1101001100100110,
1101001100111110,
1101001101010111,
1101001101110000,
1101001110001001,
1101001110100011,
1101001110111100,
1101001111010110,
1101001111110001,
1101010000001011,
1101010000100110,
1101010001000001,
1101010001011101,
1101010001111000,
1101010010010100,
1101010010110000,
1101010011001101,
1101010011101010,
1101010100000111,
1101010100100100,
1101010101000001,
1101010101011111,
1101010101111101,
1101010110011100,
1101010110111010,
1101010111011001,
1101010111111000,
1101011000010111,
1101011000110111,
1101011001010111,
1101011001110111,
1101011010010111,
1101011010111000,
1101011011011001,
1101011011111010,
1101011100011011,
1101011100111101,
1101011101011111,
1101011110000001,
1101011110100100,
1101011111000110,
1101011111101001,
1101100000001100,
1101100000110000,
1101100001010011,
1101100001110111,
1101100010011011,
1101100011000000,
1101100011100100,
1101100100001001,
1101100100101110,
1101100101010100,
1101100101111001,
1101100110011111,
1101100111000101,
1101100111101011,
1101101000010010,
1101101000111001,
1101101001100000,
1101101010000111,
1101101010101110,
1101101011010110,
1101101011111110,
1101101100100110,
1101101101001110,
1101101101110111,
1101101110100000,
1101101111001001,
1101101111110010,
1101110000011100,
1101110001000101,
1101110001101111,
1101110010011010,
1101110011000100,
1101110011101110,
1101110100011001,
1101110101000100,
1101110101110000,
1101110110011011,
1101110111000111,
1101110111110011,
1101111000011111,
1101111001001011,
1101111001110111,
1101111010100100,
1101111011010001,
1101111011111110,
1101111100101011,
1101111101011001,
1101111110000111,
1101111110110101,
1101111111100011,
1110000000010001,
1110000001000000,
1110000001101110;